# V, V_err
1.065724873210487367e+00 3.020323864609131357e-03
1.058693426344517574e+00 3.185127164854817568e-03
1.069546311724601351e+00 2.825471933392610137e-03
1.063126295020889733e+00 2.981048641792348464e-03
1.059508666560861956e+00 2.697015257577361439e-03
1.060986289452986009e+00 2.900160494974093547e-03
1.055228655425054285e+00 3.256479537919414365e-03
1.062514864858631780e+00 3.469997103585514137e-03
1.060171049236641627e+00 3.122254285757009289e-03
1.062667722399196268e+00 3.304061303163027298e-03
1.065521063156401382e+00 3.056518085438647732e-03
1.062769627426239039e+00 2.828167445108577521e-03
1.064145345291320321e+00 3.468889630607287049e-03
1.063482962615540428e+00 3.138488718389060954e-03
1.062616769885674550e+00 3.379807389527841269e-03
1.061648672128765680e+00 3.488439195425155522e-03
1.066743923480917733e+00 3.174382484995291655e-03
1.060527716831292322e+00 2.510770087818210011e-03
1.061699624642287620e+00 3.122171134515396625e-03
1.064807727967099993e+00 3.312505159070167071e-03
1.066081540805137839e+00 3.024605750955003999e-03
1.060782479398900024e+00 3.083801699732965310e-03
1.065113443048228969e+00 2.839198231452422574e-03
1.062667722399196268e+00 3.117273777850940609e-03
1.065877730751051855e+00 3.138873342934553508e-03
1.067355353643175908e+00 3.196842883996625553e-03
1.068476308940649488e+00 3.370095693714712012e-03
1.066081540805138062e+00 3.431552489250403685e-03
1.068934881562343175e+00 3.400575485799989944e-03
1.065877730751051855e+00 3.189741295719929724e-03
1.069546311724601351e+00 3.032012791844437404e-03
1.071176792157289892e+00 2.846855138179219934e-03
1.065317253102315176e+00 2.880016177361906411e-03
1.070922029589682190e+00 3.046649294930581058e-03
1.071584412265462083e+00 3.294323324882351967e-03
1.069902979319251823e+00 3.131200894783685296e-03
1.072195842427720480e+00 3.213871947593171987e-03
1.068170593859520290e+00 3.086809915999069384e-03
1.069138691616429160e+00 2.895860454807938807e-03
1.069648216751644343e+00 3.349545537389122564e-03
1.070157741886859526e+00 3.400086844710319134e-03
1.069801074292208831e+00 2.914639655448719290e-03
1.080144434537077647e+00 2.937906200251452250e-03
1.065724873210487367e+00 2.897487157790780248e-03
1.065215348075272184e+00 3.203527605507852476e-03
1.068883929048821679e+00 3.143282818266855596e-03
1.067508211183740396e+00 3.111793103668336787e-03
1.073775370346887525e+00 3.141498284308308180e-03
1.068221546373041786e+00 2.789388360658940930e-03
1.063737725183147909e+00 3.315110086223932526e-03
1.071635364778983801e+00 2.962138298165556925e-03
1.061699624642287176e+00 3.060019790025127109e-03
1.068680118994735473e+00 2.866680062194920144e-03
1.075558708320140555e+00 3.783147785210934193e-03
1.067966783805434083e+00 3.255682211706100761e-03
1.073469655265758327e+00 3.440449392494401067e-03
1.073469655265758327e+00 3.193105035153962108e-03
1.072603462535892449e+00 3.099253387674688522e-03
1.067915831291912809e+00 3.301251059950612889e-03
1.067864878778391091e+00 3.354715192800940878e-03
1.065164395561750466e+00 2.855614517034592466e-03
1.072297747454763472e+00 3.100576627386745707e-03
1.064552965399492512e+00 3.335564959075695227e-03
1.067559163697262115e+00 3.561908700523657659e-03
1.073367750238715557e+00 3.149916364992720076e-03
1.072960130130543366e+00 3.610412559229733177e-03
1.072348699968284969e+00 3.290360888199127080e-03
1.069902979319252045e+00 2.989532080390587456e-03
1.071227744670811388e+00 2.956734452582156572e-03
1.073265845211672120e+00 2.935939361695658924e-03
1.077698713888044502e+00 3.173748590415115343e-03
1.071533459751940809e+00 3.081995360596019324e-03
1.072501557508849679e+00 2.917955740400933560e-03
1.068985834075864672e+00 3.459052775715922706e-03
1.076424901050006433e+00 3.383104933781155323e-03
1.070463456967988725e+00 3.020775101475333627e-03
1.070922029589682412e+00 3.200414132724153232e-03
1.076679663617614358e+00 3.225032490769638108e-03
1.070871077076160915e+00 3.021084482087506469e-03
1.071329649697854380e+00 3.027535583966165823e-03
1.074233942968581212e+00 3.235448500334584671e-03
1.071941079860112778e+00 3.237032873623960864e-03
1.073979180400973732e+00 3.682605031611657555e-03
1.071584412265462083e+00 3.354455931820334112e-03
1.068476308940649266e+00 3.220404431715578712e-03
1.076272043509442167e+00 2.874083105240184555e-03
1.073214892698151068e+00 3.418514974292997943e-03
1.070055836859816534e+00 3.123866981871746985e-03
1.070769172049117701e+00 3.482707730889666314e-03
1.071329649697854602e+00 2.971274320849638835e-03
1.070769172049117923e+00 3.022991629536148517e-03
1.079889671969469722e+00 2.968302075434406904e-03
1.076730616131135632e+00 2.932187666288812913e-03
1.077443951320437021e+00 3.402845982188600245e-03
1.069495359211079855e+00 3.453794997435402116e-03
1.073418702752236609e+00 3.082757604785560379e-03
1.068680118994735473e+00 3.530604778854851827e-03
1.069291549156993870e+00 3.126587558262569535e-03
1.073011082644064640e+00 3.422492128837045268e-03
1.080348244591163409e+00 2.857414050866623808e-03
1.074030132914495228e+00 3.209701004520799233e-03
1.073011082644064862e+00 3.538849229030487879e-03
1.074488705536188693e+00 3.257818606659767559e-03
1.071941079860113000e+00 3.173859019867330232e-03
1.083507300429497722e+00 3.423690440626224376e-03
1.077800618915087494e+00 2.789835073775574249e-03
1.072093937400677266e+00 3.398207976432880174e-03
1.079227289293690051e+00 3.519502226402595330e-03
1.078055381482695418e+00 3.110570618912185826e-03
1.075915375914791250e+00 3.323959379065071461e-03
1.079329194320733265e+00 3.009288404479355979e-03
1.076577758590571143e+00 3.205249256055758920e-03
1.081265389834551005e+00 3.147710859935547861e-03
1.081673009942722974e+00 3.379515484465933552e-03
1.073877275373930518e+00 3.274701038671729535e-03
1.078564906617910379e+00 3.739133463000733626e-03
1.082437297645545859e+00 3.138356363559180288e-03
1.077749666401565998e+00 3.251756519584355319e-03
1.078106333996216692e+00 3.236924599383043163e-03
1.084067778078234623e+00 3.369263611257604374e-03
1.082743012726675058e+00 2.922005596862529975e-03
1.090233032214338538e+00 3.479112842315596095e-03
1.083048727807804479e+00 3.082938662717091185e-03
1.079482051861297753e+00 2.856700734944833502e-03
1.080144434537077425e+00 2.587384490251121681e-03
1.081622057429201700e+00 2.794367958152864633e-03
1.086003973592052363e+00 2.831506866039462059e-03
1.081927772510330676e+00 2.897845537027429925e-03
1.085443495943315462e+00 3.314248532441172422e-03
1.089927317133209117e+00 3.134735120651113705e-03
1.075864423401269754e+00 3.500552635404643922e-03
1.081418247375115493e+00 3.417007152419775269e-03
1.090538747295467736e+00 3.304835174039485839e-03
1.085494448456837180e+00 2.948645333745264236e-03
1.091404940025333392e+00 3.264442089174050734e-03
1.086054926105573859e+00 3.185245350408650623e-03
1.086258736159660065e+00 3.358632625306526894e-03
1.081316342348072501e+00 3.193430239168044450e-03
1.095837808701705551e+00 3.123085676409848976e-03
1.087226833916568491e+00 3.298997207008717153e-03
1.087787311565305393e+00 3.549763286911907477e-03
1.086360641186703058e+00 3.186239565595672726e-03
1.088143979159956087e+00 3.655462012993523739e-03
1.090334937241381308e+00 3.043806095698461771e-03
1.088093026646434591e+00 3.246598844127865542e-03
1.086921118835439515e+00 3.559283811204199625e-03
1.084475398186406592e+00 3.578517307108436581e-03
1.086615403754310538e+00 3.012922554368076093e-03
1.087277786430090210e+00 3.001202527604962880e-03
1.095022568485361170e+00 3.266147527915977920e-03
1.090793509863075439e+00 3.384762088873311849e-03
1.088551599268128278e+00 3.111939102161200271e-03
1.091761607619984087e+00 3.326446074141938079e-03
1.086513498727267324e+00 3.495873452066240814e-03
1.094920663458318399e+00 3.253165366629547604e-03
1.091404940025333392e+00 3.494893036141079497e-03
1.086819213808396523e+00 3.420561054052918305e-03
1.095022568485361392e+00 2.974090838042907185e-03
1.088857314349257477e+00 3.307893529624056535e-03
1.087991121619391599e+00 3.179518497363452607e-03
1.092271132755199270e+00 3.318866976344727465e-03
1.099608294702298039e+00 3.248693264365733278e-03
1.085494448456837180e+00 3.393219353492536727e-03
1.092220180241677996e+00 3.269464420773960517e-03
1.091965417674070293e+00 3.771945438798483732e-03
1.089978269646730835e+00 2.959332337234283315e-03
1.093799708160844819e+00 2.864492124754908393e-03
1.097519241647915589e+00 3.363155382877738679e-03
1.089927317133209339e+00 3.113127692155774791e-03
1.096143523782834750e+00 3.068322966145344347e-03
1.100168772351034940e+00 3.300256093014701519e-03
1.096805906458614643e+00 3.187929834186920865e-03
1.095226378539447376e+00 3.140097210683497671e-03
1.095328283566490590e+00 2.855323576825027302e-03
1.090997319917161423e+00 2.800307682392894071e-03
1.100933060053857604e+00 2.844665642273881342e-03
1.097315431593829826e+00 3.361858271309000560e-03
1.101952110324288192e+00 3.340464817207942829e-03
1.102665445513589582e+00 3.579043244680636497e-03
1.101646395243158771e+00 3.586434466629910382e-03
1.100525439945685635e+00 3.370053324109979764e-03
1.103633543270498230e+00 3.273178523014382522e-03
1.098945912026518368e+00 3.008921728210097162e-03
1.097723051702001795e+00 3.376652710587873217e-03
1.099149722080604574e+00 3.243442671463273898e-03
1.103582590756976733e+00 3.388185073882036928e-03
1.102767350540632352e+00 3.131221622853586854e-03
1.105773548838402176e+00 3.445576842814532248e-03
1.102359730432460161e+00 2.956124145326926352e-03
1.102104967864852680e+00 3.183105104998987245e-03
1.097060669026222346e+00 3.521345866969563358e-03
1.108474032055042580e+00 3.422552812935542813e-03
1.106232121460095863e+00 3.332870861354411771e-03
1.103225923162326261e+00 3.058386160151115203e-03
1.106945456649397030e+00 3.273277666679245447e-03
1.110359275055338601e+00 3.305758082552160641e-03
1.110461180082382038e+00 3.065542213434442088e-03
1.106079263919531375e+00 3.296950492038629339e-03
1.112346423082678060e+00 3.003277904747812636e-03
1.109442129811951450e+00 3.016711539839463541e-03
1.105060213649101009e+00 3.340445387530287420e-03
1.111225467785204701e+00 3.112210224048505679e-03
1.103073065621761328e+00 3.527018224760058475e-03
1.100066867323991948e+00 3.024172255095530087e-03
1.112091660515070579e+00 3.379265808815993567e-03
1.108932604676736489e+00 3.162419379039947080e-03
1.116932149299614707e+00 3.268292968926751231e-03
1.109136414730822473e+00 2.798823933090362984e-03
1.111531182866333900e+00 2.935855354988301143e-03
1.107149266703483015e+00 2.897240746350521461e-03
1.105620691297837466e+00 3.380821179698984859e-03
1.116524529191442960e+00 3.389150397169637084e-03
1.111378325325769190e+00 3.451448949996605876e-03
1.113059758271979227e+00 2.901610320250303486e-03
1.114333571110017296e+00 3.102146195325913933e-03
1.112754043190850251e+00 3.452550738110985503e-03
1.113212615812543937e+00 3.314855559548785142e-03
1.120396920219078218e+00 3.230742951570882843e-03
1.114741191218189709e+00 3.022867100327376010e-03
1.111225467785204701e+00 2.894371870899640348e-03
1.111989755488027587e+00 3.144802178100454017e-03
1.118155009624131280e+00 2.847420484312750306e-03
1.116830244272571937e+00 3.152902671594321783e-03
1.118307867164695990e+00 3.154330979305620865e-03
1.110257370028295831e+00 2.873626902645262139e-03
1.119632632516255555e+00 3.445757672252090179e-03
1.118664534759346685e+00 3.579028737094575204e-03
1.120702635300207417e+00 3.195011071893137482e-03
1.122333115732896180e+00 3.306877008971791793e-03
1.124320263760235639e+00 3.249712007309639526e-03
1.124982646436015088e+00 3.160797605403183226e-03
1.122384068246417677e+00 3.434558479284091463e-03
1.124014548679106218e+00 2.827175869117832738e-03
1.125390266544187279e+00 3.384321027302920806e-03
1.118002152083567013e+00 3.211750778422408324e-03
1.121772638084159501e+00 3.194113059824014392e-03
1.126969794463354324e+00 3.187408593928199672e-03
1.123708833597977241e+00 2.940710534684252628e-03
1.120345967705556722e+00 3.182028323361751811e-03
1.123046450922197348e+00 3.550640811716893226e-03
1.128141702274349401e+00 2.981501469010458191e-03
1.125084551463058302e+00 2.662842899602798404e-03
1.121619780543594791e+00 3.565350935035570355e-03
1.130842185490990026e+00 3.772478818914118924e-03
1.123759786111498515e+00 3.145879322768199617e-03
1.125390266544187501e+00 2.799032632861716500e-03
1.123301213489804828e+00 3.281670197420659234e-03
1.126256459274052935e+00 3.294618838020493736e-03
1.128956942490693782e+00 3.365165689214055875e-03
1.131912188274941888e+00 3.049498356707793824e-03
1.130128850301688859e+00 3.281891700448703268e-03
1.126867889436311332e+00 3.384332533987133469e-03
1.130281707842253125e+00 3.322541481732428723e-03
1.130740280463946812e+00 3.280530802747122499e-03
1.127835987193219980e+00 3.064784158532754717e-03
1.139453160276126864e+00 3.333930072744500234e-03
1.135835531816098642e+00 3.274986431558816156e-03
1.134714576518625284e+00 3.472536222419829975e-03
1.130536470409860605e+00 3.133521586305970143e-03
1.140523163060078504e+00 2.852699229335905508e-03
1.136345056951314048e+00 2.683079245615103449e-03
1.136548867005400254e+00 3.248593370410774676e-03
1.138485062519217994e+00 3.368184679908300429e-03
1.135376959194405178e+00 3.431703796940277582e-03
1.136548867005400032e+00 2.979302000235798005e-03
1.134306956410453315e+00 3.024069237040942319e-03
1.138688872573304200e+00 3.414392524049457943e-03
1.134714576518625284e+00 3.214756364475408225e-03
1.139351255249083650e+00 3.182652411650800043e-03
1.134408861437496308e+00 3.404371515130764220e-03
1.139962685411342047e+00 2.977458422478222212e-03
1.138332204978653506e+00 3.382893895132647356e-03
1.139707922843734567e+00 3.074641181691880644e-03
1.140726973114164933e+00 2.941204880057347090e-03
1.137466012248787406e+00 3.286097421158044180e-03
1.138892682627390185e+00 3.218049585912231229e-03
1.142000785952202779e+00 3.575530692319041446e-03
1.138688872573303978e+00 2.652718217127260705e-03
1.140726973114164711e+00 3.538948265889298086e-03
1.141134593222336902e+00 3.763659758549013027e-03
1.145363651844623076e+00 3.059799194858312844e-03
1.146026034520402748e+00 3.488409426585088909e-03
1.142816026168547161e+00 3.447207731864387979e-03
1.145312699331101580e+00 2.888477274307097407e-03
1.142765073655025443e+00 3.314542269117118529e-03
1.144650316655321909e+00 3.105596452520341909e-03
1.145210794304058588e+00 3.445456284583628317e-03
1.148981280304650854e+00 3.264442089174052902e-03
1.146331749601532168e+00 2.983446972682143872e-03
1.148267945115349686e+00 3.215014778264788965e-03
1.149796520520995236e+00 3.109268331987636268e-03
1.152751766305243342e+00 2.851242744037131745e-03
1.153617959035109219e+00 3.035863468210617169e-03
1.146535559655618153e+00 3.189688391206679883e-03
1.150866523304947098e+00 3.590529306268053309e-03
1.148216992601828412e+00 3.063089503076393220e-03
1.151121285872555022e+00 2.965466928340079657e-03
1.156980824927529516e+00 3.222100949949153938e-03
1.157847017657395616e+00 3.304218448969880630e-03
1.151579858494248487e+00 3.765952632872367721e-03
1.148675565223521877e+00 3.586923054316481976e-03
1.158611305360218280e+00 2.932068134867443950e-03
1.158254637765567363e+00 2.906397651656594805e-03
1.154789866846104518e+00 3.515424351162365312e-03
1.160241785792907265e+00 3.654201166505123641e-03
1.157490350062744699e+00 3.074746727100329327e-03
1.156726062359922258e+00 3.690070240780747492e-03
1.159834165684734630e+00 3.030436883707469248e-03
1.163095126550112157e+00 3.305306478668748778e-03
1.164521796928714714e+00 3.655110440382186056e-03
1.163961319279978035e+00 3.422473164835603161e-03
1.160700358414600508e+00 3.348456375896423885e-03
1.163961319279978035e+00 2.989219434144621719e-03
1.158458447819653792e+00 3.506995288261220180e-03
1.164063224307020805e+00 3.124427905166747045e-03
1.166254182388446248e+00 3.265909058582482614e-03
1.156522252305836052e+00 3.524393131693470162e-03
1.158152732738524593e+00 3.177390735901452178e-03
1.158917020441347256e+00 3.281990580902490427e-03
1.165133227090972889e+00 3.104576412143790400e-03
1.163197031577154927e+00 3.361800352872494537e-03
1.163451794144762852e+00 3.319582651022883781e-03
1.160700358414600730e+00 3.328236748235484897e-03
1.167222280145355118e+00 3.237353664929058968e-03
1.167375137685919828e+00 3.580711225023774230e-03
1.168343235442828698e+00 3.758330758303435933e-03
1.168597998010436179e+00 2.841487876490007489e-03
1.169617048280866545e+00 3.498327000357947907e-03
1.175680397389927467e+00 3.162911905078667849e-03
1.170839908605382895e+00 3.600089857184437473e-03
1.171553243794684507e+00 3.097460250279070269e-03
1.173489439308502025e+00 2.834279078031195533e-03
1.172368484011028666e+00 3.217214492230374007e-03
1.171502291281163011e+00 3.561325558981026564e-03
1.172725151605679139e+00 3.110103194038663955e-03
1.170177525929603668e+00 3.586199196965904942e-03
1.168343235442828698e+00 2.956453463452525434e-03
1.174814204660061590e+00 3.096789651920873153e-03
1.175068967227669070e+00 3.329702900976230610e-03
1.173948011930195712e+00 3.525954432396557342e-03
1.172113721443421186e+00 3.434286347031302068e-03
1.179145168309390757e+00 3.406323200349702703e-03
1.180673743715036528e+00 3.106896100493081354e-03
1.177056115255008528e+00 3.545079486075080385e-03
1.172062768929899690e+00 3.296182646276909958e-03
1.181692793985466894e+00 3.032128383287814068e-03
1.180520886174471817e+00 3.221730290654344249e-03
1.179094215795869260e+00 3.186891341602640561e-03
1.180571838687993536e+00 2.855500872043319031e-03
1.183781847039849344e+00 3.142229570081494453e-03
1.173744201876109727e+00 3.537950434525052000e-03
1.188010905662135297e+00 3.642940809911155396e-03
1.181641841471945620e+00 3.353217393921143451e-03
1.182151366607160359e+00 3.099672195514744950e-03
1.174049916957238926e+00 3.251916192971930630e-03
1.177922307984874628e+00 3.337024002174943885e-03
1.179094215795869260e+00 3.476754010136110570e-03
1.183985657093935551e+00 3.528902079967160925e-03
1.181387078904337695e+00 3.523980597145485311e-03
1.177310877822616009e+00 3.144637065852221719e-03
1.176954210227965314e+00 3.399201003697915804e-03
1.182202319120682077e+00 3.740383031885215290e-03
1.178329928093046597e+00 2.905003837280822118e-03
1.182864701796461970e+00 2.960512041679006379e-03
1.184800897310279488e+00 3.442957518940993437e-03
1.187144712932269419e+00 3.262011591689457837e-03
1.181641841471945176e+00 3.108120030509958515e-03
1.185157564904930405e+00 3.774185128737205571e-03
1.184800897310279488e+00 2.866032461808314807e-03
1.188061858175657015e+00 3.396496232945216652e-03
1.189488528554259350e+00 3.079572614923859700e-03
1.192239964284421694e+00 3.307850363284126939e-03
1.182915654309983244e+00 3.067235513762373543e-03
1.186686140310575954e+00 3.155252655865711884e-03
1.191832344176249281e+00 3.234196497335725066e-03
1.189233765986651870e+00 3.101309191278212897e-03
1.191883296689770999e+00 3.360282534124384071e-03
1.198965696069262066e+00 2.892308108991483058e-03
1.190405673797646724e+00 3.183353855014775004e-03
1.195602830176841769e+00 2.937181496148299174e-03
1.192087106743856983e+00 3.257053491934239209e-03
1.196010450285013960e+00 3.269214281561756003e-03
1.192902346960201365e+00 3.245203146346791780e-03
1.199220458636869990e+00 3.210166058142635646e-03
1.194787589960497387e+00 3.511526576170958223e-03
1.205029045178323210e+00 3.411441061675222521e-03
1.199679031258563455e+00 2.754736228325979901e-03
1.195144257555148082e+00 2.981915049161189789e-03
1.200749034042515540e+00 3.228069944131909015e-03
1.199780936285606670e+00 3.519546485087086084e-03
1.202481419502246851e+00 3.771432634544565239e-03
1.205181902718887477e+00 2.986686662613049614e-03
1.207678575881442340e+00 3.480064133616282696e-03
1.203704279826763424e+00 3.486205827023614121e-03
1.207933338449049820e+00 3.552439059900899896e-03
1.207220003259748431e+00 3.287744248393736132e-03
1.199628078745041959e+00 3.735132033364586650e-03
1.204978092664801714e+00 3.198925244320824889e-03
1.202685229556333057e+00 3.068589481262426217e-03
1.207423813313834193e+00 3.058152713216755799e-03
1.214455260179804208e+00 3.087570971595298124e-03
1.208188101016657079e+00 3.160908487310832345e-03
1.209818581449345842e+00 3.549086713456637426e-03
1.206404763043404271e+00 3.199541979702245735e-03
1.203500469772677439e+00 3.663180986563172124e-03
1.208188101016657079e+00 3.330482506490287271e-03
1.217104790882923560e+00 2.936633430411347313e-03
1.214760975260933185e+00 3.645167175313049172e-03
1.215932883071928261e+00 3.315513373095752177e-03
1.207882385935528546e+00 3.442591785756353266e-03
1.213181447341766361e+00 3.326676301921838858e-03
1.207882385935528102e+00 3.503143717019205957e-03
1.211041441773862415e+00 3.569335404105777789e-03
1.214506212693325704e+00 3.634236023408865014e-03
1.216850028315315857e+00 3.498219392123575692e-03
1.219907179126606955e+00 3.463013361274355079e-03
1.214098592585153735e+00 3.630776867044293622e-03
1.209156198773566171e+00 3.356776958680670990e-03
1.219040986396741078e+00 2.850154446041256590e-03
1.220722419342951337e+00 3.503114073135556086e-03
1.221996232180988962e+00 3.177149690366853300e-03
1.213589067449938552e+00 3.387215643199088019e-03
1.224136237748893130e+00 3.456894298795024599e-03
1.221537659559295497e+00 3.521769767780519398e-03
1.215830978044885269e+00 3.456710296699865622e-03
1.217767173558703231e+00 3.286634606567030194e-03
1.226887673479055474e+00 3.213742697348893375e-03
1.222811472397333565e+00 3.375441545668188444e-03
1.227651961181877915e+00 3.652193569487301259e-03
1.221486707045774001e+00 3.325119027165508636e-03
1.223422902559591741e+00 3.178162775631676509e-03
1.230963874560776716e+00 3.325540617124230717e-03
1.227244341073705725e+00 3.363402395031762221e-03
1.229588156695695655e+00 3.252075858519706819e-03
1.230709111993169014e+00 3.143811374536220008e-03
1.226734815938490764e+00 3.734019764146533690e-03
1.231167684614862923e+00 3.236732102900485852e-03
1.227651961181877915e+00 3.474419729326597237e-03
1.233715310290938616e+00 3.296733938264485679e-03
1.230658159479647518e+00 3.009202131729778011e-03
1.229027679046958754e+00 3.226722552805450731e-03
1.229893871776824854e+00 3.429414555022122866e-03
1.233205785155723433e+00 2.851046972115980037e-03
1.235549600777713364e+00 3.172030303906073212e-03
1.227601008668356419e+00 3.188324779813715096e-03
1.231371494668948907e+00 3.185473558379502655e-03
1.234021025372068037e+00 3.426737420441502806e-03
1.237842463886181799e+00 3.400403705920581297e-03
1.238453894048440196e+00 3.043955355082115285e-03
1.240390089562257714e+00 3.276761651016953884e-03
1.244160575562850424e+00 3.365686398050118152e-03
1.242886762724812355e+00 2.996059786974977941e-03
1.239167229237741585e+00 3.358520541215963360e-03
1.231931972317685586e+00 3.513030779938578450e-03
1.248848206806830285e+00 3.911331460187229998e-03
1.240593899616343698e+00 3.191966560186659720e-03
1.243447240373549034e+00 3.463643036871750201e-03
1.239676754372956546e+00 3.200186990178126821e-03
1.243345335346506042e+00 3.254150797744983278e-03
1.236008173399407051e+00 3.455358144133235249e-03
1.240084374481128959e+00 3.487218464601592269e-03
1.243243430319463050e+00 3.325115123305016820e-03
1.244670100698065607e+00 3.339512630063005885e-03
1.245434388400888492e+00 3.174043060416562034e-03
1.244211528076371920e+00 3.424463811584109365e-03
1.238708656616047676e+00 3.187135723241544573e-03
1.243396287860027538e+00 3.222906583959800429e-03
1.248134871617529118e+00 3.409705505452339559e-03
1.241307234805645088e+00 3.401441887600517664e-03
1.243600097914113523e+00 3.567025318059296492e-03
1.246810106265969553e+00 3.638291334668889050e-03
1.240033421967607019e+00 3.096286607839002832e-03
1.242835810211290637e+00 3.526896769887145205e-03
1.244313433103414912e+00 3.409039213077811464e-03
1.243956765508764217e+00 3.153376101732215803e-03
1.244975815779194805e+00 3.265968677548232533e-03
1.246504391184840355e+00 3.250670532547771281e-03
1.250529639753040323e+00 3.772055562161783122e-03
1.242682952670726149e+00 2.885208292466628389e-03
1.247421536428227506e+00 3.250478850112698773e-03
1.251650595050513681e+00 3.813277397454048305e-03
1.257408229078445627e+00 3.454907309012331899e-03
1.249765352050217437e+00 3.391198882891983263e-03
1.254249173240111093e+00 3.576049809295488244e-03
1.259650139673392566e+00 2.886858983931422408e-03
1.260465379889736726e+00 3.452050652619006489e-03
1.258019659240703803e+00 3.795449277924693027e-03
1.261382525133123877e+00 3.375576141008359426e-03
1.263930150809200015e+00 3.463643036871746732e-03
1.253790600618417628e+00 3.447102293551508687e-03
1.258427279348875993e+00 3.533956291639198024e-03
1.266528728998797870e+00 3.181151129640484663e-03
1.263879198295678519e+00 3.070285328863988847e-03
1.265051106106673817e+00 3.722571947343098105e-03
1.262758242998205382e+00 3.286401573680529289e-03
1.255930606186321352e+00 3.270357618920859653e-03
1.265917298836539251e+00 3.793482214160575489e-03
1.269840642377696227e+00 3.495398133233169977e-03
1.264184913376807495e+00 3.850419112588043813e-03
1.270146357458825426e+00 3.486324976122620514e-03
1.258427279348875771e+00 3.083578596241684511e-03
1.266172061404146953e+00 3.623991927496560909e-03
1.266223013917668228e+00 4.051875098895647669e-03
1.267496826755706296e+00 3.485907936458751584e-03
1.269229212215438274e+00 3.587994095193630488e-03
1.270095404945303930e+00 3.546294941097788422e-03
1.267598731782749510e+00 3.289382358616542261e-03
1.268413971999093892e+00 3.652904349455736270e-03
1.275547323892106455e+00 3.121268801139220027e-03
1.268821592107266083e+00 3.226106989867682465e-03
1.270859692648126593e+00 3.026128931797412991e-03
1.273865890945896417e+00 3.221246757912028802e-03
1.275190656297455982e+00 3.306877008971799599e-03
1.270503025053476343e+00 3.389012510677241654e-03
1.271012550188691081e+00 3.147941788945808009e-03
1.274833988702805287e+00 3.672382750314311193e-03
1.275088751270412990e+00 3.333789902324668739e-03
1.277891139514096386e+00 3.262851133446700944e-03
1.278145902081704088e+00 3.595312759619941848e-03
1.276311611594929341e+00 3.548300263305095067e-03
1.277279709351838433e+00 3.359509843991090230e-03
1.276973994270709234e+00 3.330482506490288572e-03
1.274171606027025616e+00 3.378639617961512378e-03
1.277993044541139600e+00 3.303558386347606960e-03
1.279419714919742157e+00 3.599552569894962605e-03
1.279827335027914348e+00 3.772313651197534926e-03
1.276668279189580035e+00 3.410010052891245848e-03
1.284871633866544904e+00 3.060359136155864704e-03
1.281508767974124607e+00 3.231305408223242390e-03
1.280846385298344714e+00 3.680630561534287224e-03
1.277840187000574890e+00 3.501383176485961535e-03
1.280948290325387706e+00 3.488201037591242420e-03
1.277738281973531898e+00 3.426025185316347414e-03
1.282171150649904279e+00 3.515424351162358373e-03
1.283241153433856141e+00 3.123933466930746850e-03
1.287674022110228300e+00 3.628774196600378747e-03
1.289712122651089032e+00 3.228359459295756465e-03
1.288744024894180384e+00 3.354966695501113757e-03
1.292769273462380353e+00 3.743574479644974726e-03
1.296488806949451122e+00 3.340791218896626592e-03
1.291597365651385276e+00 3.003882952985062645e-03
1.289100692488830857e+00 3.460553530827788736e-03
1.294195943840983132e+00 3.424353882244840323e-03
1.289508312597003270e+00 3.297737840432742734e-03
1.295418804165499482e+00 3.176017757441152063e-03
1.295214994111413498e+00 3.834240121013984034e-03
1.295622614219585467e+00 3.258456065027316717e-03
1.296641664490016055e+00 3.428051636004721212e-03
1.296183091868322146e+00 3.571564038265374105e-03
1.299800720328350145e+00 3.344577479284915195e-03
1.298068334868618168e+00 3.059947674124105423e-03
1.293431656138160024e+00 3.295410682554469027e-03
1.300157387923000840e+00 3.671255005956840928e-03
1.293227846084074040e+00 3.664063232985622504e-03
1.296488806949451567e+00 3.680944432028898129e-03
1.298934527598484268e+00 3.341008802306858448e-03
1.302552156058512267e+00 3.511729884601571573e-03
1.301736915842167885e+00 3.382306754718644639e-03
1.299953577868914412e+00 3.086881404342897792e-03
1.296641664490015833e+00 3.141961038584393899e-03
1.303367396274856649e+00 3.564764715175183177e-03
1.298781670057919557e+00 3.428899738174796038e-03
1.303673111355985625e+00 3.376498935949317527e-03
1.306016926977975556e+00 3.645049657224230799e-03
1.304845019166980702e+00 3.282718249411525294e-03
1.302042630923296862e+00 3.528250939093503184e-03
1.307647407410664542e+00 3.256256306259185020e-03
1.313455993952117540e+00 3.530722429650291067e-03
1.305965974464454060e+00 3.643813707253691463e-03
1.311061225816605669e+00 3.457359893003332432e-03
1.317481242520317508e+00 3.666443175795672423e-03
1.308564552654051694e+00 3.538801543628462831e-03
1.304233589004722305e+00 3.219440927347127970e-03
1.315137426898327799e+00 3.325072180537139155e-03
1.314016471600854219e+00 3.387648664308212654e-03
1.305965974464454060e+00 2.842510993396542458e-03
1.309838365492089762e+00 3.369406158485385543e-03
1.309583602924481838e+00 3.469604290452438407e-03
1.306781214680798442e+00 3.516594686854826544e-03
1.312691706249294432e+00 3.693744474056467365e-03
1.305507401842760373e+00 3.600764057314530947e-03
1.314118376627897433e+00 3.558309922582208931e-03
1.309889318005611480e+00 3.180722644784837044e-03
1.312182181114079249e+00 3.199866529526566254e-03
1.314322186681983418e+00 3.767041690016488011e-03
1.323391734088814164e+00 3.738942519868834052e-03
1.314882664330720097e+00 3.387093007694011535e-03
1.323850306710507629e+00 3.650743149247429650e-03
1.322933161467120255e+00 3.084285736715264292e-03
1.315239331925370792e+00 3.264287005105970165e-03
1.332512234009165963e+00 3.291433779688642501e-03
1.330066513360133040e+00 3.392454165298023575e-03
1.330474133468305231e+00 3.828060001111044299e-03
1.322627446385990835e+00 3.560450667588226179e-03
1.332919854117338154e+00 3.731293303312571783e-03
1.327009362548841720e+00 3.615040438370184690e-03
1.328537937954487713e+00 3.353352881284235674e-03
1.329251273143788437e+00 3.660118048604296768e-03
1.335518432306935788e+00 3.655337723510189950e-03
1.328079365332794248e+00 3.673177973054539414e-03
1.329506035711396139e+00 3.364239785618970691e-03
1.332868901603816880e+00 3.027213998581164325e-03
1.335569384820456840e+00 3.233983769177365634e-03
1.335467479793414070e+00 3.488945226844490481e-03
1.343670834470379161e+00 3.408658416102742280e-03
1.333327474225510123e+00 3.315168820373813000e-03
1.334448429522983925e+00 3.449281951464653381e-03
1.334499382036504977e+00 3.768778015993836435e-03
1.336588435090887428e+00 3.410284122332920241e-03
1.338269868037097909e+00 3.384029511585678971e-03
1.341887496497125687e+00 3.158805174895525786e-03
1.340460826118523130e+00 3.774927958071638053e-03
1.337505580334274358e+00 3.466550054141902867e-03
1.336639387604409368e+00 3.436617670352409750e-03
1.336690340117930864e+00 3.525895527941159350e-03
1.334550334550026696e+00 3.261482290820069858e-03
1.342193211578255108e+00 3.547447773957128868e-03
1.339594633388657030e+00 3.732785452699591972e-03
1.334652239577069688e+00 3.337210713640385677e-03
1.340613683659087840e+00 3.394615377319053304e-03
1.342091306551211227e+00 3.263646708254848254e-03
1.344944647308416785e+00 3.436251262393838404e-03
1.343925597037986419e+00 3.644650779698956587e-03
1.350039898660568838e+00 3.648068314717817315e-03
1.336894150172016626e+00 3.096852526685651454e-03
1.343263214362206970e+00 3.472764240887170166e-03
1.345250362389545540e+00 3.288277217176514226e-03
1.343721786983900213e+00 3.477526778526691779e-03
1.350804186363391723e+00 3.250850224565850297e-03
1.342855594254034557e+00 3.680591766693280895e-03
1.345657982497718397e+00 3.480750394091674561e-03
1.341479876388953940e+00 3.378927757001436681e-03
1.348817038336052043e+00 3.291118259675291681e-03
1.344027502065029189e+00 3.595569094332121823e-03
1.339594633388657030e+00 3.120624117557596697e-03
1.340053206010350939e+00 3.466550054141907637e-03
1.344638932227287809e+00 3.427385122789466335e-03
1.347645130525057855e+00 2.935696177792450692e-03
1.350141803687611830e+00 3.658131441237119554e-03
1.353046096958338440e+00 3.218489234144040253e-03
1.362574216986863096e+00 3.371081599560872034e-03
1.360077543824308233e+00 3.290901322118196855e-03
1.364255649933072911e+00 3.258571591006889732e-03
1.364102792392508201e+00 2.998896311342280543e-03
1.357784680715840020e+00 3.561762924088648918e-03
1.356358010337237019e+00 3.156075353919156942e-03
1.365682320311675468e+00 3.729974567489940940e-03
1.364051839878987149e+00 3.694475368652741596e-03
1.358243253337533263e+00 3.358988177668534216e-03
1.370268046528612116e+00 3.425418911112519151e-03
1.368280898501273324e+00 3.709745403407006120e-03
1.364204697419551415e+00 3.334720367883561073e-03
1.369452806312268178e+00 3.278096394582152850e-03
1.363236599662642989e+00 3.817020075256324137e-03
1.366395655500977080e+00 3.549734032349030708e-03
1.366191845446890429e+00 3.381481515837685050e-03
1.367516610798449994e+00 3.027900006113212403e-03
1.362115644365169187e+00 3.333852201016616976e-03
1.364306602446594407e+00 3.246834733750156212e-03
1.369350901285225186e+00 3.645865083475071343e-03
1.367618515825492986e+00 3.729654381866801850e-03
1.372357099582994566e+00 4.186359100003088883e-03
1.369554711339311170e+00 3.484287710767810901e-03
1.363848029824900498e+00 3.995976657705014624e-03
1.374599010177941727e+00 3.675548482358547472e-03
1.370013283961004857e+00 3.221758494490886086e-03
1.369707568879875659e+00 3.192454527743651682e-03
1.372204242042429856e+00 3.726242001475950274e-03
1.372204242042429856e+00 3.955385570020244178e-03
1.377910923556840528e+00 4.093539015779406633e-03
1.379439498962485633e+00 3.489692977150801647e-03
1.372459004610037780e+00 3.644935696671151946e-03
1.371949479474822597e+00 3.879286941847617277e-03
1.362115644365168743e+00 3.451693404337182695e-03
1.374497105150898291e+00 3.566890668492867476e-03
1.371694716907215117e+00 2.973828948973068504e-03
1.373070434772295734e+00 3.571952906908075313e-03
1.378573306232619977e+00 3.354746147996921172e-03
1.371643764393693399e+00 2.974837095404589751e-03
1.382139982179126259e+00 3.391535711580529518e-03
1.371389001826085696e+00 3.865680935906229496e-03
1.384789512882246054e+00 3.466160595369422413e-03
1.380254739178830237e+00 3.461937400515030430e-03
1.379898071584179542e+00 3.583997772854104289e-03
1.376331395637673261e+00 3.629632619237754213e-03
1.376789968259366503e+00 3.286512167618958757e-03
1.376891873286410162e+00 3.544684007251632657e-03
1.373019482258774238e+00 3.457780375821782690e-03
1.374599010177941283e+00 3.953241972311269392e-03
1.378522353719098481e+00 3.039265111888669098e-03
1.376535205691759023e+00 3.652904349455755786e-03
1.380815216827566916e+00 4.012247580941622101e-03
1.391107624558914013e+00 3.158607917548877930e-03
1.399412884262921430e+00 3.142989596384535619e-03
1.394317632910770044e+00 3.318178531585575658e-03
1.395234778154156752e+00 3.396725534333253169e-03
1.402215272506605936e+00 3.609635874322208310e-03
1.400431934533352019e+00 3.406967163524234846e-03
1.395897160829936645e+00 3.620924519049238677e-03
1.396763353559803189e+00 4.014708883341076145e-03
1.397120021154452996e+00 3.754875297858516030e-03
1.397374783722060920e+00 3.398574666441923908e-03
1.400431934533352019e+00 3.760488808688732063e-03
1.405323375831418087e+00 3.532020004928385255e-03
1.406597188669455711e+00 3.669638793369878280e-03
1.406495283642413163e+00 3.218888495637734458e-03
1.406648141182977652e+00 3.563384351053725755e-03
1.404660993155638193e+00 3.989067695332764243e-03
1.401960509938997790e+00 3.679886334628028246e-03
1.403641942885207827e+00 3.434104913548978975e-03
1.408329574129187689e+00 3.834240121013992274e-03
1.401400032290260889e+00 3.772891706571593340e-03
1.406291473588326513e+00 3.646132104830853479e-03
1.403336227804078629e+00 3.703553816734332128e-03
1.402826702668863668e+00 3.784132415762752298e-03
1.402775750155342172e+00 3.391401749631559135e-03
1.406342426101848453e+00 3.750755690942199870e-03
1.401654794857868147e+00 3.449315821286437402e-03
1.407972906534536772e+00 3.566370218322072790e-03
1.401756699884911583e+00 2.999125714313845108e-03
1.402775750155342172e+00 3.223422084056503604e-03
1.403845752939294034e+00 3.359355284637133808e-03
1.396202875911066066e+00 3.495695215077709167e-03
1.402215272506605270e+00 3.910667650693687783e-03
1.400533839560394789e+00 3.367402238512904981e-03
1.400177171965744316e+00 3.400770159173841650e-03
1.406648141182977874e+00 3.717424990943589327e-03
1.402979560209428378e+00 2.696153589031960972e-03
1.401705747371389865e+00 3.618256341445943384e-03
1.405068613263810384e+00 3.816540537087950713e-03
1.402979560209428378e+00 3.662206371038384360e-03
1.406444331128891445e+00 3.696414349777676304e-03
1.404049562993380684e+00 3.370188134639766440e-03
1.402266225020126766e+00 3.916535142242479582e-03
1.414443875751770552e+00 3.996038378076939047e-03
1.398903359127706691e+00 3.938204118691147892e-03
1.403947657966337470e+00 3.407725283677422168e-03
1.408023859048058490e+00 3.443948950614703769e-03
1.404711945669159467e+00 4.298785991916912602e-03
1.411284819913436017e+00 3.636064329195729753e-03
1.415411973508679200e+00 3.365273694706143095e-03
1.420914844969002999e+00 3.803310772402270033e-03
1.423411518131557640e+00 3.876876943497627268e-03
1.427131051618628632e+00 4.134017041969991098e-03
1.431767730349087442e+00 3.506017982425687404e-03
1.436761076674195836e+00 3.500000068124776292e-03
1.430697727565134691e+00 3.711581979551136640e-03
1.428353911943145205e+00 3.471193974199834973e-03
1.435181548755028791e+00 4.143965136819314013e-03
1.434366308538684187e+00 3.313809837199203218e-03
1.436353456566023423e+00 3.524481525671579931e-03
1.431971540403172760e+00 3.497952212539927417e-03
1.425347713645375380e+00 3.216629394101480546e-03
1.431971540403173204e+00 3.360158915643492693e-03
1.434773928646856600e+00 3.955910623527675654e-03
1.435538216349679264e+00 3.483225774953457692e-03
1.435945836457852121e+00 3.510073502324800084e-03
1.436251551538980431e+00 3.594269180380531888e-03
1.439716322458443720e+00 3.176671630716051270e-03
1.436659171647152622e+00 3.576195003354267713e-03
1.430697727565134914e+00 3.601531842749546627e-03
1.441397755404654202e+00 3.229135392731048802e-03
1.432481065538388609e+00 3.648068314717827724e-03
1.428302959429623264e+00 3.569480871283209518e-03
1.432990590673603348e+00 3.609866020605155372e-03
1.432786780619517586e+00 2.997441574605179838e-03
1.428353911943144983e+00 3.016612570104863170e-03
1.440072990053094859e+00 3.703571341472865729e-03
1.431563920295001013e+00 3.662982540428340924e-03
1.435538216349679264e+00 3.736382940458488761e-03
1.434366308538684853e+00 3.935513565726994623e-03
1.433092495700646118e+00 3.608139565659265746e-03
1.428099149375537946e+00 3.871623311692373118e-03
1.430392012484005937e+00 3.450038298273588877e-03
1.428914389591882106e+00 3.637948807176648227e-03
1.433551068322340472e+00 3.324822320704701791e-03
1.437423459349975507e+00 3.350738944716013558e-03
1.430799632592178128e+00 3.461487422297487848e-03
1.427844386807929800e+00 2.738080177311076786e-03
1.431512967781479295e+00 3.414958943332947836e-03
1.430646775051613195e+00 3.349603667725259241e-03
1.429271057186532135e+00 3.346552399468402834e-03
1.432786780619517142e+00 3.059167016769548646e-03
1.433856783403468782e+00 3.595688229597428839e-03
1.426927241564542870e+00 3.165213447656590236e-03
1.431716777835565502e+00 3.244455061241131779e-03
1.430901537619220898e+00 3.846884401707088667e-03
1.435079643727985355e+00 3.717438958427871781e-03
1.430952490132742616e+00 3.236423282544836043e-03
1.441295850377611210e+00 3.468425584127239007e-03
1.446900626864978445e+00 2.916496237374328719e-03
1.446340149216241544e+00 3.255139918325635796e-03
1.456581604434067367e+00 3.560760549541149185e-03
1.456275889352937947e+00 3.544493575784229446e-03
1.466619249597806540e+00 3.850402256213191453e-03
1.461371140705090221e+00 4.061282910718597150e-03
1.457294939623368091e+00 3.376287484385472222e-03
1.461931618353826456e+00 3.213367034316744718e-03
1.457091129569282106e+00 3.560979273507366202e-03
1.457804464758584162e+00 3.672343868342990182e-03
1.461880665840305404e+00 3.614052840621970013e-03
1.460504947975224121e+00 3.693333282283180804e-03
1.467128774733021945e+00 3.827137549216300030e-03
1.457855417272105214e+00 3.445426144366763900e-03
1.461065425623960801e+00 3.665040896517709947e-03
1.465804009381462159e+00 3.105726023828170833e-03
1.459180182623664779e+00 3.541148370295405488e-03
1.459689707758879740e+00 3.653870788322649381e-03
1.461320188191568503e+00 3.788602915141130265e-03
1.459434945191272259e+00 3.228379563551355726e-03
1.463460193759472450e+00 4.051320829385596407e-03
1.461116378137482075e+00 3.722878795064903882e-03
1.456938272028717840e+00 3.581852980889766499e-03
1.457957322299148650e+00 3.137694505664596900e-03
1.472376883625738042e+00 3.738803646011576443e-03
1.470491640625442020e+00 3.468796077845483217e-03
1.458619704974927878e+00 3.307661994481079885e-03
1.463613051300036938e+00 3.815999708989408455e-03
1.469829257949662349e+00 3.979962115915501239e-03
1.473243076355604142e+00 3.717156106641683003e-03
1.469064970246839463e+00 3.748979855819710612e-03
1.471867358490523081e+00 3.869627879236785424e-03
1.460810663056353542e+00 3.568404273747523194e-03
1.462288285948477373e+00 3.186321044887674512e-03
1.468402587571059792e+00 4.008457263482529190e-03
1.464326386489338105e+00 3.711302179023078136e-03
1.463969718894687633e+00 3.674842082171685034e-03
1.455919221758287252e+00 3.710585093866113852e-03
1.458772562515492588e+00 3.527426724096987404e-03
1.458874467542535358e+00 3.296477992735979273e-03
1.459587802731836970e+00 3.301388679987092394e-03
1.452862070946995932e+00 3.377575211396855598e-03
1.457702559731540726e+00 3.734106672109887334e-03
1.458008274812669702e+00 3.319351931232647317e-03
1.464581149056945808e+00 3.786903101716542624e-03
1.465956866922026647e+00 3.532093507672329994e-03
1.464224481462295335e+00 3.584378049590887429e-03
1.468606397625145776e+00 3.730948876398249535e-03
1.479306425464664843e+00 3.457705293354447658e-03
1.472682598706867907e+00 3.350088047966980846e-03
1.491484076196308406e+00 3.644479818824037601e-03
1.490668835979964246e+00 3.316609439073650578e-03
1.497904092900020023e+00 3.297580385793247217e-03
1.486898349979371758e+00 3.287803471413878152e-03
1.488732640466146284e+00 3.441958259022296403e-03
1.485471679600768979e+00 3.558291682425048646e-03
1.491025503574614941e+00 3.947212000983291863e-03
1.488070257790366391e+00 3.578666028328803591e-03
1.487968352763323399e+00 3.492741842102793041e-03
1.490006453304184131e+00 3.669486684209710171e-03
1.488274067844452597e+00 3.977835025466469956e-03
1.486185014790070147e+00 3.902214140527012105e-03
1.488426925385017308e+00 3.870550265790445588e-03
1.489904548277141139e+00 3.585565701909391480e-03
1.493827891818298115e+00 3.550373920874619511e-03
1.489344070628404237e+00 3.908011285181856725e-03
1.493216461656039939e+00 3.517934372249938678e-03
1.489904548277141361e+00 3.710812477333454845e-03
1.492044553845045307e+00 3.640934134450371593e-03
1.483841199168080216e+00 3.728982598781379557e-03
1.488885498006711217e+00 3.859107181116463916e-03
1.488834545493189054e+00 3.403059597969484203e-03
1.490719788493485742e+00 3.266513147081308906e-03
1.490159310844748841e+00 3.829985581323813899e-03
1.490515978439399536e+00 3.615819552368141395e-03
1.493216461656039939e+00 3.680940905542803669e-03
1.486898349979371758e+00 3.426233567296695613e-03
1.474720699247728195e+00 3.659568292003290233e-03
1.484707391897946316e+00 4.079206172300538571e-03
1.491076456088136437e+00 3.593575700671364139e-03
1.482975006438214560e+00 3.805098776998320966e-03
1.480784048356789562e+00 3.284959562076098828e-03
1.483382626546386307e+00 3.536104438393489896e-03
1.482924053924693286e+00 3.417614918843633366e-03
1.488936450520232491e+00 3.798649137011040396e-03
1.475790702031680057e+00 3.527220640254651561e-03
1.477523087491411813e+00 3.537627546472056628e-03
1.469319732814447610e+00 3.965388980798607507e-03
1.482567386330042369e+00 3.658078213703540478e-03
1.481701193600176270e+00 3.706861018564614786e-03
1.482363576275955941e+00 3.602728252450398180e-03
1.480478333275659919e+00 3.601802150773222768e-03
1.485777394681898400e+00 3.915974975957914328e-03
1.481140715951439590e+00 3.455782626769880912e-03
1.483994056708644926e+00 3.463646784598058744e-03
1.492299316412653010e+00 3.413479973218364917e-03
1.492655984007303038e+00 4.123062785901287011e-03
1.494795989575207207e+00 3.416767814726125348e-03
1.497904092900020023e+00 3.525129680450984297e-03
1.504018394522602220e+00 3.562054470992803614e-03
1.508858883307146570e+00 3.423447778440559443e-03
1.514208897226906769e+00 3.766114632827356149e-03
1.513750324605213082e+00 3.386268935230370147e-03
1.508756978280103800e+00 3.891998331605400936e-03
1.513393657010562166e+00 3.520855552822369731e-03
1.512935084388868257e+00 3.515191714374303611e-03
1.520679866444139439e+00 3.385563523229082744e-03
1.518234145795106294e+00 3.517701901457557286e-03
1.511202698929136723e+00 3.608589242843867565e-03
1.515686520119030156e+00 3.642787585943418113e-03
1.512170796686045371e+00 3.557824702562442046e-03
1.518947480984407461e+00 3.626101055529963504e-03
1.513546514551126432e+00 3.199477065786772347e-03
1.512782226848303768e+00 3.612511649014743531e-03
1.507941738063759196e+00 3.626587878524106020e-03
1.510234601172227631e+00 3.341471120010834107e-03
1.502438866603435175e+00 3.797846007057747303e-03
1.508960788334189784e+00 3.895118875982477025e-03
1.515176994983814973e+00 3.805016902017901385e-03
1.502999344252172076e+00 3.228359459295754297e-03
1.511661271550830188e+00 4.079164803671494512e-03
1.507177450360936533e+00 3.334471231012744400e-03
1.506260305117549159e+00 3.855765602329500226e-03
1.498362665521713488e+00 3.863316210387701070e-03
1.498821238143407619e+00 3.662131935193058303e-03
1.500502671089617435e+00 3.660660630600590017e-03
1.502795534198085647e+00 3.655035860026229107e-03
1.503712679441473243e+00 3.660259907871637151e-03
1.499177905738058092e+00 3.382786452217765444e-03
1.499636478359751335e+00 3.897021314265047224e-03
1.497445520278326114e+00 3.548592916280808758e-03
1.502133151522306198e+00 3.912821302298081019e-03
1.501317911305961594e+00 3.593145820542366971e-03
1.491738838763916108e+00 3.858003737041306065e-03
1.494541227007599726e+00 3.898353467603045495e-03
1.504935539765989816e+00 3.999493198760469687e-03
1.504527919657817181e+00 3.750364594793233718e-03
1.506209352604027440e+00 3.883651252026271931e-03
1.495407419737465160e+00 3.262409505710532013e-03
1.506667925225721349e+00 3.538449385380326544e-03
1.496783137602546665e+00 3.579242718026109764e-03
1.509164598388275991e+00 3.462162367692359598e-03
1.514769374875643226e+00 3.575850157838480342e-03
1.518845575957364469e+00 3.707592828574804260e-03
1.519100338524972171e+00 3.821163360635095822e-03
1.522106536822741996e+00 3.832211674134755695e-03
1.523482254687823279e+00 3.802966041295995775e-03
1.528475601012931673e+00 3.815152597735527781e-03
1.524144637363602950e+00 3.420413048541987022e-03
1.532195134500002442e+00 4.281660708838051256e-03
1.536373240608767121e+00 3.994482083976113110e-03
1.534589902635514092e+00 3.752994191242285844e-03
1.534131330013820183e+00 3.626888530670704849e-03
1.534487997608471321e+00 3.883032855113650265e-03
1.530258938986185147e+00 3.771573748708597577e-03
1.533774662419169710e+00 3.954949066238533026e-03
1.527099883147850834e+00 3.483244408196448788e-03
1.526437500472071385e+00 3.519380512150326826e-03
1.530564654067314123e+00 3.548227096289654353e-03
1.523125587093172362e+00 3.788880433203129731e-03
1.525877022823334483e+00 3.737761927614832204e-03
1.533621804878605666e+00 4.055973699072503921e-03
1.531991324445916680e+00 3.566879750737666274e-03
1.525622260255727003e+00 3.166980519823144827e-03
1.531634656851266207e+00 3.659635685963344345e-03
1.530157033959141932e+00 3.479068069257811816e-03
1.537596100933283472e+00 3.456203301479066244e-03
1.533876567446212702e+00 3.779079608175982090e-03
1.531277989256615513e+00 4.226897192261518631e-03
1.525927975336855758e+00 3.503706903154869129e-03
1.521647964201048531e+00 3.549233010537355872e-03
1.525877022823334261e+00 3.204487792957517144e-03
1.524552257471775141e+00 3.877898028424372947e-03
1.529239888715754558e+00 3.504392237847853663e-03
1.527660360796587957e+00 3.691758380953409722e-03
1.515737472632552096e+00 3.489599982106403927e-03
1.514208897226906769e+00 3.596146683038788008e-03
1.527660360796587291e+00 3.693867471248072666e-03
1.525877022823334705e+00 4.118451040631651225e-03
1.531685609364787704e+00 4.120429935128427923e-03
1.525775117796291269e+00 3.441841345511897909e-03
1.528424648499410621e+00 3.860425517632815745e-03
1.520476056390053232e+00 3.480485603093201423e-03
1.519202243552014941e+00 3.708625520387574728e-03
1.521189391579354400e+00 3.716391251433944724e-03
1.527711313310109453e+00 4.094046351413570609e-03
1.528475601012932339e+00 3.407542435960252223e-03
1.530513701553792849e+00 3.997779149645826029e-03
1.537901816014413336e+00 3.666513983754249219e-03
1.540908014312182717e+00 3.974070681401627517e-03
1.538564198690193008e+00 3.846219594301386428e-03
1.542130874636699289e+00 3.530751841736605272e-03
1.554869003017079088e+00 3.031477588836119924e-03
1.551404232097616021e+00 3.652449466210451641e-03
1.553849952746648722e+00 3.239470090835526971e-03
1.554716145476514377e+00 3.915845695435569637e-03
1.550945659475922112e+00 3.805248876553698339e-03
1.556907103557940486e+00 3.629804279403933513e-03
1.557569486233720157e+00 3.463286984378808383e-03
1.556142815855117378e+00 3.848193432715921007e-03
1.549060416475626090e+00 3.727868494781575587e-03
1.550996611989443386e+00 3.706861018564617388e-03
1.549468036583797836e+00 3.736160587584986398e-03
1.543098972393608159e+00 3.415339037823909244e-03
1.544118022664038081e+00 3.603247053622267611e-03
1.547531841069980540e+00 3.959934813577136239e-03
1.546003265664334769e+00 3.689507355742903307e-03
1.549213274016190578e+00 3.939192830565463842e-03
1.551047564502965104e+00 3.418773174303423642e-03
1.547684698610545029e+00 3.933586844039111373e-03
1.544016117636995755e+00 3.783188959566054915e-03
1.543048019880086663e+00 3.552303857444487952e-03
1.543200877420651151e+00 3.439864528790668313e-03
1.544474690258689442e+00 4.029602975349346611e-03
1.546665648340114663e+00 3.535237992674534254e-03
1.541876112069091587e+00 3.376595045919087573e-03
1.537698005960326908e+00 3.332715066580334111e-03
1.540092774095838335e+00 3.876609073419216931e-03
1.539736106501188084e+00 3.533416295601761545e-03
1.542130874636699289e+00 3.428536291504930694e-03
1.536678955689896764e+00 3.721919811938453285e-03
1.549875656691970471e+00 3.983857745929295265e-03
1.543302782447694366e+00 3.783010534123931127e-03
1.538971818798364977e+00 3.805095365575975833e-03
1.538258483609063587e+00 3.767989189284669336e-03
1.539990869068795343e+00 3.543815996253542842e-03
1.530462749040271131e+00 4.040621062678885836e-03
1.535354190338336977e+00 3.594648370508458316e-03
1.534946570230164786e+00 3.564127410313525177e-03
1.542640399771914250e+00 3.512616910954793024e-03
1.536118478041160307e+00 4.004397553375504959e-03
1.543608497528823342e+00 3.518307031468125880e-03
1.556091863341595660e+00 3.864589445551472324e-03
1.550283276800142662e+00 3.958124926290191616e-03
1.557161866125547744e+00 3.355771377475035185e-03
1.552881854989739630e+00 3.965519919568260762e-03
1.561492829774876911e+00 3.449071198433685450e-03
1.560117111909796073e+00 3.405458040431722736e-03
1.566995701235200933e+00 3.354746147996924641e-03
1.569849041992405825e+00 3.557474427437921135e-03
1.568626181667889696e+00 3.818852648368079028e-03
1.574689530776950619e+00 3.797586235065982668e-03
1.568116656532674513e+00 3.976447889213785211e-03
1.574434768209342694e+00 3.966040358433208998e-03
1.571275712371008826e+00 4.054523652533695462e-03
1.571683332479181017e+00 3.328018329797773588e-03
1.569950947019449039e+00 3.665221523189388271e-03
1.570256662100578016e+00 3.646331468025573209e-03
1.570358567127621896e+00 3.494893036141083400e-03
1.568524276640846482e+00 4.409848058999038360e-03
1.566639033640550238e+00 3.422310070085275713e-03
1.559760444315145156e+00 3.896621579455088798e-03
1.561441877261355637e+00 3.687286640213840398e-03
1.568880944235497399e+00 3.585927712788310184e-03
1.566639033640550460e+00 3.547466069870874698e-03
1.554614240449472273e+00 3.881310852911177244e-03
1.561645687315441400e+00 3.593377022969746794e-03
1.569899994505927321e+00 2.977406105748823476e-03
1.564091407964474545e+00 3.484332416754125274e-03
1.558028058855413400e+00 3.449643212419024711e-03
1.559149014152886759e+00 3.904688287016912316e-03
1.559301871693451469e+00 3.517185244685052531e-03
1.560932352126140010e+00 3.645865083475073078e-03
1.560269969450360117e+00 4.080055727522366102e-03
1.554002810287213432e+00 4.003791321839077558e-03
1.547328031015894112e+00 3.688803628659659099e-03
1.548245176259281708e+00 3.571545865797999455e-03
1.542640399771914028e+00 3.054852838479724716e-03
1.546359933258985686e+00 3.856819201963240015e-03
1.554512335422428393e+00 3.699180554566029646e-03
1.554665192962993103e+00 3.723548193232014726e-03
1.560983304639661728e+00 3.644935696671140236e-03
1.569390469370712582e+00 3.566981648486578556e-03
1.574842388317514885e+00 3.894088972770843454e-03
1.569849041992405825e+00 3.982371662267219538e-03
1.568779039208454185e+00 3.954138288516808805e-03
1.571173807343965834e+00 3.417766843562648153e-03
1.565416173316033666e+00 3.917635354022333191e-03
1.570766187235793199e+00 3.801245331695191250e-03
1.564855695667296542e+00 3.601629155975131970e-03
1.575199055912166024e+00 3.531564253770257903e-03
1.581568120102355479e+00 3.804331129881738383e-03
1.585083843535340931e+00 3.360100967914994661e-03
1.591809575320181080e+00 3.602180547929321238e-03
1.584880033481254946e+00 3.540741454040653626e-03
1.576472868750203649e+00 3.946353583584644685e-03
1.590994335103837143e+00 3.663978206436944388e-03
1.589312902157626883e+00 3.794956752436819819e-03
1.585440511129991403e+00 3.551280536854192153e-03
1.578052396669370694e+00 3.515885886521059097e-03
1.582892885453915488e+00 3.944063557116893673e-03
1.584981938508297716e+00 3.738317546884101054e-03
1.588599566968325716e+00 3.631491838835988230e-03
1.583962888237867128e+00 4.050567798447924674e-03
1.586051941292249357e+00 3.728147051994104566e-03
1.574791435803993611e+00 4.161594694602118241e-03
1.573313812911869336e+00 4.109726899423544501e-03
1.573874290560606459e+00 3.736052880654505172e-03
1.570460472154664444e+00 3.579068632814762750e-03
1.576014296128509962e+00 3.386038925725119025e-03
1.570358567127621452e+00 3.413723343958718296e-03
1.558894251585279278e+00 3.580479204727404861e-03
1.571479522425094366e+00 3.763356235931315970e-03
1.567403321343373124e+00 3.852397538386437888e-03
1.566893796208158385e+00 3.682323029277056840e-03
1.562155212450656805e+00 3.592726728219862962e-03
1.560677589558532752e+00 3.697745054281831312e-03
1.552779949962697081e+00 3.626587878524105586e-03
1.550487086854228425e+00 3.913322213063384972e-03
1.557467581206676721e+00 3.767923733361085246e-03
1.555582338206380699e+00 3.387767448035031680e-03
1.553136617557347332e+00 3.864240103524663791e-03
1.563530930315737644e+00 3.836487429788375866e-03
1.571785237506223565e+00 3.576311154357093066e-03
1.579173351966844052e+00 3.812106205791290694e-03
1.581109547480661792e+00 3.956041876016075202e-03
1.576320011209639382e+00 3.673093157498302265e-03
1.577440966507112519e+00 3.703038552358760803e-03
1.574842388317515329e+00 3.509037866359815492e-03
1.576320011209638716e+00 3.611077642659727381e-03
1.570307614614099734e+00 3.534150963851481926e-03
1.576523821263725145e+00 4.122445665568108195e-03
1.580396212291360847e+00 3.637153019860970248e-03
1.590535762482143234e+00 3.619346802209141845e-03
1.592421005482439034e+00 3.573206447500181654e-03
1.595019583672036889e+00 3.083780652923318218e-03
1.593694818320477324e+00 3.935470686639492600e-03
1.593541960779913058e+00 3.943474384172216372e-03
1.596701016618246927e+00 3.867278993469109964e-03
1.588497661941282724e+00 4.251586544411477611e-03
1.589414807184669876e+00 3.374345355193444050e-03
1.592981483131176157e+00 3.487248243608293777e-03
1.593185293185261919e+00 3.447987122220485916e-03
1.593694818320477324e+00 4.100240289156306325e-03
1.591860527833702799e+00 3.366457670502919462e-03
1.579733829615581175e+00 3.809868365443357108e-03
1.580701927372489823e+00 3.844048889851734048e-03
1.579733829615580953e+00 4.058645164603962886e-03
1.580243354750795914e+00 3.421107480471315999e-03
1.587682421724938120e+00 3.555284426043825354e-03
1.579479067047973917e+00 3.366970468874261411e-03
1.577950491642327480e+00 3.544786543035141017e-03
1.575148103398644306e+00 4.145102062798429986e-03
1.564397123045603522e+00 3.468126166349922747e-03
1.567148558775765865e+00 3.170523992201409319e-03
1.562155212450656805e+00 3.308321238368482856e-03
1.564549980586168010e+00 4.001310327290614859e-03
1.559199966666408477e+00 3.877362410846187015e-03
1.563276167748129719e+00 3.567127211649971652e-03
1.574281910668778206e+00 3.559520859864759301e-03
1.570613329695228488e+00 3.767386262776413648e-03
1.582689075399829060e+00 3.037774156633523456e-03
1.578714779345150809e+00 3.722878795064890438e-03
1.590790525049750714e+00 3.684271929322138154e-03
1.588701471995368486e+00 3.668138650759581679e-03
1.589312902157626661e+00 3.518052446769450673e-03
1.584472413373082089e+00 3.873182051658398233e-03
1.588242899373675021e+00 3.716195646746780525e-03
1.580701927372489823e+00 3.260069074449446162e-03
1.584115745778431616e+00 3.129641750588984909e-03
1.574893340831036381e+00 3.595254991527668982e-03
1.579530019561494969e+00 3.589440939990639311e-03
1.580600022345447053e+00 3.592220862026398315e-03
1.588090041833110311e+00 3.765425223042954961e-03
1.586102893805771075e+00 3.581653652917900048e-03
1.600522455132360911e+00 3.613144012278408316e-03
1.595325298753166088e+00 3.991488005516944174e-03
1.606891519322551032e+00 3.522274696070940188e-03
1.602866270754351286e+00 3.738300185031939813e-03
1.600216740051231934e+00 3.668223580872414374e-03
1.604292941132953620e+00 3.212591332967200571e-03
1.601082932781098478e+00 3.543218886369971232e-03
1.598739117159107437e+00 3.453197357823822953e-03
1.601541505402791499e+00 3.530722429650289765e-03
1.594000533401606745e+00 3.472476411818560538e-03
1.590637667509186670e+00 3.967532559172361369e-03
1.593185293185261919e+00 3.306543333698678394e-03
1.586000988778727638e+00 3.372178850981263302e-03
1.585746226211120380e+00 4.011393372879007435e-03
1.587376706643809143e+00 3.842437792715124641e-03
1.581619072615876753e+00 3.853586801117162182e-03
1.578510969291064381e+00 3.562579195295594112e-03
1.576574773777246641e+00 3.544519211385389109e-03
1.574434768209343138e+00 3.543581560198195198e-03
1.566333318559420817e+00 4.122445665568100388e-03
1.565263315775469177e+00 3.376252881959676024e-03
1.565416173316033888e+00 3.608560465182444887e-03
1.565518078343077102e+00 3.516461797674942831e-03
1.571836190019745061e+00 4.220652311018079431e-03
1.590128142373971265e+00 3.701309965159471724e-03
1.585848131238163594e+00 3.636378476678087199e-03
1.588956234562976189e+00 3.502406250909397001e-03
1.588344804400717791e+00 3.639008397184786796e-03
1.598942927213194087e+00 3.755736004762195816e-03
1.584778128454211510e+00 3.323635229986635770e-03
1.582383360318700083e+00 3.210004308002928960e-03
1.580141449723753366e+00 3.720758239693648835e-03
1.578409064264021611e+00 3.721176866074653918e-03
1.573772385533563689e+00 3.337199044479833340e-03
1.573670480506519809e+00 3.636239255574406134e-03
1.578358111750499893e+00 3.221375707073258730e-03
1.585899083751684868e+00 3.716041950126605653e-03
1.587886231779024326e+00 3.573290001237339024e-03
1.593287198212305578e+00 3.697042895233625288e-03
1.605668658998034459e+00 3.765787178916771196e-03
1.604394846159997057e+00 3.908462994688725184e-03
1.611681055593574108e+00 3.751932194548744659e-03
1.610916767890751000e+00 3.691083217534116973e-03
1.608267237187632093e+00 3.745682118005316200e-03
1.609795812593278086e+00 3.585475193478623174e-03
1.609999622647363848e+00 4.044394075274520758e-03
1.601439600375748507e+00 3.615385136239356208e-03
1.607910569592981398e+00 3.795179080883809286e-03
1.599095784753758576e+00 3.481436519291460172e-03
1.602968175781394500e+00 3.306323482176549890e-03
1.596395301537117950e+00 4.055845680510318865e-03
1.600420550105317918e+00 3.984326920351048684e-03
1.592471957995960752e+00 3.408487043584385208e-03
1.587274801616765929e+00 3.654723316268906376e-03
1.590637667509186226e+00 3.860744944682708516e-03
1.589210997130583891e+00 3.732684603590530423e-03
1.590382904941578746e+00 3.653817498721378173e-03
1.580090497210231870e+00 3.629679111334376852e-03
1.577237156453026978e+00 3.601445339897125196e-03
1.584166698291953113e+00 3.496486072417290952e-03
1.577848586615284932e+00 3.576329302610523064e-03
1.586153846319292349e+00 3.761092840901833576e-03
1.585593368670555670e+00 3.897464305778761910e-03
1.590688620022707944e+00 3.681663764563280258e-03
1.592421005482439700e+00 3.869694969308753833e-03
1.597363399294026820e+00 3.910667650693678242e-03
1.599961977483624676e+00 3.635468088311404836e-03
1.595274346239644370e+00 3.808454135692615310e-03
1.592726720563568454e+00 3.585493295347558403e-03
1.588650519481847212e+00 3.949473908270510238e-03
1.583198600535044243e+00 3.692602161628254307e-03
1.587733374238459616e+00 3.368126870260956113e-03
1.574078100614692000e+00 3.259192970842083540e-03
1.575097150885122588e+00 3.917171446975216929e-03
1.574740483290472115e+00 3.421411012995100726e-03
1.573008097830740359e+00 3.610124917635995113e-03
1.581822882669963182e+00 3.850540476308692527e-03
1.582689075399829282e+00 3.640345822811277138e-03
1.584727175940689570e+00 3.702712531742831555e-03
1.600624360159404569e+00 3.399792862723242243e-03
1.604292941132953620e+00 3.726642595687545360e-03
1.596802921645290585e+00 3.865492885699530531e-03
1.604904371295212018e+00 3.349913679148441847e-03
1.594662916077386638e+00 4.255178601627064225e-03
1.598637212132065111e+00 3.855593902267722382e-03
1.593032435644697875e+00 3.419896876646121107e-03
1.591401955212009334e+00 3.565642188563829858e-03
1.590484809968621738e+00 3.581204218241929027e-03
1.592879578104133387e+00 3.651027590786512424e-03
1.589771474779320570e+00 3.543614528705636615e-03
1.589058139590019403e+00 2.971785422156596364e-03
1.584523365886603807e+00 3.582113902561653070e-03
1.578256206723456678e+00 3.632310308716003855e-03
1.573211907884826566e+00 4.307398441438440966e-03
1.576523821263725145e+00 3.884453349969249712e-03
1.579835734642624390e+00 3.666807822170648629e-03
1.580803832399533038e+00 4.059287973403438547e-03
1.588650519481846768e+00 3.731115875236492348e-03
1.591452907725530386e+00 3.501512930734493410e-03
1.593949580888085027e+00 3.885161732076490397e-03
1.600573407645882851e+00 3.315579930290415804e-03
1.592777673077090395e+00 3.363155382877737378e-03
1.598382449564457408e+00 3.843707812431881778e-03
1.588090041833110533e+00 3.874170604562921557e-03
1.584217650805474609e+00 3.971456724138224155e-03
1.577237156453026534e+00 3.207985789527903996e-03
1.574383815695821420e+00 4.201231716598141652e-03
1.576880488858375839e+00 3.623905960767765441e-03
1.571632379965659521e+00 3.315830486570510525e-03
1.571122854830444115e+00 3.668580973549438826e-03
1.564346170532082025e+00 3.752855837365001810e-03
1.575250008425687076e+00 3.780041260238727746e-03
1.575250008425687520e+00 4.101531757288737201e-03
1.581720977642920412e+00 3.647488271437541226e-03
1.587835279265502386e+00 3.903561148617673560e-03
1.592624815536525462e+00 3.510905488424549865e-03
1.601694362943356431e+00 3.673531350127171025e-03
1.602815318240829567e+00 4.204727868993287168e-03
1.602560555673222309e+00 3.480064133616291803e-03
1.600726265186447117e+00 3.491563511194566323e-03
1.611833913134138818e+00 4.078299148422956724e-03
1.598739117159107881e+00 3.802423282463736950e-03
1.603426748403087965e+00 3.921702129830008723e-03
1.598637212132065111e+00 3.558660115469826357e-03
1.591605765266095096e+00 3.722240662886174695e-03
1.593134340671740867e+00 3.648911526032255857e-03
1.588956234562976189e+00 3.602526476262068404e-03
1.583759078183780700e+00 3.606545458264243890e-03
1.578663826831628647e+00 3.427919101086352588e-03
1.593847675861042035e+00 3.588171365037496566e-03
1.586153846319292349e+00 3.935154026605561239e-03
1.588752424508889982e+00 4.159185984959647836e-03
1.590739572536229218e+00 3.500089078144399436e-03
1.596191491483031966e+00 3.777420182972573807e-03
1.594408153509778492e+00 3.649889691628375142e-03
1.596344349023596676e+00 3.464302574266032130e-03
1.600777217699968835e+00 3.757228811606605316e-03
1.603426748403087965e+00 3.592076315743294827e-03
1.599758167429538025e+00 3.452896619531793491e-03
1.592573863023003966e+00 3.483076705421014885e-03
1.591860527833702577e+00 3.673287523582877048e-03
1.590994335103836699e+00 3.792113220173681971e-03
1.591809575320181080e+00 3.753246673921287711e-03
1.590739572536229218e+00 3.488201037591234614e-03
1.593134340671740645e+00 3.800169492540664880e-03
1.586255751346335785e+00 3.920268642354407702e-03
1.580294307264317633e+00 3.733119278589222025e-03
1.573517622965955320e+00 3.599898750760377290e-03
1.577695729074720221e+00 3.936288607154128649e-03
1.600369597591796644e+00 3.610387391505146069e-03
1.590535762482143456e+00 3.780041260238732083e-03
1.602305793105614606e+00 3.777832530577496933e-03
1.603987226051824200e+00 3.187994983226998067e-03
1.606280089160292635e+00 3.713246356764848041e-03
1.612139628215267573e+00 3.659635685963333503e-03
1.613413441053305641e+00 4.453902572309115064e-03
1.615451541594166596e+00 4.059927483131463288e-03
1.608267237187631649e+00 3.908489564210439887e-03
1.605006276322255232e+00 3.660345020793087049e-03
1.606025326592685154e+00 3.536247601779808018e-03
1.591045287617358195e+00 3.740271976000132583e-03
1.596446254050639446e+00 3.585446230298223146e-03
1.604394846159996835e+00 3.715032284738301570e-03
1.606585804241422055e+00 3.643101153674100506e-03
1.600063882510667668e+00 3.575748512814622918e-03
1.607451996971287933e+00 3.657421677097028728e-03
1.613056773458654947e+00 3.561908700523654624e-03
1.613770108647956336e+00 3.671449469352943036e-03
1.607401044457765993e+00 4.008560889387708000e-03
1.609184382431019467e+00 4.371746444921870318e-03
1.602509603159700147e+00 3.349654046533910058e-03
1.599401499834887552e+00 3.589440939990641479e-03
1.611018672917793992e+00 4.012428753212561941e-03
1.592166242914831553e+00 3.817193510396499345e-03
1.594713868590908135e+00 4.172046443211845264e-03
1.596599111591204379e+00 3.579754044374711033e-03
1.594662916077386194e+00 3.356049876282735014e-03
1.595478156293730798e+00 3.411292660475843952e-03
1.594204343455692729e+00 3.306857381946570577e-03
1.589465759698191150e+00 4.158174660053390141e-03
1.585134796048862427e+00 3.976500119579298720e-03
1.574383815695821420e+00 3.819957207287645509e-03
1.578867636885715298e+00 3.710714529240426163e-03
1.577644776561198503e+00 3.874857416532834047e-03
1.592217195428353049e+00 3.543907568625491965e-03
1.591503860239052104e+00 3.992544804225321535e-03
1.597771019402199455e+00 3.076160686186366934e-03
1.614024871215563817e+00 3.476425438205081597e-03
1.619527742675888282e+00 3.640520543464941840e-03
1.615247731540080389e+00 3.651144916465758582e-03
1.618152024810807221e+00 3.817329532443707561e-03
1.616266781810511199e+00 3.230742951570884144e-03
1.612241533242311009e+00 3.611994178543765591e-03
1.608165332160589100e+00 4.011522810035016498e-03
1.602662460700265079e+00 3.414575004949993962e-03
1.600267692564753430e+00 4.051593167810978689e-03
1.607095329376637016e+00 3.424842851209872110e-03
1.606483899214378619e+00 3.088092249487437834e-03
1.609795812593277642e+00 3.851480915476662801e-03
1.613056773458655169e+00 3.831584975163872253e-03
1.615196779026558671e+00 3.785175090041964334e-03
1.614075823729085313e+00 3.461663670734312082e-03
1.621209175622098542e+00 3.834429703936231230e-03
1.613260583512740931e+00 3.411349738624234410e-03
1.608369142214675307e+00 3.924928042881339375e-03
1.611630103080052834e+00 3.733380059296153609e-03
1.608572952268760847e+00 3.564764715175177540e-03
1.605210086376341438e+00 3.863998232850491925e-03
1.613209630999219879e+00 4.036403965274543496e-03
1.611222482971880421e+00 3.759491080162382596e-03
1.610865815377229726e+00 3.833986200629545260e-03
1.603528653430130291e+00 3.228733377960173699e-03
1.611935818161181588e+00 3.388012665780888028e-03
1.594000533401606301e+00 3.845679564624870147e-03
1.586510513913943043e+00 3.623279058377702928e-03
1.577695729074720443e+00 4.235557747474446091e-03
1.578460016777542885e+00 3.553637386485815255e-03
1.579071446939800838e+00 3.531946500654756151e-03
1.583555268129695159e+00 3.582016059161964756e-03
1.590128142373971043e+00 3.828195637054087382e-03
1.606891519322550810e+00 3.711763838583825945e-03
1.611579150566530894e+00 3.730767952554482625e-03
1.625794901839035411e+00 3.283536683728720436e-03
1.619374885135323794e+00 3.871623311692376588e-03
1.613566298593869908e+00 3.404798541867638979e-03
1.619731552729974267e+00 3.620297100383076169e-03
1.619323932621802076e+00 4.068946631268937665e-03
1.619120122567715869e+00 3.492072807092391762e-03
1.615451541594166596e+00 3.771518680394723381e-03
1.615196779026558671e+00 3.514892587307913603e-03
1.624673946541561831e+00 3.848648790128030798e-03
1.617336784594462840e+00 3.504003280552458327e-03
1.617897262243199741e+00 4.185543527066810238e-03
1.628189669974546616e+00 3.928964143221396615e-03
1.618508692405457250e+00 3.882768752909581018e-03
1.620393935405754160e+00 3.447836529121507156e-03
1.620393935405753716e+00 3.589498801652170855e-03
1.620648697973361640e+00 3.534856101720409288e-03
1.617642499675592038e+00 3.798785823071424653e-03
1.614483443837257504e+00 3.844599277706847729e-03
1.607655807025373917e+00 3.849835839116554255e-03
1.612903915918090236e+00 3.931606352089777288e-03
1.607655807025374139e+00 3.754239146695539323e-03
1.611782960620617100e+00 3.690158183811930760e-03
1.591962432860745569e+00 3.999623021033964394e-03
1.594662916077386416e+00 3.680718730106759262e-03
1.592675768050046958e+00 4.018118576096064293e-03
1.581007642453618800e+00 3.275751320393265227e-03
1.576116201155552954e+00 3.371793891146239366e-03
1.588803377022411478e+00 3.640060546577797429e-03
1.590994335103837143e+00 3.820759086868138945e-03
1.603783415997738659e+00 4.181394979672711613e-03
1.612241533242311009e+00 3.558408417815221107e-03
1.618712502459543900e+00 3.581218717015072911e-03
1.627680144839331433e+00 3.659014905185086104e-03
1.629514435326105959e+00 3.451723489828743829e-03
1.623705848784652739e+00 3.763787368703998097e-03
1.630890153191187242e+00 3.592390696477162828e-03
1.624877756595647593e+00 3.761092840901826637e-03
1.626304426974250150e+00 3.462263598153166901e-03
1.627680144839331211e+00 3.627661521774106033e-03
1.634609686678258011e+00 3.239089396530376360e-03
1.637106359840812209e+00 3.927229227571276890e-03
1.638431125192372217e+00 4.119595007997995696e-03
1.629718245380192165e+00 3.861313123276165216e-03
1.635475879408124111e+00 3.685001180130581706e-03
1.629922055434278372e+00 3.332013899951504800e-03
1.625591091784948983e+00 3.831612077780354505e-03
1.625234424190298288e+00 3.362232786444729806e-03
1.626915857136508547e+00 3.343801160008097462e-03
1.623298228676480326e+00 3.345000497436587897e-03
1.617183927053898129e+00 3.482499000712499515e-03
1.617744404702635252e+00 3.881347641525545629e-03
1.610509147782579253e+00 3.822087254386674540e-03
1.612496295809918267e+00 3.733592147505804433e-03
1.606789614295507818e+00 3.920364665975758015e-03
1.607146281890159178e+00 4.083617479195454474e-03
1.613260583512740931e+00 4.153336250084625411e-03
1.599197689780801790e+00 3.897580874124543463e-03
1.593643865806956050e+00 3.567098099492496590e-03
1.582077645237571106e+00 3.370865957296837519e-03
1.582077645237571106e+00 3.577124105775410234e-03
1.588293851887196517e+00 3.250638586260190706e-03
1.600216740051231934e+00 3.653330751059048927e-03
1.607910569592981842e+00 3.507946419142715828e-03
1.610967720404273162e+00 3.818230556114609372e-03
1.632062061002182318e+00 3.661582480960651111e-03
1.632724443677961323e+00 3.804003553297298414e-03
1.643118756436351413e+00 3.914569235525114724e-03
1.633947304002478340e+00 3.881534923610892914e-03
1.641029703381969407e+00 3.756330434122896050e-03
1.644392569274390370e+00 4.170257019917389049e-03
1.641488276003662650e+00 3.589093750432289457e-03
1.640265415679146965e+00 3.685987376774288362e-03
1.636851597273204950e+00 3.556105834616938438e-03
1.646074002220599741e+00 3.438819073027188540e-03
1.635424926894602393e+00 3.329644423204135891e-03
1.633743493948392134e+00 3.384485952704993465e-03
1.632877301218526700e+00 3.690931992132795349e-03
1.631552535866966913e+00 3.782324203981514942e-03
1.630533485596535881e+00 3.702687991395046865e-03
1.627883954893417862e+00 3.567272768873631233e-03
1.620750603000404633e+00 4.013570597309274249e-03
1.619018217540673099e+00 3.762904355775247012e-03
1.616317734324032251e+00 3.723408745204815490e-03
1.615298684053601885e+00 4.329137965661153734e-03
1.609490097512148665e+00 3.556510992964953023e-03
1.606993424349593802e+00 3.892265142577847753e-03
1.603834368511260156e+00 3.830992057456108959e-03
1.600981027754054375e+00 4.211662153875213484e-03
1.593898628374562865e+00 3.439845660563924275e-03
1.590179094887492317e+00 4.387493690812543576e-03
1.599911024970102735e+00 3.809105087374918628e-03
1.603019128294915552e+00 4.053092303397546996e-03
1.617897262243199297e+00 3.693955323877535970e-03
1.628087764947503624e+00 3.737275692993370126e-03
1.639042555354629949e+00 3.864777539717266334e-03
1.640520178246754002e+00 3.849650386840008411e-03
1.648061150247939421e+00 3.836355470633151434e-03
1.638991602841109119e+00 3.832821336941790585e-03
1.647602577626245735e+00 3.744711642432450947e-03
1.645564477085384780e+00 3.549233010537360643e-03
1.643883044139174743e+00 3.928091824273613648e-03
1.639857795570974552e+00 3.047194612976452180e-03
1.636851597273204728e+00 3.951038074634076296e-03
1.637717790003070828e+00 4.098847073364683333e-03
1.636291119624468049e+00 3.415791295155286983e-03
1.631756345921052676e+00 4.144102962641363526e-03
1.631246820785837270e+00 3.293440567783683694e-03
1.633845398975435348e+00 3.521917199581292741e-03
1.631195868272316440e+00 3.481287373142656540e-03
1.628648242596239859e+00 4.417964902730719089e-03
1.624164421406346426e+00 3.508179536385753246e-03
1.628393480028632601e+00 4.195418948594755934e-03
1.616725354432204442e+00 3.708961520797819569e-03
1.618101072297285725e+00 3.458756299577496387e-03
1.614228681269650023e+00 3.972741045567264491e-03
1.604598656214082819e+00 3.722432462744237371e-03
1.607095329376636794e+00 3.424842851209866472e-03
1.604853418781690078e+00 4.029554654691903416e-03
1.605719611511556177e+00 3.406658533642417490e-03
1.597821971915720729e+00 4.094578986175286157e-03
1.599044832240237302e+00 3.144294430276096172e-03
1.614992968972472909e+00 3.723436635228073808e-03
1.631297773299359433e+00 4.443628852426015005e-03
1.631603488380488409e+00 3.940876365353139510e-03
1.641590181030705864e+00 3.807250774994432648e-03
1.657334507708856153e+00 4.254507419519876557e-03
1.656621172519554319e+00 3.521390102482211629e-03
1.644749236869040177e+00 4.100569525541568686e-03
1.657079745141248228e+00 3.998428497123731121e-03
1.652952591546005268e+00 4.216467499350340375e-03
1.652850686518961831e+00 3.914214405213537265e-03
1.647245910031595040e+00 3.218182696762136256e-03
1.646430669815250658e+00 2.992071120092951435e-03
1.653869736789392197e+00 3.670646799395506452e-03
1.642965898895787369e+00 3.520888734129098453e-03
1.638074457597721523e+00 3.343370225025574152e-03
1.637412074921941407e+00 3.620637712578348658e-03
1.640978750868447689e+00 3.462893410083808798e-03
1.633794446461913630e+00 3.722324358585039211e-03
1.644086854193260505e+00 3.520726511434565335e-03
1.639348270435759147e+00 3.558437601064397271e-03
1.638634935246457980e+00 3.163470008555618711e-03
1.630125865488364578e+00 4.382378265932959822e-03
1.630890153191187242e+00 3.451599385485853815e-03
1.623094418622394342e+00 3.700990807045017542e-03
1.617234879567419403e+00 4.267482135753898967e-03
1.612190580728788847e+00 3.487936812217548501e-03
1.618406787378414924e+00 3.735677619351258829e-03
1.617132974540377077e+00 3.651596407394852670e-03
1.625591091784948761e+00 3.902772955865400819e-03
1.626966809650030044e+00 3.764366733372457273e-03
1.643169708949873575e+00 3.896331746073912559e-03
1.653462116681220007e+00 4.002234799132842712e-03
1.665283099818213097e+00 3.923727320540288874e-03
1.664620717142432982e+00 3.997337533108819355e-03
1.656060694870818306e+00 3.636207126870423696e-03
1.660034990925496556e+00 4.284482309741937008e-03
1.654481166951650817e+00 3.629965203437138851e-03
1.651169253572752238e+00 3.772891706571591171e-03
1.650659728437536611e+00 3.781551933677166581e-03
1.646583527355815590e+00 3.278345856085363406e-03
1.654735929519258741e+00 3.419741250716774178e-03
1.652341161383747092e+00 3.406296524693089821e-03
1.658200700438722031e+00 3.628659724905306579e-03
1.652290208870225596e+00 4.312554645349226008e-03
1.646074002220599963e+00 3.954318840453240058e-03
1.649029248004848291e+00 3.954712743338557358e-03
1.649997345761756939e+00 3.722728861269802240e-03
1.651474968653881437e+00 3.887282764569433523e-03
1.648010197734417703e+00 3.340321034917070799e-03
1.636647787219118522e+00 3.537601860929728143e-03
1.637972552570678308e+00 3.890904215333401868e-03
1.633386826353741217e+00 3.982114148427687815e-03
1.631399678326402203e+00 3.968841045271212856e-03
1.622482988460136166e+00 3.407561483055245033e-03
1.616419639351075466e+00 4.249387697357685789e-03
1.621209175622098320e+00 3.862089610875147315e-03
1.631043010731751730e+00 3.566180944882756630e-03
1.640622083273796994e+00 3.572726883916500784e-03
1.651729731221488695e+00 3.535076428459571485e-03
1.655296407167995421e+00 3.570953392712515693e-03
1.658812130600979984e+00 3.761865860610051626e-03
1.661767376385228312e+00 3.472326880808125626e-03
1.671193591386709087e+00 3.821316226124914749e-03
1.666200245061600249e+00 3.655408746589571163e-03
1.660697373601276228e+00 3.683961865925467101e-03
1.667677867953724524e+00 3.703357533996998099e-03
1.666709770196815654e+00 3.743064724454659396e-03
1.657436412735898923e+00 3.688075129717389468e-03
1.666811675223858646e+00 3.753357345905678800e-03
1.670582161224451134e+00 3.797846007057751640e-03
1.661818328898749808e+00 3.961209762795601247e-03
1.654226404384043336e+00 3.909020916720276108e-03
1.650303060842885916e+00 3.897264466217173484e-03
1.655092597113909436e+00 3.939575065967653930e-03
1.647500672599202964e+00 4.014136546904607285e-03
1.650914491005144091e+00 3.986961741926349154e-03
1.651882588762053405e+00 4.288116435697790149e-03
1.639042555354630837e+00 3.466010791881361103e-03
1.636240167110946775e+00 3.553681220040121914e-03
1.634609686678258011e+00 3.244695107339625600e-03
1.629514435326106181e+00 3.714728283284824458e-03
1.638685887759979698e+00 4.116017083227950166e-03
1.645258762004255804e+00 3.701253851441068526e-03
1.655602122249123953e+00 3.918231725233611330e-03
1.667525010413160036e+00 3.579086767086021859e-03
1.684186482334697033e+00 4.035551653801938005e-03
1.681333141577492363e+00 3.684296592335560040e-03
1.685969820307950284e+00 4.178242808393910386e-03
1.683727909713003346e+00 3.880093287473612880e-03
1.680263138793540056e+00 3.763304496679473025e-03
1.685562200199778093e+00 3.031242069575905331e-03
1.684237434848218973e+00 3.940840132452620194e-03
1.674913124873780523e+00 3.501334980826091396e-03
1.671601211494881278e+00 4.302082176875061080e-03
1.671142638873187813e+00 3.511108832818821048e-03
1.665537862385820578e+00 3.609405713364470351e-03
1.665232147304691601e+00 3.864911887088326361e-03
1.671550258981360226e+00 3.508327539294108822e-03
1.666149292548078531e+00 4.005771770594095463e-03
1.667117390304987845e+00 3.715357224302622777e-03
1.666760722710337150e+00 3.589354145749433685e-03
1.658812130600980428e+00 3.742492467555601915e-03
1.658200700438721364e+00 4.132431040222655713e-03
1.647551625112724016e+00 3.909090651375306605e-03
1.647959245220896207e+00 3.709594938788695305e-03
1.646889242436944567e+00 3.993230760733049861e-03
1.647449720085680802e+00 4.021428541895065781e-03
1.653258306627134244e+00 3.523969546448835893e-03
1.658710225573936548e+00 4.045189971994933575e-03
1.665232147304691601e+00 3.663521154928254999e-03
1.676441700279426072e+00 3.970018314027327216e-03
1.685766010253864522e+00 3.507591163075804604e-03
1.694224127498436205e+00 4.231771127206541798e-03
1.687498395713596056e+00 3.886123855625040445e-03
1.694173174984914931e+00 3.370865957296832749e-03
1.684441244902304291e+00 4.085057198498377035e-03
1.686785060524294444e+00 4.157862473059431054e-03
1.683065527037223230e+00 4.179258595089456810e-03
1.675983127657732163e+00 4.158661624967759964e-03
1.679142183496066032e+00 3.920364665975753678e-03
1.671091686359666317e+00 3.767165739840833832e-03
1.679600756117760163e+00 3.785668888150081537e-03
1.673129786900527272e+00 3.678743247606086619e-03
1.664620717142432982e+00 3.685085721612996190e-03
1.667728820467245798e+00 3.549251297248451342e-03
1.664875479710041128e+00 3.776677843830324177e-03
1.669614063467542486e+00 4.075981343084229651e-03
1.659219750709151731e+00 3.959305381402477078e-03
1.659321655736195389e+00 4.334196428805856503e-03
1.648366865329068620e+00 3.810157962190680210e-03
1.653818784275871367e+00 3.514951676153398562e-03
1.652952591546005046e+00 3.846843909110587122e-03
1.655092597113908548e+00 3.675707403691655904e-03
1.669715968494585034e+00 3.954240055167523686e-03
1.661767376385228090e+00 3.566745095675867474e-03
1.670684066251493682e+00 3.731185455879751194e-03
1.694020317444350443e+00 4.047233553926430673e-03
1.701153669337363450e+00 3.385088053967440398e-03
1.701204621850884280e+00 3.917088600649638527e-03
1.699625093931717901e+00 3.936872261020654858e-03
1.697026515742120045e+00 3.382490966604324942e-03
1.698198423553114900e+00 3.900860011957351693e-03
1.693510792309135482e+00 4.009661749235828195e-03
1.690249831443757733e+00 3.768681574426373942e-03
1.696466038093383588e+00 4.168152298057651098e-03
1.698758901201851579e+00 3.651823909230131945e-03
1.697179373282684534e+00 3.825458251684661724e-03
1.689587448767977840e+00 4.057288855819157769e-03
1.678225038252679546e+00 3.990840781402276924e-03
1.682403144361443781e+00 3.790757429119511693e-03
1.673027881873484057e+00 4.113606930354349669e-03
1.666811675223858646e+00 3.467152879997101485e-03
1.671448353954317234e+00 3.778392563996395802e-03
1.659933085898453564e+00 3.549057453316820706e-03
1.663092141736788099e+00 3.529634010160053598e-03
1.677511703063377713e+00 3.510831542088389216e-03
1.682912669496659186e+00 3.639892936364227082e-03
1.699115568796502496e+00 4.009208490612209061e-03
1.711955602203925064e+00 3.603837819547036497e-03
1.704007010094568342e+00 3.438656753559859915e-03
1.717356568637206538e+00 3.785260823501188608e-03
1.712414174825619195e+00 4.081582573112047668e-03
1.710019406690107324e+00 3.749648056218867626e-03
1.709866549149543280e+00 4.401102806706028853e-03
1.710732741879408714e+00 4.013945749957410075e-03
1.712414174825618973e+00 3.772864182133503497e-03
1.701408431904970930e+00 3.845922587363142381e-03
1.707013208392337944e+00 3.205925510420517578e-03
1.706197968175993340e+00 3.851346099590030516e-03
1.700491286661583334e+00 3.960354379450406991e-03
1.699981761526367929e+00 3.867758953214944263e-03
1.696058417985211175e+00 3.649338394171210229e-03
1.692287931984618687e+00 3.409008750885142956e-03
1.684696007469912660e+00 3.734575940163980916e-03
1.684390292388782795e+00 3.805750302595453140e-03
1.674760267333215813e+00 4.018483613357763662e-03
1.676798367874076323e+00 3.912025020752775764e-03
1.677104082955205744e+00 4.195468452939365642e-03
1.683676957199481627e+00 3.398876392089282376e-03
1.700185571580454358e+00 4.061305284265070981e-03
1.701612241959056471e+00 3.859023088255125050e-03
1.721228959664842018e+00 3.831019164267192908e-03
1.721687532286535705e+00 4.148407712146027701e-03
1.731266604828581412e+00 3.659976183838523946e-03
1.724591825557262537e+00 3.740539198645050252e-03
1.718885144042852087e+00 3.884439983027396844e-03
1.719700384259196024e+00 3.825118910144900599e-03
1.724999445665434950e+00 3.859631879184072419e-03
1.723470870259788734e+00 3.746655806837180611e-03
1.715726088204517996e+00 4.123302052608582985e-03
1.719038001583416575e+00 3.719920845599557213e-03
1.720158956880889933e+00 4.054728547076978835e-03
1.712261317285054707e+00 4.219225018227859385e-03
1.712617984879704736e+00 3.765838884058778091e-03
1.721636579773014208e+00 3.881243963628063561e-03
1.714197512798872669e+00 3.935751041445307609e-03
1.704924155337955716e+00 3.609236679563978482e-03
1.700593191688626549e+00 3.740966021192946352e-03
1.696567943120426802e+00 3.911202026178532340e-03
1.700949859283276799e+00 4.357008987638704214e-03
1.706758445824730464e+00 3.987456594460716229e-03
1.713025604987877371e+00 3.846408586775864388e-03
1.721178007151320521e+00 3.798867832346994322e-03
1.733610420450571343e+00 3.569364498015543952e-03
1.744616163371219386e+00 3.997986952313464445e-03
1.754857618589045209e+00 3.919053243583179268e-03
1.740743772343584572e+00 4.492552781226453670e-03
1.736259951153690695e+00 3.901309222177091335e-03
1.735597568477910801e+00 3.373410427243402846e-03
1.737075191370035077e+00 3.546715860015437101e-03
1.734578518207480657e+00 3.912595705646890361e-03
1.736005188586082770e+00 3.892265142577853391e-03
1.737431858964685105e+00 3.813154847737713817e-03
1.726324211016994292e+00 3.670434610605657812e-03
1.725407065773606474e+00 3.338599052530880941e-03
1.722400867475837094e+00 3.671760589364459620e-03
1.716082755799168691e+00 4.060486971521514582e-03
1.717050853556077339e+00 3.497822326203975981e-03
1.706401778230079769e+00 3.829497497677092528e-03
1.707471781014031409e+00 3.458260865011486378e-03
1.718171808853550919e+00 3.949539642013532789e-03
1.728209454017290314e+00 3.773001802315972993e-03
1.731470414882667841e+00 3.816921451760019179e-03
1.741711870100492998e+00 3.581262212982342687e-03
1.751902372804797103e+00 3.575458082538317869e-03
1.758730009616680912e+00 3.837221581191303885e-03
1.751138085101973996e+00 4.004656875736928821e-03
1.750985227561409951e+00 3.575763033709206899e-03
1.749609509696328447e+00 3.584142644939900760e-03
1.748131886804204393e+00 4.246775087773388760e-03
1.739062339397374091e+00 4.460670672699286812e-03
1.738705671802722952e+00 3.752330046107431143e-03
1.736718523775384160e+00 4.247435267168008996e-03
1.739164244424416861e+00 4.471982261181407445e-03
1.734221850612829963e+00 3.963630708980543649e-03
1.733610420450571787e+00 3.891581402839540231e-03
1.728566121611940787e+00 4.049042081125456272e-03
1.723980395395004139e+00 4.280617670372586017e-03
1.714401322852958209e+00 3.841211284874003484e-03
1.717509426177771248e+00 3.571371405406381476e-03
1.722095152394708117e+00 3.689929527571232572e-03
1.729330409314763672e+00 3.942404431696660237e-03
1.734170898099307800e+00 3.623006769841363630e-03
1.754195235913265094e+00 3.641486704258135951e-03
1.760870015184584636e+00 3.955254295752769558e-03
1.760462395076412223e+00 4.020356734284016506e-03
1.764742406212220116e+00 3.280012405458531018e-03
1.764385738617568977e+00 3.880330809625380604e-03
1.753991425859179554e+00 4.195898497355582922e-03
1.765812408996171978e+00 4.359638906962818965e-03
1.757252386724556414e+00 4.022380661441555920e-03
1.755621906291868095e+00 3.543669475536460195e-03
1.747418551614903226e+00 3.778052430898144916e-03
1.750832370020845019e+00 3.972502513445652465e-03
1.745991881236300225e+00 4.223394803415727282e-03
1.743393303046703036e+00 4.253173893637361876e-03
1.741660917586971502e+00 4.477363519637957492e-03
1.736158046126647703e+00 3.837840595108252088e-03
1.731623272423232107e+00 3.547334337185707818e-03
1.728515169098419291e+00 4.145477837520884085e-03
1.739215196937938579e+00 4.453200128145306039e-03
1.742068537695143915e+00 3.979110763736970480e-03
1.753838568318614843e+00 4.029580425781311738e-03
1.750322844885629614e+00 4.004527216655333344e-03
1.768360034672247449e+00 3.514981220203629991e-03
1.765965266536736245e+00 3.942763309656394446e-03
1.769226227402113771e+00 4.490116354262947695e-03
1.768716702266898810e+00 3.428752092611504591e-03
1.763927165995875734e+00 3.426737420441502806e-03
1.761175730265713835e+00 3.813958157505428943e-03
1.764080023536440667e+00 3.879126321872620239e-03
1.759850964914154270e+00 3.578825624714566424e-03
1.756539051535255247e+00 3.661990148444852714e-03
1.758679057103159415e+00 3.719809178810547234e-03
1.744361400803611906e+00 4.403783032482442607e-03
1.745329498560521220e+00 4.568991750452133273e-03
1.745991881236300669e+00 3.807676937712586255e-03
1.736718523775383938e+00 3.660433677981781656e-03
1.741559012559928288e+00 3.808423459831790283e-03
1.758016674427379300e+00 3.657581386037024422e-03
1.759800012400632774e+00 3.696115841042207049e-03
1.763519545887703766e+00 4.047644070700845767e-03
1.779314825079375106e+00 3.803542850993303637e-03
1.784817696539699128e+00 3.822199329246747570e-03
1.786091509377736752e+00 4.286978074312608467e-03
1.782168165836579776e+00 3.868755602427961012e-03
1.771671948051146916e+00 4.355602535770581631e-03
1.771111470402410015e+00 3.514892587307911868e-03
1.772690998321577061e+00 4.152876792426508749e-03
1.768156224618162131e+00 3.235749390372016834e-03
1.758933819670766674e+00 4.073792864070792039e-03
1.755621906291868095e+00 3.853906794986985355e-03
1.752208087885925858e+00 3.715846327051951139e-03
1.748947127020548775e+00 3.641233602044585856e-03
1.750373797399151332e+00 3.129314065687342078e-03
1.754602856021437951e+00 3.813410155202466047e-03
1.758424294535551269e+00 3.661724283494260934e-03
1.768003367077597199e+00 4.094198539844781139e-03
1.775493386565260900e+00 3.598629258111192466e-03
1.779518635133460647e+00 4.188346199996330170e-03
1.780690542944456167e+00 3.977074608328361356e-03
1.775901006673432869e+00 4.041337403127638790e-03
1.774780051375959733e+00 4.037712636694828529e-03
1.778958157484724190e+00 3.337366298548870118e-03
1.777684344646685899e+00 3.434834369139956774e-03
1.771875758105232457e+00 4.011357776928889396e-03
1.772385283240447862e+00 3.729988487980493740e-03
1.770550992753673558e+00 3.886324268050525381e-03
1.771977663132275893e+00 3.972714905759558088e-03
1.767086221834210047e+00 3.890196878898898817e-03
1.760971920211627628e+00 3.267975214690091446e-03
1.761889065455014780e+00 4.167604148741467160e-03
1.774219573727222832e+00 3.298340035067981370e-03
1.779824350214589623e+00 3.474587849935480838e-03
1.777837202187250831e+00 4.000116307247685368e-03
1.788027704891554492e+00 4.719454389189608155e-03
1.790116757945936943e+00 4.493988584822763109e-03
1.790982950675803043e+00 4.125187366322242283e-03
1.789912947891850736e+00 4.131001546890323423e-03
1.786651987026473654e+00 4.224759236909795407e-03
1.786193414404780189e+00 3.901442311568582323e-03
1.790218662972979935e+00 3.723370396081758689e-03
1.779620540160503639e+00 4.215888683877381041e-03
1.781862450755450800e+00 3.710602585396753118e-03
1.770805755321281039e+00 3.677412726871521868e-03
1.764946216266306100e+00 3.816829627593378189e-03
1.770703850294238269e+00 3.784544032031782104e-03
1.768309082158726619e+00 3.908094323934263072e-03
1.764130976049962163e+00 3.793057878868476111e-03
1.770601945267194610e+00 3.999934577299197290e-03
1.768410987185769168e+00 3.959557821948167348e-03
1.780894352998541930e+00 3.881401151614875204e-03
1.769430037456199978e+00 4.470530678918364573e-03
1.791441523297496285e+00 3.928250442126813777e-03
1.784817696539698684e+00 3.798351827846261318e-03
1.780028160268676052e+00 3.628734847362503294e-03
1.776206721754561846e+00 3.845058436732325807e-03
1.769124322375071001e+00 3.694826708820838409e-03
1.775901006673433091e+00 3.568491577539687539e-03
1.762704305671359384e+00 4.360535040174851745e-03
1.751698562750711119e+00 3.464860834496977324e-03
1.758679057103159193e+00 3.739994321859933628e-03
1.767340984401817749e+00 3.951823210411079326e-03
1.765455741401521728e+00 3.747570358739238383e-03
1.765302883860957017e+00 4.124381728351682666e-03
1.770652897780716550e+00 3.807431473811670464e-03
1.781301973106713676e+00 3.736160587584996806e-03
1.785734841783086280e+00 3.697959186258360093e-03
1.778652442403594547e+00 3.806432408827663347e-03
1.777021961970906450e+00 4.206156995021112337e-03
1.776002911700475639e+00 3.739022370001125056e-03
1.769735752537329176e+00 3.620555251513041858e-03
1.774117668700179618e+00 4.230298489659436653e-03
1.767850509537032933e+00 3.404371515130760750e-03
1.763315735833617781e+00 3.785247106278184868e-03
1.760003822454718536e+00 3.691617732090631508e-03
1.768207177131682961e+00 3.848503756207245774e-03
1.766474791671952094e+00 3.944804012812858085e-03
1.777888154700772327e+00 3.677613924024386669e-03
1.774831003889481229e+00 4.087382560539866774e-03
1.769531942483243414e+00 3.953087640956787739e-03
1.771417185483538992e+00 3.869637942821724762e-03
1.774932908916523777e+00 3.650135081132285884e-03
1.771366232970017940e+00 3.709748902511558234e-03
1.772232425699883818e+00 4.283561175032262955e-03
1.775034813943566991e+00 3.789291533713191017e-03
1.773557191051442938e+00 3.939163172819986486e-03
1.770398135213108626e+00 3.661564755257808949e-03
1.760258585022326461e+00 3.904891070892236270e-03
1.757710959346250323e+00 3.602295861064639011e-03
1.766933364293645337e+00 4.163076044903908646e-03
1.768614797239855152e+00 3.290538412779255625e-03
1.771213375429453230e+00 4.002452100109977692e-03
1.773862906132572137e+00 4.633651386827584637e-03
1.779314825079374884e+00 4.046938469273353607e-03
1.780792447971498715e+00 3.651112918927116452e-03
1.777480534592600137e+00 3.762559372565193495e-03
1.771824805591711183e+00 4.054933431267008365e-03
1.768054319591118917e+00 4.233276982663972121e-03
1.761022872725149568e+00 3.595135841905736703e-03
1.763468593374181825e+00 4.200029628403023282e-03
1.758424294535551935e+00 3.883985479632914937e-03
1.763927165995875734e+00 4.035567736816619323e-03
1.771570043024103702e+00 3.945462078993123081e-03
1.767748604509990384e+00 3.898380106026525568e-03
1.774729098862438015e+00 4.027582677526073476e-03
1.774525288808352252e+00 4.238612170719727526e-03
1.765965266536736689e+00 4.033251122391128332e-03
1.771671948051146694e+00 4.225508873132554320e-03
1.763519545887703321e+00 3.701215272766174118e-03
1.767697651996468000e+00 4.421891509603006337e-03
1.765557646428564498e+00 3.460212166235986184e-03
1.758118579454422292e+00 4.146608087828672698e-03
1.759545249833025293e+00 3.815373749335739667e-03
1.753481900723964149e+00 3.829985581323811731e-03
1.764232881077004489e+00 3.947751294201105529e-03
1.758271436994986558e+00 4.523283380636592028e-03
1.762398590590230407e+00 3.913219382308985583e-03
1.765150026320392307e+00 3.879946083349445404e-03
1.764385738617569643e+00 3.766941758020459548e-03
1.773149570943270525e+00 3.458302153936187919e-03
1.769379084942678482e+00 3.814499275059642005e-03
1.764232881077004489e+00 3.596034782472812795e-03
1.763570498401225040e+00 3.215466952424052109e-03
1.755418096237781889e+00 3.892755360065505536e-03
1.751494752696625135e+00 3.682707252125172644e-03
1.753532853237485645e+00 3.471508084359563491e-03
1.752208087885925858e+00 4.145806612463089069e-03
1.754959523616088202e+00 3.881284097336269723e-03
1.761328587806278101e+00 3.536453159583561375e-03
1.760003822454718536e+00 4.041440185958639422e-03
1.763519545887703766e+00 3.643243675539047013e-03
1.759035724697810110e+00 3.463182035606861189e-03
1.762653353157837666e+00 3.676989117932709904e-03
1.753329043183399660e+00 4.415158045506885343e-03
1.746705216425601837e+00 3.519502226402582319e-03
1.754144283399743820e+00 3.911135648102243359e-03
1.759341439778938865e+00 4.096290557401007122e-03
1.750119034831543630e+00 3.559575561159989722e-03
1.752564755480576553e+00 4.016593459987574666e-03
1.756335241481169263e+00 3.725026021376256873e-03
1.761787160427972232e+00 4.191493870059542770e-03
1.758373342022030439e+00 3.771432634544568709e-03
1.749813319750415097e+00 3.964259454393864041e-03
1.752462850453533783e+00 3.788273978519377493e-03
1.740539962289497922e+00 3.479258350774289653e-03
1.739164244424416861e+00 3.665451720751882782e-03
1.741151392451756319e+00 3.620895839424433018e-03
1.747214741560817464e+00 4.496264130425898196e-03
1.745023783479391577e+00 3.826024884955830322e-03
1.751545705210146187e+00 3.796078523053207556e-03
1.747928076750118187e+00 4.254763701547059108e-03
1.751443800183103194e+00 3.697267600637424954e-03
1.737890431586379458e+00 3.886080431570553689e-03
1.742119490208665411e+00 3.943158366884805081e-03
1.741304249992320807e+00 3.697481760264691771e-03
1.736922333829469922e+00 4.069329438430345849e-03
1.738909481856808936e+00 3.989848600970887470e-03
1.750220939858586844e+00 3.998636266045854475e-03
1.742425205289794610e+00 3.803515548364634451e-03
1.746297596317429646e+00 4.227142864968691863e-03
1.743546160587267968e+00 3.807840571522481954e-03
1.736463761207776679e+00 4.272346230951461730e-03
1.736820428802427152e+00 3.446650378533777561e-03
1.740132342181326175e+00 4.123349274660253853e-03
1.739317101964981793e+00 3.463792942761420406e-03
1.743699018127832456e+00 4.095932454447467549e-03
1.732846132747748680e+00 3.262886938481237599e-03
1.741966632668100479e+00 3.871757421519773923e-03
1.735444710937346091e+00 3.497863148143555943e-03
1.736361856180733021e+00 4.108463283675388433e-03
1.735393758423824373e+00 3.793769640134369344e-03
1.736718523775384160e+00 3.900780146946984488e-03
1.737737574045814526e+00 3.793482214160580259e-03
1.735138995856216892e+00 4.127150450025032433e-03
1.737992336613422228e+00 3.870630754551850593e-03
1.738603766775680404e+00 3.699626183379187833e-03
1.737228048910598899e+00 3.764283972450664043e-03
1.729228504287720902e+00 4.297599108905903430e-03
1.738807576829766610e+00 3.907293756867906073e-03
1.729177551774198962e+00 3.554557777612815574e-03
1.730757079693366229e+00 3.694429691976729765e-03
1.736718523775383494e+00 3.642659300455539702e-03
1.729330409314763672e+00 4.005123613675406688e-03
1.726884688665730971e+00 3.669751986792571009e-03
1.727547071341510643e+00 3.867359550313326927e-03
1.735546615964389305e+00 3.466460182924217641e-03
1.730196602044629550e+00 3.936872261020652256e-03
1.729738029422935863e+00 3.476929484697032641e-03
1.723521822773310452e+00 3.229999555054431561e-03
1.721993247367664903e+00 3.584171618654371366e-03
1.728005643963204330e+00 3.701057446726842368e-03
1.719649431745674750e+00 4.038689844339752449e-03
1.731928987504361084e+00 3.783216408887178726e-03
1.728871836693070430e+00 3.577664761333049052e-03
1.721789437313578919e+00 4.180997595428685189e-03
1.717101806069599057e+00 3.602436393957663460e-03
1.724388015503176108e+00 4.630952835756626043e-03
1.722248009935272162e+00 3.813903701172959102e-03
1.726018495935864872e+00 4.391385468681317100e-03
1.726731831125166483e+00 4.071880566464244379e-03
1.725050398178956002e+00 3.715339755156447151e-03
1.727088498719816956e+00 3.970436814352306873e-03
1.721127054637798581e+00 4.266718577643335147e-03
1.720006099340325889e+00 4.005515761143321404e-03
1.724693730584305307e+00 3.904984148489147426e-03
1.724693730584305307e+00 3.924878433531566249e-03
1.720719434529626612e+00 3.950525516907698806e-03
1.716694185961426644e+00 4.003360095950705792e-03
1.721330864691885232e+00 3.826584649795125755e-03
1.714961800501694889e+00 3.970672201401257394e-03
1.727088498719817178e+00 4.007534227060124271e-03
1.720158956880889933e+00 3.688606561016976454e-03
1.718324666394114963e+00 3.723854960510607215e-03
1.720923244583713041e+00 4.407318788196532694e-03
1.717815141258900224e+00 3.668648201944345408e-03
1.717560378691292522e+00 3.367818535382590545e-03
1.716847043501991577e+00 3.656530728153052027e-03
1.715573230663953286e+00 3.852478406407753263e-03
1.717458473664249530e+00 3.570662572411138075e-03
1.711293219528145393e+00 3.892915417712433483e-03
1.711853697176882072e+00 3.728373364404990228e-03
1.711598934609274814e+00 3.996220285206871989e-03
1.717407521150728034e+00 4.167837743912643049e-03
1.713178462528441637e+00 4.199723643576496607e-03
1.708337973743897287e+00 3.914303944868407527e-03
1.721025149610755811e+00 3.546660960380906835e-03
1.713331320069006347e+00 4.085930952824260234e-03
1.706197968175994006e+00 3.785394563820280479e-03
1.713382272582527399e+00 3.599339796385335292e-03
1.704007010094568342e+00 4.042483926033898362e-03
1.709306071500807045e+00 3.856724961961220059e-03
1.705382727959648959e+00 4.032900296729155856e-03
1.710936551933495142e+00 3.967836820689896009e-03
1.710172264230672035e+00 3.829307670569186226e-03
1.702376529661879356e+00 4.190713369223515901e-03
1.710885599419973424e+00 3.944695421341832750e-03
1.711547982095753095e+00 3.745976676914023785e-03
1.711955602203925064e+00 4.329656670010451937e-03
1.703140817364702464e+00 3.783062003865112453e-03
1.707726543581639556e+00 4.049295338703474620e-03
1.703395579932309722e+00 3.929704140779550353e-03
1.700440334148061838e+00 3.731992496535847109e-03
1.700440334148061838e+00 3.223631482423668093e-03
1.702427482175400852e+00 3.694851301381452645e-03
1.701663194472578189e+00 3.284900287783497873e-03
1.704363677689218592e+00 4.131476005006925675e-03
1.696720800660990847e+00 3.440238098370519172e-03
1.694071269957871717e+00 3.722850900862553162e-03
1.699930809012846655e+00 4.167330047045598659e-03
1.692848409633355145e+00 3.239950903914897481e-03
1.701000811796798740e+00 4.190697881625093414e-03
1.699268426337067206e+00 3.428142514130189285e-03
1.699064616282981000e+00 3.898513295413662434e-03
1.698809853715373297e+00 3.788359641848378090e-03
1.698809853715373297e+00 3.937558026182331333e-03
1.693969364930828725e+00 3.979580497806347282e-03
1.689230781173327589e+00 3.686920498481078244e-03
1.694580795093086678e+00 4.171548593808050223e-03
1.685562200199777649e+00 3.953744328399807703e-03
1.688517445984026422e+00 3.877563276108277838e-03
1.680314091307061553e+00 4.053755205760851965e-03
1.688109825875853565e+00 4.048157158126946577e-03
1.681944571739750316e+00 4.184547878535409618e-03
1.689740306308542550e+00 3.394890689572716870e-03
1.687498395713595833e+00 3.542222258024472267e-03
1.690351736470800503e+00 4.039734295016693920e-03
1.687243633145988131e+00 3.491712218405048501e-03
1.686428392929643749e+00 3.798785823071428557e-03
1.680670758901712469e+00 4.117707133794655874e-03
1.677613608090420705e+00 3.937215158531905471e-03
1.684797912496955430e+00 3.838652265337781817e-03
1.684492197415826231e+00 4.247970059498109782e-03
1.682606954415529987e+00 4.263529016943697590e-03
1.680568853874668811e+00 3.765028755255239550e-03
1.680263138793540056e+00 3.924719679398355407e-03
1.683320289604831155e+00 4.132107483936328825e-03
1.680263138793539390e+00 3.872109437717301088e-03
1.676951225414641256e+00 3.923843108672447552e-03
1.679702661144803599e+00 3.612166676937594943e-03
1.679345993550152238e+00 3.560060542545725234e-03
1.670276446143321936e+00 3.315141411233363082e-03
1.683167432064266444e+00 3.927176341916497823e-03
1.675728365090124683e+00 3.422594532629115449e-03
1.675626460063081691e+00 3.674729045540228549e-03
1.677053130441684026e+00 3.986098858684247390e-03
1.672773119305876355e+00 3.354653281552070262e-03
1.673231691927570042e+00 3.964956852179088095e-03
1.670633113737972852e+00 4.513860713219091172e-03
1.669461205926977554e+00 4.165971731704872123e-03
1.670123588602757003e+00 3.657137732871418908e-03
1.674862172360258805e+00 3.801836059875743530e-03
1.683727909713003346e+00 3.685173783594818727e-03
1.665334052331735037e+00 3.537656901149205304e-03
1.669002633305283867e+00 3.768071868826080965e-03
1.669919778548671241e+00 3.674022487801178235e-03
1.667932630521332005e+00 3.758762467502098359e-03
1.667015485277944631e+00 3.624998302940615237e-03
1.666353102602165182e+00 3.555372051999897663e-03
1.665232147304691379e+00 3.977466257628252747e-03
1.673231691927570042e+00 3.974766357745662324e-03
1.672008831603053913e+00 4.207209237452722364e-03
1.666658817683294380e+00 4.064960106418536584e-03
1.673231691927569820e+00 3.892932090005540770e-03
1.672212641657140120e+00 3.844481102908700078e-03
1.668798823251198105e+00 3.847137470779139670e-03
1.666607865169772884e+00 3.781775050186053037e-03
1.660850231141840716e+00 3.261832514543152976e-03
1.665588814899342074e+00 3.577011610121334697e-03
1.674505504765608110e+00 3.873125076513910491e-03
1.672773119305876355e+00 3.562579195295590643e-03
1.670123588602757225e+00 3.654297077157061483e-03
1.673027881873484279e+00 3.605047866895581907e-03
1.669512158440499272e+00 3.391229505064295886e-03
1.667270247845552333e+00 3.791123814406914712e-03
1.659882133384931846e+00 3.822172159885484175e-03
1.666098340034557479e+00 3.861864411931719646e-03
1.659525465790281373e+00 3.564036357459010769e-03
1.662022138952835570e+00 3.833661157996227139e-03
1.657589270276463411e+00 3.407999536858967535e-03
1.654124499357000344e+00 3.563103842324303380e-03
1.664416907088346997e+00 3.795120934701598590e-03
1.660493563547190021e+00 4.198697349863412046e-03
1.663499761844960068e+00 3.301514499000412356e-03
1.660799278628319442e+00 3.549894929461424545e-03
1.660646421087754510e+00 3.854688142052245612e-03
1.651831636248531687e+00 4.058661156107373422e-03
1.656774030060119252e+00 3.599927597663176056e-03
1.665486909872298860e+00 3.472913753066485254e-03
1.659678323330845640e+00 3.762476571887989930e-03
1.653869736789392642e+00 3.553491270733067676e-03
1.651780683735010413e+00 3.761286110723055694e-03
1.653665926735306657e+00 3.181167451731877534e-03
1.656824982573640748e+00 3.654954175033081534e-03
1.657589270276463411e+00 3.417888378475688292e-03
1.643883044139174965e+00 3.615604145935683803e-03
1.649997345761757161e+00 3.530152522109020891e-03
1.651576873680924429e+00 4.217744922515994851e-03
1.652697828978397787e+00 3.664824841159606932e-03
1.643832091625653025e+00 3.840248049662418374e-03
1.651220206086273734e+00 3.745948954710019620e-03
1.652646876464876069e+00 4.081293152516113180e-03
1.650303060842886360e+00 3.686385302840172566e-03
1.645003999436648323e+00 3.914068484350023344e-03
1.648672580410197597e+00 3.919026745679239643e-03
1.645768287139470765e+00 3.344577479284902618e-03
1.642813041355222436e+00 4.072795394176974629e-03
1.642354468733528750e+00 3.633439422928155197e-03
1.642711136328179888e+00 3.601715654412817463e-03
1.641590181030705864e+00 3.922122475978875346e-03
1.645462572058341344e+00 3.885706296539325703e-03
1.656875935087162466e+00 3.818145562964940509e-03
1.643373519003959782e+00 3.731714226370042627e-03
1.655551169735602679e+00 3.899552016508529059e-03
1.646124954734121681e+00 3.789360046128812439e-03
1.645411619544820514e+00 4.149286896799815258e-03
1.639806843057453056e+00 3.966501822562951661e-03
1.642405421247050246e+00 4.087836677639194831e-03
1.644392569274389704e+00 3.738248098991663829e-03
1.639042555354630171e+00 3.775753152597896740e-03
1.644800189382561895e+00 3.836436676804288320e-03
1.644086854193260505e+00 4.217243233776741748e-03
1.634456829137693301e+00 3.818961419117868072e-03
1.637412074921941851e+00 3.549671865602381342e-03
1.639450175462802584e+00 3.731237640510673241e-03
1.640214463165625691e+00 4.314760411878231991e-03
1.639450175462802584e+00 3.513355928509669882e-03
1.637972552570678308e+00 3.556237242382035736e-03
1.637972552570678308e+00 3.966894515708246395e-03
1.636596834705597470e+00 3.787917598278443300e-03
1.631399678326401981e+00 3.276571494936596305e-03
1.635883499516296524e+00 3.506847229126581426e-03
1.634202066570085821e+00 4.054731748472062761e-03
1.626762999595944059e+00 3.499870257788360948e-03
1.640163510652103529e+00 3.604597747920786684e-03
1.635985404543339072e+00 3.409979599371319118e-03
1.634711591705301226e+00 3.692619738342041436e-03
1.638991602841108675e+00 4.126386090959117958e-03
1.634303971597128591e+00 3.592061860795071199e-03
1.625132519163255074e+00 3.689750110446313007e-03
1.626762999595944059e+00 3.541166698755866642e-03
1.636138262083904005e+00 4.165859557432992182e-03
1.629310625272019974e+00 3.470445978437475092e-03
1.626151569433685884e+00 3.777365199890927137e-03
1.634915401759387210e+00 4.243998765991173830e-03
1.633183016299655677e+00 3.451994247453513739e-03
1.623196323649437112e+00 4.174985655473494039e-03
1.633284921326698447e+00 3.507961220698093026e-03
1.640265415679146743e+00 3.518790322751403667e-03
1.621209175622097876e+00 3.940612845750210771e-03
1.625489186757905546e+00 3.415304831051959537e-03
1.626304426974249928e+00 3.766114632827356583e-03
1.629922055434278372e+00 4.103003155457824597e-03
1.620852508027447625e+00 3.767951293888560475e-03
1.622941561081829853e+00 3.167636258593142275e-03
1.631450630839923699e+00 3.575051440513598352e-03
1.628444432542154097e+00 3.501572245360986407e-03
1.629871102920756654e+00 3.618026728879690426e-03
1.622686798514222373e+00 3.732201185544564183e-03
1.616776306945726382e+00 3.378362981362806328e-03
1.616266781810510977e+00 3.954794801501464348e-03
1.615553446621209810e+00 4.265111921534827863e-03
1.622992513595351571e+00 3.372101862530019808e-03
1.620801555513926129e+00 3.431926963606368817e-03
1.616368686837553748e+00 3.889703001749129051e-03
1.625896806866078403e+00 3.793396666510653187e-03
1.618050119783763785e+00 3.998714176608427102e-03
1.615910114215860505e+00 3.689816953139963933e-03
1.615094873999515901e+00 3.941666818456492603e-03
1.614891063945429694e+00 3.725388417992114929e-03
1.610407242755536039e+00 3.837028753181146497e-03
1.608980572376933260e+00 3.333287576583180388e-03
1.622381083433093618e+00 3.482722639709335578e-03
1.613668203620913566e+00 3.665306520896025651e-03
1.617540594648548824e+00 3.643083338048949162e-03
1.616062971756424771e+00 3.922867073137385058e-03
1.613566298593870352e+00 3.266254833435808767e-03
1.604649608727604093e+00 4.148661161710633268e-03
1.605464848943948697e+00 3.550202076427288241e-03
1.613770108647956336e+00 3.730374760872023215e-03
1.619629647702931052e+00 4.119207418278664906e-03
1.613311536026262649e+00 3.441222769236992104e-03
1.605210086376340772e+00 3.836352087005377633e-03
1.605159133862819276e+00 3.776320369235017238e-03
1.604445798673518109e+00 3.173993983980181142e-03
1.601949125510963690e+00 4.029035976477275162e-03
1.606025326592684932e+00 3.616103151267775068e-03
1.613362488539784367e+00 3.273749549363196704e-03
1.606585804241422055e+00 3.802791957279173275e-03
1.604140083592388910e+00 3.595731550533444367e-03
1.608369142214675085e+00 3.554933900620521441e-03
1.602000078024485408e+00 3.667179511736192062e-03
1.610458195269057757e+00 3.421399631011423550e-03
1.601949125510963690e+00 3.325115123305016820e-03
1.605108181349298002e+00 3.806432408827677225e-03
1.603528653430130957e+00 4.134833360094099589e-03
1.598433402077978682e+00 4.116584714902117928e-03
1.608063427133546330e+00 2.987899011549750329e-03
1.604904371295212018e+00 3.909924050265102362e-03
1.596089586455988751e+00 3.528254618193032120e-03
1.602815318240829789e+00 3.922999431169875775e-03
1.605515801457469749e+00 3.777622926169674818e-03
1.600114835024188942e+00 3.304846957474373396e-03
1.597771019402199233e+00 3.715311804351723035e-03
1.596599111591204156e+00 3.674238002312256966e-03
1.596191491483031966e+00 3.486492522653931309e-03
1.597821971915720285e+00 3.658603358161549753e-03
1.597567209348113026e+00 3.954318840453246130e-03
1.593796723347520539e+00 3.367783845942222583e-03
1.594102438428649959e+00 3.428384844020975104e-03
1.599146737267279850e+00 3.448623305478585623e-03
1.596344349023596898e+00 4.216070341970067428e-03
1.593949580888085027e+00 3.742898258744474342e-03
1.592777673077089950e+00 3.431926963606372720e-03
1.601745315456877927e+00 3.556248192809947830e-03
1.590688620022707500e+00 3.631252338966193399e-03
1.599758167429538691e+00 4.157038186748082328e-03
1.592573863023003744e+00 3.679530040040641242e-03
1.590586714995664952e+00 3.713442116805176600e-03
1.596140538969510470e+00 3.711704385649634320e-03
1.594306248482735722e+00 3.747954819602937557e-03
1.593541960779913058e+00 3.894452303054523386e-03
1.586255751346335785e+00 3.522624786332497621e-03
1.593236245698784082e+00 4.376592538628975085e-03
1.591300050184966119e+00 3.624525591980997611e-03
1.592828625590611891e+00 3.637181571295906163e-03
1.590586714995664952e+00 3.326211927853336189e-03
1.585338606102947967e+00 4.002348316040458751e-03
1.588956234562976411e+00 3.725810008153548989e-03
1.596395301537117950e+00 3.705281357132520544e-03
1.588752424508890426e+00 3.818801661012620648e-03
1.596497206564160720e+00 3.832347163140154868e-03
1.590433857455100242e+00 3.557999827193353802e-03
1.587070991562679501e+00 3.826703377264776586e-03
1.588395756914239287e+00 3.863460688250512122e-03
1.588701471995368264e+00 3.808423459831787681e-03
1.587121944076201663e+00 3.188357350465112396e-03
1.587988136806067097e+00 3.810140927697209471e-03
1.586510513913943043e+00 3.612515242300526168e-03
1.594611963563864920e+00 3.552888479734449788e-03
1.587733374238459838e+00 3.527754225432656182e-03
1.590026237346928051e+00 4.183381334673034850e-03
1.581670025129398915e+00 4.162327639065761635e-03
1.582587170372785845e+00 3.958833241596499027e-03
1.582383360318700083e+00 3.591696854073020331e-03
1.581415262561790769e+00 3.323557117048160647e-03
1.581924787697005952e+00 3.451768617574428686e-03
1.584217650805474831e+00 3.383381182661960619e-03
1.580243354750796136e+00 3.641657805647483589e-03
1.577390013993591023e+00 3.579358770129915067e-03
1.576218106182596390e+00 3.860304464686989574e-03
1.577084298912462268e+00 3.717407531514434725e-03
1.573262860398348062e+00 3.750174223503478094e-03
1.581975740210527892e+00 3.548618522267888570e-03
1.586153846319292571e+00 3.104655853549638522e-03
1.577135251425983320e+00 3.953324061002577369e-03
1.578867636885715076e+00 3.559302046277038924e-03
1.579631924588537739e+00 4.057340045514515325e-03
1.581975740210527892e+00 3.999856690507987145e-03
1.571683332479180795e+00 3.287203295434771525e-03
1.576370963723160878e+00 3.928339661854704165e-03
1.580905737426576030e+00 3.815033510794654196e-03
1.568931896749018895e+00 3.884209396039858906e-03
1.570052852046492253e+00 3.735966017964861222e-03
1.578001444155849198e+00 3.699850731890503251e-03
1.570001899532970535e+00 4.025042172980421162e-03
1.567709036424502322e+00 3.300256093014698050e-03
1.567607131397459108e+00 3.459443034675891045e-03
1.573059050344261856e+00 3.857869149099143937e-03
1.567046653748722651e+00 3.387480060899286487e-03
1.570154757073535468e+00 3.521917199581302282e-03
1.569696184451841336e+00 4.276661517038328128e-03
1.567352368829851628e+00 3.454881008480971925e-03
1.566384271072943202e+00 3.719641672341416575e-03
1.565772840910684582e+00 3.849781890284801646e-03
1.560932352126140676e+00 4.053848067483181890e-03
1.568065704019152795e+00 3.533768955423209797e-03
1.565212363261947903e+00 3.907443252798989235e-03
1.565925698451249071e+00 3.596092538038447948e-03
1.559913301855709200e+00 3.640877090211155215e-03
1.565721888397163086e+00 3.925407567605662673e-03
1.567556178883937612e+00 4.061845408197002801e-03
1.560066159396274132e+00 3.702151568873261744e-03
1.556346625909203363e+00 3.329893921208337045e-03
1.569696184451841559e+00 3.777695086376851169e-03
1.557416628693155003e+00 3.507143341145350143e-03
1.563174262721086949e+00 3.724848294766762435e-03
1.565823793424205856e+00 3.759535966371764341e-03
1.562460927531785337e+00 3.580841729833861287e-03
1.566078555991813337e+00 3.766142206593783848e-03
1.568371419100281994e+00 4.030482310098320448e-03
1.564295218018560529e+00 3.651855900539062449e-03
1.563276167748130163e+00 4.001391429858005069e-03
1.556652340990332339e+00 3.887059025205784942e-03
1.557518533720198439e+00 3.743990554877248307e-03
1.565059505721383415e+00 4.279340815132194782e-03
1.562155212450656805e+00 4.182403793465330234e-03
1.551557089638180509e+00 3.223260999132642433e-03
1.564040455450953049e+00 3.541177695786611006e-03
1.555429480665815989e+00 3.449059907729300125e-03
1.550588991881271639e+00 3.797828917341179202e-03
1.557212818639069019e+00 3.443164876168598038e-03
1.550487086854228869e+00 3.888030695231075619e-03
1.549518989097319333e+00 3.514113260211458416e-03
1.546410885772507404e+00 3.865261168399383891e-03
1.550843754448879119e+00 3.797504198113589059e-03
1.546054218177856043e+00 3.323479002273769991e-03
1.552576139908611097e+00 3.432944268445721654e-03
1.550079466746056456e+00 3.600764057314512732e-03
1.551353279584094524e+00 3.803856817137805327e-03
1.540041821582317061e+00 3.856603792860563342e-03
1.541213729393311915e+00 3.612425409083898972e-03
1.551709947178745219e+00 3.697127161360506259e-03
1.549417084070276562e+00 3.497896547557941167e-03
1.546920410907722143e+00 3.346905356705622784e-03
1.545697550583205571e+00 3.608427365513005268e-03
1.550945659475922112e+00 3.442761460621764167e-03
1.546512790799549952e+00 3.855900263694722521e-03
1.552270424827481454e+00 3.441086969317525869e-03
1.547837556151109517e+00 3.915630218412994093e-03
1.549569941610840829e+00 3.687114135657967081e-03
1.546410885772506738e+00 3.879340480361435743e-03
1.546767553367157877e+00 3.149986421147987162e-03
1.550385181827185210e+00 3.460163397116548020e-03
1.544729452826296701e+00 3.690298888302664341e-03
1.545697550583205571e+00 3.553326883329304547e-03
1.542997067366564945e+00 4.191803552336505548e-03
1.550079466746056456e+00 3.996480138172373887e-03
1.540857061798660999e+00 3.669302729825192622e-03
1.546054218177856487e+00 3.553023659944344603e-03
1.541264681906833411e+00 3.496708816843142019e-03
1.540551346717532244e+00 3.399720317803114726e-03
1.540194679122881549e+00 3.470651693342574704e-03
1.547073268448286631e+00 3.423826930547705337e-03
1.544678500312775205e+00 3.559312987275901896e-03
1.537341338365676213e+00 3.910455207857032114e-03
1.540602299231053296e+00 3.426870001061622407e-03
1.539939916555274291e+00 3.956540595762496337e-03
1.535201332797772711e+00 3.859884112481817321e-03
1.534895617716643512e+00 3.835133787025887288e-03
1.537086575798068733e+00 3.745810340612473581e-03
1.539226581365972679e+00 3.328271849861738543e-03
1.542844209826000901e+00 3.656796970697588633e-03
1.532246087013524605e+00 3.415000755797795943e-03
1.535710857932988116e+00 3.680856268862721294e-03
1.539277533879493953e+00 3.597388184729637811e-03
1.531991324445916902e+00 3.744423917414104082e-03
1.532653707121696351e+00 3.850456196352981982e-03
1.542844209826000679e+00 3.198564074325968652e-03
1.533519899851562229e+00 3.701117070688266734e-03
1.531328941770136787e+00 3.856600426997870180e-03
1.533621804878605444e+00 3.742371068478979410e-03
1.529239888715754558e+00 3.223470407963962940e-03
1.530360844013228583e+00 3.840075655769379422e-03
1.527099883147851056e+00 3.380360403675934482e-03
1.533621804878605888e+00 3.568364258795583138e-03
1.527252740688415766e+00 4.033106289807387133e-03
1.528169885931802696e+00 3.297895287554719525e-03
1.529137983688712010e+00 3.903321714486352421e-03
1.526743215553200139e+00 3.541177695786606235e-03
1.531736561878309200e+00 3.758938590613820300e-03
1.534946570230164786e+00 3.560483479895191431e-03
1.525163687634033094e+00 3.693674188108069575e-03
1.527711313310109009e+00 3.738039747572812106e-03
1.519711768687230569e+00 3.532516118770054857e-03
1.529545603796883979e+00 3.509085956224140129e-03
1.527813218337152001e+00 3.634811039001015036e-03
1.521291296606397392e+00 3.619407772223157214e-03
1.525061782606989880e+00 3.291169533735781305e-03
1.531991324445916680e+00 3.622490798591923404e-03
1.524144637363602950e+00 4.271620008613775769e-03
1.522870824525564659e+00 3.384455269517778510e-03
1.530717511607878611e+00 3.926753231036661865e-03
1.524450352444731704e+00 3.824847415236429151e-03
1.525010830093468606e+00 3.712459716832018641e-03
1.534131330013820849e+00 3.800265135020764688e-03
1.529800366364491238e+00 3.591118549664351709e-03
1.529443698769840765e+00 3.878942269974688245e-03
1.521240344092876118e+00 3.481585659051041753e-03
1.527609408283065795e+00 3.654840523309991172e-03
1.529036078661668130e+00 3.594532812040555133e-03
1.523278444633736850e+00 3.487248243608287272e-03
1.525571307742205285e+00 4.300597395258709196e-03
1.525775117796291047e+00 4.036198140497835977e-03
1.525061782606989880e+00 3.551445018978152679e-03
1.523533207201344331e+00 3.841035554710950373e-03
1.526641310526157147e+00 3.269115014665097217e-03
1.526080832877420246e+00 3.806749546595279785e-03
1.518285098308628012e+00 3.096181796701313362e-03
1.518590813389757210e+00 3.680235540400895490e-03
1.526794168066722079e+00 4.038770196288900619e-03
1.528424648499410621e+00 4.062919050769024307e-03
1.525520355228683789e+00 3.311031391032404677e-03
1.525010830093468384e+00 4.115105555264841029e-03
1.518743670930321255e+00 3.741788298084637067e-03
1.513393657010561499e+00 3.458362209673985187e-03
1.522921777039086377e+00 3.429539462164987815e-03
1.510896983848007524e+00 3.160682612649501171e-03
1.512578416794217340e+00 3.462293591795346202e-03
1.513291751983519173e+00 3.244499071022056806e-03
1.517571763119326622e+00 3.352268829053174463e-03
1.515686520119030822e+00 3.308132896377596801e-03
1.518285098308628234e+00 3.761010007938127980e-03
1.519457006119622866e+00 3.758914417341988144e-03
1.518998433497929401e+00 4.193150404104234105e-03
1.516196045254245561e+00 3.901765034490518695e-03
1.519355101092579874e+00 4.107619603828409870e-03
1.518030335741020531e+00 3.669840416724757300e-03
1.516603665362417752e+00 3.319742972281448153e-03
1.513444609524083440e+00 3.737623009891882266e-03
1.517113190497632713e+00 3.646577096973405239e-03
1.509877933577577158e+00 3.131470348990432386e-03
1.504375062117252915e+00 3.576489003269769408e-03
1.511253651442658219e+00 3.797500779868778591e-03
1.509623171009969234e+00 3.784818418008273518e-03
1.510591268766878326e+00 3.418514974293000112e-03
1.506922687793328830e+00 3.545504210490512710e-03
1.513954134659298845e+00 3.599411924407944132e-03
1.507534117955587227e+00 3.612874552830157380e-03
1.503457916873865319e+00 3.452370264482986038e-03
1.504426014630774189e+00 3.403761384001389220e-03
1.505292207360640289e+00 3.752734773538179882e-03
1.512221749199566645e+00 3.979596807021074274e-03
1.504527919657817625e+00 3.713494550777974353e-03
1.502438866603434953e+00 3.176168977601192319e-03
1.504986492279510868e+00 3.303970940939619013e-03
1.507890785550237700e+00 3.808777921378022659e-03
1.503916489495559006e+00 3.777980277516310072e-03
1.496834090116068383e+00 3.605465527033079910e-03
1.501878388954698273e+00 3.432622847825741227e-03
1.498515523062277977e+00 3.697745054281823505e-03
1.497700282845933595e+00 4.004164148890897168e-03
1.496579327548460236e+00 3.876448342487198544e-03
1.499789335900316045e+00 3.599282092926549791e-03
1.496935995143110931e+00 3.769191309047520942e-03
1.492808841547867749e+00 3.422746236319081873e-03
1.502846486711607588e+00 3.545504210490510542e-03
1.495713134818594581e+00 3.897117910692462269e-03
1.491535028709829680e+00 3.239698485945781935e-03
1.498362665521713932e+00 3.238977183355559123e-03
1.489242165601361245e+00 3.257659222577609977e-03
1.493063604115475895e+00 3.542192941181098766e-03
1.497904092900019357e+00 3.582838585283152320e-03
1.494439321980556734e+00 3.875992901983863013e-03
1.491433123682787132e+00 3.218263367324997962e-03
1.493114556628997391e+00 3.532663102083753899e-03
1.489853595763619198e+00 3.759021469222805552e-03
1.491178361115179207e+00 3.710725023802627191e-03
1.494439321980556734e+00 3.962766021149795835e-03
1.493216461656040162e+00 3.173400917048283063e-03
1.490872646034050231e+00 3.407633861045250481e-03
1.483892151681602156e+00 4.042227030404775719e-03
1.484503581843860331e+00 3.433912129970396326e-03
1.489496928168969170e+00 3.757781552536201223e-03
1.488834545493189054e+00 4.216070341970074367e-03
1.483790246654558498e+00 3.539802802171107630e-03
1.481446431032568789e+00 3.507221066407600375e-03
1.486337872330634857e+00 3.573744063476757497e-03
1.485879299708940948e+00 3.696958627186025526e-03
1.479815950599880248e+00 3.873249080167122989e-03
1.482057861194827630e+00 3.881685411595886016e-03
1.485420727087247705e+00 3.589878495663638945e-03
1.486337872330634857e+00 4.166731944393768823e-03
1.481752146113698210e+00 3.828307533089427613e-03
1.483535484086951017e+00 3.498249077484370199e-03
1.479764998086358530e+00 3.432138769391984527e-03
1.484503581843860331e+00 3.736594858225349060e-03
1.479000710383535866e+00 3.579812062608683787e-03
1.485064059492596789e+00 3.484269083104195308e-03
1.480376428248617149e+00 3.683761015480165567e-03
1.480478333275659919e+00 3.629804279403928743e-03
1.479815950599880470e+00 3.585753952127615583e-03
1.476453084707460173e+00 3.321369208915229097e-03
1.478440232734798965e+00 3.816268431901525225e-03
1.478236422680712980e+00 3.980989367458828004e-03
1.477064514869718348e+00 3.463436905679287501e-03
1.476147369626331196e+00 3.789524470872530915e-03
1.477675945031976967e+00 3.553856548850876842e-03
1.478491185248320683e+00 3.741996440787149440e-03
1.478847852842971600e+00 3.570091768703158915e-03
1.481089763437918760e+00 3.811339970050636131e-03
1.478847852842971156e+00 3.580983104677664362e-03
1.477777850059019515e+00 3.470371169994081184e-03
1.476096417112809256e+00 3.482987260639108709e-03
1.475281176896465318e+00 3.691505209142071590e-03
1.466415439543720556e+00 3.260463244269051070e-03
1.470440688111920968e+00 3.252925945584592225e-03
1.467842109922323113e+00 3.538508080855522903e-03
1.469014017733317745e+00 3.369128763734432347e-03
1.464937816651596503e+00 3.298890966524977743e-03
1.464734006597510296e+00 3.503280816718209231e-03
1.465753056867940884e+00 3.830110981661370533e-03
1.463358288732429457e+00 3.891367918020681351e-03
1.463867813867644863e+00 3.406871910370833090e-03
1.471204975814743188e+00 3.619203339301063031e-03
1.462746858570171282e+00 3.422897933285482582e-03
1.470338783084877754e+00 3.695360681900983126e-03
1.463205431191864747e+00 3.473586478235394289e-03
1.468351635057538296e+00 3.589643451725533282e-03
1.470746403193049945e+00 3.356297411378063832e-03
1.459893517812965946e+00 3.582258850834092040e-03
1.464632101570467082e+00 3.593868278742191717e-03
1.461523998245654710e+00 3.533985676811250178e-03
1.462950668624257045e+00 4.130772153557662682e-03
1.464734006597510740e+00 3.645637209786071510e-03
1.465549246813854678e+00 3.505503306601038486e-03
1.466772107138371029e+00 3.679096090134301687e-03
1.456581604434067367e+00 3.319258074525953395e-03
1.462339238461999313e+00 3.861229078457576683e-03
1.459282087650707993e+00 3.520796563060514528e-03
1.455868269244765756e+00 3.446273737417396808e-03
1.464581149056946030e+00 3.704422943841610520e-03
1.458976372569578350e+00 3.662415492222056979e-03
1.450722065379092651e+00 3.509481747766760029e-03
1.459995422840009160e+00 3.707645345268940906e-03
1.453218738541646626e+00 3.563923448688676582e-03
1.456530651920545871e+00 3.733602577762657089e-03
1.457294939623368535e+00 3.931883681016690689e-03
1.456072079298852184e+00 3.316675974273081747e-03
1.453167786028125130e+00 3.894035637031841024e-03
1.456224936839416451e+00 3.630433630570212983e-03
1.452913023460517872e+00 3.699587587731248926e-03
1.451486353081915093e+00 3.535884175711310941e-03
1.446900626864978667e+00 3.911865744993209965e-03
1.453524453622775825e+00 3.138509398327026575e-03
1.454186836298555718e+00 3.636150008473479182e-03
1.453320643568689841e+00 3.298859487206048414e-03
1.449855872649226551e+00 3.660788285265536342e-03
1.448378249757102276e+00 3.040371107481156399e-03
1.447512057027236620e+00 3.067679850220836248e-03
1.453728263676861809e+00 3.801426315978061968e-03
1.448989679919360674e+00 3.096852526685644515e-03
1.450059682703312758e+00 3.457209708174258100e-03
1.448429202270623994e+00 3.732479419405763076e-03
1.448734917351753193e+00 3.577272884916588621e-03
1.452607308379388673e+00 3.395456539101346285e-03
1.450314445270920460e+00 3.921751779359364601e-03
1.445983481621590849e+00 3.722756756386580348e-03
1.448938727405838955e+00 3.684384673178688757e-03
1.443996333594251613e+00 3.781744157916109520e-03
1.443486808459036208e+00 3.729901484062087165e-03
1.444353001188902752e+00 3.596164731191087063e-03
1.434672023619813830e+00 3.596381301953828317e-03
1.441041087810003507e+00 3.589788095970247814e-03
1.446034434135112789e+00 3.286634606567031495e-03
1.436506314106588356e+00 3.234405198157532142e-03
1.439104892296185767e+00 3.536629342477520203e-03
1.439512512404357736e+00 3.752855837364998774e-03
1.439308702350272196e+00 3.500741749135712153e-03
1.443894428567208843e+00 3.223369732339249373e-03
1.440633467701831094e+00 3.397959674272173995e-03
1.439155844809707485e+00 3.914731717174302003e-03
1.443588713486079866e+00 3.252874068702167436e-03
1.440378705134224058e+00 3.392090640437763534e-03
1.441703470485783400e+00 3.680591766693287834e-03
1.440939182782960293e+00 3.291370678105693618e-03
1.437729174431105150e+00 3.554119525849805221e-03
1.435894883944329958e+00 3.551079492800834382e-03
1.436761076674195836e+00 3.464212644742537071e-03
1.433602020835861524e+00 3.571545865797999455e-03
1.440174895080137851e+00 3.882768752909594896e-03
1.438391557106884600e+00 3.307893529624054366e-03
1.431411062754436081e+00 3.237614284460359985e-03
1.433907735916990500e+00 3.659124879741490304e-03
1.428710579537795455e+00 3.830175374833830106e-03
1.422086752779997854e+00 3.859884112481827730e-03
1.430646775051613417e+00 3.566570400452422768e-03
1.424430568401988451e+00 3.707645345268943508e-03
1.431411062754436303e+00 3.355740431736339239e-03
1.425602476212982861e+00 3.530181938943576826e-03
1.433754878376426012e+00 3.479515773910253022e-03
1.424991046050724686e+00 3.169131654849420728e-03
1.426774384023977937e+00 3.318925644009918657e-03
1.424685330969595265e+00 3.747570358739240985e-03
1.422035800266476357e+00 3.444043178315085718e-03
1.425857238780590119e+00 3.106260970706618829e-03
1.433652973349383020e+00 3.625427986691142496e-03
1.422749135455777969e+00 3.368943821211377223e-03
1.423105803050428442e+00 3.484477707248369392e-03
1.421882942725912091e+00 3.732768065116550630e-03
1.425296761131853884e+00 3.565496564773634573e-03
1.421373417590696908e+00 3.769174089408416136e-03
1.420456272347309090e+00 3.685423868149330373e-03
1.421984847752955305e+00 3.357809299808848548e-03
1.422239610320563008e+00 3.547831968332106761e-03
1.415513878535722192e+00 3.231867766988719311e-03
1.424124853320859252e+00 3.629718450335634762e-03
1.422494372888170266e+00 3.081388799600303947e-03
1.419284364536314236e+00 3.523468545135086897e-03
1.418367219292927084e+00 3.363931094453961271e-03
1.421373417590696686e+00 3.458091950640501590e-03
1.418265314265883870e+00 3.425585647215121429e-03
1.418112456725319159e+00 3.866926537543949154e-03
1.411081009859349811e+00 3.342651876596548690e-03
1.417450074049540154e+00 3.088008178359889083e-03
1.408584336696794947e+00 3.471881987972532356e-03
1.413934350616554703e+00 3.200186990178122918e-03
1.419029601968706755e+00 3.482987260639114346e-03
1.413221015427253535e+00 3.529869372541205499e-03
1.406953856264106628e+00 3.554411699695761342e-03
1.417755789130669131e+00 3.400102115807331071e-03
1.408431479156230903e+00 3.405560956431746052e-03
1.416481976292631062e+00 3.229260007147907556e-03
1.412303870183866161e+00 2.994217856625236863e-03
1.408533384183274118e+00 3.586199196965895834e-03
1.408431479156230681e+00 3.471250067384401387e-03
1.416278166238544411e+00 4.173191271448065121e-03
1.404813850696203126e+00 3.002932108163467156e-03
1.407616238939886522e+00 3.745820736847728198e-03
1.410724342264698894e+00 3.505651422495466383e-03
1.408991956804967360e+00 3.563748615147922013e-03
1.408482431669752621e+00 3.304678057559468606e-03
1.410928152318785100e+00 3.759121611770747159e-03
1.403081465236471370e+00 3.246902698766055730e-03
1.408074811561580209e+00 3.775990362647978389e-03
1.409246719372575063e+00 3.231735219808605682e-03
1.404100515506901514e+00 3.917038892013230064e-03
1.398190023938404858e+00 3.359019093486619902e-03
1.407004808777627902e+00 3.291938548807855826e-03
1.399922409398137058e+00 3.633739508184536532e-03
1.404966708236767392e+00 3.436704544860427236e-03
1.415870546130372887e+00 3.819097378198728875e-03
1.402419082560691033e+00 3.518081964780133547e-03
1.401450984803782385e+00 3.985059894802188071e-03
1.401756699884911583e+00 3.426585893451446294e-03
1.396457638478673768e+00 3.285927557498616400e-03
1.400380982019830522e+00 3.585040721203808321e-03
1.399412884262921652e+00 3.278824927326757545e-03
1.401909557425476072e+00 3.959305381402482282e-03
1.399209074208835668e+00 3.069710283543872209e-03
1.400839554641524431e+00 4.136126580427621283e-03
1.396865258586845737e+00 3.425585647215132704e-03
1.398342881478969790e+00 3.638662369732361453e-03
1.398088118911362310e+00 3.361877577232771225e-03
1.392228579856387372e+00 3.570818891267151136e-03
1.397833356343754829e+00 3.539124324573139461e-03
1.397374783722060920e+00 3.901445638745217655e-03
1.394623347991898576e+00 3.652779972945375403e-03
1.398699549073620485e+00 3.438384945666532553e-03
1.392330484883430364e+00 3.732628961536399535e-03
1.404151468020423232e+00 3.912711823194807599e-03
1.396661448532759753e+00 3.481455162110802699e-03
1.391260482099478502e+00 3.988315929249149072e-03
1.394521442964856028e+00 3.101849084746853471e-03
1.388050473747622915e+00 3.458512344456043074e-03
1.389120476531575221e+00 3.489916155147004644e-03
1.391107624558913791e+00 4.349479774967556986e-03
1.387337138558321525e+00 3.370465442202792618e-03
1.388559998882838320e+00 3.633350107054090887e-03
1.389324286585660762e+00 3.682199646464360925e-03
1.395489540721764676e+00 3.108566874589608741e-03
1.387846663693536930e+00 4.403225892156994309e-03
1.383668557584772474e+00 3.222113035947408218e-03
1.390801909477784815e+00 3.812320724200941088e-03
1.388458093855794662e+00 3.499347258800907662e-03
1.384330940260551923e+00 3.163178657995873496e-03
1.386165230747326449e+00 3.358617165654367333e-03
1.384891417909288380e+00 3.373175692706761701e-03
1.381936172125040274e+00 3.568898966998370302e-03
1.382853317368427870e+00 3.371636044909210369e-03
1.385146180476896305e+00 3.806463100734171819e-03
1.383311889990121335e+00 3.667745823406027422e-03
1.380407596719394947e+00 3.109067931737225215e-03
1.382089029665605207e+00 3.837708682481455469e-03
1.381069979395174396e+00 3.297773266690582315e-03
1.389120476531574777e+00 3.347917478191470529e-03
1.378522353719098925e+00 3.757380823468087824e-03
1.374191390069769314e+00 3.359293458904416378e-03
1.378573306232619977e+00 3.418374474917996921e-03
1.377452350935147063e+00 3.608859022259543886e-03
1.378420448692055267e+00 3.516077867386874830e-03
1.376433300664716031e+00 3.487992636147253019e-03
1.375974728043022344e+00 3.118110659507092926e-03
1.369350901285225186e+00 3.657240665200440274e-03
1.373732817448075627e+00 3.417102123049063113e-03
1.368586613582402300e+00 3.882685172520762736e-03
1.376535205691759245e+00 3.466190555290126016e-03
1.372102337015387308e+00 3.494332144277337206e-03
1.369299948771703468e+00 3.398723622957331748e-03
1.370471856582698322e+00 3.683539010141199076e-03
1.372408052096516062e+00 3.400483870944197989e-03
1.369809473906918429e+00 3.316452880397791243e-03
1.371745669420736613e+00 3.798649137011046034e-03
1.366395655500977080e+00 3.965650854014555506e-03
1.377401398421625345e+00 3.518734987420016336e-03
1.364663270041245102e+00 3.696835732840081466e-03
1.372459004610037780e+00 3.509955159394453732e-03
1.369452806312267734e+00 3.502465550407410366e-03
1.368841376150009781e+00 3.567039874464746855e-03
1.375261392853720954e+00 3.584479449907143015e-03
1.371338049312563978e+00 3.837434695613704903e-03
1.362268501905733453e+00 3.345601944902291958e-03
1.363898982338421995e+00 3.839166234393458395e-03
1.372051384501865590e+00 3.368924555781350333e-03
1.368331851014794376e+00 3.793140011984593406e-03
1.366599465555062842e+00 3.516255071190401479e-03
1.365580415284632698e+00 3.232510342924718640e-03
1.365274700203503278e+00 3.358230651220060758e-03
1.360230401364873165e+00 3.718552696369959495e-03
1.371847574447779827e+00 3.697969717019282225e-03
1.360587068959523194e+00 3.387081510387772963e-03
1.359058493553878089e+00 4.063046846463327227e-03
1.364306602446594630e+00 3.346067507402532195e-03
1.351364664012128625e+00 3.381385544757259474e-03
1.360332306391915713e+00 3.474688718396310404e-03
1.362625169500384370e+00 3.304678057559453427e-03
1.365478510257589706e+00 3.524441012040154149e-03
1.364204697419551415e+00 3.495130737982955066e-03
1.356918487985974142e+00 3.501383176485974111e-03
1.351619426579736105e+00 3.429433480639233669e-03
1.357275155580624615e+00 3.223369732339235929e-03
1.358905636013313378e+00 3.417523760770411947e-03
1.357326108094146111e+00 3.397214658899739420e-03
1.350651328822827013e+00 3.209971956996927715e-03
1.351415616525650121e+00 3.248901033953650007e-03
1.357529918148232095e+00 3.031807285063464232e-03
1.354625624877505707e+00 3.105759460707510373e-03
1.354727529904548700e+00 4.095932454447462345e-03
1.353504669580032349e+00 3.379880361854179036e-03
1.355950390229065272e+00 3.382306754718650277e-03
1.353759432147639830e+00 3.168918655200673399e-03
1.354218004769333517e+00 3.380464083757053935e-03
1.351925141660865082e+00 3.429054948450832585e-03
1.352587524336644753e+00 3.588515026522462632e-03
1.351415616525649677e+00 3.584015882185064873e-03
1.344537027200244594e+00 3.779464298363168547e-03
1.342193211578254664e+00 3.333131801286920957e-03
1.347339415443928434e+00 3.388460908597532538e-03
1.346727985281670037e+00 3.643813707253689728e-03
1.344944647308416785e+00 3.099399976856005885e-03
1.352740381877209241e+00 3.472121265153894822e-03
1.344638932227287809e+00 3.655376786374630455e-03
1.347747035552100403e+00 3.204682226268024212e-03
1.349581326038874929e+00 3.513049255095592512e-03
1.347543225498014197e+00 3.689524947200207607e-03
1.346524175227584053e+00 3.285611508718216337e-03
1.347747035552100403e+00 3.463961579132943201e-03
1.343823692010943205e+00 3.282144828462034512e-03
1.345352267416588754e+00 3.654751730442210109e-03
1.341530828902474770e+00 3.366430678951149759e-03
1.337403675307231810e+00 3.376160607090375378e-03
1.350243708714654822e+00 3.687902662043726545e-03
1.340002253496829443e+00 3.916601428808808363e-03
1.339339870821049550e+00 3.206929505271014121e-03
1.339187013280485505e+00 3.096873484656903572e-03
1.341174161307824519e+00 3.573260939289486012e-03
1.336435577550322940e+00 3.435136688740699547e-03
1.338932250712877581e+00 3.254469901746164569e-03
1.332970806630859872e+00 3.400346444032338079e-03
1.335671289847499610e+00 3.635235992066864538e-03
1.335620337333978780e+00 3.519177645708543127e-03
1.327977460305750590e+00 3.906220540377957403e-03
1.331238421171128117e+00 3.597896932279556238e-03
1.333887951874247024e+00 3.409724540464191024e-03
1.332716044063252170e+00 3.441837574042223152e-03
1.330270323414219469e+00 3.497922524659777092e-03
1.331747946306343300e+00 3.573497060774530505e-03
1.339288918307528053e+00 3.689398286835469422e-03
1.328639842981530483e+00 3.791288162657605130e-03
1.326703647467712965e+00 3.726196714203510764e-03
1.325531739656717667e+00 3.239393955553645458e-03
1.335059859685241879e+00 2.923853061973887522e-03
1.330932706089998918e+00 3.419684312631614265e-03
1.322168873764297592e+00 3.550494572644208920e-03
1.325888407251368584e+00 3.795230385598905801e-03
1.325888407251368362e+00 3.467808006635028639e-03
1.325124119548545476e+00 3.333774327469766433e-03
1.325684597197282599e+00 3.833075334492118923e-03
1.320844108412738027e+00 3.721194307818508247e-03
1.321149823493866782e+00 3.444193937273619301e-03
1.319366485520613752e+00 3.746929502970103906e-03
1.319111722953006272e+00 3.395303616095694983e-03
1.323035066494163026e+00 3.337210713640376136e-03
1.317175527439188532e+00 3.543980824819437103e-03
1.320334583277522622e+00 2.975539540923000971e-03
1.319417438034135248e+00 3.580479204727402692e-03
1.315341236952413562e+00 3.198259685921870689e-03
1.312284086141122241e+00 3.499069036001110997e-03
1.315799809574107471e+00 3.169471605399698348e-03
1.315239331925370792e+00 3.255526710342300512e-03
1.320946013439781019e+00 3.542207599633111735e-03
1.320844108412737805e+00 3.614311437746386274e-03
1.313659804006203524e+00 3.922254859138078406e-03
1.319825058142307439e+00 3.184821492222202240e-03
1.315799809574107471e+00 3.507735490192324772e-03
1.317175527439188532e+00 3.396603242186013207e-03
1.319315533007092034e+00 3.236812311159465751e-03
1.317481242520317730e+00 3.496085096687875926e-03
1.318296482736661890e+00 3.580754727155627173e-03
1.316360287222844372e+00 3.496842456688135231e-03
1.313354088925074770e+00 3.059947674124114531e-03
1.317481242520317508e+00 3.487907039089708193e-03
1.309736460465046548e+00 3.416858992967160800e-03
1.315901714601150685e+00 3.417462987370729899e-03
1.311468845924778082e+00 3.543834310917232111e-03
1.315086474384806303e+00 3.250894147770665762e-03
1.313506946465639036e+00 3.679970993615896881e-03
1.303316443761334931e+00 3.201602312239692442e-03
1.308768362708137456e+00 3.098227069205771594e-03
1.312844563789859142e+00 3.911676596605335662e-03
1.303061681193727228e+00 3.544548508988260623e-03
1.308819315221658952e+00 3.642930120076041077e-03
1.309328840356874579e+00 3.493262114079547041e-03
1.303520253815421137e+00 3.137682094495670981e-03
1.312131228600557975e+00 3.517166791253799850e-03
1.306934072221362708e+00 3.794765197483339434e-03
1.306016926977975556e+00 3.614293480210567684e-03
1.306883119707841212e+00 3.198925244320837465e-03
1.305354544302195663e+00 2.720616127339074101e-03
1.301176438193431206e+00 3.556748226427166280e-03
1.308207885059400999e+00 3.565219863185256459e-03
1.304284541518243579e+00 3.901282603753976341e-03
1.300921675625823504e+00 4.044137300983776696e-03
1.305405496815717381e+00 3.383933612768464001e-03
1.298679765030877009e+00 3.567443791022555186e-03
1.298577860003833573e+00 3.723854960510607215e-03
1.302195488463861572e+00 3.231353614237995713e-03
1.301074533166388436e+00 3.690453657046361552e-03
1.295520709192542252e+00 3.380033982654786270e-03
1.297558809733403207e+00 3.283093884695043735e-03
1.297609762246924481e+00 3.413651095081083383e-03
1.292871178489423345e+00 3.237546124455053468e-03
1.295469756679020534e+00 3.382494804245258276e-03
1.294552611435633382e+00 3.309545200050680556e-03
1.292820225975902071e+00 3.348460252544105571e-03
1.299902625355393360e+00 3.491831179613624683e-03
1.297558809733403207e+00 3.964416625166383192e-03
1.296590711976494781e+00 3.572261791079708870e-03
1.290068790245739727e+00 3.732089886192107610e-03
1.292820225975902071e+00 3.423599444322206024e-03
1.293686418705767727e+00 3.325895804215779628e-03
1.284973538893587675e+00 3.709063014935547013e-03
1.287419259542620820e+00 3.187103140105725790e-03
1.293227846084074040e+00 3.247894026698997481e-03
1.286349256758668957e+00 3.431715144748086026e-03
1.293176893570552544e+00 3.515631126494993264e-03
1.287877832164314507e+00 3.390004402414447532e-03
1.278604474703397775e+00 3.313006717759293257e-03
1.285483064028803080e+00 3.599729270538010260e-03
1.281304957920038401e+00 3.617757633108145861e-03
1.284005441136679027e+00 3.489689257396587363e-03
1.285024491407109171e+00 3.173302743554544999e-03
1.283394010974420851e+00 3.644479818824058418e-03
1.283750678569071546e+00 3.524205287128522653e-03
1.284158298677243515e+00 3.489023357507669253e-03
1.281355910433559675e+00 3.248401565406049823e-03
1.282986390866248216e+00 3.396186651513337460e-03
1.283852583596114316e+00 3.161668129109520241e-03
1.277891139514096608e+00 3.589440939990641045e-03
1.288132594731921987e+00 3.587447759564828254e-03
1.283597821028506836e+00 3.377236990358307989e-03
1.280948290325387706e+00 3.388533694569687785e-03
1.282527818244554974e+00 3.192344741546514035e-03
1.276056849027321860e+00 3.410314573133486210e-03
1.280387812676650805e+00 3.287617902385117641e-03
1.280336860163129309e+00 3.173695419308460164e-03
1.274579226135197807e+00 3.658660126020506741e-03
1.284973538893587675e+00 3.678136279280136596e-03
1.285483064028802858e+00 3.517288582110912783e-03
1.277840187000575112e+00 3.397520325995211955e-03
1.284565918785415484e+00 3.493366159176710360e-03
1.278400664649311791e+00 3.527426724096987404e-03
1.277279709351838433e+00 3.474240391710046311e-03
1.281814483055253806e+00 3.598546292719901479e-03
1.278910189784526752e+00 3.360838761020013606e-03
1.278451617162833065e+00 3.178326146238712960e-03
1.272948745702509044e+00 3.582711776388357392e-03
1.266681586539362137e+00 3.317298209469349193e-03
1.271114455215734296e+00 3.682481658247538977e-03
1.270859692648126815e+00 3.204467538809231512e-03
1.268464924512615610e+00 3.619422117959555062e-03
1.274783036189284013e+00 3.656189909405510759e-03
1.273967795972939632e+00 2.990595701250536777e-03
1.277534471919445913e+00 3.782434025173108706e-03
1.273305413297159738e+00 3.708261485587361576e-03
1.270503025053476120e+00 3.181983449552604117e-03
1.266426823971754434e+00 3.214453509379071403e-03
1.267904446863878487e+00 3.472476411818561839e-03
1.267955399377400205e+00 3.016543719678723735e-03
1.266630634025840640e+00 3.842724934954937308e-03
1.269585879810088747e+00 3.147347937257357654e-03
1.268566829539658380e+00 3.331203479151492817e-03
1.271267312756299006e+00 3.468796077845479747e-03
1.264847296052587389e+00 3.436704544860419430e-03
1.269178259701916334e+00 3.314201532157093257e-03
1.266681586539362137e+00 3.297674859479105079e-03
1.271471122810384990e+00 3.697127161360507126e-03
1.264439675944414976e+00 3.310655004695185668e-03
1.263267768133420121e+00 2.966451661498231782e-03
1.269534927296567250e+00 3.547623410834045785e-03
1.269483974783045532e+00 3.330283724419646953e-03
1.264032055836243229e+00 3.475585198275622269e-03
1.267547779269228014e+00 3.125661582085964563e-03
1.264184913376807717e+00 3.335206909663954687e-03
1.266936349106969617e+00 3.325993376445401939e-03
1.265305868674281076e+00 3.609064041128332880e-03
1.262503480430597236e+00 3.469155306694266146e-03
1.262962053052291145e+00 2.911774548466383207e-03
1.262197765349468259e+00 3.278472559420763342e-03
1.265102058620194869e+00 3.274958686119562763e-03
1.263675388241592534e+00 3.335284749762303016e-03
1.259446329619306137e+00 3.297895287554719525e-03
1.259089662024655665e+00 3.001721506413175446e-03
1.262503480430597680e+00 3.381999712612057587e-03
1.258427279348875771e+00 3.409065867273126330e-03
1.252720597834465543e+00 3.558437601064399439e-03
1.252771550347986818e+00 3.349623044279796766e-03
1.254605840834762009e+00 3.456428641869410592e-03
1.258580136889440482e+00 3.531137852660554306e-03
1.250071067131346858e+00 3.508919488501275556e-03
1.254605840834761787e+00 3.109255807350395310e-03
1.251141069915298498e+00 3.541841120132915768e-03
1.253790600618417406e+00 3.035401644970695846e-03
1.252312977726293575e+00 3.098361138266861065e-03
1.250274877185432620e+00 3.686973309628795333e-03
1.254554888321240291e+00 3.078354201864406427e-03
1.254503935807718795e+00 3.581363701518290674e-03
1.251192022428820216e+00 2.954802112679642389e-03
1.248491539212179369e+00 3.284347009466599774e-03
1.250529639753040323e+00 3.471717475344005509e-03
1.248185824131050392e+00 3.208131456614774120e-03
1.254249173240111093e+00 3.535160883402111744e-03
1.255879653672799856e+00 3.187897259167589599e-03
1.251293927455862987e+00 3.383227713846255480e-03
1.249102969374437766e+00 3.630880546681188124e-03
1.249153921887959262e+00 3.477407327968247246e-03
1.254554888321240291e+00 3.431684883843875208e-03
1.253128217942637734e+00 2.849603308241588102e-03
1.251599642536992185e+00 3.756064334934844547e-03
1.249867257077260652e+00 3.174938572128183784e-03
1.252312977726293575e+00 2.898347193512197488e-03
1.248695349266265353e+00 3.418363082823679122e-03
1.242886762724812355e+00 3.161339657758951462e-03
1.239116276724219867e+00 3.464411235992367281e-03
1.249052016860916048e+00 2.816798547311383412e-03
1.242937715238333629e+00 3.360467953319258398e-03
1.239880564427042531e+00 3.366180032777706631e-03
1.242173427535510966e+00 3.402102036853175190e-03
1.248440586698658095e+00 3.493466485442819382e-03
1.243549145400592026e+00 3.407725283677424770e-03
1.241561997373252568e+00 3.332839702982198695e-03
1.237332938750966616e+00 3.214691757782320389e-03
1.238606751589004684e+00 3.569891784033973978e-03
1.242682952670726149e+00 3.528784368480672277e-03
1.232951022588115952e+00 3.651738597702828496e-03
1.241256282292123592e+00 3.393468002505464765e-03
1.237434843778009830e+00 3.612022928848131111e-03
1.242632000157204875e+00 3.402815464553779999e-03
1.232900070074594456e+00 3.203272317382832753e-03
1.241409139832688080e+00 3.006712097006948407e-03
1.237740558859138806e+00 3.274193612116725691e-03
1.241969617481424981e+00 3.287128265732376046e-03
1.240542947102822202e+00 3.279759112867276869e-03
1.238861514156611943e+00 3.236262844755459327e-03
1.242428190103118668e+00 3.656030139680644438e-03
1.228772916479351274e+00 3.154857684596704039e-03
1.235855315858842784e+00 3.555010581010149221e-03
1.235498648264191868e+00 2.790090970939324878e-03
1.226429100857361343e+00 3.207479949667676154e-03
1.231830067290642594e+00 3.165865452203293386e-03
1.234173882912632303e+00 3.310780471561970174e-03
1.239931516940564027e+00 3.236186634019135640e-03
1.226174338289753640e+00 3.351653086167064814e-03
1.229588156695695655e+00 3.130869227001780754e-03
1.231779114777121098e+00 3.473003457284548016e-03
1.233919120345024822e+00 3.520357795691223847e-03
1.232135782371771571e+00 3.120070831263067022e-03
1.227702913695399412e+00 2.824994095818578275e-03
1.230199586857954053e+00 3.182713590190255383e-03
1.235141980669541395e+00 3.501309029042143882e-03
1.224492905343543603e+00 3.550520164916732332e-03
1.223371950046070467e+00 3.151135943752030738e-03
1.226327195830318351e+00 3.465261677300821193e-03
1.226225290803275358e+00 3.057061643092138809e-03
1.222352899775639878e+00 3.320427183303650831e-03
1.218174793666875422e+00 3.629775669939988483e-03
1.225919575722146382e+00 3.339916856948667908e-03
1.224085285235371634e+00 3.315983160020234688e-03
1.217410505964052092e+00 3.642146113318631140e-03
1.229282441614566679e+00 3.895315493208371168e-03
1.226632910911447327e+00 3.666241365610985702e-03
1.224238142775935678e+00 3.399781408365062842e-03
1.224391000316500611e+00 3.085362972456990281e-03
1.226174338289753862e+00 3.133890252231212765e-03
1.228161486317093098e+00 3.710445158652487998e-03
1.226072433262710648e+00 3.114094911157713925e-03
1.220110989180693162e+00 3.486503692136404351e-03
1.222811472397333343e+00 3.909967209512613291e-03
1.216391455693621948e+00 3.065952924658754339e-03
1.217410505964052314e+00 3.289323164023669026e-03
1.224492905343543381e+00 3.801245331695170433e-03
1.224696715397629587e+00 3.267081365209902923e-03
1.217053838369401619e+00 3.277395424935780795e-03
1.215015737828541109e+00 3.116107597933897612e-03
1.211601919422599094e+00 3.408963057085738577e-03
1.215983835585449757e+00 3.743883073205343630e-03
1.211601919422599316e+00 3.508790008145560527e-03
1.216340503180100230e+00 3.324084343761086156e-03
1.210480964125125958e+00 3.102652473146555803e-03
1.216034788098971475e+00 3.119271929075916310e-03
1.220212894207736154e+00 3.291276023462898388e-03
1.217920031099267497e+00 3.391677322744674795e-03
1.215729073017842277e+00 2.835428406843859030e-03
1.215525262963756070e+00 2.835538278424267877e-03
1.223422902559591741e+00 3.453753654628537954e-03
1.213232399855288079e+00 3.511156894318556796e-03
1.212162397071335773e+00 2.923782027209358668e-03
1.213792877504024537e+00 3.352857358040374578e-03
1.212773827233594170e+00 2.626358664898567705e-03
1.223117187478462764e+00 3.090512516570200797e-03
1.215932883071928261e+00 3.129409471161380407e-03
1.213487162422895338e+00 3.154857684596700136e-03
1.215576215477277566e+00 3.782159466215034242e-03
1.213487162422895338e+00 3.262469188627774470e-03
1.216748123288272865e+00 3.262055364607724470e-03
1.214251450125718002e+00 2.945672288873493576e-03
1.217257648423487826e+00 3.501572245360964723e-03
1.205334760259451965e+00 3.788685144834286894e-03
1.208290006043700515e+00 3.349014566960641179e-03
1.209410961341173651e+00 3.639233119040451939e-03
1.209920486476389057e+00 3.612310419306749565e-03
1.211194299314426903e+00 3.307379421160794222e-03
1.209105246260044231e+00 3.321990565031526267e-03
1.206099047962275073e+00 3.389564022991745085e-03
1.209971438989910553e+00 3.213387232371047592e-03
1.206659525611011752e+00 3.155647577698811237e-03
1.202889039610419042e+00 3.582983504238817889e-03
1.201819036826467180e+00 3.479635152088970344e-03
1.200392366447864623e+00 3.392779391367339858e-03
1.197589978204181227e+00 3.144637065852220852e-03
1.197742835744745715e+00 3.066884230814513959e-03
1.208646673638350988e+00 3.060732373444419955e-03
1.207169050746226713e+00 3.250319106115029302e-03
1.204009994907892844e+00 3.553823675357726999e-03
1.206048095448753577e+00 3.284264009679950698e-03
1.204162852448457333e+00 3.307269525016130664e-03
1.199373316177434257e+00 3.255159857181931429e-03
1.204570472556629523e+00 3.219311900688527107e-03
1.201360464204773937e+00 3.337179595788240805e-03
1.196519975420229143e+00 3.060613621062471638e-03
1.200443318961386341e+00 3.135443143784930053e-03
1.200392366447864623e+00 3.426282819367531401e-03
1.203347612232112951e+00 3.603448789461654450e-03
1.198048550825874692e+00 3.101982997262831866e-03
1.203245707205069959e+00 3.209603941353131405e-03
1.198405218420525609e+00 3.457551369199206911e-03
1.192851394446679647e+00 3.214711947513399642e-03
1.201360464204773493e+00 3.659266777511149208e-03
1.203551422286198935e+00 3.273055580699167112e-03
1.195500925149798999e+00 3.251137711136893593e-03
1.199577126231520241e+00 3.431855097959108421e-03
1.203143802178026744e+00 3.423447778440553372e-03
1.195195210068669578e+00 3.035829261490995828e-03
1.193717587176545747e+00 3.221597326384916145e-03
1.193360919581894830e+00 3.545665299546056724e-03
1.197793788258266989e+00 3.318143323185175630e-03
1.198863791042219296e+00 3.428328049489659350e-03
1.196621880447272357e+00 3.357070840910495509e-03
1.192239964284421472e+00 3.182244524663766731e-03
1.191832344176249281e+00 3.260578699132002378e-03
1.193309967068373556e+00 3.472536222419833445e-03
1.189998053689474533e+00 3.523468545135083427e-03
1.194430922365846914e+00 3.559137927258020778e-03
1.195806640230927753e+00 3.150019388211354552e-03
1.196825690501358341e+00 3.279394970492662074e-03
1.200545223988429111e+00 3.312505159070158831e-03
1.192392821824985960e+00 3.075316609711959553e-03
1.188061858175657015e+00 3.526252621102269561e-03
1.192698536906115159e+00 3.614724436447890130e-03
1.197182358096009036e+00 3.081759489950549203e-03
1.189029955932565663e+00 3.693755016833371457e-03
1.192341869311464686e+00 3.449315821286436969e-03
1.183883752066892336e+00 3.056301484754098824e-03
1.196469022906707425e+00 3.220791364882577036e-03
1.189692338608345556e+00 3.694545639359261315e-03
1.183883752066892336e+00 3.185245350408646287e-03
1.184800897310279488e+00 3.330268133167213311e-03
1.184444229715629016e+00 3.375268486629995259e-03
1.183323274418155657e+00 3.047535387203898806e-03
1.188367573256785992e+00 3.051949229803183842e-03
1.185565185013102152e+00 3.686691641432422121e-03
1.184189467148021535e+00 3.268134095670247562e-03
1.183730894526327848e+00 3.483345025986249281e-03
1.178737548201218788e+00 2.686792276407103282e-03
1.185259469931973175e+00 2.958981405026604554e-03
1.180266123606864337e+00 3.326457781023728442e-03
1.182100414093638863e+00 3.508238738298364613e-03
1.178788500714740284e+00 3.347390127403362167e-03
1.184597087256193504e+00 2.751265883207986047e-03
1.177005162741487032e+00 3.294524276700240475e-03
1.179756598471649154e+00 3.365562978055336267e-03
1.178024213011917398e+00 3.355427090058182935e-03
1.175221824768233780e+00 3.250993971029188245e-03
1.181845651526031604e+00 3.185245350408651924e-03
1.181794699012509664e+00 3.280720729339357995e-03
1.184342324688586023e+00 3.330981358262087751e-03
1.181030411309687222e+00 3.458110719311376004e-03
1.182966606823504963e+00 3.157230882494652027e-03
1.176088017498099658e+00 3.239277745620700207e-03
1.182304224147725069e+00 3.350874532291321477e-03
1.181030411309687000e+00 3.196733248509889963e-03
1.176648495146836337e+00 3.082336498701766705e-03
1.175731349903448963e+00 3.183614817744655819e-03
1.175476587335841483e+00 3.190437111883807301e-03
1.180877553769122734e+00 3.332851387405916764e-03
1.176954210227965314e+00 3.253245169728954944e-03
1.173897059416674438e+00 3.460812345271299575e-03
