# V, V_err
1.057011993398307537e+00 2.941597648839407771e-03
1.062362007318066848e+00 3.475525440144418884e-03
1.056145800668441659e+00 3.100036512310601518e-03
1.055840085587312238e+00 3.104388253336588278e-03
1.063788677696669405e+00 3.420925348029745655e-03
1.059916286669033925e+00 3.082904978325666599e-03
1.058540568803953086e+00 3.306029015271408529e-03
1.067966783805434305e+00 3.318080729550883408e-03
1.061852482182851887e+00 3.160185631566223181e-03
1.057980091155216407e+00 2.913748788733505450e-03
1.065521063156401382e+00 3.236391195623240184e-03
1.062260102291024078e+00 3.106227539225754359e-03
1.061546767101722910e+00 3.393066329658556667e-03
1.063432010102019154e+00 3.388031822669813897e-03
1.065266300588793680e+00 2.868296160669238544e-03
1.060120096723120131e+00 2.957436808606563571e-03
1.059763429128469658e+00 2.952890488155200405e-03
1.056808183344221330e+00 3.011823718962111478e-03
1.059610571587904726e+00 2.757180761387070279e-03
1.064858680480621267e+00 3.145318098011395253e-03
1.059559619074383452e+00 3.168902270019302407e-03
1.060476764317770826e+00 3.062394423273504755e-03
1.058999141425646773e+00 3.154363900962899210e-03
1.058336758749866879e+00 3.209377449212612223e-03
1.059763429128469658e+00 2.878090961817990085e-03
1.060782479398899802e+00 3.513522186037744497e-03
1.066030588291616343e+00 3.608686365756903769e-03
1.062820579939760757e+00 3.293377504651080583e-03
1.065877730751051855e+00 3.007079042713547718e-03
1.061954387209894879e+00 2.422956764165199849e-03
1.067508211183740618e+00 3.073175837093452753e-03
1.062412959831588566e+00 2.992713134009479439e-03
1.069138691616429160e+00 2.880579521582244708e-03
1.066794875994439451e+00 3.276353594193127938e-03
1.062871532453282031e+00 3.179841008666509875e-03
1.066845828507960947e+00 2.901212137951769167e-03
1.073520607779279823e+00 2.761814243121617912e-03
1.068680118994735473e+00 2.700670676929094009e-03
1.062412959831588566e+00 3.039196774636709029e-03
1.065470110642879664e+00 3.230019649101754323e-03
1.071125839643768174e+00 3.292695557397434195e-03
1.070106789373338030e+00 3.494209553272469796e-03
1.067610116210783833e+00 3.272071875881289033e-03
1.073062035157586358e+00 2.745177494317977730e-03
1.062565817372153054e+00 3.087987160220364256e-03
1.065266300588793680e+00 3.293030635834385319e-03
1.069546311724601573e+00 3.310360923092459280e-03
1.068323451400084778e+00 3.141155306355561221e-03
1.067712021237826603e+00 3.551357296126736625e-03
1.063330105074975940e+00 2.818572203594773944e-03
1.062565817372153276e+00 2.894439142709722031e-03
1.068272498886563504e+00 3.140837088500045889e-03
1.062922484966803749e+00 3.045937678512472633e-03
1.064349155345406306e+00 3.474662567595050711e-03
1.061750577155808672e+00 3.341999404788845683e-03
1.067304401129654190e+00 3.081409862746911470e-03
1.060272954263684619e+00 3.178244461984912339e-03
1.060069144209598635e+00 3.315047435317053457e-03
1.064196297804841596e+00 3.095712199245014180e-03
1.064298202831884588e+00 3.466310392383428925e-03
1.062260102291023856e+00 3.030929443019732793e-03
1.062005339723416375e+00 3.160929020570601902e-03
1.060069144209598635e+00 3.061817895949103634e-03
1.059559619074383452e+00 3.586275208852774364e-03
1.068680118994735473e+00 3.216629394101473173e-03
1.062820579939760757e+00 3.139204165054002189e-03
1.061903434696373161e+00 3.359019093486614264e-03
1.062260102291024078e+00 2.825228430112039675e-03
1.059916286669033925e+00 3.307171400372504923e-03
1.062209149777502359e+00 3.109088807365993808e-03
1.063177247534411229e+00 2.962173355857140866e-03
1.062209149777502359e+00 3.415475861485804850e-03
1.065979635778095069e+00 3.638894247435409124e-03
1.067049638562046709e+00 3.361055046619989498e-03
1.057827233614651696e+00 3.112543880105048903e-03
1.067813926264869595e+00 2.863313660836698440e-03
1.059457714047340238e+00 3.094105805072868819e-03
1.062769627426239261e+00 3.073627761365005980e-03
1.062260102291024078e+00 3.658841067692866853e-03
1.061648672128765680e+00 3.357221638908996966e-03
1.063432010102018932e+00 2.868513381780574655e-03
1.068170593859520290e+00 3.179612396434852023e-03
1.063126295020889955e+00 3.154532619063862061e-03
1.066489160913310252e+00 3.236282899914096848e-03
1.070769172049117701e+00 2.779598549298476808e-03
1.070310599427424236e+00 3.539271033452918904e-03
1.066336303372745764e+00 3.393494779004806779e-03
1.062209149777502359e+00 3.210153927164870798e-03
1.064756775453578497e+00 3.169868850805994398e-03
1.062107244750459589e+00 3.117277941997381903e-03
1.069852026805730327e+00 3.179681798314099028e-03
1.064552965399492290e+00 3.227977454648952530e-03
1.063279152561454222e+00 3.193917983103800734e-03
1.065572015669922656e+00 2.947487303960769252e-03
1.068272498886563504e+00 3.189232562126565092e-03
1.062514864858631780e+00 3.423296105839509183e-03
1.065572015669922656e+00 3.284109861653793788e-03
1.064196297804841818e+00 3.121601488959206781e-03
1.066438208399788756e+00 3.157720107000092091e-03
1.071074887130246900e+00 3.729793596384650776e-03
1.067661068724304885e+00 3.029421530617960618e-03
1.069801074292209053e+00 3.047876123330377739e-03
1.067661068724304885e+00 2.808861001834721781e-03
1.069087739102907664e+00 3.328611146498472624e-03
1.073316797725193839e+00 3.258969925045542785e-03
1.068578213967692703e+00 3.545544483440556116e-03
1.067610116210783611e+00 3.165607126842310930e-03
1.066234398345702772e+00 2.762072736326506676e-03
1.066947733535003717e+00 3.009542894681528982e-03
1.067610116210783611e+00 2.776776421880556862e-03
1.070055836859816534e+00 3.051557902998545176e-03
1.072654415049414167e+00 3.002702995995931885e-03
1.072297747454763472e+00 3.299347382897977431e-03
1.073418702752236831e+00 3.333618574918668226e-03
1.073163940184629350e+00 3.192779798015879696e-03
1.073265845211672564e+00 3.305318260423439122e-03
1.073520607779279823e+00 3.398207976432871501e-03
1.076272043509441945e+00 3.005662816885322063e-03
1.077291093779872311e+00 2.983468727293437685e-03
1.078615859131431876e+00 2.726811723346794347e-03
1.078361096563824395e+00 3.273749549363202775e-03
1.072246794941241976e+00 3.317705142945661604e-03
1.072960130130543144e+00 2.810671996066758417e-03
1.082029677537373891e+00 3.675435467452176693e-03
1.077392998806915525e+00 2.876448777063496214e-03
1.074896325644360884e+00 3.360622461500176357e-03
1.083099680321325753e+00 3.559374985634234517e-03
1.078055381482695196e+00 3.334533516975514249e-03
1.069087739102907664e+00 3.182680961782223539e-03
1.080653959672292608e+00 2.945936681026543880e-03
1.076883473671700342e+00 3.095967970977927652e-03
1.079431099347776035e+00 3.296198398756119453e-03
1.079074431753125562e+00 3.199765111242669404e-03
1.074081085428016502e+00 3.348456375896423885e-03
1.077240141266351037e+00 3.067032367083982053e-03
1.082743012726675058e+00 3.173302743554529820e-03
1.081061579780464799e+00 3.090747719227866092e-03
1.078564906617910379e+00 3.557678758784982211e-03
1.074437753022667197e+00 3.208697876866725002e-03
1.083201585348368745e+00 3.552029782622802886e-03
1.080450149618206623e+00 3.488294069930337419e-03
1.082131582564416661e+00 3.726196714203520305e-03
1.079329194320733265e+00 3.028208658800939264e-03
1.076628711104092639e+00 3.681561515076773629e-03
1.075813470887748258e+00 3.284833108958854116e-03
1.076628711104092639e+00 3.014714304629535942e-03
1.085698258510923386e+00 3.404646038467189825e-03
1.074437753022667197e+00 3.200596646302961666e-03
1.082641107699632066e+00 3.485133301827507933e-03
1.091099224944204416e+00 3.029078718565162386e-03
1.083303490375411959e+00 3.188357350465123672e-03
1.084118730591756119e+00 3.206836406069366735e-03
1.087277786430090210e+00 3.153067351009208093e-03
1.082386345132024363e+00 3.083599644430442838e-03
1.083711110483583928e+00 3.006647337233426392e-03
1.080857769726378814e+00 2.938666063765438610e-03
1.089315886970950942e+00 3.415050169868953742e-03
1.087430643970654920e+00 3.264664761105825954e-03
1.085188733375707981e+00 3.442410790015161710e-03
1.083456347915976226e+00 3.216145094462726818e-03
1.085494448456837180e+00 3.447866648267508636e-03
1.092576847836328247e+00 3.155997206823140007e-03
1.089876364619687843e+00 3.254884690177393958e-03
1.087889216592348607e+00 3.136722148690818980e-03
1.092525895322806750e+00 3.275779059119009098e-03
1.092322085268720988e+00 3.228198620743574863e-03
1.095888761215227269e+00 3.029387251158384593e-03
1.096347333836920734e+00 3.084020578038617656e-03
1.093137325485064926e+00 3.373268049227615920e-03
1.088806361835736203e+00 2.878722321896694421e-03
1.088959219376300247e+00 3.464812130810093066e-03
1.096143523782834750e+00 3.499944435712998292e-03
1.094003518214930804e+00 3.546031383820391538e-03
1.097111621539743620e+00 2.577869899247717950e-03
1.093392088052672406e+00 2.963071567706376981e-03
1.097315431593829826e+00 3.211783111511067046e-03
1.094767805917753911e+00 3.304218448969885834e-03
1.093544945593237339e+00 3.345260491222751351e-03
1.101595442729637275e+00 3.360838761020017076e-03
1.097926861756087780e+00 2.802161264203990344e-03
1.102104967864852680e+00 3.087045400758688454e-03
1.100627344972728627e+00 3.194539748618596079e-03
1.100780202513293116e+00 3.113940676538940692e-03
1.101697347756680267e+00 3.162386541243287271e-03
1.100933060053857604e+00 2.883642186345468199e-03
1.105416881243751481e+00 3.658660126020518884e-03
1.101136870107943810e+00 3.302351859660127616e-03
1.099914009783427238e+00 3.010840891248965125e-03
1.102563540486546589e+00 2.867608185262751110e-03
1.102206872891895895e+00 3.416368881309875261e-03
1.103327828189368809e+00 3.334564659520616002e-03
1.103684495784019726e+00 3.021978070381877227e-03
1.104652593540928374e+00 3.002633826623134303e-03
1.107404029271090495e+00 3.076869531479028627e-03
1.106028311406009879e+00 3.205135858123404381e-03
1.102818303054153848e+00 3.135873676168650544e-03
1.106690694081789328e+00 3.383933612768465736e-03
1.108168316973913603e+00 3.136639380987349401e-03
1.107098314189961519e+00 3.330170686185703229e-03
1.101187822621465306e+00 3.039482926625370653e-03
1.108117364460392107e+00 3.284959562076102298e-03
1.106741646595310824e+00 3.043720801335807365e-03
1.101850205297245200e+00 2.760385044022230054e-03
1.103276875675847535e+00 3.203920628406080502e-03
1.105264023703186993e+00 3.015816391069169825e-03
1.110614037622946526e+00 3.406723310133436683e-03
1.106384979000660351e+00 3.384485952704990863e-03
1.107556886811655206e+00 3.226046634237945358e-03
1.106028311406009657e+00 3.565569377412181138e-03
1.108117364460391885e+00 3.491831179613647668e-03
1.108321174514478091e+00 3.281163848634700841e-03
1.113773093461280617e+00 3.179469505442723137e-03
1.113314520839586930e+00 3.598109791112660133e-03
1.108983557190257763e+00 2.766022323639396891e-03
1.119581680002733837e+00 3.042150958238359730e-03
1.113314520839587152e+00 3.437218192726015833e-03
1.112499280623242548e+00 3.370804342687550893e-03
1.112499280623242548e+00 3.096215336651402320e-03
1.118766439786389455e+00 3.398177417146051264e-03
1.113925951001845327e+00 2.981706089518150471e-03
1.113925951001845327e+00 3.350688582219218253e-03
1.121670733057116287e+00 3.478303107167241524e-03
1.120906445354293401e+00 3.305494981704557890e-03
1.119225012408083364e+00 3.164717178086973171e-03
1.120447872732599937e+00 2.746123047603334956e-03
1.117594531975394823e+00 3.045490169876769859e-03
1.118307867164695990e+00 2.744118087832478955e-03
1.118562629732303471e+00 2.973619421110569420e-03
1.115709288975098579e+00 3.011961634029516454e-03
1.118409772191738760e+00 3.474031152789855241e-03
1.124116453706149210e+00 3.431079609712946871e-03
1.125848839165881188e+00 3.341253566706869991e-03
1.122333115732895958e+00 3.099387412340694030e-03
1.116575481704964234e+00 2.956207576055064085e-03
1.124931693922493592e+00 3.763494203792094352e-03
1.124931693922493814e+00 2.747521869273355719e-03
1.123352166003326325e+00 3.239137486700996351e-03
1.119734537543298769e+00 3.258806613978699855e-03
1.120142157651470738e+00 3.383104933781166165e-03
1.124320263760235417e+00 3.352733465786172755e-03
1.121619780543594791e+00 3.470146734987660485e-03
1.121059302894857890e+00 2.861930613501981364e-03
1.118970249840475661e+00 3.206221073813845211e-03
1.122842640868111364e+00 3.250898140759871102e-03
1.121568828030073295e+00 3.564677320107076299e-03
1.127581224625612499e+00 3.346129577508387236e-03
1.128192654787870897e+00 3.227876919596438243e-03
1.123250260976283554e+00 3.359390061111757007e-03
1.123708833597977019e+00 3.227748230159909696e-03
1.122231210705852966e+00 3.238191582253118622e-03
1.124625978841364393e+00 2.959683227831645756e-03
1.128549322382521591e+00 3.109205708296906671e-03
1.122485973273460669e+00 3.455298036182475295e-03
1.127530272112091225e+00 3.476455309663877696e-03
1.125594076598273485e+00 3.004487879376789832e-03
1.128855037463650790e+00 3.265734170004052674e-03
1.125950744192923958e+00 2.880737238222356306e-03
1.134561718978060796e+00 3.321916321043928699e-03
1.129874087734080934e+00 3.128500927087245285e-03
1.129415515112387247e+00 3.139183489692940528e-03
1.133287906140022949e+00 3.247122575835889677e-03
1.128090749760827904e+00 2.888045818871262140e-03
1.128956942490693782e+00 3.085872003786946371e-03
1.129517420139430239e+00 2.988142291132594216e-03
1.138077442411045803e+00 3.043272966711729841e-03
1.132319808383114079e+00 3.316910793720683100e-03
1.132727428491286048e+00 3.658035631119016442e-03
1.130332660355774621e+00 3.619633710967026709e-03
1.130791232977468530e+00 3.547539252582268630e-03
1.137160297167658207e+00 3.178436416651399775e-03
1.136294104437792551e+00 3.370130359358743978e-03
1.137720774816395108e+00 3.429842248479393532e-03
1.133491716194108712e+00 3.510251009239533006e-03
1.132727428491286270e+00 3.491730806361041054e-03
1.137211249681179925e+00 3.322103881603106351e-03
1.141847928411638291e+00 3.246099021348492104e-03
1.134561718978061018e+00 3.205783792279687412e-03
1.138128394924567299e+00 3.666726399425796618e-03
1.140828878141207925e+00 3.204240683601487175e-03
1.137415059735265910e+00 3.590529306268051141e-03
1.137822679843438101e+00 2.960617271279537051e-03
1.136396009464835544e+00 2.970562127134662549e-03
1.140064590438385261e+00 2.971890252585824687e-03
1.132319808383114079e+00 3.005662816885310354e-03
1.147962230034220488e+00 3.185550982369543017e-03
1.139096492681476169e+00 3.294618838020482894e-03
1.136497914491878536e+00 3.291469273797419624e-03
1.139249350222040658e+00 3.576793866546195029e-03
1.143376503817283840e+00 3.137926171807243429e-03
1.150051283088602716e+00 3.632110175912819060e-03
1.146586512169139649e+00 3.437297499158306451e-03
1.150356998169732137e+00 3.072888598342587464e-03
1.146280797088010672e+00 3.076772496831400860e-03
1.148981280304651076e+00 3.419801983629364248e-03
1.147045084790833336e+00 3.339046153617735747e-03
1.144293649060671214e+00 3.223691883271119323e-03
1.148267945115349686e+00 3.298713891448412042e-03
1.145108889277015374e+00 3.278979323802871243e-03
1.151019380845511808e+00 3.357747445610131162e-03
1.148369850142392901e+00 3.123563625832769929e-03
1.156777014873443532e+00 2.834608813642890222e-03
1.151834621061855968e+00 3.437308828499247102e-03
1.148573660196478885e+00 3.023554094117769479e-03
1.148930327791129358e+00 3.534371334547755511e-03
1.150306045656210641e+00 3.399181909755515964e-03
1.151070333359033304e+00 3.372517579287514448e-03
1.149745568007474184e+00 3.257376296625043299e-03
1.151630811007770205e+00 3.312661904318051163e-03
1.156420347278792837e+00 3.439272017066479468e-03
1.147096037304354832e+00 3.305385022906775529e-03
1.153057481386372540e+00 3.071870374139429056e-03
1.149134137845215564e+00 3.448984635422266444e-03
1.150102235602124434e+00 3.279264344352752960e-03
1.157897970170916890e+00 3.169311874140448571e-03
1.152955576359329548e+00 3.296477992735981875e-03
1.156420347278792837e+00 3.306103616034580892e-03
1.156827967386965028e+00 3.406201252785534019e-03
1.159120830495433463e+00 3.237646359260475809e-03
1.157948922684438386e+00 3.898646480250647813e-03
1.163095126550112157e+00 3.645209908224195019e-03
1.156063679684142143e+00 3.173175931629724188e-03
1.165999419820838767e+00 3.294461234312190574e-03
1.158509400333175288e+00 3.000043150783484203e-03
1.165642752226187850e+00 3.495788047976562500e-03
1.161107978522772477e+00 3.188548696322976959e-03
1.159579403117126928e+00 3.078691527101010128e-03
1.160853215955165219e+00 3.121921667502349125e-03
1.167222280145355118e+00 3.546569459101480640e-03
1.164368939388150226e+00 3.192129224327173304e-03
1.167527995226484316e+00 3.249871781148627216e-03
1.166559897469575668e+00 2.919894682104757361e-03
1.167731805280570301e+00 3.241521062961782301e-03
1.172776104119200857e+00 3.332450198748714790e-03
1.163706556712370110e+00 3.448788919735308687e-03
1.167069422604790851e+00 2.876448777063500550e-03
1.168241330415785706e+00 3.379696007676297274e-03
1.163604651685327118e+00 3.400010488196372836e-03
1.171298481227077026e+00 3.297422923635161349e-03
1.165235132118015882e+00 3.085905655791629232e-03
1.161413693603901898e+00 3.542497091631763295e-03
1.169973715875517239e+00 3.434104913548966832e-03
1.169107523145651362e+00 3.437312604937942280e-03
1.163757509225891829e+00 3.183920606224171362e-03
1.171349433740598522e+00 3.220279474616575578e-03
1.169871810848474025e+00 3.329796463275453474e-03
1.167222280145355340e+00 3.389361046256941009e-03
1.166865612550704645e+00 3.394691855184768514e-03
1.171909911389335202e+00 3.239694479152790789e-03
1.172062768929899690e+00 3.181559156804589748e-03
1.169566095767345271e+00 3.438064033689200959e-03
1.174967062200626300e+00 3.009542894681524645e-03
1.177412782849659223e+00 3.387062348123958625e-03
1.172979914173287064e+00 3.383047379091704780e-03
1.179756598471649154e+00 3.048216821368631389e-03
1.174508489578932613e+00 3.700233134706775503e-03
1.179145168309390979e+00 2.866643836665992880e-03
1.175170872254712284e+00 3.020495772316382933e-03
1.180928506282644230e+00 2.972396880874128827e-03
1.177005162741487032e+00 3.081152882520936300e-03
1.179756598471649154e+00 3.360931456552905452e-03
1.177361830336137727e+00 3.280392307674595467e-03
1.177667545417266703e+00 3.391447680038735951e-03
1.176852305200922544e+00 2.957160275832446637e-03
1.177412782849659223e+00 3.212397378362717108e-03
1.182864701796461748e+00 3.392840606905726895e-03
1.180317076120385833e+00 3.070285328863987979e-03
1.173642296849066513e+00 3.741659937646460952e-03
1.179756598471649376e+00 2.942475672514481555e-03
1.178075165525439116e+00 3.102853287744490596e-03
1.181285173877294703e+00 3.542790223979799206e-03
1.185208517418451679e+00 3.324681766297017498e-03
1.186431377742968252e+00 3.204341960232317578e-03
1.177259925309094735e+00 3.696428396653682422e-03
1.186635187797054458e+00 2.958950696478200321e-03
1.190864246419340411e+00 3.342776142501512754e-03
1.186074710148317557e+00 3.157292553624563205e-03
1.186838997851140443e+00 2.878505871184185941e-03
1.185412327472537664e+00 3.287523139692078745e-03
1.188418525770307710e+00 3.028735867710647539e-03
1.189845196148910045e+00 3.110570618912195367e-03
1.188316620743264496e+00 3.435465431108886830e-03
1.193004251987244357e+00 3.263423966858667452e-03
1.195246162582191296e+00 3.140473371467961822e-03
1.193055204500766076e+00 3.155766867282865703e-03
1.198965696069261844e+00 3.482051679628338312e-03
1.193513777122459540e+00 3.153870040020175566e-03
1.192698536906115159e+00 3.214820969870099774e-03
1.199729983772085173e+00 3.450576294824001054e-03
1.197895693285310204e+00 3.307893529624059137e-03
1.197589978204181227e+00 3.031991385537985157e-03
1.197131405582487540e+00 3.466269198849911918e-03
1.195348067609234066e+00 2.809674245677612654e-03
1.203041897150983752e+00 3.283429942995733618e-03
1.196774737987836845e+00 3.509481747766750922e-03
1.195042352528105312e+00 3.533397926938369130e-03
1.205334760259452187e+00 3.353198038136657837e-03
1.198456170934046883e+00 3.171539193914759379e-03
1.196316165366143158e+00 3.436270150357070927e-03
1.200850939069558310e+00 3.162058144520647762e-03
1.196876643014879615e+00 3.752800494385903456e-03
1.211652871936120812e+00 3.509718461562670675e-03
1.205436665286495179e+00 3.607535111231818283e-03
1.206608573097490256e+00 3.513596075747197484e-03
1.205181902718887477e+00 3.533019511225372021e-03
1.200698081528993599e+00 3.736942238401639617e-03
1.205742380367624378e+00 3.309243174659460413e-03
1.207372860800312919e+00 3.256256306259178949e-03
1.210022391503432049e+00 3.376929487291235876e-03
1.214149545098675009e+00 3.416190296020474998e-03
1.210735726692733438e+00 3.213851752585141549e-03
1.209156198773566393e+00 3.613047009192111355e-03
1.206965240692140728e+00 3.702432060932126824e-03
1.209461913854695148e+00 3.261263381894216693e-03
1.208493816097786278e+00 3.007195592567634117e-03
1.215372405423191582e+00 3.535957598129872616e-03
1.212468112152464972e+00 3.599350615680871161e-03
1.214710022747411688e+00 3.228455958580907226e-03
1.209105246260044675e+00 3.590164143733428660e-03
1.211601919422599316e+00 3.642388460699002260e-03
1.212111444557814277e+00 3.208163826180322926e-03
1.211601919422599094e+00 3.514704234983170947e-03
1.215117642855583879e+00 3.262755651433640967e-03
1.217461458477573810e+00 3.332539788753641208e-03
1.215983835585449979e+00 3.323650852354017270e-03
1.219856226613085237e+00 3.239409984182736128e-03
1.214608117720368918e+00 3.459563105499074455e-03
1.218633366288568887e+00 3.247222515036744719e-03
1.215321452909669864e+00 3.341533275496144824e-03
1.215729073017842055e+00 3.290581806219929680e-03
1.223320997532548748e+00 3.253324970870818782e-03
1.221945279667467466e+00 3.084083713124655731e-03
1.223371950046070022e+00 3.209907254006741980e-03
1.227346246100748495e+00 3.446782193201215674e-03
1.212162397071335773e+00 3.254884690177389187e-03
1.220467656775343634e+00 3.341941142182759672e-03
1.220977181910558818e+00 3.297914967916457801e-03
1.222607662343247137e+00 3.244999140239588319e-03
1.226938625992576526e+00 3.179841008666518115e-03
1.224645762884107869e+00 3.742842768529155810e-03
1.222556709829725863e+00 3.079905592044969009e-03
1.232594354993465480e+00 3.280423964206658719e-03
1.224951477965237290e+00 3.366739140933083015e-03
1.229791966749781640e+00 2.969875987665336527e-03
1.225664813154538457e+00 3.159055838334239724e-03
1.233307690182766647e+00 3.425206689788522392e-03
1.233460547723331135e+00 3.376314397138159649e-03
1.233205785155723433e+00 3.295394926309852708e-03
1.237281986237445119e+00 3.468575283323404451e-03
1.222200042235075168e+00 3.597030936006050204e-03
1.231982924831206860e+00 3.151749674763360768e-03
1.235702458318277852e+00 3.442561620460329180e-03
1.234887218101933914e+00 3.644935696671133731e-03
1.232288639912336059e+00 3.121439308076481151e-03
1.236517698534622234e+00 3.232699075335226241e-03
1.231626257236556610e+00 3.051247357975077085e-03
1.235906268372364059e+00 3.007057458911483079e-03
1.234581503020804494e+00 3.314166281506600482e-03
1.240288184535214722e+00 2.786739184773338873e-03
1.234428645480240005e+00 3.719938293232544907e-03
1.233868167831503326e+00 3.495279293425199944e-03
1.239931516940564249e+00 3.161520321224987710e-03
1.236415793507579020e+00 3.253703999566344342e-03
1.247217726374141522e+00 3.306700361550893481e-03
1.238963419183655157e+00 3.130902395361047363e-03
1.238148178967311219e+00 2.981810571170091361e-03
1.240288184535214722e+00 3.399456852178850408e-03
1.240033421967607019e+00 3.600277347968070842e-03
1.240593899616343920e+00 3.553736011222686456e-03
1.244772005725108599e+00 3.156897837574767444e-03
1.237587701318574096e+00 2.964210371717687989e-03
1.245485340914409988e+00 3.227265599069817185e-03
1.238861514156612387e+00 3.439272017066487275e-03
1.242988667751855569e+00 3.154121095662577867e-03
1.246351533644275644e+00 3.157263773913844031e-03
1.243498192887070308e+00 3.624081474003963167e-03
1.247064868833576812e+00 3.342733426617737306e-03
1.245230578346802064e+00 3.329285737065978967e-03
1.248236776644571888e+00 3.359973479394443019e-03
1.246606296211883347e+00 3.625080662938150265e-03
1.244364385616936408e+00 3.160744216430678120e-03
1.241358187319166584e+00 2.954085947720933806e-03
1.249714399536695941e+00 3.269770120490906283e-03
1.251854405104599888e+00 3.476007210828128968e-03
1.254503935807718795e+00 3.407515769848402758e-03
1.250427734725997109e+00 3.652993187227598221e-03
1.250427734725997109e+00 3.576140556273042174e-03
1.257459181591967123e+00 3.274562297033882692e-03
1.254300125753632811e+00 3.451843829172823730e-03
1.257968706727182306e+00 3.354533325255747069e-03
1.261433477646645596e+00 3.298938184940137380e-03
1.258121564267746795e+00 3.463013361274364186e-03
1.255115365969977193e+00 3.308839123565399717e-03
1.261382525133124100e+00 3.244595090290194016e-03
1.266375871458232938e+00 3.026849493841183951e-03
1.256949656456751718e+00 3.361336969453174346e-03
1.264388723430893480e+00 3.101832345275849258e-03
1.255217270997020185e+00 3.127670975904820426e-03
1.264898248566109107e+00 2.921228068892623049e-03
1.258427279348875993e+00 3.380771265329664352e-03
1.260974905024951687e+00 3.979684875625651673e-03
1.263930150809200015e+00 3.378651143994916561e-03
1.264796343539065893e+00 3.302792076814859736e-03
1.266477776485276152e+00 3.156174063274737318e-03
1.265254916160759580e+00 3.350378642498018974e-03
1.267700636809792281e+00 3.624708237614255452e-03
1.270197309972346922e+00 3.308085809204394569e-03
1.266936349106969839e+00 3.548797759004221255e-03
1.265407773701324068e+00 3.331063193997186363e-03
1.268210161945007686e+00 3.175756170434956144e-03
1.268413971999093892e+00 3.733741645069941530e-03
1.271267312756299006e+00 3.256479537919410895e-03
1.272693983134901341e+00 3.439090846609343943e-03
1.274069700999982402e+00 2.870123925232458822e-03
1.274783036189283791e+00 3.358632625306529930e-03
1.266987301620491335e+00 3.504921891217429534e-03
1.272693983134901341e+00 3.430776932602962268e-03
1.272795888161944555e+00 3.564036357459011203e-03
1.272744935648423059e+00 3.615202019588544848e-03
1.267343969215142030e+00 3.377025585007571544e-03
1.272948745702509044e+00 2.994586333330950551e-03
1.277228756838316492e+00 3.390758658604081655e-03
1.274833988702805287e+00 2.959963910360021658e-03
1.277840187000575112e+00 3.095229949151616800e-03
1.270095404945303930e+00 3.434728550993161426e-03
1.275190656297455982e+00 3.672881110038862806e-03
1.269382069756002762e+00 3.182130306938243079e-03
1.272948745702509044e+00 3.344348483837420675e-03
1.276872089243666242e+00 2.927331653862586935e-03
1.275802086459714157e+00 2.993407048212375944e-03
1.278298759622268577e+00 3.164028013588587873e-03
1.279572572460306867e+00 3.240339509010445838e-03
1.279368762406220661e+00 3.935183714566184085e-03
1.277228756838316936e+00 3.498534786202443618e-03
1.280031145082000332e+00 3.466310392383437165e-03
1.285330206488238591e+00 3.623934616570630152e-03
1.284311156217808003e+00 3.449372270250358578e-03
1.280846385298344714e+00 3.207220928778428074e-03
1.288387357299529912e+00 3.375729957683011075e-03
1.292820225975901849e+00 3.465055642398984139e-03
1.288947834948266369e+00 2.956282222605474165e-03
1.284973538893588119e+00 3.750824907252014225e-03
1.290221647786304437e+00 3.620895839424434319e-03
1.285788779109932056e+00 3.691157069548140716e-03
1.293278798597595536e+00 3.154824768092218817e-03
1.288438309813050964e+00 3.640078376997385283e-03
1.289355455056438560e+00 2.790318932281381399e-03
1.300870723112302008e+00 3.746392485357732168e-03
1.299953577868914856e+00 3.231514295760194548e-03
1.300361197977086603e+00 3.112877500398420622e-03
1.301227390706952702e+00 3.603646911882658205e-03
1.297354999679317222e+00 3.067540208555001938e-03
1.289712122651089254e+00 3.443918797206086541e-03
1.293737371219289445e+00 3.593882726424828776e-03
1.296335949408886634e+00 3.464512400742905760e-03
1.299953577868914856e+00 3.569717242803539022e-03
1.301329295733995473e+00 3.640431401322056278e-03
1.296743569517058825e+00 3.160185631566221447e-03
1.297304047165795948e+00 3.465385292362014452e-03
1.296845474544102039e+00 3.673852893724005413e-03
1.305813116923889350e+00 3.271179145813686573e-03
1.291495460624342506e+00 3.698661171356589731e-03
1.301533105788081679e+00 3.134217458688978632e-03
1.299291195193134962e+00 3.811830378668339299e-03
1.310551700681391152e+00 3.621731040480329154e-03
1.301533105788082123e+00 3.216790811111481987e-03
1.305201686761631175e+00 3.347308690832727189e-03
1.298323097436226092e+00 3.481678868156634025e-03
1.299902625355393360e+00 3.429565957034700491e-03
1.299647862787785657e+00 3.267705099294852811e-03
1.304692161626415992e+00 3.337677446608210315e-03
1.304488351572329563e+00 3.815288692545014404e-03
1.300361197977086603e+00 3.246774763437000697e-03
1.306577404626712235e+00 3.689243473817550769e-03
1.305354544302195663e+00 2.846526821156059213e-03
1.301991678409775588e+00 3.464006547445500767e-03
1.305762164410367854e+00 2.913735423659270622e-03
1.310347890627304723e+00 3.413270812624458975e-03
1.313506946465639036e+00 3.018797754732203097e-03
1.312895516303380639e+00 3.885963518242753489e-03
1.311315988384213815e+00 3.884904457286350501e-03
1.303927873923593106e+00 3.501679750560618594e-03
1.309125030302788373e+00 3.174452001214184051e-03
1.304080731464157816e+00 3.732350738823066692e-03
1.313048373843945127e+00 3.525218055960315476e-03
1.312997421330424075e+00 3.271310094802335616e-03
1.308513600140529975e+00 3.172684998973764655e-03
1.315646952033542982e+00 3.671566142446743876e-03
1.311061225816605891e+00 3.452099536350260352e-03
1.312844563789859365e+00 3.581128098719814270e-03
1.316462192249886920e+00 3.566224624260364538e-03
1.322780303926555767e+00 3.490020299994493584e-03
1.321914111196689889e+00 3.721204772825578797e-03
1.321659348629082187e+00 3.504051439511818213e-03
1.326652694954191469e+00 2.999177652173092012e-03
1.324716499440373507e+00 3.566908864677249651e-03
1.330117465873654758e+00 3.376348998933543458e-03
1.326245074846018834e+00 3.637752552935562961e-03
1.327875555278707598e+00 3.652851045755569400e-03
1.324410784359244309e+00 3.411749258925313860e-03
1.332410328982122749e+00 3.618256341445942083e-03
1.328996510576181178e+00 3.476052023311109428e-03
1.329098415603224392e+00 3.622648464270616757e-03
1.334142714441854283e+00 3.867893197029615565e-03
1.329607940738439353e+00 3.340402641841636825e-03
1.334601287063548414e+00 3.609207907064828323e-03
1.328588890468008987e+00 3.457269782888776170e-03
1.334703192090591406e+00 3.256977767682878947e-03
1.332614139036208734e+00 3.214045619424058496e-03
1.333174616684946079e+00 3.274070707918423553e-03
1.333684141820161040e+00 3.516092634711600294e-03
1.337913200442447215e+00 3.473343564732347087e-03
1.329607940738439131e+00 3.764283972450652334e-03
1.333327474225510567e+00 3.506965676934369145e-03
1.334448429522983481e+00 3.031888633163233159e-03
1.339187013280485061e+00 3.739428537754242547e-03
1.334346524495940711e+00 3.325646006263179889e-03
1.338371773064140680e+00 3.983613362366524371e-03
1.335161764712285093e+00 3.319739062098969566e-03
1.341072256280781083e+00 3.609635874322220019e-03
1.341530828902474992e+00 3.710532618779444677e-03
1.344129407092072404e+00 3.663180986563181665e-03
1.340002253496829221e+00 3.717313249179970795e-03
1.342753689226991565e+00 3.681282958965988346e-03
1.337811295415404222e+00 3.610441322128690733e-03
1.345861792551804159e+00 3.326457781023734080e-03
1.344587979713766090e+00 3.807636028161342275e-03
1.337403675307231810e+00 3.356107893958779065e-03
1.336792245144973412e+00 3.478750910267970013e-03
1.341632733929517984e+00 3.511748366602517740e-03
1.334601287063548414e+00 3.668425282009971262e-03
1.338830345685834589e+00 3.380801981951825960e-03
1.336741292631452360e+00 4.172510012052882064e-03
1.340562731145566122e+00 3.433439575420709714e-03
1.343008451794599045e+00 3.508297939211939189e-03
1.341123208794302801e+00 3.658106601817823385e-03
1.348766085822530547e+00 3.730837539686556598e-03
1.345454172443631968e+00 3.377882655680893714e-03
1.338218915523576191e+00 3.418070672742675419e-03
1.345607029984196679e+00 4.056677728950509182e-03
1.350447518768741029e+00 3.457641471975304338e-03
1.345046552335459777e+00 3.566861554404764014e-03
1.352842286904252456e+00 3.664275790725581624e-03
1.352893239417774174e+00 3.726475396383077763e-03
1.356969440499495638e+00 3.406475628665838525e-03
1.360841831527131118e+00 3.366303430149211566e-03
1.358345158364576921e+00 3.352752824252675738e-03
1.362879932067991406e+00 3.941008118546899044e-03
1.359007541040356370e+00 3.838084114200399858e-03
1.365784225338718239e+00 3.263746141470146023e-03
1.371185191771999934e+00 3.531064330023649025e-03
1.364968985122374301e+00 3.086073910310703494e-03
1.373070434772295512e+00 3.831449459205736596e-03
1.372357099582994788e+00 3.158476405807000755e-03
1.367669468339014482e+00 3.206087466339426102e-03
1.368128040960708613e+00 3.278365653804305498e-03
1.372153289528908360e+00 3.653956050068183411e-03
1.369248996258181528e+00 3.748650905144350169e-03
1.370115188988047628e+00 3.668846341626290971e-03
1.366497560528020294e+00 3.534150963851485396e-03
1.377146635854017198e+00 3.453404100207548618e-03
1.375210440340199458e+00 3.433439575420704944e-03
1.371847574447779383e+00 3.530604778854864404e-03
1.370013283961004635e+00 3.795230385598907102e-03
1.373376149853424710e+00 3.329110278684930310e-03
1.370318999042133834e+00 3.864266977109507336e-03
1.367669468339014704e+00 3.431382260124235702e-03
1.377554255962189611e+00 3.239950903914906588e-03
1.384687607855202618e+00 3.268352544406919694e-03
1.375669012961893367e+00 3.597348492179026046e-03
1.371745669420736169e+00 3.317830343204885429e-03
1.370268046528612338e+00 3.185881031954786689e-03
1.373070434772295956e+00 3.102882572120836766e-03
1.371694716907214895e+00 3.431053126531770185e-03
1.378471401205576985e+00 3.377882655680904990e-03
1.375057582799635414e+00 3.760751143167439386e-03
1.375057582799635192e+00 3.309074499133782439e-03
1.369758521393397377e+00 3.480530357916051306e-03
1.375923775529500626e+00 3.688691019867307904e-03
1.377758066016275817e+00 3.681561515076769292e-03
1.377299493394581908e+00 3.437025583772006232e-03
1.373223292312860666e+00 3.198194745979620647e-03
1.378726163773185132e+00 3.740011675847591116e-03
1.379847119070657824e+00 3.644169931795721799e-03
1.378165686124448008e+00 3.787835351922694792e-03
1.379184736394877930e+00 3.740521847104829982e-03
1.378777116286706850e+00 3.326676301921851434e-03
1.372408052096516284e+00 3.516830921887123367e-03
1.377859971043318588e+00 3.743990554877247440e-03
1.373223292312860000e+00 3.615058392195540787e-03
1.376891873286409718e+00 3.405732476187416612e-03
1.376789968259366725e+00 2.916531843698859459e-03
1.376382348151194535e+00 3.170687756398996113e-03
1.381477599503346587e+00 3.461157401090812769e-03
1.372815672204688475e+00 3.909276604373869250e-03
1.385808563152675754e+00 3.602349912826142281e-03
1.385604753098589548e+00 3.117606891990137331e-03
1.397323831208539424e+00 3.381109132825620926e-03
1.399158121695314838e+00 3.625424406203639656e-03
1.391362387126521494e+00 3.734148387213836150e-03
1.401349079776739837e+00 3.102234067650001641e-03
1.400635744587438003e+00 3.853721538616674321e-03
1.405374328344939583e+00 3.371235621304381844e-03
1.404304325560987721e+00 2.998692863836562462e-03
1.403336227804078407e+00 3.652022961710395775e-03
1.402266225020126988e+00 3.536133805714496321e-03
1.403336227804078629e+00 3.401747174854513785e-03
1.403590990371686109e+00 3.756468660027874155e-03
1.404100515506901514e+00 3.869024016237827910e-03
1.409042909318488856e+00 3.669638793369873510e-03
1.404966708236767392e+00 3.303432645180564599e-03
1.403285275290557133e+00 3.245815087735195396e-03
1.408686241723838384e+00 3.598329852260292224e-03
1.403743847912250819e+00 3.860556654040701169e-03
1.407667191453408240e+00 3.449059907729312702e-03
1.406393378615369505e+00 3.575004237996921332e-03
1.409552434453704262e+00 3.546305922225947982e-03
1.411590534994564550e+00 3.718831951377688568e-03
1.405985758507197758e+00 3.192487056262198388e-03
1.405883853480154544e+00 3.374930034421386258e-03
1.408890051777924590e+00 3.972283574097791939e-03
1.398444786506013227e+00 3.931669082963764814e-03
1.403234322777035414e+00 3.390065668061712119e-03
1.412354822697387879e+00 2.958336458569417893e-03
1.409399576913139329e+00 3.743411504241956657e-03
1.405832900966633270e+00 3.813291013846089542e-03
1.404813850696202460e+00 3.568655266393382618e-03
1.396559543505716094e+00 3.352365633683190068e-03
1.408941004291446086e+00 3.571371405406383644e-03
1.416125308697980367e+00 3.362696046419436091e-03
1.412100060129779955e+00 2.863417929122454367e-03
1.402673845128299179e+00 3.664771710841673111e-03
1.402215272506605270e+00 3.200998139545488917e-03
1.401349079776739392e+00 3.507576359958831068e-03
1.413883398103032984e+00 3.367355980128260064e-03
1.404610040642116697e+00 3.701888588266154072e-03
1.407004808777628346e+00 3.679247802017991589e-03
1.408431479156230903e+00 3.706356720894627040e-03
1.403794800425772760e+00 3.945396277314354092e-03
1.404406230588030491e+00 3.866137591184689269e-03
1.403794800425772538e+00 3.080769478735781181e-03
1.408584336696795170e+00 3.438067809298361345e-03
1.404711945669159912e+00 3.512413653867793063e-03
1.410826247291741886e+00 3.649580263954113699e-03
1.418214361752362818e+00 3.730541785410710406e-03
1.421373417590696908e+00 3.522801660813247755e-03
1.421016749996046213e+00 3.905914802466534975e-03
1.424838188510160641e+00 3.882497945920560575e-03
1.432888685646560356e+00 4.020443910034579224e-03
1.429067247132446816e+00 3.157148652447505123e-03
1.433907735916990944e+00 3.159594081132010342e-03
1.431971540403173204e+00 3.592419603669160574e-03
1.439053939782664049e+00 3.390758658604095532e-03
1.427232956645671624e+00 3.500789952962650442e-03
1.428252006916102435e+00 3.424160549673716143e-03
1.435894883944329958e+00 3.583827540670035585e-03
1.434468213565727623e+00 3.599988896564090910e-03
1.433703925862904738e+00 3.735243242069955730e-03
1.439002987269142331e+00 3.572970306809817535e-03
1.429423914727096845e+00 3.985056637436226040e-03
1.433245353241211051e+00 3.519502226402584921e-03
1.433347258268254043e+00 3.480560194144899974e-03
1.441346802891132706e+00 3.576891852795323953e-03
1.441805375512826171e+00 3.280946252887793901e-03
1.438034889512234127e+00 3.537352334526815221e-03
1.435334406295592835e+00 3.234882751297673501e-03
1.436862981701238828e+00 3.255682211706098592e-03
1.440633467701831316e+00 3.575178521114758586e-03
1.433245353241211051e+00 3.477948555488832687e-03
1.438544414647448644e+00 3.706304185941251220e-03
1.435640121376722478e+00 3.666666216234868401e-03
1.438085842025755401e+00 3.864804409565090505e-03
1.439155844809707707e+00 3.374810798854193522e-03
1.439053939782663827e+00 3.551561979409580735e-03
1.439002987269142553e+00 3.475734589108646268e-03
1.434926786187421310e+00 3.739550032355870059e-03
1.441448707918175920e+00 4.165893833225415253e-03
1.436608219133630904e+00 3.452761278754417490e-03
1.435792978917286966e+00 3.848935469008676023e-03
1.442620615729170552e+00 3.385318128078003939e-03
1.437270601809411019e+00 2.994044440131062197e-03
1.440022037539573141e+00 3.708177472481363930e-03
1.443537760972557926e+00 3.029100145455084457e-03
1.438289652079841385e+00 3.613575105601696171e-03
1.436608219133631126e+00 3.744923088894605047e-03
1.438799177215057012e+00 3.975638230802693886e-03
1.437678221917583210e+00 3.768347454196038001e-03
1.437525364377018722e+00 3.944909310778560788e-03
1.444047286107773109e+00 3.412692702132754004e-03
1.433907735916991166e+00 3.367228766293762273e-03
1.438391557106884822e+00 3.966694901550821620e-03
1.436353456566023423e+00 3.532574912829425460e-03
1.441754422999304897e+00 3.553619122345276320e-03
1.440378705134224058e+00 3.557945101672148423e-03
1.450569207838527719e+00 3.618001614121183623e-03
1.454594456406728353e+00 4.099860368166162797e-03
1.458976372569578350e+00 3.836893429492821590e-03
1.461116378137482075e+00 3.792657454456476417e-03
1.460708758029310328e+00 3.526896769887147808e-03
1.466364487030199060e+00 4.014670083449157004e-03
1.465702104354419388e+00 3.658585618024986445e-03
1.461473045732132547e+00 3.789771094612225978e-03
1.465141626705682265e+00 3.220102107827911390e-03
1.470695450679528227e+00 3.697548463188892777e-03
1.463714956327079930e+00 3.527209599709014987e-03
1.464071623921730403e+00 3.473223970305495782e-03
1.470950213247135707e+00 3.982140226536332560e-03
1.468810207679232205e+00 3.944843499879380037e-03
1.468096872489930371e+00 3.739497963724232842e-03
1.464581149056946030e+00 3.111772246181604244e-03
1.466211629489634349e+00 3.668789731380503460e-03
1.470287830571356036e+00 3.644080878924818405e-03
1.468912112706274975e+00 3.709133009274483833e-03
1.465447341786812130e+00 3.498193417226258019e-03
1.463918766381165915e+00 3.528710796807642443e-03
1.469778305436141075e+00 3.703161240855867755e-03
1.472071168544609732e+00 3.619077804591377956e-03
1.469268780300925892e+00 3.648495281511148457e-03
1.468912112706275419e+00 3.384121571893503825e-03
1.463765908840601648e+00 3.667062699075159752e-03
1.470440688111920524e+00 3.814924628052733437e-03
1.473090218815039876e+00 3.821316226124919953e-03
1.473752601490818881e+00 3.317548635977234008e-03
1.466721154624849532e+00 3.445757672252083674e-03
1.470084020517270273e+00 3.566279222730053908e-03
1.468606397625145776e+00 3.792373367058937857e-03
1.462797811083692556e+00 3.884720679147285645e-03
1.462390190975520365e+00 3.275592808882780115e-03
1.467077822219500005e+00 3.705743766764088044e-03
1.464734006597510296e+00 3.547466069870875566e-03
1.464683054083989244e+00 3.306103616034570918e-03
1.462135428407913107e+00 3.471579129144876461e-03
1.465039721678639273e+00 3.110174146979121420e-03
1.457957322299147984e+00 3.608715142414328780e-03
1.457142082082803602e+00 3.648893738776087890e-03
1.461116378137482075e+00 3.240431645651531585e-03
1.453167786028125574e+00 3.118839104946196684e-03
1.461473045732133214e+00 3.435484323392541846e-03
1.458364942407320397e+00 3.599321764153846047e-03
1.455766364217723208e+00 3.632824885297635756e-03
1.460504947975224121e+00 3.715758991997051338e-03
1.459383992677750763e+00 3.335467666842998301e-03
1.466364487030199060e+00 3.339718636416316114e-03
1.466517344570763770e+00 3.423959623866169085e-03
1.475892607058723272e+00 3.585475193478606694e-03
1.485115012006118063e+00 4.030520957773528132e-03
1.481497383546090729e+00 3.563978082411310613e-03
1.497802187872976809e+00 3.295879396377964128e-03
1.490974551061093223e+00 3.660969121754626375e-03
1.489445975655447452e+00 3.402662872274104383e-03
1.490617883466442750e+00 3.682002225364205787e-03
1.485828347195419452e+00 3.569455414955093747e-03
1.495764087332115633e+00 3.591696854073014259e-03
1.497037900170154145e+00 2.984634542431862346e-03
1.488172162817409605e+00 3.859954734851535167e-03
1.492859794061389245e+00 3.585782912822453507e-03
1.493063604115475673e+00 3.898769672174197225e-03
1.500247908522010398e+00 3.378190071984869119e-03
1.495305514710422390e+00 2.796062993669149767e-03
1.488325020357974093e+00 3.451539212076955385e-03
1.490465025925878040e+00 3.693586328791741234e-03
1.492401221439695780e+00 3.343801160008099630e-03
1.491687886250394612e+00 3.491117351557287366e-03
1.489547880682490666e+00 3.585040721203800514e-03
1.490566930952921254e+00 3.445606981713149938e-03
1.488528830412060522e+00 3.640944830145725290e-03
1.484911201952032300e+00 3.122919415986052938e-03
1.490159310844748841e+00 3.850941623611847144e-03
1.482669291357085140e+00 3.596626733053403906e-03
1.492808841547867971e+00 3.651738597702831098e-03
1.494897894602250199e+00 3.543101650526825873e-03
1.490006453304183909e+00 3.921212220772383322e-03
1.488375972871496034e+00 3.654627416803025823e-03
1.488477877898538582e+00 3.297521338365106639e-03
1.496120754926766772e+00 3.722449898604923615e-03
1.497241710224240130e+00 3.789373748463280896e-03
1.491636933736873560e+00 3.592784536963891662e-03
1.483076911465257997e+00 3.519398953974277149e-03
1.493827891818297893e+00 3.411654139287699505e-03
1.488732640466146506e+00 4.250584988481086873e-03
1.484401676816817117e+00 3.505429246306935361e-03
1.485522632114290476e+00 3.457269782888773568e-03
1.478338327707756417e+00 3.331137234120393285e-03
1.481752146113698210e+00 3.772289563634640547e-03
1.489496928168969170e+00 3.945172543397140047e-03
1.488783592979667780e+00 3.283588076177430294e-03
1.486286919817113361e+00 3.503795819006485981e-03
1.486286919817113139e+00 3.794765197483336398e-03
1.483025958951736278e+00 3.416855193922361568e-03
1.488834545493189498e+00 3.673796360625181633e-03
1.487509780141629712e+00 3.099232445797076713e-03
1.483127863978779715e+00 3.374006810383974909e-03
1.489700738223055154e+00 3.590167759386122572e-03
1.496222659953809764e+00 3.707648846355430204e-03
1.503916489495559228e+00 3.756617247203158406e-03
1.506209352604027663e+00 3.579623499910122072e-03
1.514667469848599790e+00 3.751904516349080596e-03
1.512629369307739280e+00 3.365088540311632261e-03
1.521291296606397392e+00 3.313073325310797543e-03
1.517113190497633157e+00 3.199071323972214886e-03
1.520068436281881041e+00 3.642003548502982611e-03
1.518896528470886187e+00 3.802966041295996642e-03
1.522208441849784544e+00 3.692563492563370135e-03
1.519100338524972393e+00 3.165701438544178768e-03
1.514514612308034858e+00 3.417766843562642515e-03
1.518234145795106516e+00 3.303813783360035755e-03
1.521953679282177063e+00 3.727812780841284479e-03
1.526182737904463904e+00 3.836680285004941821e-03
1.523278444633736850e+00 3.445305580862610684e-03
1.516654617875939248e+00 3.856869686731393722e-03
1.513648419578169646e+00 3.518661205624501551e-03
1.517367953065240638e+00 3.569131740097005075e-03
1.518030335741020087e+00 3.642858853706831910e-03
1.519813673714273561e+00 4.065266655345374860e-03
1.517215095524675705e+00 3.266989980152377321e-03
1.515686520119030600e+00 3.750243450545140585e-03
1.510285553685749349e+00 4.056421732223581406e-03
1.503814584468516458e+00 4.263659933265499975e-03
1.508298405658410113e+00 3.449342164251225674e-03
1.504935539765989816e+00 4.051730932041915784e-03
1.506413162658113647e+00 3.786632294859028532e-03
1.505190302333597074e+00 3.783559508598659856e-03
1.508706025766581638e+00 3.871301429151577291e-03
1.505597922441769265e+00 3.797804991608762226e-03
1.502286009062870464e+00 3.593720186646331104e-03
1.503050296765693128e+00 3.555244263425513113e-03
1.504629824684860395e+00 3.301608860113827097e-03
1.502999344252171632e+00 4.058491642965249627e-03
1.503865536982037510e+00 3.829243262805267969e-03
1.508604120739539090e+00 4.104417099027768585e-03
1.504222204576688648e+00 3.363680262022833954e-03
1.508502215712495875e+00 3.612597886886856867e-03
1.510896983848007524e+00 3.616537481149083213e-03
1.507381260415022739e+00 3.491117351557282596e-03
1.503661726927951525e+00 3.544273834453984771e-03
1.503559821900908755e+00 3.496411821121920942e-03
1.502235056549348746e+00 3.378332242564635428e-03
1.513546514551126210e+00 3.333011070424678982e-03
1.517775573173412829e+00 3.273717828290192283e-03
1.516705570389460744e+00 3.660277639893477156e-03
1.517979383227498813e+00 3.504744114395619455e-03
1.535863715473552604e+00 4.028330338035767885e-03
1.529596556310405253e+00 3.217985045336355793e-03
1.537035623284547015e+00 3.188418419539703480e-03
1.537545148419762420e+00 4.021244547045952147e-03
1.535456095365379747e+00 3.643015637878781361e-03
1.540245631636402601e+00 3.464486173128272263e-03
1.534029424986777634e+00 3.653320091625517768e-03
1.535914667987073878e+00 3.355055684248406216e-03
1.539430391420058664e+00 3.582059545447339489e-03
1.541417539447398122e+00 4.019410594366391344e-03
1.539175628852451405e+00 3.923975433782663988e-03
1.537748958473848626e+00 3.628287666953959514e-03
1.534844665203121572e+00 4.220074069524138057e-03
1.534844665203121572e+00 3.604241213801841898e-03
1.532806564662261062e+00 3.738039747572810372e-03
1.543506592501780350e+00 4.085603714000433581e-03
1.531634656851265985e+00 3.658216603679953407e-03
1.539328486393015449e+00 3.668807422176153469e-03
1.535863715473551938e+00 3.251616798938245130e-03
1.539685153987665922e+00 3.876850157322659501e-03
1.542538494744871702e+00 4.261589157558628126e-03
1.532093229472959894e+00 3.183631127205008814e-03
1.527966075877716712e+00 4.064755727623535833e-03
1.539634201474144648e+00 3.211043410651302690e-03
1.523125587093172140e+00 3.751696923342836328e-03
1.530972274175486314e+00 3.700064742006208517e-03
1.531379894283658727e+00 3.530829047297472881e-03
1.528985126148147078e+00 3.898753024844439467e-03
1.527813218337152001e+00 4.148485938972326474e-03
1.525418450201640574e+00 3.607247240190643908e-03
1.524093684850080788e+00 3.538361340341907718e-03
1.525061782606989880e+00 3.896531633471469244e-03
1.526641310526157147e+00 3.494803893782212623e-03
1.532500849581132085e+00 3.787372682892351829e-03
1.532857517175783002e+00 3.736799816435219627e-03
1.522004631795698559e+00 3.454805863002378789e-03
1.526029880363898972e+00 3.861901385793601541e-03
1.529902271391534008e+00 3.538390688931461990e-03
1.521342249119918888e+00 3.689366621064833155e-03
1.522616061957957179e+00 3.317067330783988240e-03
1.519558911146666080e+00 3.344969452051888698e-03
1.530564654067314345e+00 4.067095888719211676e-03
1.532857517175782780e+00 3.553765232841318237e-03
1.536933718257504244e+00 3.938925902817255222e-03
1.544219927691081518e+00 3.521611271710743760e-03
1.549264226529711852e+00 3.162747738254629345e-03
1.548398033799845974e+00 3.704650705528440661e-03
1.550283276800142884e+00 3.394596257583400081e-03
1.550843754448878897e+00 4.149662292562557656e-03
1.554970908044122080e+00 4.124734214325994144e-03
1.558028058855413178e+00 3.538067841056592635e-03
1.563174262721086727e+00 3.409724540464175412e-03
1.557212818639069463e+00 3.381539097178541068e-03
1.555684243233423469e+00 3.351153438053107621e-03
1.562613785072349826e+00 3.495101026136807152e-03
1.559352824206972521e+00 3.559750599656088220e-03
1.552525187395089379e+00 3.195315769762897742e-03
1.553900905260169996e+00 3.975066800018601035e-03
1.556958056071461538e+00 3.838033382330378104e-03
1.554053762800734928e+00 3.491920397860487531e-03
1.547990413691674227e+00 3.171048007863727560e-03
1.548907558935061379e+00 3.658887188648792758e-03
1.557671391260762483e+00 3.818189759638880489e-03
1.553493285151998027e+00 3.520682267584244497e-03
1.546614695826592945e+00 3.643368377597467310e-03
1.553544237665519745e+00 3.981067623375965890e-03
1.549875656691970693e+00 3.588920143058023978e-03
1.547633746097023311e+00 3.654893797995230429e-03
1.549875656691969805e+00 3.664088032023993073e-03
1.544067070150517251e+00 3.421411012995087715e-03
1.550130419259577952e+00 3.692479122288934434e-03
1.541978017096134801e+00 3.702169100249531278e-03
1.545595645556162578e+00 3.525895527941157181e-03
1.540806109285139724e+00 3.760402510452123207e-03
1.542487542231350206e+00 4.206209459089365298e-03
1.536628003176375046e+00 3.824124466064102168e-03
1.543863260096430823e+00 3.984326920351037409e-03
1.539481343933580382e+00 3.511729884601551190e-03
1.552627092422132371e+00 3.167308406178120407e-03
1.543455639988258854e+00 3.316734680693557945e-03
1.540806109285139724e+00 3.419042744682633441e-03
1.536067525527638145e+00 3.699363023247278885e-03
1.535201332797772489e+00 3.561121436881408645e-03
1.532297039527045879e+00 3.692127558726198029e-03
1.532500849581132085e+00 3.847896578131987551e-03
1.529596556310405031e+00 3.465801056120054909e-03
1.537901816014413114e+00 3.756053967052464665e-03
1.545289930475033824e+00 3.372005624494098762e-03
1.553951857773691936e+00 4.012169933178255481e-03
1.549518989097319333e+00 3.710322711011226297e-03
1.558129963882456614e+00 4.359567446551523145e-03
1.562053307423613591e+00 3.584088318593958104e-03
1.553799000233127225e+00 4.373020066181666082e-03
1.555684243233423469e+00 3.586894102827184461e-03
1.559709491801623660e+00 3.402254654286508608e-03
1.575046198371601314e+00 3.415152796809123315e-03
1.571632379965659521e+00 3.900780146946986656e-03
1.573466670452434046e+00 3.968818150473140717e-03
1.571020949803400679e+00 3.408551785326216499e-03
1.574842388317515329e+00 3.657563640943643606e-03
1.575148103398643640e+00 3.408944017821891655e-03
1.571683332479181017e+00 3.900510590464042505e-03
1.562919500153479468e+00 3.920824884476826686e-03
1.577339061480069748e+00 3.903760665842332701e-03
1.568982849262540169e+00 3.362696046419431321e-03
1.570409519641142948e+00 3.831425743420257927e-03
1.568014751505631299e+00 4.000791231927492905e-03
1.565569030856598598e+00 2.951109586675675425e-03
1.565670935883641368e+00 3.524835079417065840e-03
1.568829991721975681e+00 3.610355032744314626e-03
1.565467125829555162e+00 3.448770100333938514e-03
1.567963798992109803e+00 3.738942519868823644e-03
1.564855695667297431e+00 3.806978005818836656e-03
1.565670935883641146e+00 3.637920261763188164e-03
1.560371874477403331e+00 3.794299952334852146e-03
1.561798544856006110e+00 3.301671766024545825e-03
1.564091407964474545e+00 3.648840376487333913e-03
1.569899994505927543e+00 3.085316692717118316e-03
1.561034257153183002e+00 3.668849879737641310e-03
1.561136162180226661e+00 3.512931012411817620e-03
1.559607586774580668e+00 4.196347057874314293e-03
1.561187114693747935e+00 3.474778376792217634e-03
1.558028058855413178e+00 3.232859689984553253e-03
1.543608497528823342e+00 2.977127067665154281e-03
1.543302782447693922e+00 3.830070311731480128e-03
1.548143271232238494e+00 3.030963705037500837e-03
1.548703748880975395e+00 3.372887062279455225e-03
1.550792801935357623e+00 3.810004649007617261e-03
1.548601843853932403e+00 3.742690166194887619e-03
1.556499483449767851e+00 3.359973479394449090e-03
1.562257117477699353e+00 3.563632054688834795e-03
1.567454273856894842e+00 3.297914967916451730e-03
1.565772840910684582e+00 3.596666433569299486e-03
1.568880944235497843e+00 3.538555770212235222e-03
1.562053307423613591e+00 3.699573552850349972e-03
1.576982393885418832e+00 3.743102871803907598e-03
1.571581427452137802e+00 3.901708476732342664e-03
1.573110002857783352e+00 3.312849988826023322e-03
1.576880488858375839e+00 3.691336418287911175e-03
1.574434768209343360e+00 3.665306520896025218e-03
1.582077645237570884e+00 3.693530097732486590e-03
1.586408608886900495e+00 4.278797808742669170e-03
1.585950036265206142e+00 3.884637140755362039e-03
1.584013840751388402e+00 3.973025304871180205e-03
1.585542416157034395e+00 3.566424814562864538e-03
1.590994335103836699e+00 3.518675962107369222e-03
1.584574318400125525e+00 3.899994720565546410e-03
1.595376251266687362e+00 4.034152186078876316e-03
1.580956689940097748e+00 3.597012892199986760e-03
1.586969086535636730e+00 3.778804805493962519e-03
1.579988592183188434e+00 3.331390516834582989e-03
1.583351458075608953e+00 3.557930508057660125e-03
1.586408608886900051e+00 4.258728004727053637e-03
1.582179550264613876e+00 3.690773726356572169e-03
1.578510969291064603e+00 3.795449277924681317e-03
1.573160955371304848e+00 3.747002254274872570e-03
1.578867636885715076e+00 3.630079633964988610e-03
1.573110002857783352e+00 3.612741612099189953e-03
1.572090952587352986e+00 3.323646946769066336e-03
1.565416173316033666e+00 3.472913753066486555e-03
1.571071902316922619e+00 3.724970264921433072e-03
1.573925243074127955e+00 3.930533168951977352e-03
1.566078555991814003e+00 3.958387280070894271e-03
1.562919500153479024e+00 3.798403089707318939e-03
1.561543782288398852e+00 3.819522219133847461e-03
1.566129508505335055e+00 3.992141627878470836e-03
1.550334229313663936e+00 3.572552481198190775e-03
1.558843299071757782e+00 4.170577616537466011e-03
1.559149014152887203e+00 3.586546666726586619e-03
1.565416173316033888e+00 3.498237945503584242e-03
1.569594279424798344e+00 3.673177973054545485e-03
1.570154757073535245e+00 3.499733024482996890e-03
1.578765731858672083e+00 3.584464964323298176e-03
1.575097150885122810e+00 3.878540671881018469e-03
1.575504770993295001e+00 3.705351422907243036e-03
1.577135251425983764e+00 3.841414040457489382e-03
1.571581427452138469e+00 3.421714518593198077e-03
1.567963798992109803e+00 3.945040929283384103e-03
1.577950491642328146e+00 4.060259988383217375e-03
1.581211452507705006e+00 3.762614572004369280e-03
1.586306703859857281e+00 3.825566834620096855e-03
1.590841477563272433e+00 3.718524769715752468e-03
1.598637212132065333e+00 3.179534827835942511e-03
1.599299594807845004e+00 3.496140790511474868e-03
1.592217195428353271e+00 4.223726733211306469e-03
1.588548614454803998e+00 4.222349668864808399e-03
1.588650519481847434e+00 3.575487126627550916e-03
1.597057684212897843e+00 3.382030418077096225e-03
1.599452452348409492e+00 3.514261013221379147e-03
1.587529564184373410e+00 3.642288672554071065e-03
1.594204343455692285e+00 3.733157527566204233e-03
1.589465759698190928e+00 3.455767601726007776e-03
1.593847675861042035e+00 3.762642171420279517e-03
1.583402410589130449e+00 3.482182154213721986e-03
1.578867636885715298e+00 4.211452565388042885e-03
1.587784326751981334e+00 3.753409222275031799e-03
1.582077645237570440e+00 3.933174323787972347e-03
1.582281455291657091e+00 3.866684834912859775e-03
1.579479067047973251e+00 3.932477891430138234e-03
1.585695273697598662e+00 3.366893361326514424e-03
1.579631924588537961e+00 3.495695215077720876e-03
1.577593824047677007e+00 3.415912900356441427e-03
1.576625726290768359e+00 3.727746619455653103e-03
1.570969997289879849e+00 3.256862185167898934e-03
1.573364765425390832e+00 3.418849111771916222e-03
1.562206164964177857e+00 3.991488005516925959e-03
1.565365220802512392e+00 3.754654040113709294e-03
1.558333773936542821e+00 3.981667534310117350e-03
1.565670935883641368e+00 3.303558386347606960e-03
1.571683332479180795e+00 3.300602202489533090e-03
1.578154301696413908e+00 3.685089244132670576e-03
1.587376706643808921e+00 4.152861163721106863e-03
1.592319100455396486e+00 3.457209708174249860e-03
1.591249097671444401e+00 3.683676443595359541e-03
1.588854329535932974e+00 3.338132448420683997e-03
1.590994335103837143e+00 4.072059085571358428e-03
1.591096240130879913e+00 3.776732836918731025e-03
1.587733374238459394e+00 3.719058830631716966e-03
1.583708125670259870e+00 3.558554331667827114e-03
1.579377162020930481e+00 3.986154219065241207e-03
1.582281455291656869e+00 3.478601648972839879e-03
1.587733374238459616e+00 3.737164544768687043e-03
1.588497661941282280e+00 3.690661177675488933e-03
1.591758622806659362e+00 3.739633340658553903e-03
1.603936273538302482e+00 3.618790851759556750e-03
1.606076279106206872e+00 3.694123995069405024e-03
1.605057228835776728e+00 3.724360374203738219e-03
1.604700561241125367e+00 3.913667173922026968e-03
1.603681510970695223e+00 3.486205827023624530e-03
1.601082932781097812e+00 3.103405460887105442e-03
1.595987681428946203e+00 4.164962054495754615e-03
1.596140538969510470e+00 3.740966021192954592e-03
1.594968631158515393e+00 3.525295382713591191e-03
1.592726720563568676e+00 3.662858506134361591e-03
1.590790525049750714e+00 3.464935761909300558e-03
1.585848131238163372e+00 3.398723622957318304e-03
1.585083843535340486e+00 4.056037706838378810e-03
1.582383360318700083e+00 3.962844636930846695e-03
1.577491919020634237e+00 3.542848847538983791e-03
1.584370508346039319e+00 3.128500927087234876e-03
1.578307159236978841e+00 4.071928384849640703e-03
1.574893340831036603e+00 3.846438959700283853e-03
1.570817139749315139e+00 3.923422946868067654e-03
1.573670480506519809e+00 3.509810923553059910e-03
1.569849041992406491e+00 3.287424425648810631e-03
1.570817139749314917e+00 4.182217569234368201e-03
1.581313357534748221e+00 4.097798682921265263e-03
1.582536217859264793e+00 3.669939455719140042e-03
1.588140994346631585e+00 3.205573228044131077e-03
1.601745315456877927e+00 3.897580874124540427e-03
1.592726720563568454e+00 4.191704456497138791e-03
1.600675312672925621e+00 3.539641446313373900e-03
1.591707670293137866e+00 3.452550738110978564e-03
1.590026237346928051e+00 3.095544468603339712e-03
1.587427659157330639e+00 3.817700167925461123e-03
1.584115745778431616e+00 3.424353882244821241e-03
1.576676678804289411e+00 3.685452045626902949e-03
1.580345259777839351e+00 3.815588084038939402e-03
1.582026692724049610e+00 3.584696726640492631e-03
1.588548614454803998e+00 4.008496123510902308e-03
1.587682421724938120e+00 4.252245976806901841e-03
1.593236245698783193e+00 3.775316509630358228e-03
1.604751513754646863e+00 3.874401789014274896e-03
1.608267237187632093e+00 3.536042032026532559e-03
1.609031524890454756e+00 3.624525591980998045e-03
1.611375340512444909e+00 3.460647306412945653e-03
1.616317734324032696e+00 3.710836963952743491e-03
1.616317734324032251e+00 4.045549357899215319e-03
1.605923421565641940e+00 3.562054470992793206e-03
1.602203888078571836e+00 3.523836935385984189e-03
1.605566753970991467e+00 3.683637680832563960e-03
1.607044376863115076e+00 3.732684603590526087e-03
1.594561011050343202e+00 3.854246969859012519e-03
1.595325298753166088e+00 3.682266626218513687e-03
1.599503404861930767e+00 3.805886733621871663e-03
1.598382449564457186e+00 3.732684603590530423e-03
1.595834823888380827e+00 3.351556260956200552e-03
1.595070536185558829e+00 3.483080432237074635e-03
1.592217195428353493e+00 3.695950772919621465e-03
1.586918134022115456e+00 3.707648846355439311e-03
1.588293851887196517e+00 3.819097378198727140e-03
1.581058594967140074e+00 3.658216603679954708e-03
1.579988592183188878e+00 3.251728575935415415e-03
1.585134796048862205e+00 3.864589445551473625e-03
1.584115745778431616e+00 3.538449385380326544e-03
1.591911480347224295e+00 3.758265134163529027e-03
1.584421460859561037e+00 3.541910754155848991e-03
1.594866726131472179e+00 4.077742103961167451e-03
1.600267692564753652e+00 3.411520967339484907e-03
1.595936728915424485e+00 3.893155491844607716e-03
1.595681966347816783e+00 3.874254368638955452e-03
1.591605765266095318e+00 3.350010551834788856e-03
1.589618617238755638e+00 3.781661777295857417e-03
1.583708125670259426e+00 3.688240550316372081e-03
1.579530019561494747e+00 4.019358921609682452e-03
1.584166698291953113e+00 3.748747862027680764e-03
1.579682877102059457e+00 3.507576359958840175e-03
1.583555268129694937e+00 3.384505129555739292e-03
1.582026692724049610e+00 3.916269984757557616e-03
1.584115745778431616e+00 3.839653088983421055e-03
1.591911480347224295e+00 3.895305495961781141e-03
1.607451996971287933e+00 3.861820715093117716e-03
1.599095784753758576e+00 3.665958104508269203e-03
1.609286287458062681e+00 3.545720214596770944e-03
1.607248186917201949e+00 3.589817024119813273e-03
1.602713413213786797e+00 3.245799090736209511e-03
1.603324843376044306e+00 4.054667720090084429e-03
1.600726265186447339e+00 4.244619621092318024e-03
1.596802921645290585e+00 3.476529987187933733e-03
1.603477700916609461e+00 3.604597747920795792e-03
1.601643410429834935e+00 3.758275495946010979e-03
1.593236245698784082e+00 3.548446592809967153e-03
1.593338150725826852e+00 3.759259735045659360e-03
1.584523365886604473e+00 3.437127554562759320e-03
1.590484809968621738e+00 3.159055838334241025e-03
1.583555268129695159e+00 3.636681888822098502e-03
1.572906192803697145e+00 3.505277417812166594e-03
1.584930985994775776e+00 4.003904794616852322e-03
1.587733374238459616e+00 3.279869930782859135e-03
1.580905737426575586e+00 3.832008431644470629e-03
1.594306248482735722e+00 4.021941746196317641e-03
1.598586259618543393e+00 3.233534184392115873e-03
1.596140538969510692e+00 3.510398924811919397e-03
1.599809119943059743e+00 3.678655031686022155e-03
1.602866270754350841e+00 3.882069965498521121e-03
1.594459106023299988e+00 3.642858853706847089e-03
1.586867181508593738e+00 3.968998034614512269e-03
1.582383360318699861e+00 3.626942215931459965e-03
1.585134796048862205e+00 3.511197561227576754e-03
1.584472413373082311e+00 3.976372806861404666e-03
1.579326209507409207e+00 4.021761002466641907e-03
1.572090952587352986e+00 3.625510336927649600e-03
1.572651430236089665e+00 4.202578635575440584e-03
1.568218561559717728e+00 3.763494203792104760e-03
1.573670480506520475e+00 3.992219665187830141e-03
1.584981938508297494e+00 3.888100806354222345e-03
1.579479067047973251e+00 3.708222979816719247e-03
1.592522910509482692e+00 3.669288579105930894e-03
1.596955779185854629e+00 3.697941634923524509e-03
1.608521999755239795e+00 4.122445665568093449e-03
1.604598656214082597e+00 3.606239510582649743e-03
1.607248186917201727e+00 3.358922480610282337e-03
1.605872469052120888e+00 3.896305093646110912e-03
1.605974374079163436e+00 3.948422019551631190e-03
1.602917223267872560e+00 3.494555025995501642e-03
1.605159133862819276e+00 3.488279184922799675e-03
1.589058139590018959e+00 3.385854906870845119e-03
1.597516256834591308e+00 3.505725478095979373e-03
1.588446709427761006e+00 3.965794876912488720e-03
1.601235790321662300e+00 3.840275091139536655e-03
1.597872924429242447e+00 3.929211925780414297e-03
1.590943382590315647e+00 3.515867426269979161e-03
1.588956234562976189e+00 4.027183008953249752e-03
1.590994335103837143e+00 3.283572263201960020e-03
1.583351458075608509e+00 3.327164020011812162e-03
1.604038178565345696e+00 3.775041433015038136e-03
1.605159133862819276e+00 3.659000714678970444e-03
1.607451996971287489e+00 3.796735015478895810e-03
1.611426293025966405e+00 4.250975867651148564e-03
1.612037723188224803e+00 3.499851713061544276e-03
1.598178639510371202e+00 3.577501484709536689e-03
1.607350091944244941e+00 4.069249689908120693e-03
1.593032435644697653e+00 3.608287065951899276e-03
1.596293396510074736e+00 3.798351827846255246e-03
1.605668658998034459e+00 3.294370608765786503e-03
1.594459106023299988e+00 3.591902852525315215e-03
1.602815318240829123e+00 3.831263116936631935e-03
1.596446254050639224e+00 3.983988077699837822e-03
1.589312902157626661e+00 3.307328398404899786e-03
1.592726720563568454e+00 3.793085256771457255e-03
1.586357656373378777e+00 3.422776576250227860e-03
1.587172896589723381e+00 3.373175692706754762e-03
1.592777673077090173e+00 3.491176842803275001e-03
1.593847675861042035e+00 3.792195373749646624e-03
1.604649608727604315e+00 3.458606175385298652e-03
1.605515801457470193e+00 3.565492924102681930e-03
1.612292485755832283e+00 3.299174266879006077e-03
1.611630103080052612e+00 3.780370913203626778e-03
1.617591547162070320e+00 3.803856817137797088e-03
1.611273435485401917e+00 4.226221518679925890e-03
1.601898172997441971e+00 4.107746008848309899e-03
1.610662005323143520e+00 3.192832651305210767e-03
1.598688164645586385e+00 4.225247744462208577e-03
1.600930075240533101e+00 3.886695003794667178e-03
1.594713868590907913e+00 3.446179570706431935e-03
1.597465304321070034e+00 3.287487602977969599e-03
1.601286742835184018e+00 3.902496884478959347e-03
1.601388647862226788e+00 3.855338021320839446e-03
1.602662460700265079e+00 4.040694951199628668e-03
1.603273890862523476e+00 3.905698777557608994e-03
1.612190580728789735e+00 3.507976022190998494e-03
1.612139628215267351e+00 3.893368878645555968e-03
1.615400589080645100e+00 4.023309970957429128e-03
1.612241533242310787e+00 3.680348407908257905e-03
1.612343438269353335e+00 3.959829915162684996e-03
1.609999622647363182e+00 3.412871470440707270e-03
1.607044376863115742e+00 3.811149238546097159e-03
1.606381994187335849e+00 3.718542223899202158e-03
1.604700561241125367e+00 3.522654266029359195e-03
1.602509603159700147e+00 4.197274961928625266e-03
1.597821971915720729e+00 3.936173185124024893e-03
1.594000533401606301e+00 3.760347278541338687e-03
1.592064337887788561e+00 3.305318260423435652e-03
1.595631013834295509e+00 3.463942842163765610e-03
1.588701471995368264e+00 3.720144169121942460e-03
1.581211452507705228e+00 3.609783313473798657e-03
1.578918589399236794e+00 3.436976485645602732e-03
1.579631924588537961e+00 3.898087073356029750e-03
1.593898628374563531e+00 3.472147435095210809e-03
1.593440055752870066e+00 3.809790000186391665e-03
1.610916767890751000e+00 3.835946030004797058e-03
1.620241077865189450e+00 3.709622932668155040e-03
1.622126320865485249e+00 4.242661937098375462e-03
1.623298228676480326e+00 3.732368128350244726e-03
1.620342982892232442e+00 4.052195451318312339e-03
1.620954413054490617e+00 4.272227734479735681e-03
1.618304882351371488e+00 3.864216588984612129e-03
1.614942016458951191e+00 3.553549717755125764e-03
1.616215829296989259e+00 3.550169169094842016e-03
1.610916767890751444e+00 3.597763438111505757e-03
1.609897717620320856e+00 3.735271043728959767e-03
1.612190580728789291e+00 3.535986966670435182e-03
1.615502494107687648e+00 3.818716680574012288e-03
1.608980572376933260e+00 3.287803471413883356e-03
1.609592002539191657e+00 4.074528859365095582e-03
1.615706304161773854e+00 3.438728477059995077e-03
1.619935362784060029e+00 3.578143663113807129e-03
1.619884410270538755e+00 3.545251578823202607e-03
1.621362033162662586e+00 3.576285746647569954e-03
1.618712502459543678e+00 3.846843909110584520e-03
1.610203432701449611e+00 3.412262859149855533e-03
1.618712502459543456e+00 3.828578782631557233e-03
1.613464393566827138e+00 3.404218992600222590e-03
1.609133429917497971e+00 3.326867495933549714e-03
1.610152480187928559e+00 3.430447740932505984e-03
1.601592457916313217e+00 3.519472720303712561e-03
1.598280544537414194e+00 3.688803628659669508e-03
1.590179094887492317e+00 3.607509923432777356e-03
1.593440055752870066e+00 4.206209459089367032e-03
1.579122399453322556e+00 3.758524170155738524e-03
1.577542871534155511e+00 3.494480733668964886e-03
1.582026692724049388e+00 3.657112886702765155e-03
1.594306248482735722e+00 4.201883605154741429e-03
1.604598656214082819e+00 3.333131801286909248e-03
1.612903915918090902e+00 3.817700167925456353e-03
1.621565843216749236e+00 3.896784809455844292e-03
1.622992513595351349e+00 4.017165446381002966e-03
1.624979661622690585e+00 4.114020289846670453e-03
1.621412985676184304e+00 4.078146366657649062e-03
1.621158223108576601e+00 4.024784164071851592e-03
1.615349636567123603e+00 3.524558868583902403e-03
1.616623449405161672e+00 3.825074793533544352e-03
1.620750603000404633e+00 4.323115846463190977e-03
1.620546792946318426e+00 3.607567495286469281e-03
1.631195868272315774e+00 3.575468974099439614e-03
1.621005365568011891e+00 3.665816465748963828e-03
1.630686343137101035e+00 3.904768072093301682e-03
1.627629192325809937e+00 3.722599843635691734e-03
1.619222027594759084e+00 3.361414204459111602e-03
1.628036812433981906e+00 3.603935070506800870e-03
1.621311080649140868e+00 3.087045400758677179e-03
1.623756801298174235e+00 3.604799408171113773e-03
1.614432491323736008e+00 3.452385304312319790e-03
1.610967720404272718e+00 3.222342661301506178e-03
1.613922966188520824e+00 3.825851850163293402e-03
1.599299594807845004e+00 4.115534534749278398e-03
1.614636301377821992e+00 3.886591468542306520e-03
1.606942471836072528e+00 4.037841230159842920e-03
1.605159133862819276e+00 4.095567981241051564e-03
1.591809575320181080e+00 3.199898982698531989e-03
1.588548614454803998e+00 3.894172308400599327e-03
1.588803377022411478e+00 3.427748691518580672e-03
1.582536217859265015e+00 4.006772966898443714e-03
1.580701927372490267e+00 3.637938102672850539e-03
1.593338150725826630e+00 4.155501580507670392e-03
1.598790069672630043e+00 3.358118553712785472e-03
1.605057228835776950e+00 3.391631395447401807e-03
1.613413441053305419e+00 3.461397419634373862e-03
1.616215829296989259e+00 3.784489152449236650e-03
1.621565843216749014e+00 3.457645226206688873e-03
1.626508237028336357e+00 3.628058689250269250e-03
1.621514890703227296e+00 4.460423311238584203e-03
1.623349181190002044e+00 3.686494460889989163e-03
1.632775396191483486e+00 3.884105794530794131e-03
1.633845398975435348e+00 3.937475608799928181e-03
1.636342072137989767e+00 4.081929214727181114e-03
1.633183016299655232e+00 3.619407772223162852e-03
1.634405876624171805e+00 3.920748736943857442e-03
1.633386826353741661e+00 3.862308074913488234e-03
1.636342072137989323e+00 3.997093973704494811e-03
1.623400133703523762e+00 3.860183407945012076e-03
1.631756345921052676e+00 3.697832814788187730e-03
1.624062516379303434e+00 3.960354379450406123e-03
1.621056318081533609e+00 3.464021536753292274e-03
1.617693452189113312e+00 3.726729675687695705e-03
1.624164421406346648e+00 3.830121149076354259e-03
1.629565387839627899e+00 3.359664396234648444e-03
1.620903460540968899e+00 3.735382248295731396e-03
1.616062971756424993e+00 3.552658296190356300e-03
1.612802010891047466e+00 3.681988123452022230e-03
1.605617706484512963e+00 4.154586217760268194e-03
1.597974829456284773e+00 3.532486721373433256e-03
1.595885776401902989e+00 3.673686825270527923e-03
1.586204798832813845e+00 3.216972395566466102e-03
1.584115745778431616e+00 3.453043232721172452e-03
1.588548614454804220e+00 4.133489489135402928e-03
1.594611963563864920e+00 4.059668493829575973e-03
1.603936273538303148e+00 3.589979740617735195e-03
1.620088220324625183e+00 3.643083338048946993e-03
1.627527287298767167e+00 3.757833367830001187e-03
1.632265871056268303e+00 3.438445349277449888e-03
1.631450630839923699e+00 3.978552882496726520e-03
1.640978750868448133e+00 3.447113590667874768e-03
1.641131608409012621e+00 3.937821750214223412e-03
1.649233058058934498e+00 3.688803628659662135e-03
1.644188759220303941e+00 3.749786528451930397e-03
1.641029703381969407e+00 3.466628689546140483e-03
1.645309714517777300e+00 3.841778973541913438e-03
1.647551625112724016e+00 3.798611547482195344e-03
1.638787792787022690e+00 3.438203728466623314e-03
1.636698739732640018e+00 4.033981643038160765e-03
1.631297773299358989e+00 3.712124033058659348e-03
1.625845854352556241e+00 4.317106374559006449e-03
1.631348725812881151e+00 3.716936095926873327e-03
1.626406332001293364e+00 3.721539637514098640e-03
1.626049664406642226e+00 3.742967620356782259e-03
1.631756345921052898e+00 4.112028840400858490e-03
1.620597745459840366e+00 3.585185551145590819e-03
1.614687253891343932e+00 3.433439575420706678e-03
1.616164876783467763e+00 3.315063098154766470e-03
1.619171075081237587e+00 3.407237667959574830e-03
1.613617251107391626e+00 3.637324325108801798e-03
1.610763910350186734e+00 3.856388371725629101e-03
1.600165787537710660e+00 3.956291243747704980e-03
1.594000533401606745e+00 3.974488755025950594e-03
1.598025781969806713e+00 3.644925012686613293e-03
1.604547703700560879e+00 3.704860934657717465e-03
1.605210086376341216e+00 3.927969551973459032e-03
1.626610142055379349e+00 3.996246271263772035e-03
1.640520178246754224e+00 3.691986923927535573e-03
1.649895440734714391e+00 3.661227950598511770e-03
1.657130697654769724e+00 3.655735434982544142e-03
1.646074002220600185e+00 3.471130400828141734e-03
1.660442611033668747e+00 3.954686484366825953e-03
1.655500217222080961e+00 3.826204697134934999e-03
1.650557823410493841e+00 3.771102200235225237e-03
1.649233058058934276e+00 3.272607397029061831e-03
1.642048753652399773e+00 3.923727320540298415e-03
1.641590181030706308e+00 3.478721058521293437e-03
1.646940194950466063e+00 3.739983909428688282e-03
1.641488276003663316e+00 4.696426147882659316e-03
1.638125410111243019e+00 3.673089623474291767e-03
1.637870647543635316e+00 3.016543719678728940e-03
1.633845398975435348e+00 3.811503446600823970e-03
1.627476334785245671e+00 3.753246673921284242e-03
1.625234424190298288e+00 4.020524626636768663e-03
1.626915857136508325e+00 3.751416654562178370e-03
1.631297773299358989e+00 3.775230550341125181e-03
1.622788703541265587e+00 3.747570358739237082e-03
1.615145826513037619e+00 3.360796274713008513e-03
1.619272980108280358e+00 3.556744576801442684e-03
1.620342982892232664e+00 3.964105551974256986e-03
1.614789158918386480e+00 3.648466818612765197e-03
1.609693907566234872e+00 3.784681227506627495e-03
1.606942471836072528e+00 3.321740473401339072e-03
1.611120577944837207e+00 3.629718450335630425e-03
1.615094873999515901e+00 3.357654662175536039e-03
1.628495385055675815e+00 3.539509422413100737e-03
1.632520633623875561e+00 3.738244626563155901e-03
1.651831636248531909e+00 3.788016976909084396e-03
1.654379261924607381e+00 3.561591629153247097e-03
1.657130697654769502e+00 3.411825352726056970e-03
1.658353557979286297e+00 3.671184289440718868e-03
1.657996890384635602e+00 3.978458263299889525e-03
1.654684977005736579e+00 3.797928036626904529e-03
1.649385915599498764e+00 3.366507797096326797e-03
1.647806387680331497e+00 3.666722859265432975e-03
1.644290664247346934e+00 3.639964260802699188e-03
1.633896351488956844e+00 3.918563003354848424e-03
1.637870647543635094e+00 3.843116765041115681e-03
1.635424926894602393e+00 3.840197346379604307e-03
1.640061605625060759e+00 3.684860273349603674e-03
1.636749692246161736e+00 3.657155480031385776e-03
1.640367320706189957e+00 3.728174906570664356e-03
1.635679689462209874e+00 4.103784522306604295e-03
1.635119211813472972e+00 3.859981638271543000e-03
1.631654440894009683e+00 3.865600344080683502e-03
1.630584438110057599e+00 3.670317901542406031e-03
1.625285376703820006e+00 3.497774081479330163e-03
1.628953957677369058e+00 3.567676659064164448e-03
1.619323932621801632e+00 4.056805721256167771e-03
1.621616795730270510e+00 3.992086350528049887e-03
1.614636301377822436e+00 3.494034946537101331e-03
1.625947759379599900e+00 3.754837270111494821e-03
1.624928709109169089e+00 3.875420176569868182e-03
1.632265871056268081e+00 3.623723274697543927e-03
1.653614974221784939e+00 3.416095300041549401e-03
1.653767831762349871e+00 3.717774162308155276e-03
1.663448809331438349e+00 3.477246809818741822e-03
1.668544060683590624e+00 3.674011888400704161e-03
1.663907381953132258e+00 3.616907158878884809e-03
1.665283099818212875e+00 3.560906367011378720e-03
1.656111647384339358e+00 4.261458177620493920e-03
1.649946393248235665e+00 3.793725158967501451e-03
1.649640678167106467e+00 4.116316676365743867e-03
1.657793080330549840e+00 3.949194527656310627e-03
1.653513069194741725e+00 3.988937529530100015e-03
1.644035901679739009e+00 3.570237205062957910e-03
1.654634024492215527e+00 3.714081760699809720e-03
1.653513069194741725e+00 4.058619578067450967e-03
1.653513069194742169e+00 4.080310241463915889e-03
1.653614974221785383e+00 3.743879606003270438e-03
1.656977840114205458e+00 3.894702281271616995e-03
1.650048298275278214e+00 4.137077404398096896e-03
1.652595923951354351e+00 3.846354589873600231e-03
1.646991147463987559e+00 3.938003050241210314e-03
1.642099706165921491e+00 3.497477176217344240e-03
1.635781594489253088e+00 3.848513875030243163e-03
1.628852052650326288e+00 3.810658742269795729e-03
1.624979661622690585e+00 3.849296316774226089e-03
1.622737751027744091e+00 3.520708076564489121e-03
1.626813952109465555e+00 3.484090252466403269e-03
1.635323021867559179e+00 4.114237996850407530e-03
1.637361122408420133e+00 3.795876765596025489e-03
1.648621627896676323e+00 3.949720404165988318e-03
1.661359756277056121e+00 3.954318840453234854e-03
1.661767376385228312e+00 3.795941739507101113e-03
1.672263594170661172e+00 3.878671195822423149e-03
1.669002633305283867e+00 4.293634416154760124e-03
1.671295496413752302e+00 3.419836145418727290e-03
1.678938373441980048e+00 3.923621454114989068e-03
1.676849320387598485e+00 3.968657883188501934e-03
1.677766465630984971e+00 4.192283514656888060e-03
1.661461661304099335e+00 3.614006147502418168e-03
1.662073091466357067e+00 3.541382967425531214e-03
1.657283555195334435e+00 3.550110666417337964e-03
1.666251197575121523e+00 4.326138455873458979e-03
1.660340706006625755e+00 3.745404864929484292e-03
1.650863538491623261e+00 4.297188304592475770e-03
1.658404510492807793e+00 3.973809363050606960e-03
1.645564477085384780e+00 3.963237692444479023e-03
1.646379717301729606e+00 3.683591869768842834e-03
1.643679234085088314e+00 4.088233591827277434e-03
1.637870647543635316e+00 3.580841729833869527e-03
1.639704938030409842e+00 3.815400967108330960e-03
1.628648242596239859e+00 4.176922227154865677e-03
1.632418728596832791e+00 3.404341011171325981e-03
1.636087309570382287e+00 3.800917489165688001e-03
1.641844943598313789e+00 3.993116984630264155e-03
1.663601666872002838e+00 4.096769035494956905e-03
1.676543605306469287e+00 3.897447652873329248e-03
1.678072180712114614e+00 3.759656811194992364e-03
1.690606499038408428e+00 3.693530097732496131e-03
1.671652164008402774e+00 3.911384560079939413e-03
1.675167887441387782e+00 3.442655886132821395e-03
1.680721711415233743e+00 3.961009862156411945e-03
1.674964077387302019e+00 3.902696456111912765e-03
1.676900272901119759e+00 3.723593512716429944e-03
1.672875024332919569e+00 3.881668690996780639e-03
1.672976929359962561e+00 3.930480327752605522e-03
1.668493108170068462e+00 3.636664041749665312e-03
1.667626915440203028e+00 4.031770366297192723e-03
1.670072636089236173e+00 4.350151223782752763e-03
1.665232147304691601e+00 3.126720411268832291e-03
1.662582616601572472e+00 3.375483847639131063e-03
1.661767376385228090e+00 3.529428055201498139e-03
1.660187848466061489e+00 3.764339146600689280e-03
1.649538773140063252e+00 3.605548333209503912e-03
1.654634024492215527e+00 4.134189738092222677e-03
1.653003544059526542e+00 3.885545941926427712e-03
1.643118756436352079e+00 3.933755139876024542e-03
1.648315912815546902e+00 3.951612980140886168e-03
1.646787337409901131e+00 3.676621950706392659e-03
1.651373063626838000e+00 3.623991927496576088e-03
1.661257851250013351e+00 3.968082175887762200e-03
1.671550258981360226e+00 4.125262886815444195e-03
1.689842211335585542e+00 3.855257213282907349e-03
1.692135074444053755e+00 3.608197127466481434e-03
1.689638401281499336e+00 4.027389294459580125e-03
1.684899817523998200e+00 3.686691641432432963e-03
1.680874568955797788e+00 3.714448719760295170e-03
1.692950314660398359e+00 3.630376421336191893e-03
1.687753158281203758e+00 4.321479093711446187e-03
1.683014574523702178e+00 3.870459713933126298e-03
1.685154580091605681e+00 3.617542342078645425e-03
1.681027426496362942e+00 3.840518455865474939e-03
1.680161233766496842e+00 3.438445349277445551e-03
1.672722166792355081e+00 3.858030654066324679e-03
1.676441700279425850e+00 3.832939871226545385e-03
1.679600756117759719e+00 3.894515632387054917e-03
1.676441700279425850e+00 4.085397190573025403e-03
1.670887876305580111e+00 4.261031703416535282e-03
1.668034535548375219e+00 4.031615821281567605e-03
1.664264049547782731e+00 3.855378424704669019e-03
1.655041644600387718e+00 3.863568203153664414e-03
1.645360667031299018e+00 3.242321871574938789e-03
1.646940194950465841e+00 3.433821404541238277e-03
1.647602577626245735e+00 3.593286711292105300e-03
1.653513069194742169e+00 3.591667941064059788e-03
1.668442155656547632e+00 3.659724360335761713e-03
1.680925521469320172e+00 3.681561515076777098e-03
1.692542694552225946e+00 3.961639023520185238e-03
1.700134619066932862e+00 3.056539319973699924e-03
1.697994613499029137e+00 3.861985415981406509e-03
1.695345082795910008e+00 4.262006438891204237e-03
1.702580339715965785e+00 4.010710522745268743e-03
1.698402233607201106e+00 3.744631913617586100e-03
1.699981761526368373e+00 3.606556255943545349e-03
1.686377440416122475e+00 3.954112025730167207e-03
1.698198423553114900e+00 3.767468955549428157e-03
1.693306982255049054e+00 3.644853785322762964e-03
1.684390292388782795e+00 3.438033828666674403e-03
1.682097429280314582e+00 3.978331013245608484e-03
1.680823616442276958e+00 3.768457682701065181e-03
1.672824071819398517e+00 3.540462817740077338e-03
1.683116479550745392e+00 3.818094566166970686e-03
1.668085488061896937e+00 3.284801494918910495e-03
1.661614518844663380e+00 3.627532701362220190e-03
1.670021683575714455e+00 3.974488755025951461e-03
1.655754979789688219e+00 3.682069208709622121e-03
1.671193591386709532e+00 3.706122059003978848e-03
1.687141728118945361e+00 4.118813488920004991e-03
1.697943660985507641e+00 3.976709034181408718e-03
1.701612241959056693e+00 4.443745699470960132e-03
1.708541783797983937e+00 3.405713418863369653e-03
1.710274169257714805e+00 4.057621577295479620e-03
1.709204166473762720e+00 3.349328508553363424e-03
1.705688443040778601e+00 4.110004842751837500e-03
1.707471781014031409e+00 4.280811743283264616e-03
1.719139906610460011e+00 4.173365456909495542e-03
1.699166521310023548e+00 4.291069921869238718e-03
1.707573686041074845e+00 4.023106702843704495e-03
1.697179373282684756e+00 3.471822166100463521e-03
1.697332230823248800e+00 3.931774732699738414e-03
1.698911758742416067e+00 3.763787368703999832e-03
1.694224127498435983e+00 3.530034852319415602e-03
1.691217929200666603e+00 4.089970035229333403e-03
1.701917957040186113e+00 3.966747260334438537e-03
1.683727909713003568e+00 4.136578484418377936e-03
1.691676501822360290e+00 3.713190423429141903e-03
1.682352191847922507e+00 4.024703532895943653e-03
1.677358845522813446e+00 4.055368775801941085e-03
1.678377895793243590e+00 3.738939048085256848e-03
1.696975563228598327e+00 3.279616627187969483e-03
1.694937462687737373e+00 3.524573600374790276e-03
1.697739850931421213e+00 4.052807254074144820e-03
1.718375618907637126e+00 3.546602399834026392e-03
1.727190403746859504e+00 4.294093927793445932e-03
1.725407065773606252e+00 3.548197829061026324e-03
1.719904194313282675e+00 4.372426349517984437e-03
1.730553269639280245e+00 3.844194091845918454e-03
1.726884688665730527e+00 3.537921082283383527e-03
1.724948493151912787e+00 3.341564352805240744e-03
1.723012297638095491e+00 3.771102200235236512e-03
1.731113747288016702e+00 3.885108273782102856e-03
1.716184660826211239e+00 3.860206947053275352e-03
1.717764188745378728e+00 3.509574215993520926e-03
1.712719889906747950e+00 3.863057480713434806e-03
1.706096063148950570e+00 3.882631680127671733e-03
1.713331320069005903e+00 3.276286240122252592e-03
1.702172719607793594e+00 3.697116628199684403e-03
1.704669392770347569e+00 4.025245343356155352e-03
1.696924610715076831e+00 4.687351550643021822e-03
1.693714602363221244e+00 3.601459757183487348e-03
1.686632202983729956e+00 4.016826142246091892e-03
1.688364588443461711e+00 3.547477047373830822e-03
1.702325577148358304e+00 3.844383183895459886e-03
1.721178007151320299e+00 3.809105087374923398e-03
1.734629470721001709e+00 4.366422313057094148e-03
1.737431858964685549e+00 3.746531077917070358e-03
1.747469504128424944e+00 3.405134025306790716e-03
1.738196146667508213e+00 3.931669082963764814e-03
1.734833280775087916e+00 4.032179238081747344e-03
1.731878034990840032e+00 3.992138376290805049e-03
1.733304705369442589e+00 3.739827719481223552e-03
1.730757079693366007e+00 4.059387104008977884e-03
1.734425660666915503e+00 3.418283337100456315e-03
1.731062794774495650e+00 4.692997570365070245e-03
1.720617529502584064e+00 4.289717501803144359e-03
1.720464671962019132e+00 3.731655091286530807e-03
1.711853697176882072e+00 3.722101165872535120e-03
1.716439423393819164e+00 3.997665502993075215e-03
1.706707493311208745e+00 3.791151206276791204e-03
1.711955602203925286e+00 3.514113260211474028e-03
1.705943205608386082e+00 3.733550426186970674e-03
1.715726088204517552e+00 3.770747639557144731e-03
1.727088498719816734e+00 3.761589800379112891e-03
1.728871836693069985e+00 3.877831080272940625e-03
1.734476613180436777e+00 4.348623154237639399e-03
1.748233791831247830e+00 3.939733221493350521e-03
1.746093786263343661e+00 4.384889359030547801e-03
1.742323300262751395e+00 3.924997494917589064e-03
1.746756168939123777e+00 3.784132415762744058e-03
1.741915680154578983e+00 3.924256609826736950e-03
1.746909026479687821e+00 3.485315803372442903e-03
1.741559012559928066e+00 3.738244626563164141e-03
1.743699018127832012e+00 3.421835913294844073e-03
1.736565666234819894e+00 4.008026539605530000e-03
1.737024238856513358e+00 3.787331554020992828e-03
1.732234702585490060e+00 3.780923704175599611e-03
1.730909937233930718e+00 3.681099594072897389e-03
1.722655630043444797e+00 4.167791025925815865e-03
1.713891797717743470e+00 3.538453053876058994e-03
1.720209909394411651e+00 3.703669478476262662e-03
1.717152758583120331e+00 4.140919269105560602e-03
1.719139906610459789e+00 3.716653205870897037e-03
1.730298507071672764e+00 3.810839279491251650e-03
1.739826627100196976e+00 3.687001475264935994e-03
1.743342350533181762e+00 4.079384370829738579e-03
1.759290487265417591e+00 4.053114722156880324e-03
1.755570953778346599e+00 3.995144963930578538e-03
1.767086221834210047e+00 3.845898960826392345e-03
1.757303339238078133e+00 3.739525733751324077e-03
1.748896174507027057e+00 3.757861002361214016e-03
1.753430948210442653e+00 3.503651329601723072e-03
1.750119034831543630e+00 3.923843108672446685e-03
1.748233791831247386e+00 3.651073810443545512e-03
1.745788071182214463e+00 4.273139161220980593e-03
1.750424749912672828e+00 4.385170582958165114e-03
1.742629015343880150e+00 4.121437923581017584e-03
1.744870925938827311e+00 3.201099518764163789e-03
1.735597568477910801e+00 3.973433687812014982e-03
1.735291853396781603e+00 4.015226179406628654e-03
1.740641867316540692e+00 3.921195668721836301e-03
1.737279001424121061e+00 3.922413713031378327e-03
1.739419006992024563e+00 3.496883290066531667e-03
1.743597113100789242e+00 3.758330758303438102e-03
1.755774763832432361e+00 3.655053617391866051e-03
1.764691453698698842e+00 3.668082029591852866e-03
1.770703850294237602e+00 3.654723316268903340e-03
1.770856707834802313e+00 3.623723274697548263e-03
1.762704305671359384e+00 4.141282885443269522e-03
1.769277179915635489e+00 4.072183406755092334e-03
1.764029071022918727e+00 3.594388358731233964e-03
1.764334786104047259e+00 3.079218523803756765e-03
1.760003822454719202e+00 4.107072857318027140e-03
1.764080023536440001e+00 3.331885336730659557e-03
1.760768110157541422e+00 4.087636618281115936e-03
1.749864272263936371e+00 3.772743760355831526e-03
1.744004733208961433e+00 3.996999793422677597e-03
1.750577607453237095e+00 3.650832039608985918e-03
1.747877124236597135e+00 3.864670058457780021e-03
1.746348548830951364e+00 3.841897231456187917e-03
1.744718068398262822e+00 3.651312010167254065e-03
1.752921423075227469e+00 3.674577147091107575e-03
1.761889065455014558e+00 3.379131360440249757e-03
1.774627193835394801e+00 3.892865400404704745e-03
1.774219573727222832e+00 4.046938469273352740e-03
1.780079112782197548e+00 4.020857161947664557e-03
1.779161967538810174e+00 4.053627117135901424e-03
1.776665294376255977e+00 3.888461357876291710e-03
1.772130520672840159e+00 4.057928680598339548e-03
1.775391481538217908e+00 3.842708044828887365e-03
1.775034813943566991e+00 4.300814712391423655e-03
1.763060973266010523e+00 3.978510467272967921e-03
1.762296685563187193e+00 4.245833543315083967e-03
1.758373342022029995e+00 3.678739719009901845e-03
1.759850964914154270e+00 3.591859485411887098e-03
1.762092875509100987e+00 4.242897518754314493e-03
1.785938651837172486e+00 4.006772966898439377e-03
1.786448176972387225e+00 3.681875306209969525e-03
1.786499129485909165e+00 3.801518512205581159e-03
1.795110104271046003e+00 3.967182465976854845e-03
1.803415363975053420e+00 3.844734330171303751e-03
1.811363956084410809e+00 4.542138662130032478e-03
1.815593014706696762e+00 3.902164242408805335e-03
1.814573964436266840e+00 3.600854181455658779e-03
1.813860629246965450e+00 4.063647432392200262e-03
1.816459207436562640e+00 3.954240055167515880e-03
1.813096341544142565e+00 4.042493559302411978e-03
1.812484911381884611e+00 3.938240375843718097e-03
1.810599668381588367e+00 3.447493905315507281e-03
1.818599213004466364e+00 4.028572008952418029e-03
1.814013486787529716e+00 3.903411504006715996e-03
1.817172542625864473e+00 3.472326880808119989e-03
1.823083034194360907e+00 3.975194154563708657e-03
1.815542062193175266e+00 4.568059786756254077e-03
1.833935919574443796e+00 3.219924731269156216e-03
1.839795458629418956e+00 3.972633217751883085e-03
1.842597846873102352e+00 3.841887095206177136e-03
1.844839757468049291e+00 4.458551649966934274e-03
1.858444078578295189e+00 3.566453932216231103e-03
1.860940751740849608e+00 4.167454640960443699e-03
1.857934553443080006e+00 4.352844929726435406e-03
1.851514536739368388e+00 4.150710092711859187e-03
1.850036913847244557e+00 4.415216846150488671e-03
1.856966455686170914e+00 4.138460886556503612e-03
1.856049310442783984e+00 3.364471285406078933e-03
1.855183117712918106e+00 3.537715609772801133e-03
1.851871204334019083e+00 3.706948563254219148e-03
1.837604500547993513e+00 3.975928812668096980e-03
1.854164067442487074e+00 4.372649002713890898e-03
1.851871204334019305e+00 4.237644306981125028e-03
1.848508338441599008e+00 3.676441884147315601e-03
1.856609788091520885e+00 3.919738814565668257e-03
1.868023151120341341e+00 3.393035724063608091e-03
1.860023606497462456e+00 4.206900689233512673e-03
1.874035547715880101e+00 4.546137904517927146e-03
1.865169810363136005e+00 4.035551653801951015e-03
1.877092698527171644e+00 3.935154026605549096e-03
1.869653631553029438e+00 3.612166676937603182e-03
1.861195514308457533e+00 3.926885458083867464e-03
1.858953603713510150e+00 3.677977462896066772e-03
1.857730743388994465e+00 3.422078689779108670e-03
1.852176919415148060e+00 4.105343647928837332e-03
1.852380729469234488e+00 4.220147891998841591e-03
1.850546438982459740e+00 4.073346741595455442e-03
1.857934553443080672e+00 4.006886355237710209e-03
1.867462673471604218e+00 4.069138039351253081e-03
1.867055053363432471e+00 4.227695576362761401e-03
1.873271260013057660e+00 3.542940444908282589e-03
1.880608421960156651e+00 3.912025020752774897e-03
1.877041746013649925e+00 3.649224567549821767e-03
1.873984595202358605e+00 3.824575901055365934e-03
1.873220307499535942e+00 3.938925902817256089e-03
1.868583628769077798e+00 4.574605083709088957e-03
1.865628382984829692e+00 4.230593058177986240e-03
1.860380274092113151e+00 3.328143142088829838e-03
1.859666938902811983e+00 4.016696875988765188e-03
1.856813598145606647e+00 3.872159723133145829e-03
1.857526933334907815e+00 3.950377651358596108e-03
1.865934098065959112e+00 3.648157270253938548e-03
1.864966000309050020e+00 3.907400065673077329e-03
1.872659829850799484e+00 4.015226179406644266e-03
1.877194603554214636e+00 4.088065304917337141e-03
1.877245556067736354e+00 4.102408331147050849e-03
1.870316014228809331e+00 3.507576359958834537e-03
1.868532676255556524e+00 4.036555111161270123e-03
1.871997447175019369e+00 3.952269912605442179e-03
1.869704584066551156e+00 3.537440404678853564e-03
1.866443623201174074e+00 3.953415998313296667e-03
1.860736941686763624e+00 3.933930027920830991e-03
1.863539329930447463e+00 3.750946032720822807e-03
1.860482179119155699e+00 4.024342285397054277e-03
1.858698841145902891e+00 3.321009629011452500e-03
1.862010754524801914e+00 3.881026565496182527e-03
1.875003645472788971e+00 3.969930030980542771e-03
1.875920790716176567e+00 3.836544949025365130e-03
1.878723178959860185e+00 4.101000025547750158e-03
1.882136997365801756e+00 4.355602535770582498e-03
1.880200801851984460e+00 3.988263853623655840e-03
1.870672681823460026e+00 4.028855551011120001e-03
1.869500774012465172e+00 4.071434234451208958e-03
1.875207455526875178e+00 4.399937623261362257e-03
1.868991248877249767e+00 3.799035262454330923e-03
1.866036003093001883e+00 4.153101839263191250e-03
1.864609332714398882e+00 3.838723278317414302e-03
1.864609332714399326e+00 3.898450031022156984e-03
1.869959346634159081e+00 4.004475351847219290e-03
1.865679335498350966e+00 3.595597975971035615e-03
1.875513170608004376e+00 4.187056707414604957e-03
1.872863639904885469e+00 3.799281268817571774e-03
1.876786983446042445e+00 3.763107881034841781e-03
1.882901285068624198e+00 3.604684175123789962e-03
1.869144106417814477e+00 3.452983084473477439e-03
1.874392215310530796e+00 4.176788592146786321e-03
1.874239357769966752e+00 3.743740915286931925e-03
1.865832193038915898e+00 3.956304367929756871e-03
1.871029349418110721e+00 4.399784209038095327e-03
1.861246466821979473e+00 4.124082721097965462e-03
1.869857441607115645e+00 3.902613302505129975e-03
1.872150304715584079e+00 4.490925753004077273e-03
1.879844134257333765e+00 3.989223888689595945e-03
1.871487922039804630e+00 3.855846399712985813e-03
1.875818885689133353e+00 3.828565220610868902e-03
1.871182206958675431e+00 4.245108901026760188e-03
1.878876036500424451e+00 4.391976622412040870e-03
1.869857441607115867e+00 4.299531778708863550e-03
1.862163612065366181e+00 4.049157491606495372e-03
1.859361223821682119e+00 3.649889691628379479e-03
1.859514081362247051e+00 4.247129641316405024e-03
1.859310271308160845e+00 4.341752145043067772e-03
1.871844589634455103e+00 3.824752387465522180e-03
1.872048399688541531e+00 3.848868017075448341e-03
1.868685533796120790e+00 3.664332470707192587e-03
1.873322212526579156e+00 3.845409521346988303e-03
1.859157413767596578e+00 3.909127178555273953e-03
1.865883145552436950e+00 4.249192189220097650e-03
1.859921701470419242e+00 4.186473825652485201e-03
1.864354570146791401e+00 3.911995157041827167e-03
1.853654542307272335e+00 3.528162639553617148e-03
1.860176464038026722e+00 3.996739974243207830e-03
1.860940751740849608e+00 3.929545581605526326e-03
1.870163156688244621e+00 4.063120327167465788e-03
1.870519824282895316e+00 3.985594066801195073e-03
1.871742684607411888e+00 4.086378878043675847e-03
1.860787894200285342e+00 4.157784422648367131e-03
1.855488832794046861e+00 4.027437641096729554e-03
1.856915503172649196e+00 4.247065457093312374e-03
1.859157413767596800e+00 3.650174199673542844e-03
1.864201712606227135e+00 4.017100819231529847e-03
1.852329776955712548e+00 4.427005259505864196e-03
1.856253120496870190e+00 3.869117956672125241e-03
1.865832193038915454e+00 3.563413493551551708e-03
1.860736941686763846e+00 4.206913031596771699e-03
1.861857896984237426e+00 3.741469123451337999e-03
1.857883600929558732e+00 3.596886583023002799e-03
1.853807399847837045e+00 3.485002937729771936e-03
1.846011665279044367e+00 4.122039449219657217e-03
1.858342173551252197e+00 4.539096881335417250e-03
1.855132165199396388e+00 4.302045968786248273e-03
1.859565033875768769e+00 4.136951895602327366e-03
1.853603589793750839e+00 3.519133382385312460e-03
1.861552181903108227e+00 3.934246786472083389e-03
1.859870748956897746e+00 3.994140852879417454e-03
1.860736941686763624e+00 4.087344450516656666e-03
1.850291676414851816e+00 3.996506122539657604e-03
1.849935008820201565e+00 3.887433030047458913e-03
1.851871204334019305e+00 4.149111700487157460e-03
1.845604045170872398e+00 4.330097369962741631e-03
1.852125966901627230e+00 3.536981681937551806e-03
1.848253575873991084e+00 4.519976193972454620e-03
1.848202623360469588e+00 3.616106740984721072e-03
1.855539785307569023e+00 3.681141909858904986e-03
1.849629293739072589e+00 3.800265135020761652e-03
1.851820251820497809e+00 3.721204772825581399e-03
1.842546894359580634e+00 4.062966974625433630e-03
1.852380729469234044e+00 3.933586844039117444e-03
1.851055964117674701e+00 4.064477883718475501e-03
1.843413087089446956e+00 3.946185825042703918e-03
1.841986416710844621e+00 3.931553525314297227e-03
1.848253575873991750e+00 3.964940482745011631e-03
1.849119768603857183e+00 4.170966657006025015e-03
1.850546438982459518e+00 3.640534806005244709e-03
1.848406433414556238e+00 3.666159930285541740e-03
1.838725455845466872e+00 3.814897406881677909e-03
1.841476891575628549e+00 3.980836111831546377e-03
1.837247832953343041e+00 4.319532202615894607e-03
1.841833559170279688e+00 3.997909027578866285e-03
1.841120223980978521e+00 3.758966217019855949e-03
1.838572598304902828e+00 4.190697881625101220e-03
1.837451643007429247e+00 3.673711559345761626e-03
1.839031170926596515e+00 4.102091900095666821e-03
1.836534497764041873e+00 4.164348026147689057e-03
1.844992615008613557e+00 3.850456196352992390e-03
1.839234980980682499e+00 4.162031357910265725e-03
1.835107827385439538e+00 3.899046007465388312e-03
1.835209732412482531e+00 3.826974740506785579e-03
1.839082123440117789e+00 3.743463518439332088e-03
1.835056874871917598e+00 4.127468104947919735e-03
1.832509249195841239e+00 3.999366617986399759e-03
1.838470693277859391e+00 3.485580227432463762e-03
1.826802567681431233e+00 3.846816913809454619e-03
1.836534497764041873e+00 4.054421201379081706e-03
1.835668305034175996e+00 4.214040868696042677e-03
1.830522101168502225e+00 4.429819261615598747e-03
1.836534497764041873e+00 3.392760261285102802e-03
1.836738307818127636e+00 3.769972997820939496e-03
1.826700662654388241e+00 4.664824357481576166e-03
1.835056874871917598e+00 3.769797390231412800e-03
1.833681157006836315e+00 3.762942301997489105e-03
1.827464950357211348e+00 4.568650810177854980e-03
1.827210187789603424e+00 4.112230869712244635e-03
1.825375897302828898e+00 3.949723690674005437e-03
1.828840668222292187e+00 4.275629403018983178e-03
1.825172087248742692e+00 4.042445392730279266e-03
1.825375897302828676e+00 4.039412954341237150e-03
1.825630659870436157e+00 3.699850731890505420e-03
1.827668760411297333e+00 3.705460022239792737e-03
1.829808765979201057e+00 3.962032198637327821e-03
1.826649710140866301e+00 3.948326678287439502e-03
1.830471148654980951e+00 4.284558052139117619e-03
1.821860173869844113e+00 4.255370784277717061e-03
1.825375897302828676e+00 4.032980764027588837e-03
1.820739218572370532e+00 4.476458876393961742e-03
1.825426849816350394e+00 3.591552286700614664e-03
1.823898274410704845e+00 3.492455659479062283e-03
1.831439246411889599e+00 4.091391655629520070e-03
1.813453009138793481e+00 3.937228346301337514e-03
1.818853975572074289e+00 3.310094266522684101e-03
1.821044933653499509e+00 3.939769464573811796e-03
1.821197791194064441e+00 4.007006219421774609e-03
1.816000634814868953e+00 3.785617453852445444e-03
1.817885877815165641e+00 3.827788714806353802e-03
1.819312548193767309e+00 4.101911523474027765e-03
1.818446355463902320e+00 4.132006956436513022e-03
1.815185394598524571e+00 4.272422188499614901e-03
1.816204444868955381e+00 4.015562386113801820e-03
1.819057785626160051e+00 4.305062264810072432e-03
1.813249199084706831e+00 4.079944372680345197e-03
1.815745872247261694e+00 3.791562060578059119e-03
1.817529210220514724e+00 3.943948362625409806e-03
1.813656819192879466e+00 3.978866088612672061e-03
1.814930632030917312e+00 3.996688008380453426e-03
1.818599213004466364e+00 3.927414321754857732e-03
1.808510615327205695e+00 3.622214867140666032e-03
1.810243000786937229e+00 4.056956107055479516e-03
1.815134442085003519e+00 4.381142919857470772e-03
1.810854430949195848e+00 4.142771498740635550e-03
1.806523467299866681e+00 4.377173827951748655e-03
1.806319657245780474e+00 3.825118910144907104e-03
1.809937285705808252e+00 3.842140493434272139e-03
1.809071092975943040e+00 4.075882616071538692e-03
1.811211098543846321e+00 4.234690343254876067e-03
1.812586816408927159e+00 3.989093727983608270e-03
1.809427760570592847e+00 3.552274623804346949e-03
1.805962989651129336e+00 3.818308748141410226e-03
1.811211098543846321e+00 3.930734619507974398e-03
1.805657274570000359e+00 4.066671375591251678e-03
1.802600123758709261e+00 4.042853184901932205e-03
1.801733931028844049e+00 4.093247269316212938e-03
1.803364411461532812e+00 3.902962535748435470e-03
1.801581073488278451e+00 3.979162959149685520e-03
1.803670126542661123e+00 4.084040230871147439e-03
1.802752981299273749e+00 3.708433006435643380e-03
1.796332964595562132e+00 3.948080095375559526e-03
1.809580618111157557e+00 4.080020730613781454e-03
1.801835836055886597e+00 4.357366487768185755e-03
1.797097252298384795e+00 4.003826985058621737e-03
1.795262961811610269e+00 4.050833778555918731e-03
1.798167255082337102e+00 3.753592513038053920e-03
1.786804844567038142e+00 3.892888741894946682e-03
1.795721534433304400e+00 3.886631547031687943e-03
1.795721534433304178e+00 3.946948904381615206e-03
1.787976752378033218e+00 3.867372976290880168e-03
1.787925799864511500e+00 3.906682425098323592e-03
1.789912947891850958e+00 4.066393662576401474e-03
1.799135352839245749e+00 4.070066240851698616e-03
1.791747238378625484e+00 3.698534823871827380e-03
1.786040556864215700e+00 3.335720620745582891e-03
1.787976752378032996e+00 4.134079841394591726e-03
1.793377718811314248e+00 3.767165739840828195e-03
1.786295319431822959e+00 4.383962672561704174e-03
1.792868193676098842e+00 4.281757722754815816e-03
1.791084855702845813e+00 3.477825386973518260e-03
1.793122956243706767e+00 3.682464033143811356e-03
1.793275813784271699e+00 3.716391251433949494e-03
1.788893897621420370e+00 3.198600598987902475e-03
1.793734386405964720e+00 3.708345496790011516e-03
1.793224861270749759e+00 3.675576735542193836e-03
1.784817696539698684e+00 4.183458907524885244e-03
1.784664838999134195e+00 4.420432288169040894e-03
1.788180562432118759e+00 4.080656991160435190e-03
1.784562933972090981e+00 3.331604817937470955e-03
1.785021506593784668e+00 3.252654580429073516e-03
1.784308171404483723e+00 3.931949708830492253e-03
1.785021506593784890e+00 3.843846273251555652e-03
1.788435324999726905e+00 3.690013956140847286e-03
1.785581984242521791e+00 3.894382306278293578e-03
1.786040556864215256e+00 4.027492433250567071e-03
1.781352925620235839e+00 4.081178650790317011e-03
1.777786249673729335e+00 3.774284868950013219e-03
1.782728643485316899e+00 4.153211232626304039e-03
1.777990059727815098e+00 3.844805230816100792e-03
1.786448176972387225e+00 3.825729703244796533e-03
1.779416730106417877e+00 4.191060276428731392e-03
1.781709593214886311e+00 3.978640974208932576e-03
1.773710048592007871e+00 3.372363616093260359e-03
1.768614797239855818e+00 3.491135942680568399e-03
1.769939562591414939e+00 4.366116097009974453e-03
1.782677690971795181e+00 3.565132479274569187e-03
1.772640045808055564e+00 4.263830422914199024e-03
1.778448632349508785e+00 3.794163104669402622e-03
1.776767199403298969e+00 3.455557244252225376e-03
1.782728643485316455e+00 4.200449934852889741e-03
1.779722445187547075e+00 4.323235950696531840e-03
1.777786249673728669e+00 3.954335253856845929e-03
1.774372431267786876e+00 3.933385539561403549e-03
1.773047665916227533e+00 4.188814162810437780e-03
1.778703394917116043e+00 3.765263193426183954e-03
1.768767654780420528e+00 3.795257747830031638e-03
1.777480534592600137e+00 3.663978206436934414e-03
1.774219573727222832e+00 4.551756607113474629e-03
1.768512892212812382e+00 3.900061288257644122e-03
1.764742406212219894e+00 3.420276422385763824e-03
1.771773853078189909e+00 4.119522534643563390e-03
1.767391936915338801e+00 4.036442556251745514e-03
1.763621450914746536e+00 3.685652803919128081e-03
1.767340984401817749e+00 4.472049022630117908e-03
1.768971464834506291e+00 3.943905575243041722e-03
1.762449543103751903e+00 3.603877440625201378e-03
1.765710503969128986e+00 3.995466616037179203e-03
1.761634302887407300e+00 4.007275090900426322e-03
1.765251931347435521e+00 4.034268022523198292e-03
1.761583350373886026e+00 4.111321659630622939e-03
1.761226682779235109e+00 3.691083217534112202e-03
1.754348093453830026e+00 3.679265442528702190e-03
1.762806210698402154e+00 3.531696574681371902e-03
1.759035724697809888e+00 4.021622211589336200e-03
1.758271436994987003e+00 3.998688206589559938e-03
1.758169531967944010e+00 3.781826536741835724e-03
1.759698107373590226e+00 4.050449223373703452e-03
1.760768110157541200e+00 3.832618126781712174e-03
1.751698562750711119e+00 3.671495431923403607e-03
1.753736663291571851e+00 3.967444220812879792e-03
1.755621906291868095e+00 4.040694951199616525e-03
1.763213830806574345e+00 3.658305312449774103e-03
1.757354291751599185e+00 3.531839916740771995e-03
1.754399045967351078e+00 4.240923735633688255e-03
1.752768565534662981e+00 4.096135277663797217e-03
1.751749515264232837e+00 4.003178513258592343e-03
1.751800467777753667e+00 3.515073543760198396e-03
1.757710959346250323e+00 4.297070493168460119e-03
1.754806666075523269e+00 3.680150887498739084e-03
1.754297140940308308e+00 3.789973177101980083e-03
1.757507149292164561e+00 3.638580317159476833e-03
1.751392847669582142e+00 3.830178763918182239e-03
1.753889520832136117e+00 4.071137715421997531e-03
1.751545705210146409e+00 3.832831497166976943e-03
1.748539506912376806e+00 3.567243657904035394e-03
1.749813319750414653e+00 3.944563791308421455e-03
1.748284744344769104e+00 3.791945484429498810e-03
1.745635213641650418e+00 3.879340480361435309e-03
1.749303794615199248e+00 3.679784035752391245e-03
1.748896174507027057e+00 4.096338090837682577e-03
1.746959978993209539e+00 4.655228095507949609e-03
1.745176641019956509e+00 3.401186188440512379e-03
1.746297596317429646e+00 3.523011687725426024e-03
1.748590459425898302e+00 3.764046024664333134e-03
1.741864727641057486e+00 3.677553919007888091e-03
1.751953325318318377e+00 3.931140791693737112e-03
1.751036180074931448e+00 4.111646851608386291e-03
1.740794724857105624e+00 3.540008153534896038e-03
1.737075191370034855e+00 4.103278390714988275e-03
1.740030437154282961e+00 3.344577479284906955e-03
1.743240445506138547e+00 3.951484865585414875e-03
1.744870925938827311e+00 4.290613111763093984e-03
1.739673769559632266e+00 3.484406925456672022e-03
1.738756624316244670e+00 3.643371940450697202e-03
1.738858529343288328e+00 4.237999624410680385e-03
1.744055685722483151e+00 3.602612953155162698e-03
1.737024238856513136e+00 3.615489257257498232e-03
1.737024238856513136e+00 3.907443252798990969e-03
1.743546160587267746e+00 4.015575316578843396e-03
1.739266149451460075e+00 3.472255851322326482e-03
1.733406610396485581e+00 4.159033053457744655e-03
1.739317101964981793e+00 4.085549701189091984e-03
1.738196146667508213e+00 3.810958497495778221e-03
1.736310903667211969e+00 3.882822243414266357e-03
1.740998534911191831e+00 3.772564840902568883e-03
1.739520912019067778e+00 4.356588887500184235e-03
1.738247099181029931e+00 3.614397632676361050e-03
1.739419006992024785e+00 3.806159581003714688e-03
1.736718523775384160e+00 3.561212564264435755e-03
1.732438512639576489e+00 4.243105554016167631e-03
1.737279001424121283e+00 3.629518174616537356e-03
1.736718523775384160e+00 3.609006493147959207e-03
1.742425205289794388e+00 4.130725016363622284e-03
1.735291853396781603e+00 3.994482083976117447e-03
1.734425660666915947e+00 4.300208007930303791e-03
1.735546615964389305e+00 3.530281218950510197e-03
1.735495663450867587e+00 4.303494054718093494e-03
1.722808487584008841e+00 3.879260172313622832e-03
1.730247554558150602e+00 4.027153999206464427e-03
1.724846588124870017e+00 3.624049237516199697e-03
1.727037546206295016e+00 4.235499517418256886e-03
1.732336607612533275e+00 3.241252747833770625e-03
1.726120400962908086e+00 3.918761756785160352e-03
1.727343261287424436e+00 4.001261664961114697e-03
1.722859440097530781e+00 3.807608754882968287e-03
1.726629926098123269e+00 3.570953392712515693e-03
1.725152303205999216e+00 3.900084586681460633e-03
1.727037546206295238e+00 4.063442987573702078e-03
1.727445166314467428e+00 3.777007790350389062e-03
1.724999445665434727e+00 4.318056427438381369e-03
1.725661828341213955e+00 3.930718107555764354e-03
1.721942294854142963e+00 3.976908145696464794e-03
1.730094697017586336e+00 3.676357143891291566e-03
1.716133708312690409e+00 3.833051628766235338e-03
1.719904194313282453e+00 4.145668843280140084e-03
1.718018951312986653e+00 4.154836166169612217e-03
1.717815141258899780e+00 3.501364639772213370e-03
1.718528476448201392e+00 3.899685165870353434e-03
1.714554180393522920e+00 3.472536222419835179e-03
1.717611331204814240e+00 3.564036357458997325e-03
1.717917046285943217e+00 4.003515731703174638e-03
1.716031803285646973e+00 4.092168895391349800e-03
1.715573230663953064e+00 3.810467976666665618e-03
1.714401322852958209e+00 3.800442750383728474e-03
1.711955602203925730e+00 3.776897811379675233e-03
1.720108004367368437e+00 3.628677611345694411e-03
1.702121767094272320e+00 3.641230037099050468e-03
1.709917501663064554e+00 3.775935358746089487e-03
1.716948948529034125e+00 4.262493723041092288e-03
1.709102261446720394e+00 3.692760349040670291e-03
1.715573230663953064e+00 4.157159966605697941e-03
1.715369420609867079e+00 3.548355137576571228e-03
1.706248920689515280e+00 3.571680339867132521e-03
1.706096063148950792e+00 3.677977462896045956e-03
1.715980850772125477e+00 4.066543693801856832e-03
1.711904649690404012e+00 3.765838884058767683e-03
1.712516079852662187e+00 4.081531687461276495e-03
1.716643233447905148e+00 3.872739634405033323e-03
1.710427026798279737e+00 3.803406335890067123e-03
1.707217018446424150e+00 3.642655736905273632e-03
1.702172719607793594e+00 4.054155456630378733e-03
1.705943205608386082e+00 3.805862858545303127e-03
1.707675591068117837e+00 3.868366369322092692e-03
1.711751792149839524e+00 4.045514062483145448e-03
1.704414630202740533e+00 3.738623102285066647e-03
1.708949403906155462e+00 4.098669721018658937e-03
1.699013663769459503e+00 3.939192830565469046e-03
1.702274624634836364e+00 3.880708807857733041e-03
1.699268426337066540e+00 3.864589445551459314e-03
1.699777951472282167e+00 3.315732615277042043e-03
1.705892253094865030e+00 3.766610929739038025e-03
1.706248920689515280e+00 3.603520835238713943e-03
1.702325577148358526e+00 3.804331129881735780e-03
1.701663194472578189e+00 3.742273946382199123e-03
1.698351281093679832e+00 3.779326913505647815e-03
1.699217473823545710e+00 3.624310702981295949e-03
1.700032714039889425e+00 4.235193030242678965e-03
1.695039367714780365e+00 3.611724633310021363e-03
1.702376529661879578e+00 3.937755820862120712e-03
1.697179373282684756e+00 4.133388995247119085e-03
1.694937462687737373e+00 3.792797778933699321e-03
1.694937462687738039e+00 3.485315803372460684e-03
1.700440334148061616e+00 3.614670569728107956e-03
1.699217473823545710e+00 3.878299693063782996e-03
1.698707948688330083e+00 3.727356591633381420e-03
1.699879856499325159e+00 3.720758239693648835e-03
1.701357479391449434e+00 3.880106669389788744e-03
1.691880311876446052e+00 3.790058802025514373e-03
1.695243177768867016e+00 3.792263833703434558e-03
1.691727454335881786e+00 3.454606719578889786e-03
1.699574141418196183e+00 4.107603802927429007e-03
1.696313180552818656e+00 3.537921082283389165e-03
1.697892708471985923e+00 3.690369238536268196e-03
1.684848865010476704e+00 3.381558290740933718e-03
1.691370786741231313e+00 3.797244402738445858e-03
1.686428392929643749e+00 4.104923090218153166e-03
1.696313180552818656e+00 3.843896928402867896e-03
1.686428392929643749e+00 3.636778261499855856e-03
1.689689353795021054e+00 3.603070525497222877e-03
1.687600300740639048e+00 4.025712918754894079e-03
1.688772208551634124e+00 3.372806241333614445e-03
1.691523644281796024e+00 3.932434979241792097e-03
1.690657451551930146e+00 3.643457447883234092e-03
1.688721256038112184e+00 4.233218721234733792e-03
1.688619351011069192e+00 4.196099582138529231e-03
1.686632202983729956e+00 3.809159612309108260e-03
1.686937918064859376e+00 3.927282112513879112e-03
1.684288387361739359e+00 3.736243971463267671e-03
1.690912214119537404e+00 4.027308715441255994e-03
1.682454096874965721e+00 3.823391194908030890e-03
1.686836013037816162e+00 3.811912107304008760e-03
1.684645054956390497e+00 3.661270496054598762e-03
1.687906015821768024e+00 3.993247014197383836e-03
1.689689353795020832e+00 4.153961280938391759e-03
1.689536496254456566e+00 3.526355692814910590e-03
1.677460750549856217e+00 4.283076287719980030e-03
1.677104082955205744e+00 3.950709519639983985e-03
1.681638856658621339e+00 3.945774621981760349e-03
1.682556001902008491e+00 3.854957535354375849e-03
1.685511247686256153e+00 3.831530769355780131e-03
1.684543149929347727e+00 4.063966856831141214e-03
1.682097429280314582e+00 3.354502368095842960e-03
1.683829814740046560e+00 3.441222769236996441e-03
1.681842666712707102e+00 3.160251352557112182e-03
1.680212186280018338e+00 3.995336658707748442e-03
1.679091230982544980e+00 4.380431771354883347e-03
1.670989781332623325e+00 3.893118814810314805e-03
1.680314091307061330e+00 3.647185758284796769e-03
1.670378351170365372e+00 3.765028755255223070e-03
1.681536951631577681e+00 4.014886711381357096e-03
1.685867915280906848e+00 3.928224006262750860e-03
1.684492197415826231e+00 3.304752688818847657e-03
1.681893619226228598e+00 3.988263853623661044e-03
1.676543605306468621e+00 4.152861163721105128e-03
1.675524555036038699e+00 3.415943300980316902e-03
1.677155035468727240e+00 3.501957765944903409e-03
1.675626460063081691e+00 3.921486974605550846e-03
1.677002177928162974e+00 3.968530318887204464e-03
1.676696462847033331e+00 4.021363983257615973e-03
1.670684066251494126e+00 3.886591468542306520e-03
1.675320744981952714e+00 3.807059838623567082e-03
1.668747870737676164e+00 3.870996286615884484e-03
1.672773119305876133e+00 4.193843786644910719e-03
1.678530753333808079e+00 3.736094574028203576e-03
1.669563110954020324e+00 3.810403250452854169e-03
1.675320744981952492e+00 4.274776203054200287e-03
1.666556912656250722e+00 3.833617139687609671e-03
1.671448353954317012e+00 3.597474785138130536e-03
1.665334052331734593e+00 3.869906295433126094e-03
1.664569764628911930e+00 3.213661913306464779e-03
1.663448809331437683e+00 4.044024957104795821e-03
1.668544060683590180e+00 3.216617287499172646e-03
1.665639767412863570e+00 3.898033792321951938e-03
1.671091686359666539e+00 4.206086013181288032e-03
1.668900728278241097e+00 3.747345205687459269e-03
1.667881678007810509e+00 4.186359100003102761e-03
1.660136895952539549e+00 3.955211630677720261e-03
1.656824982573640970e+00 3.972845603078209789e-03
1.665079289764126891e+00 3.536060386954672456e-03
1.653258306627134244e+00 3.130724111298350404e-03
1.664213097034261235e+00 3.847677295835448454e-03
1.656264504924903846e+00 3.503884732601737599e-03
1.661104993709447974e+00 3.890730729620017845e-03
1.653614974221784939e+00 3.898779660537960486e-03
1.653054496573048260e+00 3.550099697057964437e-03
1.654888787059822786e+00 3.538262287054913611e-03
1.650914491005144091e+00 3.865291393182829910e-03
1.657589270276463633e+00 3.954555186892704660e-03
1.661818328898749586e+00 3.648000707059642807e-03
1.653360211654177681e+00 3.381205111751629192e-03
1.648315912815546902e+00 3.719446238593013352e-03
1.657742127817028344e+00 3.893785616016678941e-03
1.654888787059822786e+00 4.025003472698483742e-03
1.653920689302913694e+00 3.736160587584994638e-03
1.654939739573344726e+00 3.874653060816242271e-03
1.650761633464579381e+00 3.667345874860425230e-03
1.651424016140359496e+00 3.747916721638188450e-03
1.655449264708559465e+00 3.741021539245890318e-03
1.647398767572159750e+00 3.532927656638423699e-03
1.642558278787615400e+00 3.989539510766490146e-03
1.650506870896971900e+00 3.728791135846246975e-03
1.650965443518666032e+00 4.266922409312331674e-03
1.648468770356111390e+00 3.852886090164801651e-03
1.647551625112723794e+00 3.754616010125731099e-03
1.657283555195333991e+00 3.578517307108438315e-03
1.645870192166514201e+00 3.453103379921155201e-03
1.649691630680628185e+00 3.682411157326497767e-03
1.646277812274685948e+00 3.812511397098650168e-03
1.651271158599794786e+00 3.739688878495983550e-03
1.644035901679739231e+00 3.573871190565958145e-03
1.639195412895194881e+00 3.215842370151401289e-03
1.646226859761164896e+00 3.847788625332333214e-03
1.646124954734121903e+00 3.729974567489934001e-03
1.653258306627134244e+00 3.917502814757383746e-03
1.642405421247050690e+00 4.003126630976574889e-03
1.644392569274390148e+00 3.666018299323896452e-03
1.635934452029817798e+00 3.877402584731061592e-03
1.640876845841404696e+00 3.958256105354154494e-03
1.641997801138878055e+00 3.567618443478763526e-03
1.639093507868151667e+00 3.253005754557512612e-03
1.641997801138878499e+00 3.774130098525963536e-03
1.645462572058342010e+00 3.558583513720405770e-03
1.640112558138582033e+00 3.563923448688686990e-03
1.633845398975435126e+00 3.085800492058455267e-03
1.635119211813473639e+00 3.747362525633263219e-03
1.633335873840219721e+00 4.040694951199622596e-03
1.638023505084199805e+00 3.313288811156488937e-03
1.640418273219711232e+00 3.346614460580896264e-03
1.646481622328772376e+00 3.909817810087637055e-03
1.637157312354333927e+00 3.563122057847282250e-03
1.643730186598610254e+00 3.557474427437922436e-03
1.629055862704412272e+00 3.816377276304210118e-03
1.630431580569493333e+00 3.921238703907916831e-03
1.630431580569493333e+00 3.599512901211447506e-03
1.633030158759090744e+00 3.588717590506750217e-03
1.635985404543338850e+00 3.694991827159293217e-03
1.630635390623579317e+00 3.792784088969328865e-03
1.625336329217341280e+00 3.438686953110679182e-03
1.630737295650622531e+00 4.103180320499201506e-03
1.627170619704116028e+00 3.848854526546934603e-03
1.629667292866670225e+00 3.253225219137626661e-03
1.629769197893713883e+00 4.006627177175675625e-03
1.629718245380192387e+00 3.940510727166602473e-03
1.625489186757906213e+00 4.127754287953614050e-03
1.625030614136212526e+00 3.655664418250144463e-03
1.625947759379599455e+00 3.845021300908065508e-03
1.623196323649437334e+00 3.666443175795668086e-03
1.621005365568012557e+00 3.766417933155379125e-03
1.623247276162959274e+00 3.678796176142756866e-03
1.622788703541265143e+00 4.004115521244114642e-03
1.626762999595943837e+00 3.715049755330291584e-03
1.623451086217045036e+00 3.793314538951638414e-03
1.627731097352852929e+00 3.602234601421106658e-03
1.626508237028336579e+00 4.006860438185905204e-03
1.621616795730270510e+00 3.694879406964595575e-03
1.623400133703523540e+00 3.491507744357762958e-03
1.617336784594463284e+00 3.726614729657740099e-03
1.625081566649733356e+00 3.920957311446570878e-03
1.621565843216749014e+00 3.697130672407453796e-03
1.622482988460136610e+00 3.751350909470622160e-03
1.614840111431908198e+00 3.902962535748428965e-03
1.615247731540080167e+00 3.701986769878127387e-03
1.619629647702931052e+00 4.037085684895537138e-03
1.612241533242310787e+00 3.218210931689144232e-03
1.618355834864892762e+00 3.982945304121692995e-03
1.613209630999219435e+00 3.894332307810718236e-03
1.619884410270539199e+00 3.972763917757931099e-03
1.619374885135323794e+00 4.178016008836309830e-03
1.615706304161774076e+00 3.997986952313479191e-03
1.614381538810214289e+00 3.890647320273438094e-03
1.618101072297285725e+00 3.605033463958827629e-03
1.616215829296989481e+00 3.928551137560345671e-03
1.621056318081533387e+00 3.635882254026685106e-03
1.610967720404272718e+00 3.247222515036759898e-03
1.619476790162366564e+00 3.757584647903476540e-03
1.611273435485401917e+00 3.564404196708074925e-03
1.610101527674407285e+00 3.894702281271615694e-03
1.620495840432797152e+00 4.180898243466048270e-03
1.615706304161774076e+00 4.057288855819156034e-03
1.614738206404865428e+00 4.000028688481830665e-03
1.611833913134138818e+00 3.857811947801906456e-03
1.609795812593278086e+00 3.982058731879800813e-03
1.610305337728492825e+00 3.541470937342818068e-03
1.612954868431612176e+00 3.755649597314510146e-03
1.601235790321662522e+00 3.224368295460920079e-03
1.608012474620024612e+00 3.544713303492422283e-03
1.610050575160885566e+00 3.321165972883684259e-03
1.605515801457469749e+00 3.770744197057055488e-03
1.607604854511852421e+00 3.355075029315924585e-03
1.606076279106206872e+00 3.764435699417372546e-03
1.606025326592685154e+00 3.648979116814944548e-03
1.606636756754943773e+00 4.272637900573130962e-03
1.600879122727011383e+00 3.962205838559502112e-03
1.603885321024781652e+00 3.553443781819774598e-03
1.604700561241126033e+00 3.777293033381698591e-03
1.601337695348705958e+00 3.684719361180219342e-03
1.601235790321662744e+00 3.769311844318717387e-03
1.607248186917201949e+00 3.937475608799931651e-03
1.601133885294619086e+00 3.564269448121937245e-03
1.597720066888677959e+00 4.090811008767616594e-03
1.602713413213786353e+00 3.824494443042275506e-03
1.599707214916016751e+00 3.484269083104200079e-03
1.600267692564753652e+00 3.619049110332051705e-03
1.600930075240533546e+00 3.306323482176549890e-03
1.602407698132656932e+00 3.473616374107901025e-03
1.590179094887492761e+00 3.841711395956495714e-03
1.594255295969214226e+00 3.368435176915415830e-03
1.595732918861338501e+00 4.159831980484009206e-03
1.597974829456284995e+00 3.933755139876027145e-03
1.585848131238163372e+00 3.657733990286509730e-03
1.591707670293137866e+00 3.469054277340416319e-03
1.590433857455100020e+00 3.756064334934857557e-03
1.591249097671444845e+00 3.747262068833264077e-03
1.593898628374563531e+00 3.464662269017721591e-03
1.593847675861041813e+00 3.918125710319188618e-03
1.592522910509482692e+00 3.484943341089448247e-03
1.586765276481550524e+00 3.506225312487399638e-03
1.595121488699080103e+00 3.436553457348009467e-03
1.590128142373971265e+00 3.306386298388857593e-03
1.591249097671444401e+00 3.941087168348950467e-03
1.593643865806956050e+00 3.697888980419193616e-03
1.587376706643809365e+00 3.688691019867317011e-03
1.590128142373971043e+00 3.672439305174106470e-03
1.586918134022115456e+00 3.480097703852518074e-03
1.591147192644401187e+00 3.593402309832751350e-03
1.584778128454211732e+00 4.147221612714845421e-03
1.588395756914239287e+00 3.750253834491178682e-03
1.590026237346928051e+00 3.623361457454143432e-03
1.581160499994183510e+00 3.887015611598595294e-03
1.586612418940986258e+00 3.991061955216279947e-03
1.584319555832517601e+00 3.528545254934582244e-03
1.593592913293434554e+00 4.227090660713099003e-03
1.588395756914239287e+00 3.413966697349959944e-03
1.582841932940393770e+00 3.366338134844958953e-03
1.586153846319292349e+00 3.687198628693727324e-03
1.587835279265502164e+00 3.819522219133839654e-03
1.592828625590611891e+00 3.806681347154847964e-03
1.582485265345742631e+00 3.271655298830760533e-03
1.589210997130583669e+00 3.721539637514109048e-03
1.582638122886307785e+00 3.858165236374546444e-03
1.585032891021818990e+00 3.704114567243044307e-03
1.587325754130287425e+00 3.226529447663375235e-03
1.584268603318996327e+00 3.878942269974680005e-03
1.587682421724937898e+00 3.656086947493831889e-03
1.580752879886011319e+00 3.535014003944348705e-03
1.574842388317515329e+00 3.937185485889170208e-03
1.578918589399236572e+00 3.520560594128846650e-03
1.583708125670259870e+00 3.744129236346380955e-03
1.577440966507112519e+00 3.681945817391348887e-03
1.581670025129398915e+00 3.642057010962834566e-03
1.577440966507112519e+00 3.864955548978411988e-03
1.571530474938616084e+00 4.211082677905124069e-03
1.573874290560606015e+00 3.528784368480686155e-03
1.578561921804586099e+00 4.213141305466597437e-03
1.572447620182003236e+00 3.890997627513641081e-03
1.576778583831332403e+00 3.145957721197321054e-03
1.576574773777246641e+00 3.803839754426312919e-03
1.572702382749611383e+00 3.619346802209153120e-03
1.573772385533563023e+00 3.836612617611889677e-03
1.576320011209639160e+00 3.617542342078639787e-03
1.573466670452433824e+00 3.909502392552807563e-03
1.559709491801623660e+00 3.188764455537456029e-03
1.572396667668481962e+00 3.158542162362400728e-03
1.569899994505927543e+00 3.757601920652540919e-03
1.559607586774581112e+00 3.593088017610977271e-03
1.573517622965955542e+00 3.252874068702169170e-03
1.566078555991813559e+00 3.585330375236952909e-03
1.564549980586167788e+00 3.147112840006954272e-03
1.563276167748130385e+00 3.391784484019897631e-03
1.570154757073535468e+00 3.334097490800600524e-03
1.562970452667000743e+00 3.897117910692467907e-03
1.556346625909203363e+00 4.123377607631662986e-03
1.563225215234608667e+00 3.292159360960875136e-03
1.564193312991517981e+00 4.063647432392205466e-03
1.561238067207269431e+00 3.432414853738771036e-03
1.558894251585279278e+00 3.768419792016126143e-03
1.570613329695228710e+00 4.040698163713355058e-03
1.560779494585575522e+00 3.490790131581430339e-03
1.560015206882752858e+00 3.541679857139181514e-03
1.559149014152886537e+00 3.727812780841274071e-03
1.554461382908907119e+00 3.473343564732352725e-03
1.557722343774284424e+00 3.861686260180736355e-03
1.551200422043529592e+00 4.089487587455154990e-03
1.554461382908907119e+00 4.001284374121865349e-03
1.561492829774876245e+00 3.961272024868732131e-03
1.557875201314848912e+00 3.882434420558429806e-03
1.558231868909499163e+00 3.622902864874036864e-03
1.551608042151702005e+00 4.042596312738182436e-03
1.558435678963586035e+00 3.610585133186600126e-03
1.548805653908018387e+00 3.274609866257637177e-03
1.554308525368342409e+00 3.430508284299914421e-03
1.552881854989740074e+00 3.914784770946156886e-03
1.553900905260170218e+00 3.510313874119363846e-03
1.556499483449767629e+00 3.959410293713650636e-03
1.550945659475922334e+00 3.395685910697068821e-03
1.545952313150813273e+00 3.871733952635317885e-03
1.546308980745463746e+00 3.791945484429488835e-03
1.554970908044122080e+00 3.114074069088075200e-03
1.548550891340410907e+00 3.345570905098742883e-03
1.544168975177559799e+00 4.147856953535943025e-03
1.548448986313367470e+00 3.636150008473498264e-03
1.544882310366860967e+00 3.984326920351031337e-03
1.550028514232534516e+00 3.292037127491984679e-03
1.543710402555866112e+00 3.850998926958314368e-03
1.550945659475922112e+00 3.544566819867068196e-03
1.551098517016486600e+00 3.757833367829995549e-03
1.545493740529119586e+00 3.375853005976635259e-03
1.547735651124066525e+00 3.379265808815987062e-03
1.548398033799845974e+00 3.793974931069755887e-03
1.547837556151109517e+00 3.658557233627559354e-03
1.548550891340410685e+00 4.100746795723352392e-03
1.550588991881271195e+00 4.081836991850516794e-03
1.546971363421243639e+00 3.319993214381302023e-03
1.535914667987073656e+00 3.949326003348433908e-03
1.548601843853932403e+00 3.664176598648050294e-03
1.540245631636403045e+00 3.815400967108325322e-03
1.542232779663742059e+00 3.868134824155504328e-03
1.541009919339225487e+00 3.518967389964448769e-03
1.537035623284547459e+00 3.637235104632314479e-03
1.547531841069980763e+00 3.379849636856161431e-03
1.538258483609063587e+00 4.257127480522182247e-03
1.544984215393904403e+00 3.568898966998372037e-03
1.541723254528527098e+00 4.403461727353722398e-03
1.540755156771618006e+00 3.504051439511816045e-03
1.537494195906240924e+00 3.353589003319273811e-03
1.540551346717531578e+00 3.538174237360675219e-03
1.533876567446213146e+00 4.047756314132767985e-03
1.542946114853043671e+00 3.428506002543330131e-03
1.538105626068499321e+00 3.527062389131456303e-03
1.539838011528230854e+00 3.524367349698904854e-03
1.530717511607879056e+00 3.634207448832812905e-03
1.535863715473552382e+00 3.633225061141684940e-03
1.537494195906240924e+00 3.857613419072593221e-03
1.534233235040863397e+00 3.015527993296782117e-03
1.529290841229276054e+00 4.074987594365433140e-03
1.531583704337744711e+00 3.598503005669440036e-03
1.534997522743686504e+00 3.969259669721945591e-03
1.538818961257800488e+00 3.372440598568999474e-03
1.535303237824815703e+00 3.487069565753549670e-03
1.539175628852451405e+00 3.336868401306544198e-03
1.526692263039678421e+00 3.602656190823300825e-03
1.536169430554681137e+00 3.819617377025444262e-03
1.527864170850673498e+00 3.590395538164987965e-03
1.533876567446212924e+00 3.713242860956036777e-03
1.530768464121400108e+00 4.008949462675937860e-03
1.528628458553496383e+00 3.668170499782315904e-03
1.527660360796587957e+00 3.910322425223073696e-03
1.531634656851266207e+00 3.996038378076945119e-03
1.532806564662261062e+00 3.890503852014303744e-03
1.535761810446509612e+00 3.547714884930338632e-03
1.525927975336855980e+00 3.738161287311738031e-03
1.523329397147258568e+00 3.950827802585467341e-03
1.521087486552311185e+00 3.586260730522339204e-03
1.524195589877124002e+00 3.483523894881088157e-03
1.524705115012339407e+00 3.205310003297817591e-03
1.530360844013228583e+00 3.199882756153688522e-03
1.523278444633736850e+00 3.553619122345277187e-03
1.522361299390349254e+00 4.041568660821563859e-03
1.520679866444138995e+00 3.822797006341098393e-03
1.518437955849192056e+00 3.744520983746830404e-03
1.518794623443842973e+00 3.582258850834081632e-03
1.519406053606101592e+00 3.488945226844471833e-03
1.523482254687822834e+00 3.940428371542423723e-03
1.519457006119622866e+00 3.473915318682627325e-03
1.513852229632255630e+00 3.783765353492181405e-03
1.526182737904463238e+00 3.402758243250793291e-03
1.517367953065240638e+00 3.511936877456486167e-03
1.514820327389164945e+00 3.419042744682628671e-03
1.515533662578465890e+00 3.625080662938155035e-03
1.507839833036716204e+00 3.864861507371441986e-03
1.514922232416207271e+00 3.527043987377265991e-03
1.505699827468812479e+00 3.791716119463637430e-03
1.510540316253356830e+00 3.327238146902266984e-03
1.508400310685453105e+00 3.523096431881450608e-03
1.508706025766582526e+00 3.277934036421786736e-03
1.517673668146369614e+00 3.875537407958642207e-03
1.511049841388572013e+00 3.863998232850493660e-03
1.504375062117252915e+00 3.615474895916024993e-03
1.504833634738946380e+00 3.725667160632733892e-03
1.508655073253060808e+00 3.517879023454684173e-03
1.497802187872976809e+00 3.002391721269286572e-03
1.504171252063166486e+00 3.984877478207552934e-03
1.506056495063462730e+00 3.558262497979111042e-03
1.504680777198381891e+00 3.508790008145561828e-03
1.503406964360343601e+00 4.202575546805632951e-03
1.502897439225129084e+00 3.649491343103129608e-03
1.499330763278622358e+00 3.288940346602160780e-03
1.502846486711607366e+00 3.713595921026075809e-03
1.499687430873272831e+00 3.618403429339210088e-03
1.503356011846822549e+00 3.953008831132701767e-03
1.502133151522306198e+00 3.180857317673388938e-03
1.501521721360048023e+00 3.753246673921286410e-03
1.502897439225128862e+00 3.903172060695671904e-03
1.504629824684860395e+00 4.014834980400196901e-03
1.492146458872088077e+00 4.238869413773681261e-03
1.502795534198085647e+00 3.621498063849622109e-03
1.496935995143110931e+00 3.483542526529459418e-03
1.500961243711311344e+00 3.646189066855935051e-03
1.489853595763619865e+00 3.490433129349068599e-03
1.493216461656039939e+00 3.523096431881463618e-03
1.500400766062574665e+00 3.596886583023003233e-03
1.493776939304776841e+00 3.631438220834439130e-03
1.498515523062278199e+00 3.281891700448701099e-03
1.495967897386202061e+00 4.059847549924453305e-03
1.491178361115179207e+00 3.717714805489823280e-03
1.498974095683971886e+00 3.723732953824362805e-03
1.492503126466738772e+00 3.463013361274366788e-03
1.491687886250394390e+00 3.390770143441986569e-03
1.494082654385905817e+00 3.738595325553289994e-03
1.492044553845045085e+00 3.144294430276100942e-03
1.499687430873273053e+00 4.000716606432161079e-03
1.491076456088135771e+00 3.561646298644713469e-03
1.493267414169561436e+00 3.927298638912400490e-03
1.486898349979371758e+00 3.574568493026110579e-03
1.498566475575799695e+00 3.931157301870554822e-03
1.486898349979371758e+00 3.544665696978174189e-03
1.492554078980260490e+00 3.707144655856791510e-03
1.489904548277141583e+00 3.617283975929338428e-03
1.484911201952032300e+00 3.598041244727506228e-03
1.483229769005821819e+00 3.181473475440894753e-03
1.486337872330634635e+00 3.822267251805025468e-03
1.491076456088136659e+00 3.948142564503114363e-03
1.490566930952921032e+00 3.695722475069385983e-03
1.482924053924693064e+00 3.685170261155933883e-03
1.484350724303295399e+00 3.506373397882930724e-03
1.486694539925285552e+00 3.373545103619699122e-03
1.485981204735984162e+00 3.731794231167937740e-03
1.486134062276549095e+00 3.867883128905127803e-03
1.483790246654559164e+00 3.604486109716480754e-03
1.488121210303887665e+00 3.852559272731598348e-03
1.485675489654855186e+00 3.845112451836481347e-03
1.485318822060204491e+00 3.673474812079937507e-03
1.476453084707460395e+00 3.116511645377975214e-03
1.474720699247728195e+00 3.901964643555007415e-03
1.477828802572541456e+00 3.924001898269242720e-03
1.478542137761842179e+00 3.588920143058033953e-03
1.476504037220981669e+00 3.450395717922358045e-03
1.481955956167783972e+00 3.927311859981149830e-03
1.477472134977890539e+00 3.635296695592545035e-03
1.482669291357085140e+00 3.423553945263187355e-03
1.473599743950255281e+00 3.856415300025577923e-03
1.474975461815336120e+00 3.257977982944677050e-03
1.474058316571948524e+00 3.388533694569686484e-03
1.470797355706570997e+00 3.913667173922029570e-03
1.469523542868533150e+00 4.053860875829662543e-03
1.475892607058723049e+00 2.991823821228927101e-03
1.475281176896465318e+00 3.700636544381414282e-03
1.475179271869421882e+00 3.544372719738491523e-03
1.471154023301222136e+00 3.527430404056165932e-03
1.477472134977890317e+00 3.839521238627622256e-03
1.475688797004637287e+00 3.942983888155962569e-03
1.482771196384128798e+00 3.270040065309034322e-03
1.474364031653077722e+00 3.750253834491169141e-03
1.471867358490523303e+00 3.655025205565434580e-03
1.468708302652188991e+00 3.749426490008843545e-03
1.471001165760657203e+00 3.650401790144232328e-03
1.475688797004637065e+00 3.522919572200228829e-03
1.475484986950551081e+00 3.698503236326223468e-03
1.465549246813854900e+00 3.556237242382023159e-03
1.474516889193641767e+00 3.551883600737173151e-03
1.473599743950254837e+00 3.587881940360870998e-03
1.463409241245950954e+00 3.402178346425612648e-03
1.469166875273882678e+00 3.749976919423429669e-03
1.460708758029310550e+00 3.185779168446973512e-03
1.472427836139259982e+00 3.386909046110517761e-03
1.460810663056353542e+00 3.463553090223668671e-03
1.468351635057538518e+00 3.445727534671508448e-03
1.470644498166006731e+00 3.928091824273613648e-03
1.468147825003452533e+00 3.368338834117298036e-03
1.455664459190679993e+00 3.243414656186352669e-03
1.463511146272993502e+00 3.666372366469570175e-03
1.461574950759175984e+00 3.561941499399344686e-03
1.459434945191272481e+00 3.563967155733778654e-03
1.465600199327376840e+00 4.023697119909307868e-03
1.459485897704793977e+00 3.454185850426888006e-03
1.463103526164821533e+00 3.615115843837497182e-03
1.464886864138074785e+00 3.608197127466461485e-03
1.459995422840009160e+00 3.383258408166311178e-03
1.457549702190976237e+00 3.703441656443982963e-03
1.453116833514604078e+00 3.713260339967124242e-03
1.462135428407912663e+00 3.811639671703460127e-03
1.455460649136594231e+00 3.793482214160576790e-03
1.461422093218611495e+00 3.835918958009785877e-03
1.457040177055761276e+00 3.228230789095076075e-03
1.449244442486968376e+00 3.653888551350380817e-03
1.455511601650115283e+00 3.508623526381358416e-03
1.456072079298851740e+00 3.561999807765958009e-03
1.448021582162452026e+00 3.822810588825438331e-03
1.453065881001082582e+00 3.240720056462220635e-03
1.450365397784441956e+00 3.502406250909390929e-03
1.447664914567800665e+00 3.349138596785384333e-03
1.451333495541350604e+00 3.631091471976721080e-03
1.450823970406135643e+00 3.469035567877915786e-03
1.445473956486375444e+00 3.138459766246960107e-03
1.444658716270031729e+00 3.611508982638409696e-03
1.447104436919064874e+00 3.907376810869092956e-03
1.451995878217130276e+00 3.625284764432943480e-03
1.445779671567504643e+00 3.656530728153055496e-03
1.446900626864978001e+00 3.593637107920536009e-03
1.452658260892910169e+00 3.528898401542644118e-03
1.443741571026644133e+00 3.905103816425342742e-03
1.442620615729170774e+00 3.808972179577859406e-03
1.442722520756213767e+00 4.284861008339043917e-03
1.445372051459332896e+00 3.839588854760293910e-03
1.443945381080730117e+00 3.506273440926960163e-03
1.450722065379092651e+00 3.372159604033227957e-03
1.446849674351457171e+00 4.095957807898744328e-03
1.439410607377314744e+00 3.789973177101980950e-03
1.440888230269438797e+00 3.177999396626306379e-03
1.433551068322339805e+00 3.200693982622842583e-03
1.438646319674492080e+00 3.022132703072008021e-03
1.435742026403765470e+00 3.465411513171765771e-03
1.445677766540461651e+00 3.068492184775551117e-03
1.438799177215057012e+00 3.447535323189207003e-03
1.438748224701535072e+00 3.461307414630970022e-03
1.435894883944329958e+00 3.403246500778776915e-03
1.439053939782664049e+00 3.641789690815200493e-03
1.432328207997823899e+00 3.520756007025894942e-03
1.432379160511344951e+00 3.628917281141366864e-03
1.437270601809411019e+00 3.732740244815234507e-03
1.435181548755028791e+00 3.778244833179897517e-03
1.431411062754436525e+00 3.431476832903556599e-03
1.434519166079248897e+00 3.522359457958197052e-03
1.432532018051909661e+00 3.670703381001242695e-03
1.431207252700350319e+00 3.624597218816466484e-03
1.433143448214168059e+00 3.598618436646889261e-03
1.434977738700942584e+00 3.788811912114753520e-03
1.433296305754732325e+00 3.661054218188125511e-03
1.426061048834676770e+00 3.246642824848778360e-03
1.431512967781479517e+00 3.654400089497944568e-03
1.424124853320859030e+00 3.529634010160059669e-03
1.428863437078360388e+00 3.615316917394651493e-03
1.431207252700350319e+00 3.220279474616576012e-03
1.419997699725615847e+00 3.806817744813928948e-03
1.418927696941664207e+00 3.375391551746319361e-03
1.424226758347902022e+00 3.945748303526778154e-03
1.420609129887873801e+00 3.298654864310547434e-03
1.421016749996046435e+00 3.810362370172365280e-03
1.429933439862312472e+00 3.721344303441090524e-03
1.417602931590104420e+00 3.878457000377431244e-03
1.413170062913732261e+00 3.168902270019307611e-03
1.427997244348494732e+00 3.362321582884329925e-03
1.420761987428438511e+00 3.506699163740613356e-03
1.427793434294408081e+00 3.487962863495931709e-03
1.421067702509567487e+00 3.606757806690184202e-03
1.418825791914620771e+00 3.525748262497168523e-03
1.413577683021904674e+00 3.046329727282547084e-03
1.413170062913731817e+00 4.172510012052885534e-03
1.419386269563357450e+00 3.411140447410920817e-03
1.412864347832602840e+00 3.892198441549418915e-03
1.416787691373759817e+00 3.403913927036458179e-03
1.418112456725319825e+00 3.498961450587562139e-03
1.418010551698276611e+00 3.300035822630646536e-03
1.413781493075990436e+00 3.319101640783551736e-03
1.411386724940479009e+00 3.659635685963349115e-03
1.413526730508382956e+00 3.396400686131199973e-03
1.410367674670048643e+00 3.843707812431881345e-03
1.413170062913731817e+00 3.448999690015097479e-03
1.406699093696499370e+00 3.583708011113043330e-03
1.417093406454889015e+00 3.508889893412636685e-03
1.413068157886689269e+00 3.676060537611936831e-03
1.410265769643005651e+00 3.597012892199990229e-03
1.409093861832010131e+00 4.042946297030865568e-03
1.397221926181496432e+00 3.797965632920677174e-03
1.408431479156230681e+00 3.556948950075283084e-03
1.401756699884911583e+00 3.796779461383812358e-03
1.403132417749992866e+00 3.516871523185235993e-03
1.404202420533944284e+00 3.645808116388082280e-03
1.394827158045984561e+00 3.365952507014500876e-03
1.405374328344939583e+00 3.095846377215342483e-03
1.404457183101551987e+00 3.209680783269591026e-03
1.403641942885207605e+00 3.652449466210449906e-03
1.401501937317304103e+00 3.085463944025419562e-03
1.403387180317600347e+00 3.849043389643190451e-03
1.401858604911954576e+00 3.417375623715220804e-03
1.399310979235878660e+00 3.538673156659893817e-03
1.409603386967225980e+00 3.953665531665710893e-03
1.401960509938997790e+00 3.643728208181531199e-03
1.407514333912843307e+00 3.233534184392114572e-03
1.401807652398433079e+00 3.525129680450978659e-03
1.394113822856683615e+00 3.602036401318954063e-03
1.394215727883726608e+00 3.627074636177264610e-03
1.400584792073916507e+00 3.599321764153844312e-03
1.393400487667382448e+00 3.298702086105338716e-03
1.405629090912547063e+00 3.969642280015058672e-03
1.395846208316415371e+00 3.331842481221326032e-03
1.390241431829047913e+00 3.827547932105975458e-03
1.393808107775554417e+00 3.584102805700053150e-03
1.403285275290557133e+00 3.658674317847636880e-03
1.397425736235582638e+00 3.881962963020489828e-03
1.390037621774961929e+00 4.067670347210823253e-03
1.388458093855795106e+00 3.303967012091235667e-03
1.388203331288186959e+00 3.586637148118865422e-03
1.385961420693240687e+00 3.404619349669799847e-03
1.390088574288483203e+00 3.494506736162909799e-03
1.393706202748511869e+00 3.696063160527439297e-03
1.389120476531574333e+00 3.520284047908240569e-03
1.391464292153564708e+00 3.483020802701501488e-03
1.385808563152675976e+00 3.848351970669524648e-03
1.389324286585660984e+00 3.569062637167831099e-03
1.388254283801708233e+00 3.625223893259820612e-03
1.392432389910473578e+00 3.640060546577798730e-03
1.386776660909585068e+00 3.608488520024821788e-03
1.388509046369316602e+00 3.170474861292654767e-03
1.383923320152379510e+00 3.451121730165563565e-03
1.385553800585068052e+00 3.134122199574387001e-03
1.382496649773776953e+00 3.230228619784249883e-03
1.381732362070954512e+00 3.143117626204593347e-03
1.386878565936627838e+00 4.161619648025432008e-03
1.392228579856387594e+00 3.523243808167336559e-03
1.380764264314045420e+00 3.638965591448395983e-03
1.383311889990121779e+00 3.939403723649584008e-03
1.379796166557136772e+00 3.314949540904597348e-03
1.386470945828455870e+00 3.518543151533601917e-03
1.380509501746437495e+00 3.410314573133487511e-03
1.375057582799635192e+00 3.237694470864808244e-03
1.374344247610334246e+00 3.447780055013603597e-03
1.377197588367538916e+00 3.357936870495329632e-03
1.378726163773184243e+00 3.292589113581213291e-03
1.368026135933665399e+00 3.830476991598808466e-03
1.376840920772888888e+00 3.754654040113721870e-03
1.373427102366946428e+00 3.707998938310930800e-03
1.370115188988047850e+00 3.325115123305030264e-03
1.375821870502457411e+00 3.849835839116559025e-03
1.375821870502457855e+00 3.332976018710076538e-03
1.380611406773480709e+00 3.161598331802936094e-03
1.371439954339607192e+00 3.737216645910601716e-03
1.374751867718506215e+00 3.416190296020480636e-03
1.369605663852832667e+00 3.744489784128591202e-03
1.375414250394286109e+00 3.939453150083058706e-03
1.374497105150898291e+00 3.530310634712685667e-03
1.370573761609741537e+00 3.845021300908069845e-03
1.367975183420143903e+00 3.416672834804326299e-03
1.368535661068880804e+00 3.395838816487074113e-03
1.366293750473933866e+00 3.851551691928091579e-03
1.366548513041541346e+00 3.475525440144430593e-03
1.366446608014498354e+00 2.977698195726913386e-03
1.364612317527723606e+00 3.764183967242450135e-03
1.367822325879578971e+00 3.494985890347199111e-03
1.370217094015091064e+00 3.248721234122707753e-03
1.365172795176460507e+00 3.737831384540210057e-03
1.363898982338422439e+00 4.117174338258179633e-03
1.361300404148825027e+00 3.581044727862910809e-03
1.369248996258181750e+00 3.211528479625888437e-03
1.366242797960411703e+00 3.315513373095752610e-03
1.364816127581809369e+00 3.157983187998072896e-03
1.364510412500681058e+00 3.401533476653666177e-03
1.364714222554766598e+00 3.651767035100058484e-03
1.359975638797265907e+00 3.201926653227070430e-03
1.351721331606779097e+00 3.419987971465114716e-03
1.358854683499791882e+00 3.342748959729542786e-03
1.366650418068584560e+00 3.438486876144432325e-03
1.359975638797265240e+00 3.657609778007397255e-03
1.362472311959820104e+00 3.400770159173849890e-03
1.356408962850758737e+00 3.435590118261123201e-03
1.359873733770222026e+00 3.434834369139965014e-03
1.359618971202614768e+00 3.353817367832993921e-03
1.358701825959226950e+00 4.035808974345904410e-03
1.359720876229657760e+00 3.448770100333935912e-03
1.356358010337237463e+00 3.767300122541062703e-03
1.352077999201429792e+00 3.451779899418662249e-03
1.355389912580328371e+00 3.471074305709723803e-03
1.356663725418366662e+00 3.704703263929180757e-03
1.357224203067102897e+00 3.439487144589729265e-03
1.351415616525650121e+00 3.626501973332679936e-03
1.351721331606779097e+00 3.138128865652847592e-03
1.359262303607963851e+00 3.559083219236573118e-03
1.350753233849870227e+00 3.259666892484735460e-03
1.349887041120004572e+00 3.608488520024830028e-03
1.349785136092961357e+00 3.397061815038050769e-03
1.349734183579439639e+00 3.338361870258119667e-03
1.349173705930702960e+00 2.920001375454448107e-03
1.351211806471563692e+00 3.311145082657337285e-03
1.347135605389842450e+00 3.411703601830226584e-03
1.348052750633229602e+00 3.422537642011789453e-03
1.343161309335163534e+00 3.777241485030944420e-03
1.347645130525057189e+00 3.530696693873790291e-03
1.344638932227287809e+00 3.587270453962994408e-03
1.342549879172905580e+00 3.559258281945243234e-03
1.340511778632044848e+00 3.817985770721343819e-03
1.349530373525354099e+00 3.498842731809322180e-03
1.346880842822234525e+00 3.655319967524735432e-03
1.346422270200540838e+00 3.745962815837671107e-03
1.343874644524464701e+00 3.891117725593131078e-03
1.346167507632933358e+00 4.130219043272552286e-03
1.338983203226399077e+00 3.228250894152003090e-03
1.341530828902474992e+00 3.328427852610879589e-03
1.339136060766963787e+00 3.507853908006672902e-03
1.347390367957449708e+00 3.261673326603576305e-03
1.347237510416884998e+00 3.285564098778993164e-03
1.341938449010647405e+00 3.600277347968067806e-03
1.341428923875432222e+00 3.015321363007964460e-03
1.342753689226991343e+00 3.507206261728543044e-03
1.343365119389249962e+00 3.254984391054700169e-03
1.340460826118523130e+00 3.163535661315099341e-03
1.341530828902474992e+00 2.940820886837792244e-03
1.329302225657310377e+00 3.308556650779977907e-03
1.342804641740513061e+00 3.477108683619186021e-03
1.334856049631155672e+00 3.474688718396315608e-03
1.335875099901586260e+00 3.695132347592929110e-03
1.342142259064733611e+00 2.936757196130991999e-03
1.336435577550323384e+00 3.567127211649969050e-03
1.344435122173201380e+00 3.727339178725366624e-03
1.337505580334274580e+00 3.552362324003075118e-03
1.338728440658791596e+00 3.995596569139746312e-03
1.332104613900993995e+00 3.401930334056710303e-03
1.330728896035913156e+00 3.447328228844557391e-03
1.335518432306935566e+00 3.282639162822000630e-03
1.332614139036208734e+00 3.388625632510374516e-03
1.335671289847500498e+00 3.197524975893898010e-03
1.338371773064140680e+00 3.797435832632795223e-03
1.339085108253442291e+00 3.709832880030842182e-03
1.330830801062955704e+00 3.198681763410145956e-03
1.330423180954783735e+00 3.740983370672993410e-03
1.330677943522390994e+00 3.327082088369323013e-03
1.334550334550026474e+00 3.378005625559658658e-03
1.326856505008277232e+00 3.171375473683914290e-03
1.327926507792229316e+00 3.491831179613642030e-03
1.329709845765482346e+00 3.717913821672010587e-03
1.327620792711100339e+00 3.368647121372316065e-03
1.329404130684353369e+00 3.559768832337802894e-03
1.327518887684057125e+00 3.192161756160599197e-03
1.330270323414218803e+00 3.782485502759068245e-03
1.323697449169943141e+00 3.725545213293640807e-03
1.325990312278411576e+00 3.227909091153924413e-03
1.323595544142899927e+00 3.704902979052075891e-03
1.323697449169942697e+00 3.532387503353562504e-03
1.324359831845723035e+00 3.271020412738619675e-03
1.318296482736661890e+00 3.776939053868984784e-03
1.321506491088517476e+00 3.567909511907099793e-03
1.319570295574700181e+00 3.373852915149650605e-03
1.320385535791044118e+00 3.391382611778317319e-03
1.323901259224028903e+00 3.336576630119927975e-03
1.315392189465935280e+00 3.712823340004210628e-03
1.321404586061474262e+00 3.796078523053226204e-03
1.315697904547064256e+00 4.158208999191828278e-03
1.316971717385102547e+00 3.252734396060204345e-03
1.321608396115560691e+00 3.151696132521108942e-03
1.319825058142307439e+00 3.031978541681585714e-03
1.317532195033838782e+00 3.698503236326221300e-03
1.309430745383917349e+00 3.234838610687301805e-03
1.316564097276930134e+00 3.534297879175728792e-03
1.323086019007685188e+00 3.632510430492896791e-03
1.318296482736661890e+00 3.526694335803944036e-03
1.313914566573811227e+00 3.524853492703050768e-03
1.311366940897735311e+00 3.263650685641625825e-03
1.315952667114672181e+00 3.105245328899833117e-03
1.311621703465342792e+00 3.529104387411242331e-03
1.304845019166980702e+00 3.307928847119571449e-03
1.317022669898623821e+00 3.430322866862478039e-03
1.312131228600558197e+00 3.273241975305840080e-03
1.311519798438300022e+00 3.574219858800813891e-03
1.314016471600854441e+00 3.175629456482463499e-03
1.316615049790451852e+00 3.346129577508390272e-03
1.316666002303973348e+00 3.350506496107145439e-03
1.314525996736069846e+00 3.680112087601129182e-03
1.315188379411849073e+00 3.542028029415895084e-03
1.311468845924778082e+00 3.466059478725163311e-03
1.311825513519428998e+00 3.212914564622489262e-03
1.313354088925074548e+00 3.434135153128357702e-03
1.306781214680797998e+00 3.445746370690259269e-03
1.307749312437707090e+00 3.295721852950440900e-03
1.302093583436818580e+00 3.408109993711303659e-03
1.304692161626415992e+00 2.928324778272782970e-03
1.312640753735773380e+00 3.271496588858645912e-03
1.310959320789562899e+00 3.622017760376956656e-03
1.314576949249590676e+00 3.555284426043826655e-03
1.304946924194023250e+00 3.492622911912010662e-03
1.309532650410960564e+00 3.382433401467742958e-03
1.308156932545879281e+00 3.576630550165471687e-03
1.304233589004722083e+00 3.389150397169652697e-03
1.310296938113783449e+00 3.370496252745878215e-03
1.301380248247517191e+00 3.568145987521995164e-03
1.306475499599669021e+00 3.519059608942674226e-03
1.298883575084962549e+00 3.812702060460838871e-03
1.301176438193430984e+00 3.042150958238373174e-03
1.302603108572033541e+00 2.812560285271694695e-03
1.299444052733699451e+00 3.636938876954536916e-03
1.300412150490608099e+00 3.355179490753134545e-03
1.297507857219881933e+00 3.500923437019526439e-03
1.300055482895957626e+00 3.385180085488106831e-03
1.299444052733699451e+00 3.429736276309982342e-03
1.297966429841575398e+00 3.150575655378484198e-03
1.303520253815421137e+00 3.722728861269803541e-03
1.301838820869211100e+00 3.127152144559774971e-03
1.302195488463861572e+00 3.503503129150362973e-03
1.299240242679613244e+00 3.280265678491260661e-03
1.299240242679613466e+00 3.468006392000768691e-03
1.294246896354504184e+00 3.163506938400469266e-03
1.295062136570848788e+00 3.379638394933392326e-03
1.292514510894772872e+00 3.842968144538946775e-03
1.295775471760149955e+00 3.031670272803595016e-03
1.292616415921815420e+00 3.529372886653995255e-03
1.293992133786896925e+00 3.391382611778318620e-03
1.293329751111117254e+00 3.338910085711718160e-03
1.292208795813643674e+00 3.391937565683047964e-03
1.291852128218992757e+00 3.166029457365813950e-03
1.293839276246332215e+00 3.554849915438784789e-03
1.288591167353615896e+00 3.356974171963935695e-03
1.297813572301010909e+00 3.354920265652466989e-03
1.289457360083481774e+00 3.480082783787503443e-03
1.284514966271894210e+00 3.234080100642964303e-03
1.289508312597003270e+00 3.044774019251798598e-03
1.281406862947081393e+00 3.216730280681953050e-03
1.293992133786896925e+00 2.879691641070225312e-03
1.287470212056142316e+00 3.564968628668862584e-03
1.288947834948266369e+00 2.904901061676712880e-03
1.284464013758372491e+00 3.254122874656079252e-03
1.286705924353319430e+00 3.760820175515178134e-03
1.286756876866841148e+00 3.817356736271519495e-03
1.285177348947673881e+00 3.439864528790657905e-03
1.278604474703397997e+00 3.256096845703307287e-03
1.284769728839501690e+00 3.228958512398273639e-03
1.284667823812458476e+00 3.229907120826525611e-03
1.294501658922111664e+00 3.342341191621090498e-03
1.280336860163129309e+00 3.426991213140036328e-03
1.286960686920927133e+00 3.417584533089384254e-03
1.280846385298344492e+00 3.382153237149623879e-03
1.283546868514985118e+00 3.108955200919684587e-03
1.287419259542620820e+00 3.206593525863764196e-03
1.281508767974124607e+00 3.214388896598851467e-03
1.277024946784230508e+00 3.082252270581075076e-03
1.274935893729848502e+00 3.738716847231258241e-03
1.279368762406220661e+00 4.174015477746909411e-03
1.278655427216919271e+00 3.572494345066751925e-03
1.276872089243666020e+00 3.440238098370515703e-03
1.281610673001167378e+00 3.273658350449829783e-03
1.275954944000278868e+00 3.407085273736042749e-03
1.277891139514096830e+00 3.590887201823178467e-03
1.285177348947673881e+00 3.224034133365699748e-03
1.277432566892402699e+00 3.448036063561518705e-03
1.283343058460899133e+00 3.361228837463332147e-03
1.280540670217215737e+00 3.527043987377262522e-03
1.286756876866841148e+00 3.324427972454170599e-03
1.278094949568182592e+00 3.313320153384737010e-03
1.286858781893884141e+00 3.344670625489455044e-03
1.280897337811866210e+00 3.548958698563914240e-03
1.284005441136679027e+00 3.610355032744316794e-03
1.278706379730440768e+00 3.837434695613711842e-03
1.277279709351838433e+00 3.377236990358316229e-03
1.278502569676355005e+00 3.514360742991379152e-03
1.280693527757780226e+00 3.279220801149802973e-03
1.278961142298048470e+00 3.137135954452998504e-03
1.279419714919742157e+00 3.353879294512506111e-03
1.273152555756595028e+00 3.420185335249520484e-03
1.275547323892106455e+00 3.292096273285577326e-03
1.283954488623157530e+00 3.598070106522526564e-03
1.271114455215734296e+00 3.873517182603280953e-03
1.275190656297455982e+00 3.883825053971277138e-03
1.275037798756891494e+00 3.522506865077940606e-03
1.264643485998501182e+00 3.543581560198189560e-03
1.271165407729255792e+00 3.301514499000418427e-03
1.270146357458825426e+00 3.386602421265000155e-03
1.272795888161944555e+00 3.213948687466371915e-03
1.272948745702509044e+00 3.619479500336514940e-03
1.264032055836243007e+00 3.244563084183212272e-03
1.269636832323610465e+00 4.032436773828562346e-03
1.268006351890921701e+00 3.382644468845846884e-03
1.266375871458233160e+00 3.170945667859663940e-03
1.260414427376215230e+00 3.342251864345534458e-03
1.269636832323610243e+00 3.428354553721364543e-03
1.263114910592855633e+00 3.359293458904401199e-03
1.269891594891217723e+00 3.441373651751406491e-03
1.272031600459121892e+00 2.994083459717989618e-03
1.262095860322425267e+00 3.444009256639928539e-03
1.261892050268339283e+00 3.221629560651126378e-03
1.263573483214549542e+00 2.910383309146408019e-03
1.262809195511726656e+00 3.494833608154462694e-03
1.261535382673688810e+00 3.200629092071829301e-03
1.262401575403554466e+00 3.383872236099168870e-03
1.267140159161055823e+00 3.323275895267328254e-03
1.268057304404443197e+00 3.469174015511002854e-03
1.260261569835650741e+00 3.578517307108436581e-03
1.259904902240999824e+00 3.359065466680238345e-03
1.260312522349172015e+00 3.259368210402970555e-03
1.255981558699843070e+00 3.409157251503485038e-03
1.258427279348875993e+00 3.397623482433227704e-03
1.252771550347987040e+00 3.141651166028247653e-03
1.257662991646053108e+00 3.344348483837424144e-03
1.257000608970273214e+00 3.262055364607730108e-03
