# V, V_err
-5.370373921224458336e-01 1.507195675713952692e-03
-5.370373921224458336e-01 1.323785132889264329e-03
-5.368845345818812342e-01 1.558847164277068435e-03
-5.368845345818813453e-01 1.558847164277068218e-03
-5.366807245277951388e-01 1.655760706646335892e-03
-5.367826295548381310e-01 1.689903694764010623e-03
-5.365278669872306505e-01 1.956868412895310886e-03
-5.367316770413167459e-01 1.594251957139641504e-03
-5.367316770413167459e-01 1.749534518000650908e-03
-5.368845345818812342e-01 1.382307040690477617e-03
-5.368845345818812342e-01 1.382307040690477617e-03
-5.369354870954028414e-01 1.486381847867826889e-03
-5.365788195007522576e-01 1.909190069731661046e-03
-5.367316770413167459e-01 1.892115946898593592e-03
-5.368335820683597381e-01 1.626494896459874029e-03
-5.366807245277951388e-01 1.805761679875327388e-03
-5.367316770413167459e-01 1.594251957139641721e-03
-5.366297720142736427e-01 1.713550528941601772e-03
-5.366297720142736427e-01 1.713550528941601555e-03
-5.363750094466661622e-01 1.957531645726723595e-03
-5.366297720142736427e-01 1.858894064240411209e-03
-5.364259619601875473e-01 1.913943529156780657e-03
-5.365278669872306505e-01 1.819368642841582510e-03
-5.363750094466659402e-01 1.957531645726724029e-03
-5.364769144737090434e-01 1.867950000485111683e-03
-5.367316770413167459e-01 1.594251957139641721e-03
-5.365788195007522576e-01 1.767986141215420470e-03
-5.364259619601875473e-01 1.913943529156780657e-03
-5.364769144737091544e-01 1.867950000485111683e-03
-5.366297720142736427e-01 1.713550528941601772e-03
-5.364769144737090434e-01 2.002116113302252962e-03
-5.366297720142736427e-01 1.713550528941601555e-03
-5.362221519061016739e-01 2.075337845767052762e-03
-5.361711993925798447e-01 2.110689038257460362e-03
-5.360692943655368525e-01 2.176095896027927055e-03
-5.361202468790584597e-01 2.262085026680307753e-03
-5.358654843114508681e-01 2.287762183110056673e-03
-5.359673893384937493e-01 2.234951724786395175e-03
-5.360692943655369636e-01 2.176095896027927488e-03
-5.357635792844077649e-01 2.334937500606389712e-03
-5.361202468790584597e-01 2.144247406690528643e-03
-5.359673893384939714e-01 2.234951724786395609e-03
-5.362221519061016739e-01 2.075337845767052762e-03
-5.357126267708862688e-01 2.356519322744943679e-03
-5.358654843114508681e-01 2.287762183110056240e-03
-5.356616742573649947e-01 2.376813242123630363e-03
-5.356107217438431656e-01 2.395851986273334327e-03
-5.353050066627140779e-01 2.485208520560984978e-03
-5.354069116897570701e-01 2.460009304094029885e-03
-5.352031016356710857e-01 2.506014312815343925e-03
-5.350502440951063754e-01 2.529216256980134150e-03
-5.351011966086279825e-01 2.522535393672109896e-03
-5.348973865545419981e-01 2.543035815259971424e-03
-5.348464340410203910e-01 2.545586759642214873e-03
-5.348973865545418871e-01 2.543035815259971424e-03
-5.355597692303217805e-01 2.413665257457460901e-03
-5.351521491221497007e-01 2.514804651024825453e-03
-5.351521491221494786e-01 2.514804651024825886e-03
-5.352540541491928039e-01 2.496153184799822233e-03
-5.354069116897572922e-01 2.460009304094030319e-03
-5.345407189598913034e-01 2.539460188161220006e-03
-5.348464340410203910e-01 2.545586759642214873e-03
-5.342350038787623268e-01 2.496153184799823101e-03
-5.345407189598913034e-01 2.539460188161220006e-03
-5.343878614193267040e-01 2.522535393672110764e-03
-5.345916714734129105e-01 2.543035815259971424e-03
-5.344388139328483112e-01 2.529216256980134150e-03
-5.344388139328483112e-01 2.529216256980134150e-03
-5.342859563922837118e-01 2.506014312815343925e-03
-5.347445290139773988e-01 2.547625676076136891e-03
-5.344897664463696962e-01 2.534855542146015502e-03
-5.344388139328483112e-01 2.529216256980134150e-03
-5.346426239869345176e-01 2.545586759642215306e-03
-5.343369089058052079e-01 2.514804651024825453e-03
-5.345916714734127995e-01 2.543035815259971424e-03
-5.348973865545418871e-01 2.543035815259971424e-03
-5.346426239869344066e-01 2.545586759642215306e-03
-5.338783362841114100e-01 2.395851986273333893e-03
-5.342350038787622157e-01 2.496153184799823101e-03
-5.336235737165039295e-01 2.287762183110056240e-03
-5.339802413111545132e-01 2.430280002945376955e-03
-5.339802413111546242e-01 2.430280002945376522e-03
-5.336745262300255366e-01 2.312031709933367717e-03
-5.337764312570685288e-01 2.356519322744944113e-03
-5.337764312570685288e-01 2.356519322744944113e-03
-5.342350038787623268e-01 2.496153184799823101e-03
-5.337254787435469217e-01 2.334937500606389712e-03
-5.333688111488962269e-01 2.144247406690528643e-03
-5.340821463381977274e-01 2.460009304094029885e-03
-5.339802413111546242e-01 2.430280002945376522e-03
-5.337764312570684178e-01 2.356519322744944113e-03
-5.338273837705900249e-01 2.376813242123630796e-03
-5.331650010948102425e-01 1.998871716237366446e-03
-5.333178586353747308e-01 2.110689038257460796e-03
-5.334197636624179450e-01 2.176095896027927055e-03
-5.330121435542457542e-01 1.867950000485111900e-03
-5.328083335001595477e-01 1.655760706646335241e-03
-5.335726212029823223e-01 2.262085026680307753e-03
-5.332159536083317386e-01 2.038100540860909599e-03
-5.331140485812888574e-01 1.957531645726723595e-03
-5.333688111488962269e-01 2.144247406690528643e-03
-5.328592860136811549e-01 1.713550528941601772e-03
-5.331140485812888574e-01 1.957531645726723595e-03
-5.330121435542457542e-01 1.867950000485111466e-03
-5.329611910407241471e-01 1.819368642841582510e-03
-5.328083335001596588e-01 1.655760706646335458e-03
-5.325026184190305711e-01 1.210055151497972182e-03
-5.326554759595950594e-01 1.458168001767225826e-03
-5.328083335001595477e-01 1.655760706646335241e-03
-5.327573809866380516e-01 1.594251957139641504e-03
-5.324516659055089640e-01 1.110484286798537300e-03
-5.327573809866380516e-01 1.594251957139641504e-03
-5.326554759595950594e-01 1.458168001767225826e-03
-5.327064284731166666e-01 1.528575405645682308e-03
-5.326045234460735633e-01 1.382307040690477617e-03
-5.325026184190305711e-01 1.210055151497972182e-03
-5.324007133919874679e-01 9.984612739199292403e-04
-5.325535709325519562e-01 1.300038180531165859e-03
-5.326554759595950594e-01 1.458168001767225826e-03
-5.326045234460735633e-01 1.382307040690477617e-03
-5.326045234460735633e-01 1.382307040690477617e-03
-5.324516659055089640e-01 1.110484286798536866e-03
-5.322478558514228686e-01 5.069711084292029485e-04
-5.321459508243797654e-01 8.810513217821798861e-04
-5.323497608784658608e-01 8.691847689305414772e-04
-5.324007133919874679e-01 9.984612739199292403e-04
-5.322478558514228686e-01 8.810513217821798861e-04
-5.322478558514228686e-01 8.810513217821797777e-04
-5.324007133919873569e-01 9.984612739199292403e-04
-5.324516659055089640e-01 1.110484286798537300e-03
-5.322478558514228686e-01 5.069711084292030569e-04
-5.322988083649444757e-01 7.133351893013184898e-04
-5.323497608784658608e-01 8.691847689305415856e-04
-5.323497608784658608e-01 8.691847689305414772e-04
-5.321969033379013725e-01 7.205773565913597620e-04
-5.324007133919874679e-01 9.984612739199292403e-04
-5.323497608784658608e-01 8.691847689305414772e-04
-5.321459508243797654e-01 5.069711084292031654e-04
-5.321969033379013725e-01 1.110223024625156540e-16
-5.321459508243797654e-01 5.069711084292031654e-04
-5.321969033379013725e-01 7.205773565913597620e-04
-5.320949983108583803e-01 7.133351893013185983e-04
-5.321459508243797654e-01 5.069711084292031654e-04
-5.323497608784658608e-01 8.691847689305414772e-04
-5.321969033379013725e-01 1.110223024625156540e-16
-5.321459508243797654e-01 8.810513217821799945e-04
-5.322478558514228686e-01 8.810513217821797777e-04
-5.321459508243797654e-01 5.069711084292031654e-04
-5.322478558514228686e-01 5.069711084292029485e-04
-5.321459508243797654e-01 5.069711084292031654e-04
-5.321459508243797654e-01 5.069711084292031654e-04
-5.320949983108583803e-01 7.133351893013184898e-04
-5.320440457973367732e-01 8.691847689305413687e-04
-5.320440457973367732e-01 8.691847689305413687e-04
-5.321969033379013725e-01 1.110223024625156540e-16
-5.320949983108583803e-01 7.133351893013184898e-04
-5.318911882567721738e-01 1.210055151497971965e-03
-5.318402357432506777e-01 1.300038180531165859e-03
-5.319421407702936699e-01 1.110484286798537300e-03
-5.319930932838152771e-01 1.231323126701516779e-03
-5.319930932838152771e-01 9.984612739199292403e-04
-5.320440457973367732e-01 8.691847689305413687e-04
-5.319930932838151660e-01 9.984612739199292403e-04
-5.319930932838152771e-01 9.984612739199292403e-04
-5.318402357432506777e-01 1.300038180531165859e-03
-5.316873782026861894e-01 1.528575405645682308e-03
-5.317892832297290706e-01 1.382307040690477617e-03
-5.317383307162075745e-01 1.458168001767226260e-03
-5.318402357432506777e-01 1.300038180531165859e-03
-5.317892832297291816e-01 1.382307040690477400e-03
-5.314835681485999830e-01 1.767986141215420687e-03
-5.317383307162075745e-01 1.458168001767226260e-03
-5.318402357432506777e-01 1.300038180531165859e-03
-5.316364256891645823e-01 1.594251957139641938e-03
-5.315854731756430862e-01 1.805761679875327172e-03
-5.315854731756429752e-01 1.655760706646335241e-03
-5.315345206621215901e-01 1.713550528941601989e-03
-5.313816631215569908e-01 1.867950000485111466e-03
-5.315345206621215901e-01 1.713550528941601989e-03
-5.314326156350784869e-01 1.819368642841582727e-03
-5.311269005539493993e-01 2.075337845767052762e-03
-5.308721379863418077e-01 2.234951724786395609e-03
-5.308211854728202006e-01 2.262085026680307753e-03
-5.313816631215568798e-01 1.867950000485111466e-03
-5.306173754187341052e-01 2.356519322744944113e-03
-5.306683279322556013e-01 2.334937500606389712e-03
-5.305154703916908909e-01 2.395851986273333459e-03
-5.312288055809923915e-01 1.998871716237366879e-03
-5.309740430133849109e-01 2.176095896027927055e-03
-5.308211854728202006e-01 2.262085026680307753e-03
-5.306173754187339942e-01 2.356519322744944113e-03
-5.306173754187341052e-01 2.356519322744944113e-03
-5.307192804457772084e-01 2.312031709933367717e-03
-5.306173754187339942e-01 2.356519322744944113e-03
-5.305664229052127201e-01 2.376813242123630796e-03
-5.298021352023897235e-01 2.543035815259971424e-03
-5.298530877159112196e-01 2.539460188161220440e-03
-5.294964201212606358e-01 2.543035815259971424e-03
-5.299549927429542118e-01 2.529216256980134150e-03
-5.302607078240835214e-01 2.473165935007842677e-03
-5.297511826888683384e-01 2.545586759642214873e-03
-5.290378474995669489e-01 2.473165935007842677e-03
-5.303626128511262916e-01 2.445720649033092213e-03
-5.300059452564757079e-01 2.522535393672109896e-03
-5.299549927429544338e-01 2.529216256980135018e-03
-5.300059452564757079e-01 2.522535393672109896e-03
-5.294964201212605248e-01 2.543035815259971424e-03
-5.291397525266099411e-01 2.496153184799823101e-03
-5.294454676077390287e-01 2.539460188161220006e-03
-5.292926100671745404e-01 2.522535393672109896e-03
-5.292926100671745404e-01 2.623436017737177436e-03
-5.291907050401313262e-01 2.506014312815343925e-03
-5.286302273913946470e-01 2.334937500606389712e-03
-5.285792748778730399e-01 2.312031709933368151e-03
-5.287321324184375282e-01 2.376813242123630796e-03
-5.288340374454808535e-01 2.413665257457460467e-03
-5.289868949860454528e-01 2.460009304094029452e-03
-5.288849899590022385e-01 2.430280002945376955e-03
-5.286811799049162541e-01 2.464227068535382054e-03
-5.286302273913946470e-01 2.334937500606389712e-03
-5.284264173373085516e-01 2.234951724786395609e-03
-5.287321324184375282e-01 2.376813242123630796e-03
-5.284773698508300477e-01 2.262085026680307753e-03
-5.283754648237869445e-01 2.206308554815440259e-03
-5.280187972291363607e-01 1.957531645726723595e-03
-5.278149871750501543e-01 1.767986141215420687e-03
-5.279168922020933685e-01 1.867950000485111466e-03
-5.278149871750502653e-01 2.164132661374151660e-03
-5.277130821480071621e-01 1.805761679875327172e-03
-5.275092720939210666e-01 1.382307040690477400e-03
-5.280187972291362497e-01 1.957531645726723595e-03
-5.278659396885717614e-01 1.819368642841582727e-03
-5.278149871750502653e-01 2.040646576258166311e-03
-5.274583195803995705e-01 1.300038180531166076e-03
-5.277130821480071621e-01 1.655760706646335458e-03
-5.275602246074426738e-01 1.778965254028927858e-03
-5.276111771209640589e-01 1.689903694764010623e-03
-5.272545095263134751e-01 1.520913325287609388e-03
-5.272035570127918680e-01 1.437547311496954923e-03
-5.274583195803995705e-01 1.300038180531165859e-03
-5.273564145533565783e-01 1.110484286798537083e-03
-5.273054620398349712e-01 1.753240377942105006e-03
-5.271526044992704829e-01 1.689135382064709976e-03
-5.269997469587057726e-01 1.762102643564360206e-03
-5.271016519857488758e-01 1.441154713182719524e-03
-5.274073670668779634e-01 1.881797113664368006e-03
-5.269487944451843875e-01 1.520913325287609388e-03
-5.271526044992704829e-01 1.138192935510635648e-03
-5.269997469587057726e-01 1.437547311496954706e-03
-5.269997469587059946e-01 1.437547311496954706e-03
-5.271016519857488758e-01 1.248076592399911550e-03
-5.269997469587057726e-01 1.608034203499513403e-03
-5.268468894181412843e-01 1.323785132889264329e-03
-5.269997469587057726e-01 1.243909380123781700e-03
-5.267959369046198992e-01 1.738369537861082954e-03
-5.267959369046198992e-01 1.881797113664368439e-03
-5.265921268505335817e-01 1.689903694764010623e-03
-5.266940318775766849e-01 1.717334041008576791e-03
-5.266940318775766849e-01 1.382307040690477617e-03
-5.265921268505335817e-01 1.837119001156225194e-03
-5.266940318775766849e-01 1.862382327890554218e-03
-5.266430793640551888e-01 1.626494896459874029e-03
-5.264392693099690934e-01 1.858894064240411426e-03
-5.266940318775767960e-01 1.717334041008577224e-03
-5.264902218234905895e-01 1.805761679875327388e-03
-5.263883167964477083e-01 2.164132661374151227e-03
-5.265921268505335817e-01 1.528575405645682308e-03
-5.261845067423613909e-01 1.957531645726723595e-03
-5.262864117694044941e-01 2.002116113302252962e-03
-5.261845067423613909e-01 2.085943880082531850e-03
-5.259297441747539104e-01 2.144247406690528643e-03
-5.254711715530602234e-01 2.483641059969503295e-03
-5.254202190395386163e-01 2.395851986273333893e-03
-5.259806966882755175e-01 2.110689038257460362e-03
-5.253183140124957351e-01 2.430280002945376955e-03
-5.260316492017969026e-01 2.075337845767052328e-03
-5.254711715530601124e-01 2.376813242123630796e-03
-5.257259341206678149e-01 2.262085026680307753e-03
-5.259297441747539104e-01 2.144247406690528643e-03
-5.259806966882752954e-01 2.110689038257460362e-03
-5.258278391477108071e-01 2.430280002945376955e-03
-5.254202190395388383e-01 2.501866996257409194e-03
-5.252164089854525209e-01 2.460009304094029885e-03
-5.247578363637589449e-01 2.539460188161220006e-03
-5.249616464178451514e-01 2.514804651024825453e-03
-5.251654564719311358e-01 2.473165935007842677e-03
-5.248597413908019371e-01 2.529216256980134150e-03
-5.248597413908021592e-01 2.629860566913157401e-03
-5.247578363637590559e-01 2.539460188161220440e-03
-5.240954536879790515e-01 2.506014312815343925e-03
-5.249106939043235442e-01 2.522535393672110764e-03
-5.248087888772805520e-01 2.534855542146015502e-03
-5.246049788231944566e-01 2.547116099978215687e-03
-5.240445011744576664e-01 2.496153184799823101e-03
-5.243502162555867541e-01 2.539460188161220006e-03
-5.243502162555866430e-01 2.539460188161220440e-03
-5.237897386068499639e-01 2.430280002945376955e-03
-5.238406911203716820e-01 2.445720649033091779e-03
-5.238406911203716820e-01 2.445720649033091779e-03
-5.236368810662854756e-01 2.483641059969503295e-03
-5.232292609581132847e-01 2.292296899518424247e-03
-5.237897386068500749e-01 2.430280002945376522e-03
-5.232292609581133958e-01 2.176095896027927055e-03
-5.234840235257209873e-01 2.312031709933367717e-03
-5.235349760392423724e-01 2.334937500606389712e-03
-5.237897386068500749e-01 2.430280002945376955e-03
-5.237387860933283568e-01 2.413665257457460033e-03
-5.233311659851564990e-01 2.234951724786395609e-03
-5.230254509040273003e-01 2.038100540860909599e-03
-5.236368810662854756e-01 2.376813242123630796e-03
-5.228725933634627010e-01 2.284923415193096819e-03
-5.226687833093766056e-01 1.993669699047569393e-03
-5.224649732552905101e-01 2.050166049057146767e-03
-5.229235458769840861e-01 1.957531645726723595e-03
-5.223630682282474069e-01 1.802163824777136634e-03
-5.224649732552905101e-01 2.173111261656610147e-03
-5.225668782823335023e-01 1.892115946898593592e-03
-5.223121157147260218e-01 1.738369537861083171e-03
-5.222102106876829186e-01 1.598317895793694571e-03
-5.224140207417690140e-01 1.558847164277068218e-03
-5.223121157147260218e-01 1.581991442243340295e-03
-5.224140207417690140e-01 1.996922547839858481e-03
-5.225159257688118952e-01 1.973382363162658019e-03
-5.222611632012044147e-01 1.323785132889264329e-03
-5.225668782823335023e-01 2.149084970440290083e-03
-5.220573531471183193e-01 1.527725961064582043e-03
-5.220064006335968232e-01 1.019050270430455016e-03
-5.222611632012044147e-01 1.956868412895310886e-03
-5.219554481200752161e-01 2.100207970520888250e-03
-5.217516380659891206e-01 1.670589875380259267e-03
-5.215987805254246323e-01 1.862382327890554218e-03
-5.215987805254246323e-01 1.717334041008576791e-03
-5.215987805254246323e-01 2.122953458958397235e-03
-5.217006855524676245e-01 1.881797113664368439e-03
-5.215987805254245213e-01 2.122953458958397668e-03
-5.214968754983816401e-01 2.100825951399504059e-03
-5.213949704713385369e-01 1.944224002356301391e-03
-5.211911604172524415e-01 2.127839434256427117e-03
-5.211911604172524415e-01 2.002116113302252962e-03
-5.213949704713385369e-01 1.805761679875327172e-03
-5.212421129307739376e-01 1.956868412895311320e-03
-5.208854453361232428e-01 2.110689038257460796e-03
-5.207325877955587545e-01 2.206308554815440259e-03
-5.208854453361233539e-01 2.110689038257460362e-03
-5.211402079037309454e-01 2.395851986273333459e-03
-5.207325877955587545e-01 2.206308554815440259e-03
-5.207835403090803617e-01 2.292296899518424247e-03
-5.205797302549942662e-01 2.398559470453188753e-03
-5.205797302549940442e-01 2.287762183110056240e-03
-5.208344928226017467e-01 2.262085026680308187e-03
-5.205287777414726591e-01 2.421718884298837068e-03
-5.208854453361232428e-01 2.110689038257460796e-03
-5.201721101468220754e-01 2.445720649033091779e-03
-5.203249676873865637e-01 2.395851986273333893e-03
-5.199173475792142618e-01 2.506014312815343925e-03
-5.197644900386496625e-01 2.629860566913156967e-03
-5.197644900386498845e-01 2.529216256980135018e-03
-5.193568699304775826e-01 2.545586759642215306e-03
-5.194587749575204638e-01 2.547625676076137324e-03
-5.196116324980851742e-01 2.543035815259971424e-03
-5.195606799845635670e-01 2.741983844688027343e-03
-5.191530598763914872e-01 2.529216256980134150e-03
-5.191021073628698801e-01 2.522535393672110764e-03
-5.193568699304775826e-01 2.545586759642214873e-03
-5.192040123899128723e-01 2.534855542146015502e-03
-5.189492498223053918e-01 2.496153184799823101e-03
-5.190002023358268879e-01 2.506014312815343925e-03
-5.188982973087837847e-01 2.485208520560984978e-03
-5.187454397682190743e-01 2.445720649033092213e-03
-5.190511548493483840e-01 2.514804651024825453e-03
-5.187963922817409035e-01 2.460009304094029885e-03
-5.183887721735684906e-01 2.421718884298837068e-03
-5.180830570924394030e-01 2.481026425009543509e-03
-5.179301995518749147e-01 2.038100540860909599e-03
-5.179811520653962997e-01 2.075337845767052762e-03
-5.180321045789177958e-01 2.230300415426674562e-03
-5.176244844707457160e-01 1.909190069731661046e-03
-5.174206744166595096e-01 1.689903694764010407e-03
-5.180830570924394030e-01 2.262085026680308187e-03
-5.177263894977888192e-01 2.002116113302252962e-03
-5.174716269301811167e-01 2.149084970440290517e-03
-5.177263894977887082e-01 2.246537866319840791e-03
-5.176754369842672121e-01 1.956868412895311320e-03
-5.176754369842672121e-01 2.085321488936323509e-03
-5.176244844707456050e-01 2.164132661374151227e-03
-5.174206744166595096e-01 1.837119001156224977e-03
-5.170130543084873187e-01 1.903743011356495663e-03
-5.169621017949659336e-01 1.689135382064709976e-03
-5.170640068220089258e-01 1.830748698402322400e-03
-5.171149593355305329e-01 2.027884433716813095e-03
-5.171659118490520290e-01 2.085321488936323509e-03
-5.169621017949659336e-01 1.347113538376966315e-03
-5.170640068220089258e-01 1.830748698402322400e-03
-5.168092442544012233e-01 1.437547311496954706e-03
-5.169111492814444375e-01 1.611259952385386569e-03
-5.168601967679228304e-01 1.689135382064709326e-03
-5.168092442544014453e-01 1.903743011356495230e-03
-5.170130543084873187e-01 1.243909380123782134e-03
-5.166054342003153499e-01 1.738369537861082954e-03
-5.169621017949659336e-01 1.527725961064582260e-03
-5.165544816867937428e-01 2.070327970394966483e-03
-5.161468615786215519e-01 2.085321488936323509e-03
-5.162487666056645441e-01 1.858894064240411209e-03
-5.163506716327076473e-01 2.149084970440290517e-03
-5.160959090650999448e-01 1.867950000485111466e-03
-5.163506716327076473e-01 1.594251957139641938e-03
-5.164525766597506395e-01 1.919361639158811451e-03
-5.164525766597506395e-01 1.778965254028927641e-03
-5.161978140921431590e-01 2.280943204654285392e-03
-5.164016241462290324e-01 1.973382363162658019e-03
-5.163506716327076473e-01 1.892115946898593592e-03
-5.161978140921431590e-01 2.040646576258166311e-03
-5.160449565515784487e-01 1.913943529156780440e-03
-5.158411464974923533e-01 2.312031709933368585e-03
-5.160449565515784487e-01 2.284923415193096819e-03
-5.155354314163633767e-01 2.262085026680307753e-03
-5.155354314163632656e-01 2.374080957921072960e-03
-5.155863839298846507e-01 2.348242095474373584e-03
-5.155354314163633767e-01 2.262085026680307753e-03
-5.154335263893201624e-01 2.421718884298836635e-03
-5.148220962270619872e-01 2.506014312815343925e-03
-5.149749537676266975e-01 2.576001061512865186e-03
-5.150259062811479716e-01 2.460009304094029885e-03
-5.152806688487555631e-01 2.376813242123630796e-03
-5.149749537676265865e-01 2.473165935007843111e-03
-5.152806688487558961e-01 2.483641059969502862e-03
-5.147201912000188839e-01 2.522535393672109896e-03
-5.145163811459327885e-01 2.543035815259971424e-03
-5.148220962270620982e-01 2.506014312815343491e-03
-5.140068560107176054e-01 2.623436017737177869e-03
-5.142106660648037009e-01 2.643153965346489893e-03
-5.135482833890240295e-01 2.413665257457460467e-03
-5.140068560107177165e-01 2.522535393672109896e-03
-5.140068560107177165e-01 2.522535393672109896e-03
-5.139049509836746132e-01 2.506014312815343925e-03
-5.136501884160670217e-01 2.445720649033091346e-03
-5.134973308755025334e-01 2.395851986273333459e-03
-5.139049509836745022e-01 2.506014312815343925e-03
-5.138030459566316210e-01 2.587565094350500073e-03
-5.131916157943733348e-01 2.262085026680307753e-03
-5.137011409295884068e-01 2.460009304094030319e-03
-5.135992359025454146e-01 2.430280002945376955e-03
-5.132425683078949419e-01 2.287762183110056240e-03
-5.133954258484594302e-01 2.356519322744944113e-03
-5.131406632808517276e-01 2.234951724786395609e-03
-5.130387582538088465e-01 2.176095896027927055e-03
-5.129368532267658543e-01 2.110689038257460362e-03
-5.126311381456366556e-01 1.867950000485111900e-03
-5.123254230645075680e-01 1.528575405645682308e-03
-5.125801856321150485e-01 1.819368642841582727e-03
-5.123254230645075680e-01 1.528575405645682308e-03
-5.128349481997226400e-01 2.038100540860909599e-03
-5.127330431726797588e-01 1.957531645726723595e-03
-5.124782806050720563e-01 1.713550528941601772e-03
-5.126820906591581517e-01 1.913943529156780657e-03
-5.123763755780289531e-01 1.594251957139641721e-03
-5.126820906591581517e-01 1.913943529156780874e-03
-5.125801856321150485e-01 1.956868412895257543e-03
-5.126820906591581517e-01 2.045094511173772920e-03
-5.120706604968998654e-01 1.110484286798536866e-03
-5.124782806050718342e-01 1.713550528941601989e-03
-5.121725655239428576e-01 1.300038180531165859e-03
-5.122235180374644647e-01 1.382307040690477617e-03
-5.120706604968998654e-01 1.110484286798537300e-03
-5.119687554698567622e-01 1.129032280040231538e-03
-5.120197079833783693e-01 9.984612739199292403e-04
-5.120197079833783693e-01 9.984612739199292403e-04
-5.119687554698567622e-01 1.129032280040231321e-03
-5.119178029563353771e-01 1.013942216858315258e-03
-5.118668504428138810e-01 1.138192935510475186e-03
-5.118158979292922739e-01 1.248076592399694059e-03
-5.118158979292922739e-01 7.205773565912342114e-04
-5.119687554698567622e-01 8.691847689305414772e-04
-5.117139929022492817e-01 1.608034203499182505e-03
-5.117649454157708888e-01 8.810513217819765982e-04
-5.117139929022492817e-01 1.013942216858143954e-03
-5.116120878752064005e-01 1.231323126701163980e-03
-5.118158979292922739e-01 1.019050270430277207e-03
-5.116630403887277856e-01 1.129032280040003205e-03
-5.115611353616847934e-01 1.110484286798149589e-03
-5.113573253075988090e-01 1.458168001766717769e-03
-5.119178029563353771e-01 1.243909380123633382e-03
-5.116630403887277856e-01 1.339382550358314983e-03
-5.115611353616847934e-01 1.110484286798149589e-03
-5.116120878752064005e-01 1.426670378602271604e-03
-5.114082778211203051e-01 1.382307040689995147e-03
-5.114082778211203051e-01 1.717334041008092152e-03
-5.115611353616847934e-01 1.110484286798149589e-03
-5.111535152535127136e-01 1.713550528941004594e-03
-5.113573253075988090e-01 1.458168001766717552e-03
-5.112044677670342097e-01 1.655760706645758229e-03
-5.112044677670342097e-01 1.655760706645758229e-03
-5.109497051994266181e-01 1.913943529156113006e-03
-5.111535152535127136e-01 1.713550528941005027e-03
-5.107968476588621298e-01 2.038100540860199664e-03
-5.105930376047760344e-01 2.176095896027168547e-03
-5.110516102264697214e-01 1.819368642840947818e-03
-5.108987526859052331e-01 1.957531645726040982e-03
-5.110516102264697214e-01 1.819368642840947818e-03
-5.106439901182975305e-01 2.144247406689780543e-03
-5.105930376047761454e-01 2.176095896027168547e-03
-5.100835124695610734e-01 2.413665257456619126e-03
-5.105930376047761454e-01 2.292296899517694362e-03
-5.104401800642115461e-01 2.262085026679519321e-03
-5.097777973884319858e-01 2.496153184798952269e-03
-5.099306549289965851e-01 2.460009304093172498e-03
-5.099306549289965851e-01 2.460009304093172498e-03
-5.095230348208243942e-01 2.534855542145132527e-03
-5.097777973884319858e-01 2.496153184798952703e-03
-5.094720823073030092e-01 2.539460188160335297e-03
-5.094720823073030092e-01 2.539460188160335731e-03
-5.097268448749104897e-01 2.506014312814469191e-03
-5.094720823073030092e-01 2.539460188160335297e-03
-5.098287499019535929e-01 2.485208520560118917e-03
-5.092682722532170247e-01 2.547625676075249146e-03
-5.092682722532169137e-01 2.647570265777656091e-03
-5.090644621991310403e-01 2.539460188160334864e-03
-5.087077946044803456e-01 2.587565094349646589e-03
-5.085039845503943612e-01 2.430280002944529109e-03
-5.082492219827868807e-01 2.647570265777738491e-03
-5.084020795233513690e-01 2.501866996256584767e-03
-5.076887443340500905e-01 2.854705230427003349e-03
-5.082492219827867697e-01 2.443596705384559926e-03
-5.082492219827868807e-01 2.547625676075341520e-03
-5.073320767393996178e-01 2.420110302995351955e-03
-5.079944594151794002e-01 2.320997450640663665e-03
-5.079435069016577931e-01 2.610042194301560436e-03
-5.075358867934857132e-01 2.669055880294410321e-03
-5.077396968475716976e-01 2.496153184799127043e-03
-5.072301717123566256e-01 2.100825951398960657e-03
-5.078925543881362970e-01 2.682155024463744701e-03
-5.075358867934857132e-01 2.764614081380294304e-03
-5.073830292529212249e-01 2.119894005777198803e-03
-5.071282666853136334e-01 2.665162288315926255e-03
-5.069244566312276490e-01 2.487818760247075076e-03
-5.073320767393997288e-01 2.525107048324147160e-03
-5.069754091447490341e-01 2.534855542145507228e-03
-5.068225516041845458e-01 2.387711113308169097e-03
-5.066187415500985614e-01 2.159328809364521873e-03
-5.064149314960124659e-01 2.140005567903686262e-03
-5.067206465771415536e-01 2.389884724239250274e-03
-5.067206465771415536e-01 2.278665677171643877e-03
-5.065168365230555692e-01 2.152102925824374551e-03
-5.063130264689693627e-01 2.665162288316122279e-03
-5.064658840095340731e-01 1.507195675713826925e-03
-5.063639789824909698e-01 2.307535776247633761e-03
-5.060582639013617712e-01 2.563372291154750442e-03
-5.057015963067112985e-01 2.389884724239530432e-03
-5.055487387661466991e-01 2.262085026680258747e-03
-5.059563588743187790e-01 2.430280002945162283e-03
-5.056506437931898024e-01 2.312031709933273175e-03
-5.050901661444529012e-01 2.779598549298451654e-03
-5.053958812255819888e-01 2.755207405311894692e-03
-5.048863560903669168e-01 2.649530703119089628e-03
-5.054468337391035959e-01 2.320997450641375335e-03
-5.053449287120606037e-01 2.374080957921024387e-03
-5.052939761985391076e-01 2.398559470453141048e-03
-5.052939761985391076e-01 2.287762183110056240e-03
-5.048354035768454207e-01 2.662725902133578678e-03
-5.046825460362808213e-01 2.696153589032007376e-03
-5.049373086038884129e-01 2.534855542145967363e-03
-5.047334985498023174e-01 2.485208520560984978e-03
-5.038673058199364396e-01 2.629860566913103190e-03
-5.040201633605010390e-01 2.643153965346487725e-03
-5.040711158740225351e-01 2.545586759642214873e-03
-5.039182583334579357e-01 2.732024171418048590e-03
-5.035106382252858559e-01 2.460009304094029885e-03
-5.039692108469794318e-01 2.639713956868761438e-03
-5.034087331982427527e-01 2.430280002945376088e-03
-5.037654007928934474e-01 2.514804651024825886e-03
-5.037144482793718403e-01 2.506014312815343925e-03
-5.036634957658503442e-01 2.696153589032101484e-03
-5.035106382252858559e-01 2.460009304094029885e-03
-5.030520656035920579e-01 2.287762183110056240e-03
-5.030011130900705618e-01 2.262085026680307753e-03
-5.031539706306351611e-01 2.443596705385301087e-03
-5.026444454954198671e-01 2.038100540860909599e-03
-5.031539706306351611e-01 2.443596705385364404e-03
-5.025425404683768749e-01 1.957531645726723595e-03
-5.026953980089414742e-01 2.312031709933368151e-03
-5.027463505224629703e-01 2.110689038257460796e-03
-5.022877779007692833e-01 1.713550528941601555e-03
-5.023896829278122755e-01 2.085321488936323509e-03
-5.021349203602046840e-01 2.100825951399503625e-03
-5.025934929818983710e-01 2.124787016339733329e-03
-5.022877779007692833e-01 1.713550528941601555e-03
-5.022877779007692833e-01 1.993669699047569393e-03
-5.022877779007692833e-01 2.239013694144100040e-03
-5.023896829278122755e-01 1.956868412895310886e-03
-5.021349203602046840e-01 1.528575405645682308e-03
-5.019311103061185886e-01 2.140005567903955144e-03
-5.016763477385109971e-01 1.527725961064582260e-03
-5.017273002520324932e-01 1.437547311496954706e-03
-5.017782527655539893e-01 1.682976253507340860e-03
-5.018801577925970925e-01 1.507195675713952909e-03
-5.016763477385109971e-01 1.836412280991140452e-03
-5.014215851709034055e-01 1.426670378602637197e-03
-5.017782527655539893e-01 1.339382550358642629e-03
-5.013706326573817984e-01 1.323785132889264329e-03
-5.019311103061185886e-01 2.015041464543035083e-03
-5.014215851709034055e-01 1.426670378602636980e-03
-5.013196801438603023e-01 1.581991442243340295e-03
-5.015744427114678938e-01 1.527725961064582260e-03
-5.011158700897742069e-01 1.837119001156224760e-03
-5.017782527655539893e-01 1.520913325287609388e-03
-5.013706326573817984e-01 1.819368642841582727e-03
-5.010139650627312147e-01 1.805761679875327172e-03
-5.009120600356881114e-01 2.164132661374151660e-03
-5.008101550086451192e-01 2.246537866319840791e-03
-5.010649175762527108e-01 1.749534518000650908e-03
-5.008101550086451192e-01 2.127839434256427117e-03
-5.005553924410375277e-01 2.075337845767052762e-03
-5.004534874139944245e-01 2.262085026680307753e-03
-5.008611075221666153e-01 1.956868412895310886e-03
-5.010139650627312147e-01 1.805761679875327172e-03
-5.007082499816020160e-01 1.957531645726723595e-03
-5.005553924410375277e-01 2.312031709933368151e-03
-5.005553924410375277e-01 2.196874803193213897e-03
-5.007592024951236231e-01 2.045094511173824094e-03
-5.001987248463868330e-01 2.398559470453188753e-03
-5.001477723328653369e-01 2.312031709933367717e-03
-4.998420572517361382e-01 2.430280002945376955e-03
-4.994344371435640029e-01 2.623436017737177869e-03
-4.998420572517361382e-01 2.430280002945376955e-03
-4.994853896570854990e-01 2.514804651024825453e-03
-4.994853896570854990e-01 2.514804651024825453e-03
-4.995363421706070506e-01 2.607554306791624431e-03
-4.993325321165209552e-01 2.534855542146015502e-03
-4.992306270894779074e-01 2.543035815259971424e-03
-4.993834846300424513e-01 2.529216256980134150e-03
-4.991796745759563558e-01 2.545586759642214873e-03
-4.984153868731335257e-01 2.460009304094030319e-03
-4.989758645218702604e-01 2.545586759642215306e-03
-4.988230069813057166e-01 2.534855542146015935e-03
-4.986701494407411173e-01 2.514804651024825453e-03
-4.982625293325689819e-01 2.413665257457460467e-03
-4.981606243055259342e-01 2.376813242123630363e-03
-4.986701494407411173e-01 2.616003470878485934e-03
-4.977530041973537434e-01 2.176095896027927488e-03
-4.981606243055259342e-01 2.376813242123630363e-03
-4.979568142514398388e-01 2.287762183110056240e-03
-4.980077667649613349e-01 2.312031709933368151e-03
-4.979058617379182872e-01 2.262085026680307753e-03
-4.980077667649613349e-01 2.312031709933368151e-03
-4.978039567108752395e-01 2.320997450641424341e-03
-4.975491941432676479e-01 2.038100540860909599e-03
-4.977530041973537434e-01 2.176095896027927488e-03
-4.977020516838321917e-01 2.262085026680307753e-03
-4.974472891162246002e-01 1.957531645726723595e-03
-4.970906215215739610e-01 1.749534518000650692e-03
-4.970396690080524094e-01 1.973382363162658019e-03
-4.970906215215739610e-01 2.149084970440290517e-03
-4.969377639810093616e-01 1.558847164277068218e-03
-4.973453840891815525e-01 2.127839434256427117e-03
-4.970906215215739610e-01 2.485208520560984978e-03
-4.969887164945309133e-01 2.050166049057146767e-03
-4.966320488998802185e-01 1.608034203499513620e-03
-4.969377639810093616e-01 1.558847164277068001e-03
-4.967339539269232662e-01 1.598317895793694354e-03
-4.968868114674878655e-01 1.651836167573275628e-03
-4.968358589539663139e-01 2.258064560080628308e-03
-4.966320488998802185e-01 1.608034203499513403e-03
-4.966830014134017701e-01 1.967453309111550242e-03
-4.968868114674878655e-01 1.802163824777136851e-03
-4.964791913593156747e-01 1.527725961064582043e-03
-4.965301438728371708e-01 1.019050270430455016e-03
-4.966830014134017701e-01 1.830748698402322400e-03
-4.964282388457941231e-01 1.608034203499512970e-03
-4.962244287917080277e-01 1.881797113664368439e-03
-4.961734762781865316e-01 1.802163824777136851e-03
-4.963263338187510754e-01 2.027884433716813095e-03
-4.959187137105789400e-01 2.195101461209193749e-03
-4.965301438728371708e-01 1.611259952385386569e-03
-4.961734762781865316e-01 1.940882834734634606e-03
-4.962753813052295793e-01 1.670589875380259050e-03
-4.957658561700143407e-01 1.956868412895310886e-03
-4.959187137105789400e-01 1.805761679875327172e-03
-4.958168086835358923e-01 1.767986141215421121e-03
-4.961225237646649799e-01 1.717334041008576791e-03
-4.956639511429712930e-01 2.284923415193097686e-03
-4.955620461159282453e-01 2.124787016339733763e-03
-4.953072835483206537e-01 2.176095896027927488e-03
-4.952053785212776060e-01 2.348242095474373150e-03
-4.952053785212776060e-01 2.234951724786395175e-03
-4.952563310347991021e-01 2.320997450641423907e-03
-4.950015684671915106e-01 2.334937500606388844e-03
-4.950525209807130067e-01 2.421718884298837068e-03
-4.946958533860623675e-01 2.445720649033091779e-03
-4.952053785212776060e-01 2.456312819204847613e-03
-4.946958533860623675e-01 2.445720649033091346e-03
-4.944920433319762720e-01 2.496153184799823101e-03
-4.943391857914117282e-01 2.623436017737177436e-03
-4.945429958454978236e-01 2.485208520560984978e-03
-4.939825181967610335e-01 2.547625676076137758e-03
-4.941863282508471289e-01 2.639713956868814347e-03
-4.937787081426749380e-01 2.539460188161220006e-03
-4.935748980885888426e-01 2.514804651024825453e-03
-4.936768031156318903e-01 2.529216256980134150e-03
-4.936258506021103942e-01 2.522535393672109896e-03
-4.936258506021103942e-01 2.522535393672109896e-03
-4.934220405480242988e-01 2.485208520560984978e-03
-4.932182304939382034e-01 2.430280002945376522e-03
-4.931163254668951557e-01 2.395851986273334327e-03
-4.932691830074597550e-01 2.445720649033091779e-03
-4.932691830074597550e-01 2.445720649033091346e-03
-4.933201355209812511e-01 2.460009304094030319e-03
-4.929125154128090602e-01 2.312031709933368151e-03
-4.931163254668951557e-01 2.395851986273333893e-03
-4.928615628992875641e-01 2.287762183110056673e-03
-4.928106103857660125e-01 2.262085026680307753e-03
-4.927087053587229648e-01 2.320997450641424341e-03
-4.927087053587229648e-01 2.206308554815440692e-03
-4.925048953046368694e-01 2.075337845767052328e-03
-4.925558478181584210e-01 2.230300415426674128e-03
-4.921991802235077262e-01 2.085321488936323509e-03
-4.922501327370292779e-01 1.867950000485111683e-03
-4.924029902775938217e-01 1.998871716237366879e-03
-4.926577528452014687e-01 2.292296899518424247e-03
-4.920972751964647340e-01 1.713550528941601772e-03
-4.918934651423786386e-01 1.778965254028928291e-03
-4.922501327370292779e-01 2.002116113302252528e-03
-4.922501327370292779e-01 1.867950000485111900e-03
-4.920463226829431824e-01 1.655760706646335892e-03
-4.917406076018140393e-01 1.581991442243340512e-03
-4.917915601153355909e-01 1.486381847867826672e-03
-4.914348925206848961e-01 1.441154713182719741e-03
-4.915877500612494955e-01 1.339382550358642629e-03
-4.913839400071634000e-01 1.689135382064709760e-03
-4.913839400071634000e-01 1.836412280991140886e-03
-4.915877500612494955e-01 1.520913325287609388e-03
-4.915367975477279439e-01 1.013942216858406331e-03
-4.915877500612494955e-01 1.129032280040314154e-03
-4.913839400071634000e-01 1.527725961064582260e-03
-4.915367975477279439e-01 1.243909380123781700e-03
-4.916387025747709916e-01 1.426670378602637197e-03
-4.915367975477279439e-01 1.762102643564360206e-03
-4.913329874936418484e-01 1.608034203499512970e-03
-4.914348925206848961e-01 1.611259952385386569e-03
-4.910782249260342569e-01 1.300038180531165859e-03
-4.912820349801203523e-01 1.339382550358642629e-03
-4.913329874936418484e-01 1.013942216858406331e-03
-4.910272724125127053e-01 1.558847164277068218e-03
-4.911291774395557530e-01 1.581991442243340295e-03
-4.906706048178620660e-01 1.956868412895311320e-03
-4.908234623584266654e-01 1.944224002356301391e-03
-4.910782249260342569e-01 1.486381847867827106e-03
-4.911291774395557530e-01 1.581991442243340295e-03
-4.911291774395557530e-01 1.408355493651716967e-03
-4.906706048178620660e-01 2.085321488936323509e-03
-4.908234623584266654e-01 1.805761679875327172e-03
-4.910272724125127053e-01 1.382307040690477400e-03
-4.908234623584266654e-01 1.655760706646335458e-03
-4.902629847096898752e-01 2.262085026680308187e-03
-4.900591746556037798e-01 2.262085026680307753e-03
-4.905177472772975222e-01 1.957531645726723162e-03
-4.903648897367329229e-01 2.075337845767052328e-03
-4.903139372232114268e-01 2.230300415426674128e-03
-4.906706048178620660e-01 1.819368642841582727e-03
-4.900591746556037798e-01 2.262085026680307753e-03
-4.899063171150392360e-01 2.334937500606389278e-03
-4.900591746556037798e-01 2.262085026680307753e-03
-4.898044120879961882e-01 2.376813242123630796e-03
-4.898044120879961882e-01 2.376813242123630363e-03
-4.898553646015176843e-01 2.356519322744944113e-03
-4.893967919798239974e-01 2.496153184799823101e-03
-4.889891718716518065e-01 2.545586759642214873e-03
-4.896515545474315889e-01 2.430280002945376955e-03
-4.891929819257379020e-01 2.529216256980134150e-03
-4.892439344392594536e-01 2.522535393672110764e-03
-4.889891718716518065e-01 2.545586759642214873e-03
-4.890910768986948542e-01 2.539460188161220440e-03
-4.885815517634796157e-01 2.529216256980134150e-03
-4.887853618175657111e-01 2.645608375723426144e-03
-4.882248841688289764e-01 2.460009304094030319e-03
-4.883777417093935203e-01 2.598078607128447102e-03
-4.882758366823505281e-01 2.576001061512865620e-03
-4.879701216012213849e-01 2.376813242123630363e-03
-4.878682165741783372e-01 2.443596705385364404e-03
-4.883777417093935203e-01 2.598078607128446668e-03
-4.881229791417859287e-01 2.825453556518836996e-03
-4.874605964660061463e-01 2.452081441697395725e-03
-4.878682165741783372e-01 2.443596705385364404e-03
-4.872567864119200509e-01 2.321556659769075971e-03
-4.873077389254415470e-01 2.243646940059442364e-03
-4.873586914389630986e-01 2.496153184799823101e-03
-4.873077389254415470e-01 2.464227068535381621e-03
-4.875625014930491941e-01 2.292296899518423813e-03
-4.874096439524845947e-01 2.196874803193213464e-03
-4.870529763578339555e-01 2.164132661374151660e-03
-4.871548813848770032e-01 2.246537866319840357e-03
-4.872058338983984993e-01 2.284923415193097686e-03
-4.871039288713554516e-01 2.206308554815440259e-03
-4.870529763578339555e-01 2.392056360057336420e-03
-4.869510713307909078e-01 2.310346760084929039e-03
-4.869510713307909078e-01 2.195101461209194183e-03
-4.866963087631833162e-01 2.070327970394966483e-03
-4.864415461955756692e-01 2.159328809364864047e-03
-4.859829735738819823e-01 2.192142703345732139e-03
-4.863396411685326215e-01 2.496153184799823101e-03
-4.866453562496617646e-01 2.258064560080627874e-03
-4.863396411685326215e-01 2.389884724239667042e-03
-4.861358311144465261e-01 2.152102925824680730e-03
-4.859320210603604306e-01 2.354866204812453186e-03
-4.859320210603604306e-01 1.862382327890554435e-03
-4.860848786009250300e-01 2.206308554815440259e-03
-4.859320210603604306e-01 2.354866204812379460e-03
-4.856772584927528391e-01 2.119894005777793380e-03
-4.858301160333173829e-01 2.443596705385363971e-03
-4.855244009521882953e-01 2.359271945249443846e-03
-4.859829735738819823e-01 2.192142703345731705e-03
-4.857282110062743907e-01 2.525107048324745640e-03
-4.857282110062743907e-01 2.195101461209194183e-03
-4.851677333575376005e-01 2.374080957921073827e-03
-4.849639233034515051e-01 2.583548692869523655e-03
-4.849129707899300090e-01 2.287762183110056673e-03
-4.848620182764084574e-01 2.627391445566112840e-03
-4.844543981682363221e-01 2.563372291155029299e-03
-4.844034456547147705e-01 2.473165935007843111e-03
-4.845053506817578182e-01 2.549662962028322304e-03
-4.840977305735856273e-01 2.629860566913156967e-03
-4.844543981682363221e-01 2.662725902133671919e-03
-4.844543981682363221e-01 2.662725902133616842e-03
-4.844034456547147705e-01 2.674885641620461732e-03
-4.841996356006286750e-01 2.514804651024825453e-03
-4.841486830871071789e-01 2.522535393672110330e-03
-4.837410629789349881e-01 2.647079929582814902e-03
-4.838429680059780358e-01 2.647079929582813601e-03
-4.833843953842844043e-01 2.713430648916600324e-03
-4.830277277896337096e-01 2.635284490596807427e-03
-4.834353478978058449e-01 2.814405797468592322e-03
-4.830786803031552057e-01 2.445720649033091779e-03
-4.828239177355475586e-01 2.567420256236636888e-03
-4.829258227625906064e-01 2.395851986273333459e-03
-4.828239177355476142e-01 2.854705230427488638e-03
-4.828239177355476142e-01 2.854705230427488638e-03
-4.826710601949830148e-01 2.606060434250205993e-03
-4.823143926003324311e-01 2.627391445565905106e-03
-4.823653451138539272e-01 2.655403331017730344e-03
-4.822634400868108240e-01 2.278665677171945719e-03
-4.823653451138539827e-01 2.655403331017730344e-03
-4.823143926003324311e-01 2.627391445565904239e-03
-4.821615350597678873e-01 2.635777021110367532e-03
-4.821105825462463357e-01 2.701444413758162608e-03
-4.814991523839881049e-01 2.320997450641096044e-03
-4.813972473569451682e-01 2.832794792813081702e-03
-4.819067724921602403e-01 2.352108426368983846e-03
-4.818558199786387997e-01 2.525107048324465916e-03
-4.817539149515957519e-01 2.443596705385078609e-03
-4.818048674651172480e-01 2.587565094350189124e-03
-4.819067724921602958e-01 2.563372291154750442e-03
-4.817029624380742003e-01 2.173111261656382898e-03
-4.813462948434235611e-01 2.596079315868379898e-03
-4.813462948434235056e-01 1.762102643564098046e-03
-4.810405797622944735e-01 2.269532711853533904e-03
-4.811934373028590728e-01 2.443065430956340833e-03
-4.808367697082083780e-01 1.996922547839358013e-03
-4.805310546270794014e-01 2.392056360056717991e-03
-4.806329596541223936e-01 2.195101461208613484e-03
-4.807858171946869374e-01 2.506014312814784477e-03
-4.805820071406008975e-01 2.352108426368599604e-03
-4.802762920594718654e-01 2.666623051532255803e-03
-4.803272445729933615e-01 2.535367582458038140e-03
-4.798177194377782340e-01 2.504459873930697019e-03
-4.802253395459503138e-01 2.389884724238970116e-03
-4.799705769783427223e-01 2.534855542145266101e-03
-4.797667669242567934e-01 2.908759355588919331e-03
-4.798686719512997301e-01 2.583548692868756040e-03
-4.799705769783427778e-01 2.635284490596153002e-03
-4.796139093836921385e-01 2.586059674793766364e-03
-4.793081943025632174e-01 2.576001061512015605e-03
-4.795629568701706980e-01 2.501866996256585200e-03
-4.789515267079126337e-01 2.534855542145132527e-03
-4.790024792214340743e-01 2.529216256979252477e-03
-4.792572417890416658e-01 2.587565094349647023e-03
-4.785948591132620500e-01 2.741983844687169956e-03
-4.786967641403050977e-01 2.647570265777656525e-03
-4.785439065997405539e-01 2.643153965345669369e-03
-4.787986691673481454e-01 2.645608375722554445e-03
-4.789515267079125227e-01 2.534855542145132527e-03
-4.783400965456545695e-01 2.522535393671231259e-03
-4.781872390050900812e-01 2.496153184798952269e-03
-4.783400965456545140e-01 2.623436017736312242e-03
-4.778815239239609380e-01 2.413665257456619126e-03
-4.781872390050900812e-01 2.696153589031262312e-03
-4.781362864915684741e-01 2.587565094349646589e-03
-4.776777138698748981e-01 2.443596705384559493e-03
-4.777286663833965052e-01 2.356519322744122288e-03
-4.774229513022674176e-01 2.206308554814671342e-03
-4.776267613563534575e-01 2.312031709932561938e-03
-4.773719987887459215e-01 2.292296899517673979e-03
-4.770662837076169449e-01 2.206896825337104507e-03
-4.770662837076169449e-01 2.085943880081855741e-03
-4.773719987887459215e-01 2.402885099702105082e-03
-4.771681887346598816e-01 2.278665677171342035e-03
-4.771172362211384410e-01 2.124787016339043343e-03
-4.768115211400093534e-01 1.858894064239818150e-03
-4.765567585724017619e-01 1.862382327890062424e-03
-4.765567585724017619e-01 2.122953458957887226e-03
-4.762510434912726742e-01 1.762102643564007623e-03
-4.767605686264878573e-01 1.944224002355727848e-03
-4.763529485183158330e-01 1.598317895793313799e-03
-4.763019960047942813e-01 1.682976253506975701e-03
-4.759453284101436421e-01 1.598317895793517629e-03
-4.759962809236651382e-01 1.520913325287425507e-03
-4.762000909777512336e-01 1.527725961064289092e-03
-4.761491384642296265e-01 1.765046843852044597e-03
-4.760472334371865788e-01 2.276385871020907004e-03
-4.759962809236651382e-01 1.830748698402068046e-03
-4.760472334371865788e-01 1.903743011356204447e-03
-4.759962809236651382e-01 1.830748698402067829e-03
-4.758943758966222015e-01 1.323785132889192554e-03
-4.759453284101436976e-01 1.598317895793517629e-03
-4.759962809236650827e-01 2.095257561820234975e-03
-4.756905658425359951e-01 2.050166049056954213e-03
-4.755886608154929474e-01 1.892115946898487340e-03
-4.753848507614069074e-01 2.206308554815298445e-03
-4.754867557884498996e-01 2.352108426368984279e-03
-4.752319932208423636e-01 2.085943880082480242e-03
-4.752829457343639152e-01 2.168327301508024552e-03
-4.753848507614069629e-01 2.085321488936223329e-03
-4.752319932208423636e-01 2.085943880082480242e-03
-4.750281831667562682e-01 2.110689038257460362e-03
-4.753338982478854113e-01 2.002116113302200486e-03
-4.749772306532347721e-01 2.262085026680258747e-03
-4.744677055180195335e-01 2.501866996257361055e-03
-4.753848507614069629e-01 1.956868412895257543e-03
-4.749262781397132205e-01 2.176095896027927488e-03
-4.749262781397132205e-01 2.176095896027927055e-03
-4.745186580315410851e-01 2.376813242123630796e-03
-4.743148479774549897e-01 2.445720649033092213e-03
-4.743148479774549897e-01 2.445720649033091346e-03
-4.740600854098473427e-01 2.607554306791575859e-03
-4.737034178151967034e-01 2.545586759642214439e-03
-4.738053228422397511e-01 2.539460188161220440e-03
-4.737034178151967034e-01 2.545586759642214439e-03
-4.739072278692827989e-01 2.529216256980134150e-03
-4.734486552475891119e-01 2.543035815259971424e-03
-4.733467502205460642e-01 2.534855542146015935e-03
-4.738053228422397511e-01 2.639713956868764040e-03
-4.732957977070245126e-01 2.529216256980134150e-03
-4.736015127881536557e-01 2.647570265778528224e-03
-4.731938926799814649e-01 2.514804651024825453e-03
-4.736524653016751518e-01 2.647079929582864775e-03
-4.732448451935030165e-01 2.522535393672110330e-03
-4.726843675447662263e-01 2.376813242123630796e-03
-4.723786524636370832e-01 2.348242095474372716e-03
-4.726334150312447302e-01 2.356519322744944113e-03
-4.724805574906801309e-01 2.606060434250339133e-03
-4.720219848689864439e-01 2.124787016339733763e-03
-4.722767474365940910e-01 2.292296899518423813e-03
-4.719710323554649478e-01 2.085943880082531416e-03
-4.717672223013788524e-01 2.164132661374151660e-03
-4.723786524636370832e-01 2.348242095474372716e-03
-4.721238898960294916e-01 2.526648784734791299e-03
-4.722767474365940910e-01 2.176095896027927488e-03
-4.718691273284219001e-01 2.246537866319840791e-03
-4.716653172743358047e-01 2.195101461209193749e-03
-4.719710323554649478e-01 2.085943880082531416e-03
-4.716143647608142531e-01 1.749534518000650908e-03
-4.713596021932066615e-01 1.738369537861082521e-03
-4.714105547067281576e-01 1.940882834734634606e-03
-4.712067446526420622e-01 1.967453309111550242e-03
-4.711048396255990145e-01 1.689135382064709976e-03
-4.709519820850344707e-01 1.608034203499513403e-03
-4.707991245444699269e-01 2.430280002945376955e-03
-4.708500770579914230e-01 1.895543075131442701e-03
-4.706462670039053275e-01 2.122953458958397668e-03
-4.709010295715129746e-01 2.215702140902150140e-03
-4.709010295715129746e-01 2.215702140902150140e-03
-4.709519820850344707e-01 2.035551320925338414e-03
-4.709010295715129746e-01 2.095257561820546358e-03
-4.707481720309483753e-01 2.140005567903955144e-03
-4.705953144903838314e-01 2.050166049057146767e-03
-4.700857893551685929e-01 2.356519322744944113e-03
-4.702386468957331367e-01 2.127839434256427117e-03
-4.699838843281255452e-01 2.196874803193213897e-03
-4.702386468957331367e-01 2.127839434256427117e-03
-4.694743591929103066e-01 2.356519322744944113e-03
-4.703405519227761844e-01 2.600076361062331719e-03
-4.697800742740394497e-01 2.206308554815440259e-03
-4.699838843281255452e-01 2.421718884298837502e-03
-4.695762642199533543e-01 2.421718884298837068e-03
-4.694743591929103066e-01 2.464227068535381621e-03
-4.694743591929103066e-01 2.356519322744944113e-03
-4.698819793010824974e-01 2.583548692869523655e-03
-4.692705491388242112e-01 2.430280002945376955e-03
-4.693215016523457628e-01 2.619970119814646597e-03
-4.692705491388242112e-01 2.635284490596899801e-03
-4.692195966253027151e-01 2.549662962028322738e-03
-4.689648340576950680e-01 2.705285787065711198e-03
-4.684043564089583334e-01 2.835085030711129161e-03
-4.689138815441735719e-01 2.807478871392030551e-03
-4.683024513819152856e-01 2.639713956868814347e-03
-4.684043564089583334e-01 2.741983844688026910e-03
-4.684043564089583334e-01 2.645608375723425710e-03
-4.688119765171305242e-01 2.726792681565099082e-03
-4.685572139495228772e-01 3.098901545348187441e-03
-4.680986413278291902e-01 2.807478871392030551e-03
-4.685062614360013811e-01 2.926999059229633791e-03
-4.678948312737430948e-01 2.951729726151121596e-03
-4.682005463548722379e-01 2.910989828546531842e-03
-4.674362586520494078e-01 3.246198992061227924e-03
-4.677929262467000471e-01 2.928772460821735431e-03
-4.670286385438772170e-01 2.818093196098804109e-03
-4.672324485979633124e-01 2.825453556518837429e-03
-4.669267335168341693e-01 2.666623051532942754e-03
-4.672324485979633124e-01 3.003606374628561924e-03
-4.666719709492265777e-01 2.698078725720828071e-03
-4.665700659221835300e-01 3.244999140239769164e-03
-4.665191134086619784e-01 2.686023984318327423e-03
-4.667229234627480738e-01 2.915890863334418253e-03
-4.662643508410543869e-01 2.773988859323893962e-03
-4.667738759762696255e-01 2.856977904325137037e-03
-4.660095882734467398e-01 2.547116099978215687e-03
-4.658057782193606999e-01 2.832794792813542704e-03
-4.657038731923176522e-01 2.732024171418100198e-03
-4.658567307328821960e-01 2.969268381539569637e-03
-4.652962530841454614e-01 2.940714948850050268e-03
-4.648376804624517189e-01 3.268912500848944903e-03
-4.651943480571024137e-01 2.915890863334418253e-03
-4.650414905165378143e-01 3.004038517120493669e-03
-4.648886329759732705e-01 2.996683619530556182e-03
-4.645829178948441274e-01 2.481026425009542642e-03
-4.643791078407580319e-01 2.944244160979765049e-03
-4.650924430300593659e-01 2.887259145676196025e-03
-4.644300603542795836e-01 2.926999059229633791e-03
-4.645319653813226313e-01 2.977998974864469461e-03
-4.643281553272365358e-01 2.871480423421897844e-03
-4.639205352190643450e-01 2.598078607128446668e-03
-4.639205352190643450e-01 2.598078607128447102e-03
-4.637676776784997457e-01 2.623436017737177436e-03
-4.633600575703276103e-01 2.743403703510042483e-03
-4.632581525432845626e-01 2.543035815259971424e-03
-4.630033899756769156e-01 2.713430648916695300e-03
-4.629524374621554195e-01 2.607554306791624865e-03
-4.632072000297630110e-01 2.639713956868814347e-03
-4.627995799215908201e-01 2.576001061512865620e-03
-4.627486274080693240e-01 2.662725902133671919e-03
-4.625448173539832286e-01 2.795895857763418951e-03
-4.630033899756769156e-01 2.807478871392030551e-03
-4.629014849486338679e-01 2.598078607128447102e-03
-4.626467223810262763e-01 2.635284490596899801e-03
-4.632072000297630110e-01 2.736297041792100978e-03
-4.625448173539832286e-01 2.887259145676196025e-03
-4.625448173539832286e-01 2.701444413758398097e-03
-4.621371972458110378e-01 2.320997450641423907e-03
-4.619843397052464939e-01 2.555765075970201691e-03
-4.617805296511603985e-01 2.321556659769076405e-03
-4.617805296511603985e-01 2.321556659769076405e-03
-4.616786246241173508e-01 2.246537866319840357e-03
-4.618314821646818946e-01 2.356519322744944113e-03
-4.615767195970743031e-01 1.909190069731661480e-03
-4.616276721105957992e-01 2.206308554815440259e-03
-4.611181469753805606e-01 1.956868412895311320e-03
-4.617805296511603985e-01 2.430814071736121275e-03
-4.614238620565097038e-01 2.485208520560984978e-03
-4.613729095429882077e-01 1.837119001156224760e-03
-4.617295771376388469e-01 2.168327301508122563e-03
-4.613219570294666561e-01 2.400182494978905789e-03
-4.612200520024236083e-01 2.417426955565837692e-03
-4.609143369212944652e-01 2.220384031259381528e-03
-4.609143369212944652e-01 2.220384031259381528e-03
-4.605067168131223299e-01 2.192142703345732139e-03
-4.605067168131223299e-01 2.070327970394966917e-03
-4.602010017319931867e-01 2.940714948850049835e-03
-4.608633844077729691e-01 2.161732069774079286e-03
-4.602519542455146828e-01 2.310346760084929472e-03
-4.604048117860792821e-01 2.173111261656610147e-03
-4.604557642996007782e-01 2.354866204812453186e-03
-4.607105268672084253e-01 2.329928690760848901e-03
-4.604048117860792821e-01 2.050166049057146767e-03
-4.602519542455146828e-01 2.420110302995944363e-03
-4.602519542455146828e-01 2.420110302995944363e-03
-4.602010017319931867e-01 2.119894005777793813e-03
-4.601500492184716351e-01 2.164132661374151660e-03
-4.600481441914285874e-01 2.466859509269485155e-03
-4.594367140291703566e-01 2.398559470453189620e-03
-4.595386190562134043e-01 2.456312819204847179e-03
-4.591819514615627096e-01 2.701444413758397663e-03
-4.592329039750842612e-01 2.376813242123630796e-03
-4.587233788398690226e-01 2.616003470878486368e-03
-4.588762363804335664e-01 2.587565094350500073e-03
-4.586724263263474710e-01 2.522535393672110330e-03
-4.589271888939551181e-01 2.770242755171429313e-03
-4.586214738128259749e-01 2.529216256980134150e-03
-4.585195687857829272e-01 2.539460188161220440e-03
-4.585195687857829272e-01 2.736297041792100978e-03
-4.578571861100031448e-01 2.607554306791624865e-03
-4.580609961640892402e-01 2.732024171418099764e-03
-4.578062335964815932e-01 2.496153184799823101e-03
-4.581119486776107363e-01 2.539460188161220440e-03
-4.579081386235246409e-01 2.514804651024825453e-03
-4.573986134883094024e-01 2.586059674794576047e-03
-4.574495660018309540e-01 2.603568741899138159e-03
-4.573476609747879063e-01 2.356519322744944113e-03
-4.569909933801372670e-01 2.402885099702848845e-03
-4.568381358395726677e-01 2.312031709933368585e-03
-4.573986134883094024e-01 2.586059674794576047e-03
-4.571948034342233069e-01 2.504459873931478078e-03
-4.573986134883094024e-01 2.586059674794576047e-03
-4.568890883530942193e-01 2.555765075970201691e-03
-4.571438509207018108e-01 2.481026425009542642e-03
-4.566343257854865723e-01 2.395851986273333459e-03
-4.567362308125296200e-01 1.998871716237366446e-03
-4.566343257854865723e-01 2.395851986273333459e-03
-4.565324207584435245e-01 2.430280002945376955e-03
-4.560228956232282860e-01 1.956868412895311320e-03
-4.563795632178789807e-01 2.525107048324746507e-03
-4.557681330556206944e-01 2.278665677172041128e-03
-4.560228956232282860e-01 1.956868412895311320e-03
-4.558700380826637422e-01 2.035551320925338414e-03
-4.557171805420991983e-01 1.972724459372691280e-03
-4.554624179744915513e-01 2.015041464543034649e-03
-4.558190855691421906e-01 1.972724459372691280e-03
-4.553605129474485036e-01 1.996922547839858914e-03
-4.556662280285776467e-01 2.276385871021271729e-03
-4.559719431097067899e-01 2.027884433716812661e-03
-4.554624179744915513e-01 1.408355493651717400e-03
-4.552586079204054559e-01 2.334937500606389278e-03
-4.552586079204054559e-01 2.220968573597073732e-03
-4.552586079204054559e-01 2.334937500606389278e-03
-4.552076554068839598e-01 2.485208520560985412e-03
-4.548000352987117689e-01 2.124787016339733329e-03
-4.551567028933624082e-01 2.073460561035715775e-03
-4.549019403257548166e-01 2.284923415193096819e-03
-4.548509878122332650e-01 2.206896825337776712e-03
-4.547490827851902173e-01 2.038100540860909599e-03
-4.543414626770180820e-01 2.398559470453189187e-03
-4.544433677040611297e-01 2.348242095474373150e-03
-4.549019403257548166e-01 2.168327301508122563e-03
-4.540867001094104349e-01 2.501866996257408760e-03
-4.546471777581471696e-01 2.555765075970201691e-03
-4.543414626770180820e-01 2.398559470453189620e-03
-4.541376526229319865e-01 2.483641059969503295e-03
-4.536790800012382441e-01 2.890853618460147330e-03
-4.532205073795445571e-01 2.547625676076136891e-03
-4.530166973254584617e-01 2.539460188161220006e-03
-4.534752699471521487e-01 2.635284490596899801e-03
-4.535262224606737003e-01 2.529216256980134150e-03
-4.533224124065876048e-01 2.545586759642214439e-03
-4.527619347578508702e-01 2.506014312815343925e-03
-4.524562196767217270e-01 2.430280002945376522e-03
-4.527109822443293186e-01 2.598078607128447102e-03
-4.527619347578508702e-01 2.705285787065711198e-03
-4.525581247037647747e-01 2.662725902133672353e-03
-4.525071721902432231e-01 2.649530703119182869e-03
-4.525071721902432231e-01 2.445720649033091346e-03
-4.521505045955925839e-01 2.627391445566112840e-03
-4.520995520820710323e-01 2.398559470453189620e-03
-4.517938370009419446e-01 2.751435730162227981e-03
-4.522524096226356316e-01 2.567420256236729263e-03
-4.521505045955925839e-01 2.526648784734790865e-03
-4.515900269468558492e-01 2.321556659769076405e-03
-4.514371694062912499e-01 2.085321488936323509e-03
-4.513862168927697538e-01 2.040646576258166745e-03
-4.512843118657267061e-01 2.195101461209193749e-03
-4.514371694062912499e-01 2.430280002945376955e-03
-4.512333593522051545e-01 2.024681328836751195e-03
-4.513352643792482022e-01 2.352108426369201553e-03
-4.511314543251621068e-01 2.173111261656609713e-03
-4.511824068386836584e-01 2.220968573597073732e-03
-4.512843118657267061e-01 2.195101461209193749e-03
-4.506219291899469237e-01 2.647079929582865643e-03
-4.502652615952962289e-01 1.996922547839858481e-03
-4.504181191358608283e-01 2.085321488936323509e-03
-4.505709766764253721e-01 2.596079315868806206e-03
-4.502143090817747328e-01 2.400182494978905789e-03
-4.502652615952962289e-01 2.122953458958397235e-03
-4.499085940006455897e-01 2.320997450641423907e-03
-4.506728817034684198e-01 2.598078607128447102e-03
-4.498576414871240381e-01 2.669055880295066047e-03
-4.501633565682531812e-01 2.334937500606388844e-03
-4.498066889736025420e-01 2.284923415193097686e-03
-4.501124040547316851e-01 2.149084970440290517e-03
-4.497557364600809904e-01 2.535367582458712080e-03
-4.497047839465594943e-01 2.124787016339733763e-03
-4.499085940006455897e-01 2.534855542146016369e-03
-4.499595465141670858e-01 2.280943204654285392e-03
-4.493990688654303511e-01 2.320997450641355819e-03
-4.490424012707797119e-01 2.483641059969503295e-03
-4.488895437302151126e-01 2.825453556518836996e-03
-4.487876387031720649e-01 2.851065184024728898e-03
-4.490424012707797119e-01 2.483641059969503295e-03
-4.486347811626075210e-01 2.696153589032047708e-03
-4.480743035138707864e-01 2.647079929582814468e-03
-4.485838286490859694e-01 2.506014312815343925e-03
-4.484819236220429217e-01 2.522535393672109896e-03
-4.489404962437366642e-01 2.717255077381118024e-03
-4.484309711085214256e-01 2.629860566913157401e-03
-4.484309711085214256e-01 2.629860566913157401e-03
-4.479723984868277387e-01 2.643153965346489893e-03
-4.483800185949998740e-01 2.732024171417996982e-03
-4.474119208380909485e-01 2.745768503279715639e-03
-4.474628733516125001e-01 2.662725902133578678e-03
-4.473609683245695079e-01 2.825453556518664391e-03
-4.472081107840048531e-01 2.483641059969455157e-03
-4.468004906758327177e-01 2.508602903850166987e-03
-4.474119208380910595e-01 2.745768503279670970e-03
-4.465966806217466223e-01 2.389884724239530432e-03
-4.466476331352682849e-01 2.627391445565904239e-03
-4.469533482163973170e-01 2.583548692869390082e-03
-4.473100158110480118e-01 2.717255077381039094e-03
-4.467495381623112216e-01 2.583548692869351050e-03
-4.466476331352681739e-01 2.627391445565904673e-03
-4.462909655406175902e-01 2.600076361062053296e-03
-4.461890605135745425e-01 2.907420250467044644e-03
-4.459852504594884470e-01 2.462646253402759038e-03
-4.459342979459669509e-01 2.307535776247633327e-03
-4.459342979459670619e-01 2.993216237842958802e-03
-4.456795353783594149e-01 2.788922958409508976e-03
-4.454247728107518789e-01 2.739615778052922369e-03
-4.453228677837088312e-01 2.915890863333857937e-03
-4.449152476755366403e-01 2.239013694143502427e-03
-4.450681052161011841e-01 2.743876826510898044e-03
-4.449662001890581364e-01 2.525107048324147160e-03
-4.453228677837088867e-01 3.252590726513551224e-03
-4.443547700268000722e-01 2.801925000726930483e-03
-4.447114376214506004e-01 2.603568741898474193e-03
-4.444057225403215683e-01 2.583548692868795071e-03
-4.448133426484937036e-01 2.825453556518183872e-03
-4.441000074591925362e-01 2.818093196098028254e-03
-4.444057225403215683e-01 2.777262555483071393e-03
-4.443038175132785206e-01 2.430280002944622351e-03
-4.438452448915850557e-01 3.075776660110033593e-03
-4.438452448915850002e-01 2.902057650911436717e-03
-4.433866722698913132e-01 2.905187036948310778e-03
-4.434376247834129203e-01 2.713430648915849622e-03
-4.439471499186279924e-01 2.586059674793766364e-03
-4.433357197563698726e-01 2.910989828545703945e-03
-4.428771471346762967e-01 2.739615778052579328e-03
-4.437433398645419524e-01 3.100995256514811615e-03
-4.428771471346762967e-01 2.739615778052577593e-03
-4.430809571887623921e-01 2.836458285831119659e-03
-4.426733370805902568e-01 2.993216237842592341e-03
-4.431828622158052733e-01 2.923004971774572150e-03
-4.429280996481979038e-01 2.645608375722554011e-03
-4.424185745129827207e-01 2.770242755170599248e-03
-4.422147644588967363e-01 2.811175356035517433e-03
-4.423166694859396730e-01 3.016113368906270503e-03
-4.419090493777675932e-01 2.977998974863703581e-03
-4.422657169724182324e-01 3.003606374627767420e-03
-4.414504767560740728e-01 3.115611839289905271e-03
-4.412466667019879774e-01 3.003606374627895356e-03
-4.416033342966386721e-01 2.555765075969483949e-03
-4.415014292695956244e-01 2.882309426364736051e-03
-4.415014292695955134e-01 3.057150811290654246e-03
-4.416542868101601127e-01 2.777262555483036265e-03
-4.412466667019879774e-01 3.003606374627895790e-03
-4.413485717290310251e-01 2.603568741898475061e-03
-4.411957141884664813e-01 2.792644004705207086e-03
-4.407880940802943459e-01 3.041826650574631571e-03
-4.408899991073373936e-01 2.942921202403737252e-03
-4.401766639180362262e-01 2.580029212622752480e-03
-4.402276164315578333e-01 2.320997450641096044e-03
-4.401766639180362817e-01 2.678765100716891476e-03
-4.404823789991653138e-01 2.971016552654021006e-03
-4.401766639180361707e-01 2.955245784247864573e-03
-4.401257114045147301e-01 3.161930881621347403e-03
-4.397180912963425392e-01 3.088831976741212432e-03
-4.405842840262083615e-01 2.694227076753438668e-03
-4.395652337557780509e-01 2.825912942515639188e-03
-4.392085661611274117e-01 2.534855542145881494e-03
-4.395652337557780509e-01 2.916336003534122055e-03
-4.393614237016919555e-01 3.021273532421155442e-03
-4.396161862692995470e-01 3.061817895948890696e-03
-4.390557086205628678e-01 2.798216296255263014e-03
-4.390047561070413717e-01 2.627391445565979266e-03
-4.384442784583045816e-01 2.790784101732363565e-03
-4.382914209177400378e-01 2.720597042193564560e-03
-4.385461834853476293e-01 2.770242755171339107e-03
-4.377309432690033586e-01 2.829585345550092793e-03
-4.380366583501325017e-01 2.925224582522462698e-03
-4.378328482960462953e-01 3.012668349657096276e-03
-4.376290382419602554e-01 3.167263323817079076e-03
-4.382914209177400933e-01 2.905187036948997728e-03
-4.379857058366109501e-01 2.836458285831965336e-03
-4.374252281878742155e-01 3.057150811291222368e-03
-4.369157030526589769e-01 2.926999059229634225e-03
-4.373742756743526638e-01 2.872836281098716492e-03
-4.375271332149172632e-01 2.713430648916694866e-03
-4.373742756743526638e-01 2.872836281098767233e-03
-4.365080829444867860e-01 2.751435730162227981e-03
-4.368137980256159292e-01 2.798216296255373169e-03
-4.368647505391374808e-01 2.908759355589693018e-03
-4.362023678633576429e-01 2.569946996594510511e-03
-4.364061779174437383e-01 2.598078607128447102e-03
-4.357437952416639559e-01 2.720597042193659970e-03
-4.357437952416639559e-01 2.522535393672110764e-03
-4.359476052957500514e-01 2.378451106042906837e-03
-4.359476052957500514e-01 2.587565094350499639e-03
-4.361514153498361468e-01 2.635284490596899801e-03
-4.359985578092715475e-01 2.907420250467368603e-03
-4.360495103227930991e-01 3.027711369536734316e-03
-4.358457002687070037e-01 2.506014312815343925e-03
-4.355399851875778605e-01 2.832794792813542704e-03
-4.355909377010994121e-01 2.964017681796227762e-03
-4.351323650794056697e-01 3.088831976741616189e-03
-4.348776025117980781e-01 2.926999059229633791e-03
-4.353361751334917651e-01 2.926555540921272139e-03
-4.351323650794056697e-01 2.635284490596899801e-03
-4.348266499982765265e-01 3.048221079853308691e-03
-4.345209349171474389e-01 2.501866996257408760e-03
-4.344190298901043912e-01 2.762265415523833516e-03
-4.345209349171474389e-01 2.795895857763418951e-03
-4.347756974847550304e-01 2.525107048324746507e-03
-4.343171248630613435e-01 3.082100654163479406e-03
-4.341642673224967441e-01 2.801925000727666874e-03
-4.336037896737600095e-01 2.915890863334417819e-03
-4.335528371602384579e-01 2.838745568104970775e-03
-4.345209349171474389e-01 2.887259145676196025e-03
-4.339095047548891526e-01 2.724411410757593237e-03
-4.336547421872815056e-01 2.811175356036324513e-03
-4.331961695655878186e-01 2.905187036949131735e-03
-4.334509321331954101e-01 2.951729726151122030e-03
-4.329414069979802271e-01 2.835085030711129595e-03
-4.340623622954536964e-01 2.559825070707422504e-03
-4.335018846467169618e-01 2.758503390740306687e-03
-4.327885494574156278e-01 2.836458285831965336e-03
-4.330433120250232748e-01 2.919894682104919557e-03
-4.328904544844586755e-01 2.547116099978216121e-03
-4.333490271061524179e-01 2.496153184799823101e-03
-4.328395019709371794e-01 2.647570265778528657e-03
-4.324828343762864846e-01 2.522535393672109896e-03
-4.328395019709371794e-01 2.547625676076137758e-03
-4.325847394033295323e-01 2.825453556518836996e-03
-4.321771192951573415e-01 2.563372291155029299e-03
-4.323299768357219408e-01 2.496153184799823101e-03
-4.324318818627649885e-01 2.616003470878485934e-03
-4.320752142681143493e-01 2.430280002945376955e-03
-4.323809293492434369e-01 2.705285787065711198e-03
-4.320752142681143493e-01 2.534855542146015935e-03
-4.319733092410713016e-01 2.395851986273334327e-03
-4.316166416464206068e-01 2.456312819204847613e-03
-4.317185466734636545e-01 2.398559470453188753e-03
-4.318204517005067022e-01 2.443596705385363537e-03
-4.316166416464206068e-01 2.234951724786395175e-03
-4.316166416464206068e-01 2.559825070707422070e-03
-4.315147366193775591e-01 2.176095896027927488e-03
-4.316166416464206068e-01 2.456312819204847613e-03
-4.314637841058560630e-01 2.374080957921073827e-03
-4.311580690247269199e-01 1.913943529156780440e-03
-4.312090215382484160e-01 2.085943880082531416e-03
-4.313109265652914637e-01 2.389884724239667042e-03
-4.310561639976838721e-01 1.956868412895311320e-03
-4.307504489165547290e-01 1.919361639158811451e-03
-4.309033064571192728e-01 2.310346760084929039e-03
-4.310052114841623205e-01 2.392056360057335986e-03
-4.313109265652914637e-01 2.278665677172041128e-03
-4.307504489165547290e-01 2.050166049057146767e-03
-4.310561639976838721e-01 2.206308554815440259e-03
-4.308014014300762806e-01 2.220968573597073732e-03
-4.311071165112053682e-01 2.002116113302252962e-03
-4.308523539435977767e-01 2.149084970440290517e-03
-4.306994964030332329e-01 2.122953458958397235e-03
-4.305466388624686336e-01 1.819368642841582510e-03
-4.307504489165547290e-01 2.050166049057146767e-03
-4.301390187542964427e-01 2.438811069120105837e-03
-4.301899712678179943e-01 1.903743011356495663e-03
-4.302409237813394904e-01 2.100207970520887816e-03
-4.301899712678179943e-01 2.159328809364864047e-03
-4.301390187542964427e-01 1.830748698402322400e-03
-4.296804461326027558e-01 1.944224002356301391e-03
-4.298333036731672996e-01 2.173111261656609713e-03
-4.297823511596458035e-01 1.837119001156224977e-03
-4.296294936190812042e-01 2.239013694144100473e-03
-4.300880662407749466e-01 1.598317895793694354e-03
-4.301390187542964427e-01 2.095257561820546358e-03
-4.295785411055597081e-01 2.280943204654285392e-03
-4.298333036731672996e-01 2.289463754325665994e-03
-4.295275885920382120e-01 2.430280002945376088e-03
-4.295275885920382120e-01 2.206308554815440259e-03
-4.292728260244305649e-01 2.496153184799823101e-03
-4.295785411055597081e-01 2.498232446455482363e-03
-4.292728260244305649e-01 2.598078607128446668e-03
-4.291199684838660211e-01 2.583548692869523655e-03
-4.291199684838660211e-01 2.481026425009542642e-03
-4.288142534027368780e-01 2.421718884298837068e-03
-4.289161584297799257e-01 2.374080957921072526e-03
-4.287633008892153264e-01 2.443596705385363971e-03
-4.288652059162583741e-01 2.504459873931478512e-03
-4.288142534027368780e-01 2.818093196098804109e-03
-4.286613958621722786e-01 2.684573777796173382e-03
-4.287633008892153264e-01 2.647570265778528657e-03
-4.285594908351292309e-01 2.902057650912219077e-03
-4.286104433486507825e-01 2.795895857763418951e-03
-4.283556807810431355e-01 2.674885641620515942e-03
-4.283047282675216394e-01 2.780999203733344142e-03
-4.283047282675216394e-01 3.214049658192364399e-03
-4.283556807810431355e-01 2.473165935007842677e-03
-4.282028232404785917e-01 2.890853618460146896e-03
-4.278971081593494485e-01 2.643153965346540200e-03
-4.276423455917418570e-01 3.180351244546912766e-03
-4.279990131863924963e-01 3.003606374628561490e-03
-4.277442506187849047e-01 3.181983449552768916e-03
-4.278971081593494485e-01 2.543035815259971424e-03
-4.278461556458279524e-01 3.012668349657278855e-03
-4.271837729700481145e-01 3.132232985985279518e-03
-4.279990131863924963e-01 2.915890863334417819e-03
-4.274894880511772577e-01 2.825453556518836996e-03
-4.270818679430050668e-01 3.027711369536789394e-03
-4.274894880511772577e-01 3.408490851956374502e-03
-4.266232953213113799e-01 2.977998974864469895e-03
-4.268271053753974753e-01 3.212837800049041844e-03
-4.270818679430050668e-01 2.851065184024728465e-03
-4.263685327537037884e-01 3.290680425548090076e-03
-4.268780578889190269e-01 3.145466667251047357e-03
-4.266232953213113799e-01 3.228958512398449714e-03
-4.261647226996176929e-01 3.115611839290610870e-03
-4.267761528618759792e-01 2.944244160979764616e-03
-4.261647226996176929e-01 3.507591163075990653e-03
-4.265213902942683322e-01 3.272087744434704331e-03
-4.261137701860961413e-01 3.172177622077281597e-03
-4.263175802401822367e-01 3.021273532421374450e-03
-4.258080551049669982e-01 3.244999140239770031e-03
-4.255023400238379105e-01 3.126010412487752101e-03
-4.262666277266607406e-01 3.246198992061227924e-03
-4.255023400238379105e-01 3.516830921887318523e-03
-4.258080551049669982e-01 3.401247252673823742e-03
-4.258590076184885498e-01 3.577940500490147530e-03
-4.255023400238379105e-01 3.287917966228207263e-03
-4.250437674021441681e-01 3.258969925045715824e-03
-4.259099601320100459e-01 3.381343316619129982e-03
-4.255023400238379105e-01 3.207985789528070529e-03
-4.255023400238379105e-01 3.207985789528071396e-03
-4.254004349967948628e-01 3.050349577480075420e-03
-4.257571025914455021e-01 3.048221079853308257e-03
-4.256551975644024544e-01 3.148766397156305564e-03
-4.254513875103163589e-01 3.483825715316780491e-03
-4.250437674021441681e-01 3.258969925045715824e-03
-4.254513875103163589e-01 3.408490851956373635e-03
-4.256042450508809583e-01 3.276844840832371288e-03
-4.248399573480580727e-01 3.474871768494863702e-03
-4.249418623751011204e-01 3.252590726514159244e-03
-4.245342422669289295e-01 3.194604762859832355e-03
-4.247890048345365765e-01 3.579754044374904888e-03
-4.250437674021441681e-01 3.010513210709413710e-03
-4.251966249427087674e-01 3.302100280651092731e-03
-4.248909098615796243e-01 3.126010412487752101e-03
-4.246870998074935288e-01 3.341179750760518100e-03
-4.251966249427087674e-01 3.455767601726193392e-03
-4.254513875103163589e-01 3.003606374628561056e-03
-4.254004349967948628e-01 2.875094622993909412e-03
-4.252475774562302635e-01 3.262154846328691772e-03
-4.245342422669289295e-01 3.112276958121583132e-03
-4.250947199156657197e-01 3.378270764129419519e-03
-4.250947199156657197e-01 3.454264767299079601e-03
-4.250947199156657197e-01 3.454264767299079601e-03
-4.252475774562302635e-01 3.709049015909457632e-03
-4.252475774562302635e-01 3.181575476802896065e-03
-4.240247171317137465e-01 3.290680425548089642e-03
-4.241266221587567942e-01 3.624081474004176972e-03
-4.249928148886226720e-01 3.597117545015482767e-03
-4.243304322128428896e-01 3.306421631984008888e-03
-4.244832897534074334e-01 3.142576561413943769e-03
-4.246870998074935288e-01 2.647570265778528224e-03
-4.252475774562302635e-01 3.181575476802896065e-03
-4.250947199156657197e-01 3.300527477379847606e-03
-4.250947199156657197e-01 3.220908241801866047e-03
-4.244832897534074334e-01 3.457269782888955714e-03
-4.248909098615796243e-01 3.516830921887318089e-03
-4.247380523210150249e-01 2.890853618460146896e-03
-4.243813847263643857e-01 3.199882756153859826e-03
-4.245342422669289295e-01 3.112276958121583566e-03
-4.247380523210150249e-01 3.537073431245336703e-03
-4.244832897534074334e-01 2.972763695735654212e-03
-4.246870998074935288e-01 3.099320400732319316e-03
-4.249418623751011204e-01 3.003606374628561056e-03
-4.247890048345365765e-01 3.355136932782611884e-03
-4.250437674021441681e-01 3.337681335775581279e-03
-4.254513875103163589e-01 3.331452860395610598e-03
-4.251456724291872158e-01 3.417618717044098881e-03
-4.249418623751011204e-01 2.825453556518837429e-03
-4.247380523210150249e-01 3.680944432029101092e-03
-4.249418623751011204e-01 3.483825715316780924e-03
-4.242794796993213380e-01 2.825912942515941464e-03
-4.246361472939719772e-01 3.048221079853308691e-03
-4.243304322128428896e-01 3.061817895949270601e-03
-4.245851947804504811e-01 3.476739075722165909e-03
-4.247890048345365765e-01 3.579754044374904888e-03
-4.249928148886226720e-01 3.050349577480075420e-03
-4.248909098615796243e-01 3.041826650575218775e-03
-4.246361472939719772e-01 2.961827142969332763e-03
-4.245851947804504811e-01 3.163982884486680591e-03
-4.249928148886226720e-01 3.449752335892220662e-03
-4.248399573480580727e-01 3.242998400706673980e-03
-4.247890048345365765e-01 3.114361677330579597e-03
-4.244832897534074334e-01 3.224130762109451466e-03
-4.243813847263643857e-01 3.199882756153858959e-03
-4.247380523210150249e-01 3.230164322552785041e-03
-4.245851947804504811e-01 3.623006769841564424e-03
-4.248399573480580727e-01 3.399338476917299501e-03
-4.249418623751011204e-01 3.408490851956374502e-03
-4.247890048345365765e-01 3.276844840832369987e-03
-4.252985299697518151e-01 3.378270764129419953e-03
-4.245851947804504811e-01 3.476739075722165909e-03
-4.252475774562302635e-01 3.181575476802896499e-03
-4.250437674021441681e-01 3.563398922332615838e-03
-4.254513875103163589e-01 3.171768388040606748e-03
-4.250947199156657197e-01 3.454264767299079168e-03
-4.257061500779240060e-01 3.341179750760518100e-03
-4.250947199156657197e-01 3.139270325294557344e-03
-4.257571025914455021e-01 3.132232985985279518e-03
-4.255532925373594066e-01 3.399338476917299501e-03
-4.251966249427087674e-01 3.222519904770774005e-03
-4.255532925373594066e-01 3.242998400706673112e-03
-4.257571025914455021e-01 2.961827142969332329e-03
-4.249418623751011204e-01 3.331452860395610598e-03
-4.256042450508809583e-01 3.196635791587389142e-03
-4.253494824832733112e-01 3.258969925045715824e-03
-4.262156752131391890e-01 3.140923878385409006e-03
-4.259099601320100459e-01 3.303672335146551255e-03
-4.264194852672252845e-01 3.311521413292670916e-03
-4.262156752131391890e-01 3.455767601726193392e-03
-4.263175802401822367e-01 3.188503914279283008e-03
-4.264194852672252845e-01 3.389012510677421198e-03
-4.264704377807468361e-01 3.088831976741616189e-03
-4.268271053753974753e-01 2.960512041679174214e-03
-4.267761528618759792e-01 3.197853789647052240e-03
-4.267252003483544276e-01 3.341179750760518534e-03
-4.262666277266607406e-01 3.246198992061227490e-03
-4.267761528618759792e-01 3.278033036256987505e-03
-4.265213902942683322e-01 3.024708750736707693e-03
-4.267761528618759792e-01 3.031139291800301339e-03
-4.266742478348329315e-01 2.908759355589693018e-03
-4.270818679430050668e-01 3.112276958121583132e-03
-4.273366305106127139e-01 2.986704047437083089e-03
-4.273875830241342100e-01 3.474871768494863268e-03
-4.271328204565266184e-01 2.951729726151122030e-03
-4.275404405646988093e-01 2.919894682104919557e-03
-4.277442506187849047e-01 2.836915889817492008e-03
-4.270818679430050668e-01 3.353201909302675789e-03
-4.268271053753974753e-01 3.046943267564984799e-03
-4.269799629159620746e-01 2.915890863334418253e-03
-4.270818679430050668e-01 3.194604762859832789e-03
-4.282028232404785917e-01 2.890853618460147330e-03
-4.280499656999140479e-01 2.726792681565099082e-03
-4.282028232404785917e-01 2.705285787065710764e-03
-4.286104433486507825e-01 2.701444413758397663e-03
-4.282028232404785917e-01 2.799607636175457329e-03
-4.289161584297799257e-01 2.583548692869523655e-03
-4.286613958621722786e-01 2.483641059969502862e-03
-4.290180634568229734e-01 2.320997450641423907e-03
-4.291199684838660211e-01 2.374080957921072960e-03
-4.288142534027368780e-01 2.724411410757593237e-03
-4.288652059162583741e-01 2.889506215162314200e-03
-4.286613958621722786e-01 2.586059674794576047e-03
-4.289161584297799257e-01 2.777262555483763981e-03
-4.290180634568229734e-01 2.320997450641424341e-03
-4.291709209973875172e-01 2.751435730162227981e-03
-4.294256835649951642e-01 2.168327301508122563e-03
-4.294256835649951642e-01 2.045094511173824094e-03
-4.296294936190812042e-01 1.858894064240411209e-03
-4.294766360785166603e-01 2.246537866319840791e-03
-4.299861612137318989e-01 2.258064560080628308e-03
-4.297823511596458035e-01 2.334937500606389712e-03
-4.299352087002103473e-01 1.802163824777136851e-03
-4.300371137272533950e-01 2.206308554815440259e-03
-4.300880662407749466e-01 2.590072182521544007e-03
-4.302409237813394904e-01 1.836412280991140669e-03
-4.301390187542964427e-01 2.215702140902150140e-03
-4.301390187542964427e-01 2.095257561820546358e-03
-4.302918762948610421e-01 1.906468485925047300e-03
-4.303428288083825382e-01 2.100207970520888250e-03
-4.301899712678179943e-01 2.494072189702947751e-03
-4.303428288083825382e-01 2.100207970520888250e-03
-4.306485438895116813e-01 2.417426955565838125e-03
-4.305975913759901852e-01 1.738369537861083171e-03
-4.305975913759901852e-01 2.477361300084528380e-03
-4.306994964030332329e-01 2.354866204812453186e-03
-4.314637841058560630e-01 2.144247406690528643e-03
-4.310561639976838721e-01 2.206308554815440692e-03
-4.314128315923345114e-01 2.555765075970201691e-03
-4.314637841058560630e-01 2.262085026680307753e-03
-4.312090215382484160e-01 2.206896825337776712e-03
-4.311071165112053682e-01 2.359271945249443846e-03
-4.315656891328991107e-01 2.430280002945376955e-03
-4.313618790788130153e-01 2.526648784734790865e-03
-4.311580690247269199e-01 2.284923415193097686e-03
-4.318204517005067022e-01 2.443596705385363537e-03
-4.318204517005067022e-01 2.743876826511492621e-03
-4.317694991869852061e-01 2.526648784734791299e-03
-4.316675941599421584e-01 2.374080957921073393e-03
-4.321261667816358454e-01 2.549662962028322304e-03
-4.325337868898080362e-01 2.998848697205905561e-03
-4.326356919168510839e-01 2.736297041792101412e-03
-4.321771192951573415e-01 2.662725902133672353e-03
-4.325847394033295323e-01 2.915890863334418253e-03
-4.329414069979802271e-01 2.645608375723425710e-03
-4.325337868898080362e-01 2.820395372118805234e-03
-4.335018846467169618e-01 2.758503390740306687e-03
-4.331452170520663225e-01 2.629860566913157401e-03
-4.329923595115017232e-01 2.543035815259971424e-03
-4.333999796196739140e-01 2.872836281098817973e-03
-4.336547421872815056e-01 2.902057650912219077e-03
-4.334509321331954101e-01 2.862424959612388815e-03
-4.336037896737600095e-01 2.732024171418099764e-03
-4.336547421872815056e-01 2.990178980604729815e-03
-4.339604572684106487e-01 2.977998974864470329e-03
-4.345718874306689350e-01 2.669055880295066047e-03
-4.350814125658841736e-01 2.477361300084528380e-03
-4.345718874306689350e-01 2.669055880295066047e-03
-4.351323650794056697e-01 2.430280002945376955e-03
-4.347756974847550304e-01 2.525107048324746507e-03
-4.351323650794056697e-01 2.534855542146015502e-03
-4.352342701064487174e-01 2.832794792813542271e-03
-4.350814125658841736e-01 2.955245784248319071e-03
-4.348266499982765265e-01 2.872836281098818407e-03
-4.352852226199702690e-01 3.220908241801866047e-03
-4.350304600523626219e-01 2.623436017737177436e-03
-4.350814125658841736e-01 2.678765100717285259e-03
-4.358966527822285553e-01 2.836915889817430859e-03
-4.357437952416639559e-01 2.623436017737177869e-03
-4.360495103227930991e-01 2.758503390740306687e-03
-4.355399851875778605e-01 2.923004971775340199e-03
-4.354380801605348128e-01 2.836458285831964903e-03
-4.365590354580083376e-01 2.583548692869462073e-03
-4.362533203768791945e-01 2.887259145676196459e-03
-4.362533203768791945e-01 2.887259145676196459e-03
-4.364061779174437383e-01 2.696153589032101918e-03
-4.361004628363145952e-01 2.972763695735596966e-03
-4.365080829444867860e-01 3.106014405076402800e-03
-4.366099879715298338e-01 3.464770919463408452e-03
-4.368137980256159292e-01 2.889506215162259990e-03
-4.369666555661805285e-01 2.666623051532943187e-03
-4.367628455120944331e-01 2.869219236817584749e-03
-4.374252281878742155e-01 2.882309426365388741e-03
-4.373742756743526638e-01 2.780999203733291666e-03
-4.377309432690033586e-01 2.829585345550092793e-03
-4.377309432690033586e-01 2.829585345550092793e-03
-4.378328482960462953e-01 3.097644639376517534e-03
-4.382914209177400378e-01 3.078729473877229658e-03
-4.382914209177400378e-01 2.720597042193564994e-03
-4.382404684042184861e-01 2.910989828546352732e-03
-4.385971359988691809e-01 2.851065184024554559e-03
-4.383933259447830855e-01 2.799607636175320720e-03
-4.379857058366108946e-01 3.013960693328317925e-03
-4.386480885123906770e-01 3.100995256515431779e-03
-4.386990410259122286e-01 2.825453556518664391e-03
-4.385461834853476293e-01 2.951729726150994527e-03
-4.389538035935197646e-01 3.014391351427631732e-03
-4.393614237016919555e-01 2.844227540834945358e-03
-4.396161862692996025e-01 2.795895857763115808e-03
-4.398199963233856424e-01 2.758503390739972753e-03
-4.401257114045147301e-01 2.905187036948698488e-03
-4.402785689450792184e-01 3.050349577479581891e-03
-4.401257114045147301e-01 2.522535393671765120e-03
-4.400238063774717379e-01 2.607554306791283992e-03
-4.401257114045147301e-01 2.993216237842958802e-03
-4.402276164315577223e-01 2.635284490596503416e-03
-4.407371415667728498e-01 2.732024171417564602e-03
-4.404823789991653693e-01 2.696153589031631808e-03
-4.409919041343804413e-01 2.647570265777944055e-03
-4.406352365397298576e-01 2.643153965346041901e-03
-4.406861890532514092e-01 2.875094622993394633e-03
-4.412466667019880884e-01 2.732024171417452279e-03
-4.417561918372030494e-01 3.171768388039858215e-03
-4.417561918372031604e-01 2.635284490596153436e-03
-4.419600018912890893e-01 2.908759355588919331e-03
-4.417561918372031604e-01 2.825453556518108412e-03
-4.424695270265042724e-01 3.048221079852506815e-03
-4.425204795400257130e-01 3.140923878384601926e-03
-4.423676219994612246e-01 3.027711369535987952e-03
-4.426223845670687607e-01 2.807478871391193981e-03
-4.419090493777675932e-01 2.798216296254659764e-03
-4.423676219994612246e-01 2.758503390739479658e-03
-4.424695270265043279e-01 2.686023984317492154e-03
-4.425204795400257130e-01 2.971016552653721766e-03
-4.432847672428483765e-01 2.635284490596035041e-03
-4.429280996481979038e-01 2.925224582521765340e-03
-4.429790521617192889e-01 2.926555540920436436e-03
-4.432847672428483765e-01 2.825453556517995221e-03
-4.433866722698913687e-01 2.905187036948310778e-03
-4.433866722698914242e-01 2.905187036948296900e-03
-4.440490549456710401e-01 2.647570265777738924e-03
-4.438961974051065518e-01 2.975818727866057656e-03
-4.440490549456710956e-01 3.099320400731555170e-03
-4.438452448915850002e-01 2.990178980603940516e-03
-4.443547700268000167e-01 2.402885099702105516e-03
-4.436414348374990158e-01 2.674885641619677203e-03
-4.439981024321494329e-01 2.666623051532159526e-03
-4.438961974051063852e-01 2.975818727866078907e-03
-4.444057225403216238e-01 2.777262555483036265e-03
-4.441509599727140323e-01 2.703845911621675577e-03
-4.439981024321494885e-01 2.666623051532146516e-03
-4.443547700268000167e-01 2.707683877941965446e-03
-4.441509599727140878e-01 2.703845911621645653e-03
-4.444057225403216238e-01 2.869219236816911676e-03
-4.444566750538431199e-01 2.751435730161510239e-03
-4.449152476755366958e-01 2.563372291154415207e-03
-4.448133426484937036e-01 3.003606374627895790e-03
-4.449662001890582474e-01 2.722981648700620750e-03
-4.450171527025797436e-01 2.686023984317728076e-03
-4.450681052161013507e-01 2.926999059229021434e-03
-4.451700102431442319e-01 2.565903017697543104e-03
-4.452209627566657835e-01 2.720597042193103124e-03
-4.450171527025797436e-01 2.587565094349908099e-03
-4.453738202972302718e-01 2.487818760247074643e-03
-4.451700102431442319e-01 2.760855256961763926e-03
-4.459342979459669509e-01 2.192142703345467160e-03
-4.452719152701872796e-01 2.678765100716746193e-03
-4.454247728107517679e-01 2.543035815259521264e-03
-4.457814404054024626e-01 2.783332061456888530e-03
-4.462909655406175902e-01 2.698078725720521893e-03
-4.461890605135745425e-01 2.722981648700900474e-03
-4.465966806217467333e-01 2.882309426365137206e-03
-4.464947755947035746e-01 2.206896825337680001e-03
-4.463928705676606379e-01 2.669055880294790659e-03
-4.468514431893543803e-01 2.915890863334184933e-03
-4.464438230811821895e-01 2.501866996257197558e-03
-4.466476331352681739e-01 2.627391445565904239e-03
-4.466985856487897810e-01 2.844227540834945358e-03
-4.468004906758327177e-01 2.402885099702756037e-03
-4.468004906758327732e-01 2.707683877942442495e-03
-4.464947755947036856e-01 2.825912942515639188e-03
-4.471062057569619164e-01 2.836915889817284708e-03
-4.474628733516125001e-01 2.662725902133578678e-03
-4.470552532434403092e-01 2.724411410757421933e-03
-4.472081107840049641e-01 2.960512041678932220e-03
-4.474628733516125556e-01 2.758503390740216915e-03
-4.474119208380910595e-01 2.745768503279670970e-03
-4.477685884327416432e-01 2.623436017737128430e-03
-4.474628733516125001e-01 2.758503390740171812e-03
-4.478704934597846909e-01 2.732024171418003487e-03
-4.479723984868277387e-01 2.643153965346489893e-03
-4.480743035138707864e-01 2.836458285831869926e-03
-4.479214459733062426e-01 3.175449595739177067e-03
-4.479723984868277387e-01 2.643153965346540200e-03
-4.477176359192200916e-01 2.616003470878436928e-03
-4.477176359192200916e-01 2.616003470878436928e-03
-4.479723984868277942e-01 3.178309809555852298e-03
-4.485328761355644733e-01 2.514804651024825453e-03
-4.483290660814783779e-01 2.639713956868814347e-03
-4.486347811626075210e-01 2.598078607128447102e-03
-4.485838286490859694e-01 2.506014312815343925e-03
-4.489914487572581603e-01 2.395851986273333893e-03
-4.489914487572581603e-01 2.501866996257408760e-03
-4.490933537843012080e-01 2.356519322744944113e-03
-4.486857336761290171e-01 2.587565094350500073e-03
-4.488895437302151126e-01 2.534855542145956521e-03
-4.491443062978227596e-01 2.443596705385363971e-03
-4.491443062978227596e-01 2.743876826511493054e-03
-4.490424012707797119e-01 2.684573777796173816e-03
-4.488895437302151126e-01 2.534855542146015502e-03
-4.487366861896505688e-01 2.770242755171376404e-03
-4.492971638383873034e-01 2.682155024464472418e-03
-4.499595465141670858e-01 2.392056360057336420e-03
-4.492462113248658073e-01 2.398559470453189620e-03
-4.494500213789518472e-01 2.402885099702849279e-03
-4.496538314330379427e-01 2.696153589032101918e-03
-4.497047839465594943e-01 2.567420256236729263e-03
-4.488385912166936165e-01 3.100995256515590073e-03
-4.496538314330379427e-01 2.790784101732499741e-03
-4.499595465141670858e-01 2.392056360057336420e-03
-4.493990688654303511e-01 2.635284490596900234e-03
-4.496028789195164466e-01 2.627391445566113273e-03
-4.498576414871240381e-01 2.127839434256427117e-03
-4.495009738924733989e-01 2.481026425009478023e-03
-4.492971638383873034e-01 2.777262555483763981e-03
-4.498576414871240381e-01 2.359271945249443413e-03
-4.500104990276886374e-01 2.352108426369201553e-03
-4.501124040547316851e-01 2.378451106042835279e-03
-4.503162141088177806e-01 2.192142703345732139e-03
-4.501633565682531812e-01 2.334937500606388844e-03
-4.501124040547316851e-01 2.378451106042907270e-03
-4.505200241629038760e-01 2.215702140902150574e-03
-4.506219291899469237e-01 2.100207970520888250e-03
-4.502652615952962289e-01 2.241910594947001123e-03
-4.500614515412101335e-01 2.310346760084929472e-03
-4.506728817034684198e-01 2.696153589032101918e-03
-4.505200241629038760e-01 2.329928690760848901e-03
-4.506728817034684198e-01 2.496153184799823101e-03
-4.514881219198128015e-01 2.359271945249443413e-03
-4.505200241629038760e-01 2.329928690760848901e-03
-4.506728817034684198e-01 2.278665677172041128e-03
-4.504690716493823244e-01 2.590072182521544440e-03
-4.506728817034684198e-01 2.496153184799823101e-03
-4.510805018116406107e-01 2.241910594947001123e-03
-4.506219291899469237e-01 2.100207970520802381e-03
-4.509785967845975629e-01 2.580029212623124145e-03
-4.510295492981190590e-01 2.307535776247926929e-03
-4.512333593522051545e-01 2.587565094350500073e-03
-4.507238342169899159e-01 2.443065430956781452e-03
-4.512843118657267061e-01 2.195101461209193749e-03
-4.509785967845975629e-01 2.015041464543034649e-03
-4.513862168927697538e-01 2.498232446455482363e-03
-4.513352643792482022e-01 2.352108426369201553e-03
-4.507747867305114675e-01 2.159328809364864047e-03
-4.512333593522051545e-01 2.149084970440290517e-03
-4.515900269468558492e-01 2.430814071736121709e-03
-4.515900269468558492e-01 2.535367582458711647e-03
-4.513862168927697538e-01 2.498232446455481929e-03
-4.513862168927697538e-01 2.498232446455482363e-03
-4.515900269468558492e-01 2.430814071736121275e-03
-4.514881219198128015e-01 2.669055880295066047e-03
-4.518957420279849924e-01 2.292296899518424247e-03
-4.520995520820710323e-01 2.398559470453189620e-03
-4.518447895144634407e-01 2.869219236817639393e-03
-4.519466945415064885e-01 2.430280002945376955e-03
-4.521505045955925839e-01 2.627391445566112840e-03
-4.517428844874203930e-01 2.818093196098804109e-03
-4.522524096226356316e-01 2.356519322744944113e-03
-4.520485995685495362e-01 2.262085026680307753e-03
-4.513862168927697538e-01 2.498232446455482363e-03
-4.524052671632001754e-01 2.413665257457460901e-03
-4.516919319738988969e-01 2.598078607128447102e-03
-4.520485995685495362e-01 2.583548692869523655e-03
-4.521505045955925839e-01 2.627391445566112840e-03
-4.522524096226356316e-01 2.567420256236729263e-03
-4.525071721902432231e-01 2.549662962028322304e-03
-4.527619347578508702e-01 2.607554306791624865e-03
-4.518447895144634407e-01 2.481026425009542642e-03
-4.521505045955925839e-01 2.627391445566112840e-03
-4.522524096226356316e-01 2.464227068535381621e-03
-4.518957420279849924e-01 2.402885099702849279e-03
-4.517428844874203930e-01 2.627391445566112840e-03
-4.516919319738988969e-01 2.389884724239666608e-03
-4.517428844874203930e-01 2.724411410757593237e-03
-4.516919319738988969e-01 2.389884724239667042e-03
-4.523543146496786793e-01 2.795895857763418951e-03
-4.524562196767217270e-01 2.534855542146015935e-03
-4.528638397848939179e-01 2.814405797468638292e-03
-4.523543146496786793e-01 2.603568741899138159e-03
-4.530166973254584617e-01 2.639713956868814347e-03
-4.527109822443293186e-01 2.882309426365439048e-03
-4.526600297308078225e-01 2.686023984318327857e-03
-4.522014571091140800e-01 2.926999059229633791e-03
-4.524562196767217270e-01 2.635284490596899801e-03
-4.524562196767217270e-01 2.430280002945376522e-03
-4.525071721902432231e-01 2.649530703119182436e-03
-4.525581247037647747e-01 2.662725902133672353e-03
-4.527619347578508702e-01 2.607554306791624865e-03
-4.526600297308078225e-01 2.485208520560984544e-03
-4.533224124065876048e-01 2.741983844688026910e-03
-4.531695548660230610e-01 2.647079929582864775e-03
-4.531186023525015094e-01 2.545586759642214439e-03
-4.527619347578508702e-01 2.506014312815343925e-03
-4.528128872713723663e-01 2.713430648916695300e-03
-4.532714598930660532e-01 2.647079929582864775e-03
-4.534243174336306526e-01 2.639713956868814347e-03
-4.530166973254584617e-01 2.539460188161220440e-03
-4.529147922984154140e-01 2.529216256980134150e-03
-4.530166973254584617e-01 2.539460188161220006e-03
-4.531186023525015094e-01 2.545586759642214439e-03
-4.532714598930660532e-01 2.647079929582865209e-03
-4.525071721902432231e-01 2.549662962028322304e-03
-4.534243174336306526e-01 2.639713956868814347e-03
-4.536790800012382441e-01 2.799607636175457763e-03
-4.535771749741951964e-01 2.522535393672110330e-03
-4.535262224606737003e-01 2.629860566913157401e-03
-4.535771749741951964e-01 2.720597042193660404e-03
-4.537300325147597957e-01 2.598078607128446668e-03
-4.535771749741951964e-01 2.720597042193659970e-03
-4.539338425688458911e-01 2.649530703119182436e-03
-4.542395576499750343e-01 2.443596705385364404e-03
-4.533733649201091009e-01 2.643153965346540200e-03
-4.535262224606737003e-01 2.820395372118805234e-03
-4.534752699471521487e-01 2.534855542146015502e-03
-4.533733649201091009e-01 2.739615778053435414e-03
-4.539338425688458911e-01 2.445720649033091779e-03
-4.535771749741951964e-01 2.720597042193659970e-03
-4.535262224606737003e-01 2.629860566913156967e-03
-4.534752699471521487e-01 2.534855542146015935e-03
-4.539338425688458911e-01 2.445720649033091346e-03
-4.542395576499750343e-01 2.334937500606389712e-03
-4.543924151905395781e-01 2.583548692869523655e-03
-4.542395576499750343e-01 2.547625676076137758e-03
-4.539847950823673872e-01 2.534855542146015502e-03
-4.539847950823673872e-01 2.430280002945376955e-03
-4.543924151905395781e-01 2.262085026680307753e-03
-4.540867001094104349e-01 2.395851986273333459e-03
-4.538828900553243395e-01 2.662725902133671919e-03
-4.538828900553243395e-01 2.563372291155029733e-03
-4.542905101634965304e-01 2.724411410757593237e-03
-4.539847950823673872e-01 2.430280002945376522e-03
-4.538319375418028434e-01 2.674885641620516376e-03
-4.537300325147597957e-01 2.496153184799823101e-03
-4.540357475958889388e-01 2.619970119814646597e-03
-4.545962252446256735e-01 2.262085026680307753e-03
-4.542395576499750343e-01 2.647570265778528657e-03
-4.546471777581471696e-01 2.230300415426674128e-03
-4.545452727311041219e-01 2.292296899518423813e-03
-4.545962252446256735e-01 2.262085026680307753e-03
-4.542395576499750343e-01 2.334937500606389712e-03
-4.545962252446256735e-01 2.374080957921073393e-03
-4.545452727311041219e-01 2.402885099702849279e-03
-4.545452727311041219e-01 2.292296899518424247e-03
-4.542395576499750343e-01 2.443596705385364404e-03
-4.544433677040611297e-01 2.348242095474372716e-03
-4.546471777581471696e-01 2.230300415426674562e-03
-4.543924151905395781e-01 2.374080957921073393e-03
-4.549019403257548166e-01 2.501866996257408760e-03
-4.544943202175826258e-01 2.534855542146015935e-03
-4.549019403257548166e-01 2.284923415193096819e-03
-4.546981302716687212e-01 2.312031709933368585e-03
-4.548509878122332650e-01 2.321556659769076405e-03
-4.550038453527978644e-01 2.635284490596900234e-03
-4.545962252446256735e-01 2.481026425009542642e-03
-4.550547978663193605e-01 2.040646576258166745e-03
-4.550038453527978644e-01 2.206308554815440259e-03
-4.544943202175826258e-01 2.635284490596900234e-03
-4.547490827851902173e-01 2.598078607128447102e-03
-4.545962252446256735e-01 2.374080957921073393e-03
-4.549528928392763127e-01 2.246537866319840357e-03
-4.548509878122332650e-01 2.535367582458712080e-03
-4.543414626770180820e-01 2.504459873931478078e-03
-4.547490827851902173e-01 2.389884724239666608e-03
-4.550038453527978644e-01 1.956868412895310886e-03
-4.549528928392763127e-01 2.669055880295065613e-03
-4.549019403257548166e-01 2.168327301508122563e-03
-4.553095604339270075e-01 2.173111261656609713e-03
-4.549019403257548166e-01 2.168327301508122563e-03
-4.551567028933624082e-01 2.420110302995944797e-03
-4.554114654609700552e-01 1.940882834734634823e-03
-4.550547978663193605e-01 2.280943204654285392e-03
-4.548000352987117689e-01 2.356519322744944113e-03
-4.554114654609700552e-01 1.940882834734634823e-03
-4.551057503798409121e-01 2.239013694144100473e-03
-4.551567028933624082e-01 2.073460561035715775e-03
-4.554624179744915513e-01 2.140005567903955144e-03
-4.551567028933624082e-01 2.195101461209193749e-03
-4.549019403257548166e-01 2.501866996257408760e-03
-4.553095604339270075e-01 2.173111261656609713e-03
-4.556662280285776467e-01 2.159328809364863613e-03
-4.553605129474485036e-01 2.462646253403033992e-03
-4.552586079204054559e-01 1.837119001156224760e-03
-4.552076554068839598e-01 2.587565094350500073e-03
-4.553605129474485036e-01 2.122953458958397668e-03
-4.554114654609700552e-01 1.940882834734634823e-03
-4.550547978663193605e-01 2.280943204654285392e-03
-4.555133704880131029e-01 2.085321488936323509e-03
-4.553605129474485036e-01 2.241910594947001123e-03
-4.553095604339270075e-01 2.173111261656609713e-03
-4.553605129474485036e-01 2.122953458958397668e-03
-4.555133704880131029e-01 1.819368642841582727e-03
-4.554624179744915513e-01 2.258064560080628308e-03
-4.555643230015345990e-01 2.152102925824680730e-03
-4.558190855691421906e-01 2.220384031259381094e-03
-4.555643230015345990e-01 2.381178375722309021e-03
-4.557171805420991983e-01 1.527725961064582260e-03
-4.551567028933624082e-01 2.310346760084929472e-03
-4.559209905961852383e-01 1.967453309111550242e-03
-4.556152755150561506e-01 2.438811069120105837e-03
-4.554624179744915513e-01 2.140005567903955144e-03
-4.556662280285776467e-01 2.494072189702947751e-03
-4.554114654609700552e-01 2.070327970394966917e-03
-4.558700380826637422e-01 2.276385871021271295e-03
-4.555133704880131029e-01 2.085321488936323509e-03
-4.556152755150561506e-01 1.967453309111550242e-03
-4.558190855691421906e-01 1.836412280991141103e-03
-4.556152755150561506e-01 1.830748698402322400e-03
-4.556152755150561506e-01 1.967453309111549808e-03
-4.559719431097067899e-01 2.487818760247563401e-03
-4.559209905961852383e-01 2.543035815259971424e-03
-4.564305157314004768e-01 2.460009304094029885e-03
-4.559209905961852383e-01 2.215702140902150140e-03
-4.559719431097067899e-01 2.269532711853993606e-03
-4.562776581908359330e-01 2.443596705385363537e-03
-4.561248006502713337e-01 2.307535776247927363e-03
-4.557171805420991983e-01 1.972724459372691280e-03
-4.560738481367498376e-01 2.140005567903955144e-03
-4.562267056773143814e-01 2.506014312815343058e-03
-4.564305157314004768e-01 2.119894005777793380e-03
-4.562267056773143814e-01 2.173111261656609713e-03
-4.561248006502713337e-01 2.192142703345732139e-03
-4.561248006502713337e-01 2.192142703345732139e-03
-4.561757531637928853e-01 1.862382327890554651e-03
-4.565324207584435245e-01 1.956868412895310886e-03
-4.563286107043574291e-01 2.266671113550560498e-03
-4.565324207584435245e-01 2.430280002945376955e-03
-4.566343257854865723e-01 2.045094511173824528e-03
-4.567871833260511716e-01 2.278665677172041128e-03
-4.563795632178789807e-01 2.722981648701235276e-03
-4.563795632178789807e-01 2.195101461209193749e-03
-4.564305157314004768e-01 1.858894064240411859e-03
-4.565324207584435245e-01 2.206308554815439825e-03
-4.564305157314004768e-01 2.460009304094029885e-03
-4.566343257854865723e-01 2.284923415193096819e-03
-4.564814682449220284e-01 2.498232446455482363e-03
-4.563795632178789807e-01 2.420110302995944363e-03
-4.566343257854865723e-01 2.168327301508122563e-03
-4.570419458936587631e-01 2.320997450641423474e-03
-4.567871833260511716e-01 2.389884724239666608e-03
-4.566852782990081239e-01 2.206896825337776712e-03
-4.570419458936587631e-01 2.430280002945376955e-03
-4.571948034342233069e-01 2.398559470453189187e-03
-4.569909933801372670e-01 2.610042194302298127e-03
-4.569400408666157154e-01 2.481026425009542642e-03
-4.570419458936587631e-01 2.534855542146016369e-03
-4.567362308125296200e-01 2.243646940059441496e-03
-4.568890883530942193e-01 2.343815621990046234e-03
-4.569400408666157154e-01 2.583548692869523655e-03
-4.569909933801372670e-01 2.610042194302298127e-03
-4.570419458936587631e-01 2.534855542146015935e-03
-4.569400408666157154e-01 2.682155024464472418e-03
-4.568890883530942193e-01 2.343815621990046234e-03
-4.569909933801372670e-01 2.402885099702849279e-03
-4.570419458936587631e-01 2.320997450641423907e-03
-4.572967084612663546e-01 2.443596705385364404e-03
-4.569909933801372670e-01 2.610042194302298127e-03
-4.573476609747879063e-01 2.567420256236729696e-03
-4.569909933801372670e-01 2.402885099702849279e-03
-4.567362308125296200e-01 2.464227068535381621e-03
-4.570928984071802592e-01 2.659311211470829269e-03
-4.569400408666157154e-01 2.374080957921072960e-03
-4.570419458936587631e-01 2.534855542146015935e-03
-4.571948034342233069e-01 2.504459873931478078e-03
-4.570928984071802592e-01 2.559825070707421636e-03
-4.569400408666157154e-01 2.262085026680307753e-03
-4.572457559477448585e-01 2.526648784734791299e-03
-4.572457559477448585e-01 2.421718884298837068e-03
-4.575514710288740017e-01 2.430280002945376522e-03
-4.572967084612663546e-01 2.443596705385364404e-03
-4.573476609747879063e-01 2.464227068535381621e-03
-4.574495660018309540e-01 2.501866996257408760e-03
-4.578062335964815932e-01 2.598078607128447102e-03
-4.575005185153524501e-01 2.518930666352169143e-03
-4.571438509207018108e-01 2.481026425009543075e-03
-4.580100436505676886e-01 2.820395372118805668e-03
-4.574495660018309540e-01 2.501866996257409194e-03
-4.572967084612663546e-01 2.547625676076137758e-03
-4.577552810829600971e-01 2.780999203733344142e-03
-4.574495660018309540e-01 2.603568741899138159e-03
-4.574495660018309540e-01 2.395851986273333459e-03
-4.578571861100031448e-01 2.799607636175457763e-03
-4.578571861100031448e-01 2.607554306791624865e-03
-4.584176637587398795e-01 2.645608375723425710e-03
-4.579590911370461925e-01 2.623436017737177436e-03
-4.578571861100031448e-01 2.705285787065711198e-03
-4.579590911370461925e-01 2.522535393672109896e-03
-4.581119486776107363e-01 2.539460188161220006e-03
-4.582138537046537841e-01 2.645608375723425710e-03
-4.579081386235246409e-01 2.514804651024825453e-03
-4.577552810829600971e-01 2.485208520560984978e-03
-4.577043285694385455e-01 2.473165935007843111e-03
-4.579590911370461925e-01 2.623436017737177436e-03
-4.576533760559170494e-01 2.662725902133671919e-03
-4.582138537046537841e-01 2.835085030711129595e-03
-4.584176637587398795e-01 2.741983844688026910e-03
-4.582648062181753357e-01 2.743403703510042917e-03
-4.581119486776107363e-01 2.639713956868814347e-03
-4.584686162722613756e-01 2.643153965346540200e-03
-4.582648062181753357e-01 2.647079929582864775e-03
-4.585705212993044233e-01 2.534855542146015935e-03
-4.582648062181753357e-01 2.647079929582864775e-03
-4.586214738128259749e-01 2.726792681565099515e-03
-4.587233788398690226e-01 2.898477072558081069e-03
-4.582138537046537841e-01 2.645608375723425710e-03
-4.589271888939551181e-01 2.473165935007842677e-03
-4.585705212993044233e-01 2.534855542146015502e-03
-4.586724263263474710e-01 2.623436017737177436e-03
-4.583667112452183279e-01 2.647079929582865209e-03
-4.584686162722613756e-01 2.643153965346540200e-03
-4.581629011911322880e-01 2.643153965346540200e-03
-4.587233788398690226e-01 2.713430648916695300e-03
-4.588762363804335664e-01 2.686023984318327423e-03
-4.587743313533905187e-01 2.506014312815343925e-03
-4.588252838669120703e-01 2.696153589032101484e-03
-4.591819514615627096e-01 2.701444413758397663e-03
-4.592838564886057573e-01 2.356519322744944113e-03
-4.593348090021273089e-01 2.443596705385364404e-03
-4.587233788398690226e-01 2.616003470878486368e-03
-4.588252838669120703e-01 2.790784101732499307e-03
-4.586724263263474710e-01 2.623436017737177869e-03
-4.589271888939551181e-01 2.576001061512865620e-03
-4.588762363804335664e-01 2.485208520560984978e-03
-4.589781414074766142e-01 2.662725902133671919e-03
-4.589781414074766142e-01 2.758503390740307121e-03
-4.593348090021273089e-01 2.547625676076137758e-03
-4.594367140291703566e-01 2.798216296255429114e-03
-4.594367140291703566e-01 2.504459873931478078e-03
-4.592838564886057573e-01 2.567420256236729263e-03
-4.592329039750842612e-01 2.586059674794576047e-03
-4.600481441914285874e-01 2.127839434256427117e-03
-4.597933816238209959e-01 2.724411410757593670e-03
-4.594876665426918527e-01 2.374080957921073393e-03
-4.589781414074766142e-01 2.563372291155029733e-03
-4.595895715697349004e-01 2.635284490596900234e-03
-4.590290939209981658e-01 2.549662962028322304e-03
-4.589271888939551181e-01 2.770242755171429313e-03
-4.596914765967779481e-01 2.583548692869523655e-03
-4.593348090021273089e-01 2.334937500606389712e-03
-4.597424291102994443e-01 2.230300415426674128e-03
-4.592329039750842612e-01 2.483641059969503295e-03
-4.596405240832563965e-01 2.402885099702849279e-03
-4.601500492184716351e-01 2.280943204654285392e-03
-4.593857615156488050e-01 2.526648784734790865e-03
-4.596405240832563965e-01 2.292296899518423813e-03
-4.600481441914285874e-01 2.569946996594575130e-03
-4.597933816238209959e-01 2.312031709933368585e-03
-4.599971916779070913e-01 2.395851986273333459e-03
-4.596405240832563965e-01 2.508602903850301429e-03
-4.599462391643855397e-01 2.635777021110610827e-03
-4.597933816238209959e-01 2.627391445566113273e-03
-4.596914765967779481e-01 2.682155024464471984e-03
-4.598952866508640436e-01 2.464227068535381621e-03
-4.599462391643855397e-01 2.535367582458712080e-03
-4.601500492184716351e-01 2.698078725720828071e-03
-4.600990967049501390e-01 2.534855542146016369e-03
-4.603029067590362344e-01 2.266671113550560498e-03
-4.603538592725577305e-01 2.443596705385363537e-03
-4.604048117860792821e-01 2.506014312815343491e-03
-4.609143369212944652e-01 2.334381496907447003e-03
-4.608633844077729691e-01 2.389884724239667042e-03
-4.605576693266438260e-01 2.477361300084528380e-03
-4.604557642996007782e-01 2.241910594947001123e-03
-4.605067168131223299e-01 2.522535393672109896e-03
-4.603538592725577305e-01 2.220968573597073732e-03
-4.606595743536868737e-01 2.269532711853993606e-03
-4.604048117860792821e-01 2.173111261656609713e-03
-4.606595743536868737e-01 2.269532711853993173e-03
-4.606086218401653776e-01 2.534855542146015935e-03
-4.604557642996007782e-01 2.462646253403033558e-03
-4.608633844077729691e-01 2.389884724239667042e-03
-4.607105268672084253e-01 2.329928690760848901e-03
-4.607105268672084253e-01 2.739615778053435414e-03
-4.606595743536868737e-01 2.152102925824680296e-03
-4.611690994889021122e-01 2.258064560080627874e-03
-4.610162419483375129e-01 2.543035815259971424e-03
-4.612200520024236083e-01 2.417426955565837692e-03
-4.611181469753805606e-01 2.534855542146015935e-03
-4.606595743536868737e-01 2.027884433716812661e-03
-4.608633844077729691e-01 2.161732069774079286e-03
-4.611181469753805606e-01 2.320997450641423907e-03
-4.611690994889021122e-01 2.370250468689820422e-03
-4.613729095429882077e-01 2.220968573597073732e-03
-4.612200520024236083e-01 2.522535393672109896e-03
-4.615257670835527515e-01 2.352108426369201987e-03
-4.619333871917249423e-01 2.312031709933368585e-03
-4.616276721105957992e-01 2.320997450641423907e-03
-4.620352922187679900e-01 2.374080957921073393e-03
-4.614238620565097038e-01 2.266671113550560064e-03
-4.614748145700312554e-01 2.420110302995944363e-03
-4.616786246241173508e-01 2.002116113302252962e-03
-4.614748145700312554e-01 2.195101461209193749e-03
-4.617295771376388469e-01 2.168327301508122563e-03
-4.617295771376388469e-01 2.395851986273333459e-03
-4.619333871917249423e-01 2.526648784734791299e-03
-4.616276721105957992e-01 2.825453556518837429e-03
-4.617295771376388469e-01 2.701444413758397663e-03
-4.617295771376388469e-01 2.284923415193096819e-03
-4.615767195970743031e-01 2.600076361062331719e-03
-4.616786246241173508e-01 2.127839434256427117e-03
-4.616786246241173508e-01 2.569946996594575563e-03
-4.622391022728540855e-01 2.583548692869523655e-03
-4.621371972458110378e-01 2.635284490596900234e-03
-4.618824346782034462e-01 2.389884724239666608e-03
-4.621881497593325339e-01 2.456312819204847179e-03
-4.620862447322895417e-01 2.707683877942649794e-03
-4.619843397052464939e-01 2.555765075970202124e-03
-4.620862447322895417e-01 2.707683877942649794e-03
-4.621371972458110378e-01 2.635284490596900234e-03
-4.621371972458110378e-01 2.206308554815440692e-03
-4.623919598134186293e-01 2.836915889817492008e-03
-4.620352922187679900e-01 2.481026425009542642e-03
-4.623919598134186293e-01 2.743876826511492621e-03
-4.622900547863755816e-01 2.703845911622416737e-03
-4.630543424891984672e-01 2.720597042193659970e-03
-4.626467223810262763e-01 2.534855542146015502e-03
-4.627995799215908201e-01 2.770242755171429313e-03
-4.629524374621554195e-01 2.607554306791625299e-03
-4.633600575703276103e-01 2.926555540921272573e-03
-4.631052950027199633e-01 2.629860566913157401e-03
-4.632072000297630110e-01 2.639713956868814347e-03
-4.633091050568060587e-01 2.741983844688026910e-03
-4.632072000297630110e-01 3.007493421674730695e-03
-4.630033899756769156e-01 2.514804651024825453e-03
-4.627995799215908201e-01 2.951729726151121596e-03
-4.632072000297630110e-01 2.736297041792100978e-03
-4.634619625973706025e-01 2.743403703510042917e-03
-4.634619625973706025e-01 2.836458285831964903e-03
-4.635129151108921541e-01 3.012668349657278422e-03
-4.639205352190643450e-01 2.790784101732499307e-03
-4.642772028137149842e-01 2.887259145676196025e-03
-4.640733927596288888e-01 3.027711369536790261e-03
-4.641752977866719365e-01 2.732024171418099764e-03
-4.639714877325858411e-01 3.048221079853308257e-03
-4.639205352190643450e-01 3.140923878385409006e-03
-4.643281553272365358e-01 2.960512041679175081e-03
-4.636657726514566980e-01 2.732024171418099764e-03
-4.637676776784997457e-01 2.720597042193659970e-03
-4.632072000297630110e-01 2.736297041792100978e-03
-4.640224402461073927e-01 2.576001061512865620e-03
-4.640733927596288888e-01 2.940714948850050268e-03
-4.640224402461073927e-01 2.674885641620516376e-03
-4.642262503001934881e-01 2.518930666352169143e-03
-4.639714877325858411e-01 2.686023984318327423e-03
-4.646338704083656790e-01 2.847876326865131369e-03
-4.646338704083656790e-01 2.937623410165268820e-03
-4.652453005706239098e-01 3.058848756888136230e-03
-4.648376804624517189e-01 3.106014405076403233e-03
-4.648886329759732705e-01 2.996683619530556182e-03
-4.650414905165378143e-01 2.825912942515941897e-03
-4.648886329759732705e-01 3.165213447656751132e-03
-4.648886329759732705e-01 3.082100654163479406e-03
-4.644810128678010797e-01 2.908759355589692151e-03
-4.648376804624517189e-01 3.424069565863241751e-03
-4.651433955435808620e-01 2.669055880295066047e-03
-4.644810128678010797e-01 2.627391445566112840e-03
-4.651943480571024137e-01 3.088831976741616189e-03
-4.652962530841454614e-01 2.758503390740306687e-03
-4.650924430300593659e-01 2.887259145676195592e-03
-4.656529206787961006e-01 2.955245784248319071e-03
-4.653981581111885091e-01 3.447870413142440846e-03
-4.651433955435808620e-01 2.946447771916930591e-03
-4.648886329759732705e-01 3.082100654163479406e-03
-4.655510156517530529e-01 2.942921202404331828e-03
-4.659586357599252437e-01 3.140923878385409439e-03
-4.661624458140113392e-01 3.134304431874011029e-03
-4.656019681652746045e-01 3.161930881621837029e-03
-4.656529206787961006e-01 3.041826650575218775e-03
-4.659076832464037476e-01 2.743403703510042917e-03
-4.656019681652746045e-01 2.814405797468638292e-03
-4.664681608951404823e-01 2.836915889817491574e-03
-4.663153033545758830e-01 3.078729473877439560e-03
-4.665191134086619784e-01 3.132232985985279518e-03
-4.663153033545758830e-01 2.905187036949131302e-03
-4.670286385438772170e-01 2.996683619530556182e-03
-4.665700659221835300e-01 3.080836893847589686e-03
-4.667229234627480738e-01 3.252590726514158377e-03
-4.666719709492265777e-01 2.972763695735653779e-03
-4.670795910573987686e-01 3.106014405076402800e-03
-4.674362586520494078e-01 2.818093196098804109e-03
-4.667229234627480738e-01 3.171768388040607616e-03
-4.668757810033126732e-01 2.732499264747735666e-03
-4.670795910573987686e-01 2.934086234396961288e-03
-4.674872111655709039e-01 3.014391351427905819e-03
-4.672324485979633124e-01 2.732024171418100198e-03
-4.677929262467000471e-01 2.838745568104971209e-03
-4.674362586520494078e-01 3.082100654163479406e-03
-4.679967363007861425e-01 2.882309426365439048e-03
-4.675891161926139517e-01 2.871480423421898277e-03
-4.680986413278291902e-01 3.072398540848703986e-03
-4.678948312737430948e-01 2.674885641620515942e-03
-4.680476888143076941e-01 2.890853618460147330e-03
-4.681495938413507418e-01 2.905187036949131735e-03
-4.682514988683937895e-01 2.825453556518836996e-03
-4.679967363007861425e-01 2.882309426365438614e-03
-4.681495938413507418e-01 3.078729473877439993e-03
-4.681495938413507418e-01 2.720597042193659970e-03
-4.681495938413507418e-01 2.993216237843411565e-03
-4.687100714900874765e-01 2.829585345550191238e-03
-4.680986413278291902e-01 2.807478871392030551e-03
-4.682514988683937895e-01 2.825453556518837429e-03
-4.685572139495228772e-01 3.013960693328496601e-03
-4.689648340576950680e-01 2.607554306791624865e-03
-4.686591189765659249e-01 2.832794792813542704e-03
-4.688119765171305242e-01 2.726792681565099515e-03
-4.686081664630444288e-01 2.835085030711129161e-03
-4.689648340576950680e-01 2.705285787065711198e-03
-4.691686441117811635e-01 2.563372291155029733e-03
-4.693215016523457628e-01 2.413665257457460901e-03
-4.692195966253027151e-01 2.838745568104970775e-03
-4.691176915982596674e-01 2.473165935007843111e-03
-4.694743591929103066e-01 2.567420256236729263e-03
-4.692195966253027151e-01 2.549662962028322304e-03
-4.693215016523457628e-01 2.811175356036324947e-03
-4.697291217605179536e-01 2.559825070707421636e-03
-4.691176915982596674e-01 2.576001061512865620e-03
-4.694743591929103066e-01 2.356519322744944113e-03
-4.696781692469964020e-01 2.374080957921073393e-03
-4.695762642199533543e-01 2.312031709933368151e-03
-4.698819793010824974e-01 2.583548692869523655e-03
-4.700348368416470413e-01 2.278665677172041128e-03
-4.702386468957331367e-01 2.246537866319840791e-03
-4.698310267875609458e-01 2.508602903850301429e-03
-4.699838843281255452e-01 2.312031709933368585e-03
-4.701876943822116406e-01 2.395851986273333459e-03
-4.699329318146039935e-01 2.452081441697395725e-03
-4.702386468957331367e-01 2.246537866319840791e-03
-4.703405519227761844e-01 2.280943204654285392e-03
-4.701876943822116406e-01 2.045094511173824528e-03
-4.701367418686900890e-01 2.206896825337776712e-03
-4.704424569498192321e-01 2.073460561035716208e-03
-4.701367418686900890e-01 2.732499264747736099e-03
-4.706972195174268792e-01 1.802163824777137068e-03
-4.708500770579914230e-01 1.598317895793694354e-03
-4.706462670039053275e-01 2.122953458958397668e-03
-4.707991245444699269e-01 2.085321488936323509e-03
-4.709010295715129746e-01 1.830748698402322400e-03
-4.710538871120775184e-01 1.906468485925047083e-03
-4.712576971661636138e-01 2.381178375722308588e-03
-4.709519820850344707e-01 2.276385871021271729e-03
-4.710538871120775184e-01 2.278665677172041128e-03
-4.714615072202497092e-01 1.996922547839858914e-03
-4.715124597337712054e-01 2.400182494978905789e-03
-4.710029345985560223e-01 2.100207970520888683e-03
-4.707481720309483753e-01 2.258064560080628308e-03
-4.715634122472927570e-01 2.220968573597073732e-03
-4.716143647608142531e-01 2.266671113550560498e-03
-4.720729373825079955e-01 2.161732069774079286e-03
-4.716143647608142531e-01 2.024681328836751195e-03
-4.716653172743358047e-01 2.195101461209193749e-03
-4.719710323554649478e-01 2.085943880082531416e-03
-4.716653172743358047e-01 2.195101461209194183e-03
-4.718181748149003485e-01 2.430280002945376955e-03
-4.715634122472927570e-01 2.100825951399503191e-03
-4.717162697878573008e-01 2.239013694144100473e-03
-4.720729373825079955e-01 2.278665677172041128e-03
-4.720729373825079955e-01 2.278665677172041128e-03
-4.718691273284219001e-01 2.127839434256427117e-03
-4.724296049771586348e-01 2.682155024464472418e-03
-4.720219848689864439e-01 2.356519322744944113e-03
-4.723786524636370832e-01 2.348242095474373150e-03
-4.723276999501155871e-01 2.534855542146015935e-03
-4.724805574906801309e-01 2.398559470453189187e-03
-4.728881775988523217e-01 2.549662962028322304e-03
-4.727862725718092740e-01 2.413665257457460901e-03
-4.732448451935030165e-01 2.623436017737177436e-03
-4.727353200582877779e-01 2.395851986273333459e-03
-4.728372250853308256e-01 2.635284490596899801e-03
-4.726843675447662263e-01 2.483641059969503295e-03
-4.730919876529384172e-01 2.496153184799823101e-03
-4.727862725718092740e-01 2.413665257457460901e-03
-4.732957977070245126e-01 2.529216256980134150e-03
-4.733467502205460642e-01 2.635284490596900234e-03
-4.737034178151967034e-01 2.645608375723425710e-03
-4.734486552475891119e-01 2.543035815259971424e-03
-4.736015127881536557e-01 2.647570265778476616e-03
-4.742129429504119420e-01 2.576001061512817047e-03
-4.737034178151967034e-01 2.545586759642214439e-03
-4.740600854098473427e-01 2.506014312815343925e-03
-4.734996077611106080e-01 2.545586759642214439e-03
-4.741619904368903904e-01 2.587565094350451067e-03
-4.737034178151967034e-01 2.545586759642214439e-03
-4.744167530044979264e-01 2.619970119814553789e-03
-4.742129429504119420e-01 2.576001061512817047e-03
-4.740600854098473427e-01 2.799607636175412660e-03
-4.740091328963258466e-01 2.514804651024825453e-03
-4.743148479774549897e-01 2.445720649033091346e-03
-4.744677055180195335e-01 2.501866996257360188e-03
-4.742638954639334381e-01 2.460009304094030319e-03
-4.748753256261917244e-01 2.206308554815440259e-03
-4.746715155721056290e-01 2.421718884298788496e-03
-4.749262781397132205e-01 2.402885099702755604e-03
-4.750791356802777643e-01 2.312031709933273175e-03
-4.748243731126702283e-01 2.234951724786395175e-03
-4.747224680856271806e-01 2.287762183110056673e-03
-4.751300881937993159e-01 2.389884724239530432e-03
-4.754358032749284591e-01 1.909190069731607486e-03
-4.751300881937993159e-01 2.278665677171945719e-03
-4.754358032749284591e-01 2.040646576258065698e-03
-4.752319932208422526e-01 2.535367582458500878e-03
-4.753338982478854113e-01 1.867950000485111466e-03
-4.754867557884500107e-01 2.119894005777648964e-03
-4.752319932208423636e-01 2.206896825337680001e-03
-4.759962809236651382e-01 1.830748698402067829e-03
-4.753338982478853558e-01 2.246537866319700278e-03
-4.760981859507081859e-01 1.972724459372366453e-03
-4.762510434912726742e-01 2.159328809364453351e-03
-4.758434233831005944e-01 1.581991442243219081e-03
-4.759453284101436421e-01 1.895543075131194419e-03
-4.760472334371865788e-01 2.035551320925020526e-03
-4.760472334371865788e-01 1.903743011356204447e-03
-4.758943758966220905e-01 1.956868412895068458e-03
-4.762510434912726187e-01 2.159328809364453351e-03
-4.761491384642296265e-01 2.038100540860554415e-03
-4.760981859507081859e-01 1.689135382064438926e-03
-4.759962809236651382e-01 1.967453309111266181e-03
-4.761491384642297375e-01 1.765046843852044597e-03
-4.763529485183156664e-01 2.269532711853533904e-03
-4.758943758966220905e-01 1.670589875380088830e-03
-4.767605686264878573e-01 1.805761679874753846e-03
-4.772700937617028738e-01 2.110689038256724839e-03
-4.767096161129662502e-01 2.024681328836193915e-03
-4.768624736535308495e-01 2.392056360056717557e-03
-4.768624736535308495e-01 2.280943204653670866e-03
-4.771172362211383855e-01 1.998871716236669521e-03
-4.773210462752243699e-01 2.481026425008812323e-03
-4.772191412481814332e-01 2.526648784734104349e-03
-4.773719987887459215e-01 2.292296899517673979e-03
-4.771172362211383855e-01 2.356519322744283617e-03
-4.771681887346598816e-01 2.389884724238970116e-03
-4.774739038157889692e-01 2.348242095473603366e-03
-4.774739038157889137e-01 2.348242095473602933e-03
-4.769643786805738972e-01 1.867950000484460511e-03
-4.775758088428319059e-01 2.504459873930697886e-03
-4.778305714104394974e-01 2.395851986272498624e-03
-4.778815239239609935e-01 2.413665257456619126e-03
-4.782381915186115218e-01 2.607554306790770514e-03
-4.782891440321330179e-01 2.713430648915850056e-03
-4.783910490591760101e-01 2.529216256979252477e-03
-4.785439065997405539e-01 2.543035815259084981e-03
-4.777286663833965052e-01 2.567420256235939963e-03
-4.781362864915684741e-01 2.485208520560118484e-03
-4.777796188969179458e-01 2.779598549297860981e-03
-4.782381915186115773e-01 2.607554306790764009e-03
-4.783910490591760101e-01 2.726792681564252103e-03
-4.788496216808695860e-01 2.543035815259084981e-03
-4.784420015726976172e-01 2.635284490596034607e-03
-4.782891440321330179e-01 2.616003470877628981e-03
-4.785948591132620500e-01 2.545586759641327128e-03
-4.789515267079126337e-01 2.534855542145132094e-03
-4.787986691673481454e-01 2.645608375722554011e-03
-4.794610518431276502e-01 2.635284490596074072e-03
-4.791043842484771220e-01 2.616003470877622909e-03
-4.793591468160847135e-01 2.662725902132837084e-03
-4.794100993296062097e-01 2.649530703118351937e-03
-4.795629568701706980e-01 2.501866996256584767e-03
-4.793081943025632174e-01 2.576001061512015605e-03
-4.797158144107352418e-01 2.547625676075341520e-03
-4.799705769783427223e-01 2.430280002944622351e-03
-4.798686719512998411e-01 2.869219236816879584e-03
-4.796139093836921941e-01 2.586059674793767232e-03
-4.801743870324288177e-01 2.421718884298128868e-03
-4.800215294918643294e-01 2.610042194301560002e-03
-4.800724820053858255e-01 2.682155024463745135e-03
-4.806329596541223936e-01 2.420110302995351521e-03
-4.802762920594718654e-01 2.567420256236044480e-03
-4.801743870324288177e-01 2.627391445565405506e-03
-4.810915322758160251e-01 2.543035815259487870e-03
-4.802762920594718654e-01 2.666623051532255803e-03
-4.805310546270794569e-01 2.884110307156779671e-03
-4.811934373028591283e-01 2.547116099977758154e-03
-4.808877222217299297e-01 2.307535776247416487e-03
-4.814991523839882159e-01 2.635284490596503416e-03
-4.812953423299021205e-01 2.547116099977785042e-03
-4.815501048975096565e-01 2.140005567903686262e-03
-4.812953423299020095e-01 2.334381496907055389e-03
-4.811934373028590728e-01 2.647079929582391196e-03
-4.819067724921602958e-01 2.662725902133364440e-03
-4.822634400868109350e-01 2.790784101732226956e-03
-4.826710601949830148e-01 2.504459873931385704e-03
-4.824162976273754788e-01 2.481026425009407767e-03
-4.817029624380742003e-01 2.506014312815028205e-03
-4.821105825462463357e-01 2.395851986273156951e-03
-4.826201076814614632e-01 2.583548692869389648e-03
-4.823653451138539272e-01 2.452081441697260850e-03
-4.828748702490691658e-01 2.779598549298451654e-03
-4.825691551679400226e-01 2.559825070707288496e-03
-4.828239177355475586e-01 2.666623051532809180e-03
-4.822634400868108795e-01 2.790784101732227390e-03
-4.828239177355476142e-01 2.666623051532809614e-03
-4.825182026544185265e-01 2.635284490596728063e-03
-4.827729652220261181e-01 2.647570265778394650e-03
-4.829767752761121580e-01 2.518930666352120571e-03
-4.833843953842844043e-01 2.986704047436910484e-03
-4.834863004113273410e-01 2.726792681565051377e-03
-4.838429680059780358e-01 2.743403703509993043e-03
-4.835372529248488926e-01 2.915890863334328481e-03
-4.836391579518919959e-01 2.739615778053337836e-03
-4.839448730330210835e-01 2.923004971775353643e-03
-4.839448730330210835e-01 2.543035815259971424e-03
-4.838429680059780358e-01 2.647079929582813601e-03
-4.839958255465425796e-01 2.736297041792050671e-03
-4.841996356006286750e-01 2.514804651024825453e-03
-4.845563031952793143e-01 2.534855542146015502e-03
-4.844034456547147705e-01 2.576001061512865620e-03
-4.844543981682363221e-01 2.460009304094030319e-03
-4.845563031952793143e-01 2.635284490596900234e-03
-4.847601132493654097e-01 2.464227068535382054e-03
-4.849129707899300090e-01 2.504459873931416496e-03
-4.849129707899300090e-01 2.703845911622416737e-03
-4.848110657628869613e-01 2.926999059229580882e-03
-4.852696383845806483e-01 2.526648784734791299e-03
-4.852696383845806483e-01 2.421718884298837068e-03
-4.855753534657097914e-01 2.825453556518778015e-03
-4.854734484386667437e-01 2.395851986273334327e-03
-4.850658283304945528e-01 2.430280002945376955e-03
-4.850148758169730567e-01 2.348242095474372716e-03
-4.853715434116236960e-01 2.356519322744944113e-03
-4.859829735738819823e-01 2.720597042193596219e-03
-4.855244009521882953e-01 2.569946996594575130e-03
-4.857791635197958868e-01 2.378451106042906837e-03
-4.857282110062743907e-01 1.944224002356301391e-03
-4.858301160333173829e-01 2.647570265778528657e-03
-4.860339260874034784e-01 2.370250468689820422e-03
-4.862377361414895738e-01 1.903743011356495230e-03
-4.859320210603604306e-01 2.241910594947000689e-03
-4.859320210603604306e-01 2.565903017698094746e-03
-4.862886886550111254e-01 2.334381496907446136e-03
-4.866453562496617646e-01 2.580029212623123711e-03
-4.867982137902263640e-01 2.050166049057146767e-03
-4.864924987090972208e-01 2.329928690760848901e-03
-4.868491663037478601e-01 2.100825951399503625e-03
-4.871548813848770032e-01 2.359271945249443413e-03
-4.865434512226187169e-01 2.152102925824680296e-03
-4.875625014930491941e-01 2.610042194302298127e-03
-4.867982137902263640e-01 2.289463754325665994e-03
-4.871548813848770032e-01 2.466859509269485155e-03
-4.872567864119200509e-01 2.321556659769075971e-03
-4.878682165741783372e-01 2.547625676076137758e-03
-4.876644065200922418e-01 2.559825070707422504e-03
-4.876134540065706902e-01 2.635284490596900234e-03
-4.878172640606567856e-01 2.526648784734791299e-03
-4.881229791417859287e-01 2.430280002945376955e-03
-4.880720266282644326e-01 2.619970119814646597e-03
-4.877663115471352895e-01 2.504459873931478512e-03
-4.881229791417859287e-01 2.534855542146015502e-03
-4.879191690876998333e-01 2.567420256236729263e-03
-4.886325042770011673e-01 2.635284490596900234e-03
-4.885305992499581196e-01 2.623436017737177436e-03
-4.887853618175657111e-01 2.545586759642214873e-03
-4.886325042770011673e-01 2.635284490596900234e-03
-4.883777417093935203e-01 2.598078607128447102e-03
-4.891420294122164059e-01 2.635284490596900234e-03
-4.893967919798239974e-01 2.496153184799822667e-03
-4.896515545474315889e-01 2.430280002945376955e-03
-4.896515545474315889e-01 2.430280002945376955e-03
-4.899063171150392360e-01 2.334937500606389278e-03
-4.897534595744746366e-01 2.395851986273333459e-03
-4.894477444933455490e-01 2.587565094350499639e-03
-4.897534595744746366e-01 2.395851986273334327e-03
-4.897025070609531405e-01 2.518930666352169143e-03
-4.897025070609531405e-01 2.413665257457460467e-03
-4.899063171150392360e-01 2.334937500606389278e-03
-4.902120321961683791e-01 2.176095896027927488e-03
-4.904667947637759706e-01 1.998871716237366879e-03
-4.906196523043405699e-01 2.127839434256427117e-03
-4.907215573313836177e-01 2.040646576258166745e-03
-4.907725098449051138e-01 1.713550528941601772e-03
-4.908744148719481615e-01 1.892115946898593809e-03
-4.908744148719481615e-01 1.594251957139641938e-03
-4.905177472772975222e-01 1.957531645726723162e-03
-4.908744148719481615e-01 1.594251957139641721e-03
-4.907725098449051138e-01 1.993669699047569827e-03
-4.905686997908190183e-01 2.168327301508122563e-03
-4.909253673854696576e-01 1.973382363162658019e-03
-4.907725098449051138e-01 1.993669699047569393e-03
-4.909253673854696576e-01 1.528575405645682308e-03
-4.909763198989912092e-01 1.626494896459874029e-03
-4.913329874936418484e-01 1.608034203499512970e-03
-4.909763198989912092e-01 1.626494896459873812e-03
-4.911291774395557530e-01 1.581991442243340295e-03
-4.915877500612494955e-01 2.095257561820546358e-03
-4.916387025747709916e-01 1.598317895793694571e-03
-4.916896550882925432e-01 1.670589875380259267e-03
-4.917406076018140393e-01 1.408355493651717400e-03
-4.917406076018140393e-01 1.581991442243340295e-03
-4.916896550882925432e-01 1.507195675713952692e-03
-4.918934651423786386e-01 1.626494896459873812e-03
-4.917406076018140393e-01 1.408355493651717400e-03
-4.916387025747709916e-01 1.426670378602636980e-03
-4.916896550882925432e-01 1.507195675713952909e-03
-4.919953701694216863e-01 1.594251957139641504e-03
-4.919953701694216863e-01 1.749534518000650908e-03
-4.919953701694216863e-01 1.892115946898593592e-03
-4.922501327370292779e-01 2.246537866319840357e-03
-4.919444176559001347e-01 1.837119001156224977e-03
-4.919444176559001347e-01 1.528575405645682308e-03
-4.925558478181584210e-01 2.230300415426674128e-03
-4.926577528452014687e-01 2.292296899518423813e-03
-4.926577528452014687e-01 2.292296899518423813e-03
-4.930144204398521079e-01 2.356519322744943679e-03
-4.931672779804167073e-01 2.413665257457460033e-03
-4.927087053587229648e-01 2.206308554815440692e-03
-4.928615628992875641e-01 2.287762183110056673e-03
-4.929634679263306118e-01 2.334937500606389712e-03
-4.929634679263306118e-01 2.334937500606389278e-03
-4.933710880345028027e-01 2.473165935007842677e-03
-4.932691830074597550e-01 2.445720649033091779e-03
-4.934220405480242988e-01 2.485208520560984978e-03
-4.935748980885888426e-01 2.514804651024825453e-03
-4.936258506021103942e-01 2.522535393672109896e-03
-4.938806131697179858e-01 2.545586759642214873e-03
-4.936258506021103942e-01 2.522535393672109896e-03
-4.938296606561964897e-01 2.739615778053435414e-03
-4.941863282508471289e-01 2.639713956868814347e-03
-4.942882332778901766e-01 2.529216256980134150e-03
-4.943901383049332243e-01 2.514804651024825453e-03
-4.942882332778901766e-01 2.529216256980134150e-03
-4.942372807643686805e-01 2.534855542146015502e-03
-4.941863282508471289e-01 2.539460188161220440e-03
-4.943391857914117282e-01 2.522535393672110764e-03
-4.944410908184547759e-01 2.506014312815343491e-03
-4.947977584131054152e-01 2.413665257457460901e-03
-4.944410908184547759e-01 2.607554306791624865e-03
-4.950525209807130067e-01 2.312031709933368151e-03
-4.952053785212776060e-01 2.348242095474373150e-03
-4.955110936024067492e-01 2.161732069774079286e-03
-4.955110936024067492e-01 2.278665677172041128e-03
-4.952563310347991021e-01 2.206308554815440259e-03
-4.955620461159282453e-01 2.124787016339733763e-03
-4.958168086835358923e-01 2.164132661374152094e-03
-4.954601410888851976e-01 2.075337845767052762e-03
-4.958168086835358923e-01 2.164132661374152094e-03
-4.956129986294497969e-01 2.206896825337776712e-03
-4.959696662241004361e-01 1.594251957139641938e-03
-4.958168086835358923e-01 2.040646576258166745e-03
-4.958677611970573884e-01 2.352108426369201987e-03
-4.964282388457941231e-01 1.608034203499512970e-03
-4.964282388457941231e-01 1.903743011356495230e-03
-4.966830014134017701e-01 1.339382550358642846e-03
-4.965810963863587224e-01 1.689135382064709326e-03
-4.966320488998802185e-01 2.035551320925338414e-03
-4.964791913593156747e-01 1.836412280991140669e-03
-4.966320488998802185e-01 1.762102643564360423e-03
-4.968868114674878655e-01 1.802163824777136851e-03
-4.969377639810093616e-01 2.354866204812453186e-03
-4.970396690080524094e-01 1.689903694764010623e-03
-4.968358589539663139e-01 1.738369537861083388e-03
-4.972434790621385048e-01 2.164132661374151660e-03
-4.969377639810093616e-01 1.862382327890554435e-03
-4.969377639810093616e-01 1.862382327890554435e-03
-4.973453840891815525e-01 2.002116113302252962e-03
-4.974472891162246002e-01 1.957531645726723595e-03
-4.973963366027030486e-01 2.045094511173824528e-03
-4.978039567108752395e-01 2.206308554815440692e-03
-4.980587192784828865e-01 2.443596705385364404e-03
-4.980077667649613349e-01 2.312031709933367717e-03
-4.979058617379182872e-01 2.583548692869523222e-03
-4.977530041973537434e-01 2.176095896027927488e-03
-4.980587192784828865e-01 2.334937500606389712e-03
-4.981606243055259342e-01 2.376813242123630363e-03
-4.979058617379182872e-01 2.262085026680307753e-03
-4.984153868731335257e-01 2.460009304094029885e-03
-4.981606243055259342e-01 2.376813242123630363e-03
-4.987211019542626689e-01 2.623436017737177002e-03
-4.986701494407411173e-01 2.514804651024825453e-03
-4.989758645218702604e-01 2.545586759642214873e-03
-4.989758645218702604e-01 2.545586759642215306e-03
-4.990777695489133081e-01 2.547625676076137758e-03
-4.994344371435640029e-01 2.522535393672109896e-03
-4.993325321165209552e-01 2.534855542146015935e-03
-4.997401522246931460e-01 2.460009304094030319e-03
-4.995872946841285467e-01 2.496153184799823101e-03
-4.999949147923007375e-01 2.483641059969502862e-03
-4.997911047382146421e-01 2.549662962028322304e-03
-4.997401522246931460e-01 2.563372291155029733e-03
-5.000458673058222336e-01 2.567420256236729263e-03
-5.005553924410375277e-01 2.075337845767052328e-03
-5.000458673058222336e-01 2.356519322744944113e-03
-5.004025349004729284e-01 2.292296899518423813e-03
-5.000968198193437297e-01 2.334937500606389712e-03
-5.005044399275159206e-01 2.555765075970201691e-03
-5.009630125492097186e-01 1.858894064240411642e-03
-5.009120600356881114e-01 2.040646576258166311e-03
-5.008611075221666153e-01 1.956868412895311320e-03
-5.010649175762527108e-01 2.266671113550560064e-03
-5.009630125492097186e-01 1.858894064240411642e-03
-5.014725376844249016e-01 1.830748698402322400e-03
-5.014215851709034055e-01 1.598317895793694571e-03
-5.013196801438603023e-01 1.738369537861083388e-03
-5.012687276303388062e-01 1.651836167573276061e-03
-5.011668226032957030e-01 2.173111261656610147e-03
-5.014725376844249016e-01 1.339382550358642629e-03
-5.015234901979463977e-01 1.608034203499512970e-03
-5.011158700897742069e-01 2.100825951399503625e-03
-5.018292052790755964e-01 2.027884433716812661e-03
-5.014215851709034055e-01 1.231323126701516996e-03
-5.020839678466831879e-01 2.050166049057146767e-03
-5.020330153331616918e-01 2.241910594947001557e-03
-5.018801577925970925e-01 1.670589875380259267e-03
-5.017273002520324932e-01 1.762102643564360206e-03
-5.023387304142907794e-01 2.040646576258166745e-03
-5.021858728737261801e-01 1.892115946898593592e-03
-5.022368253872477872e-01 1.944224002356301608e-03
-5.020839678466831879e-01 2.400182494978906223e-03
-5.024406354413337716e-01 1.867950000485111466e-03
-5.025934929818983710e-01 1.998871716237366446e-03
-5.024915879548553788e-01 2.045094511173824528e-03
-5.022877779007692833e-01 1.993669699047569827e-03
-5.029501605765490657e-01 2.234951724786395175e-03
-5.027973030359844664e-01 2.262085026680307753e-03
-5.028992080630275696e-01 2.206308554815440259e-03
-5.030011130900705618e-01 2.262085026680307753e-03
-5.035106382252858559e-01 2.758503390740306253e-03
-5.036125432523288481e-01 2.485208520560984978e-03
-5.036125432523288481e-01 2.587565094350443694e-03
-5.030520656035920579e-01 2.398559470453188753e-03
-5.035615907388073520e-01 2.473165935007842677e-03
-5.037654007928934474e-01 2.616003470878431724e-03
-5.036125432523288481e-01 2.587565094350499639e-03
-5.034087331982427527e-01 2.534855542146015502e-03
-5.039692108469795429e-01 2.539460188161220006e-03
-5.041220683875440312e-01 2.647079929582813167e-03
-5.039182583334579357e-01 2.635284490596846892e-03
-5.040711158740225351e-01 2.835085030710984312e-03
-5.042749259281086305e-01 2.835085030710987782e-03
-5.044277834686732298e-01 2.732024171418003921e-03
-5.045806410092377181e-01 2.713430648916600758e-03
-5.048863560903669168e-01 2.549662962028274166e-03
-5.053958812255820998e-01 2.659311211470657531e-03
-5.049882611174099090e-01 2.619970119814553789e-03
-5.058035013337542907e-01 2.321556659768938494e-03
-5.060073113878403861e-01 2.498232446455233863e-03
-5.059054063607972829e-01 2.764614081380650790e-03
-5.055996912796681952e-01 2.343815621989952126e-03
-5.058544538472757868e-01 2.284923415192958041e-03
-5.057015963067111874e-01 2.696153589031859924e-03
-5.061092164148832673e-01 2.816710987303074846e-03
-5.055996912796681952e-01 2.555765075970028652e-03
-5.065168365230554581e-01 2.688439256799722912e-03
-5.066696940636199464e-01 2.647079929582416349e-03
-5.068225516041845458e-01 2.596079315868327856e-03
-5.072301717123566256e-01 2.443596705384796716e-03
-5.071282666853136334e-01 2.354866204811923228e-03
-5.067206465771415536e-01 2.389884724239250274e-03
-5.076887443340502015e-01 2.464227068534697706e-03
-5.073830292529211139e-01 2.758503390739678283e-03
-5.073830292529212249e-01 2.239013694143501994e-03
-5.074339817664427210e-01 2.280943204653670866e-03
-5.076887443340503125e-01 2.762265415523143530e-03
-5.075868393070073203e-01 2.603568741898474627e-03
-5.079435069016577931e-01 2.707683877941913404e-03
-5.079944594151792892e-01 2.430280002944622351e-03
-5.081473169557437775e-01 2.504459873930697886e-03
-5.084020795233513690e-01 2.701444413757590150e-03
-5.080963644422223924e-01 2.374080957920294069e-03
-5.085549370639159683e-01 2.549662962027481831e-03
-5.088606521450448339e-01 2.616003470877622909e-03
-5.090644621991309293e-01 2.539460188160335731e-03
-5.089625571720879371e-01 2.726792681564244297e-03
-5.093701772802599059e-01 2.545586759641327128e-03
-5.095230348208245053e-01 2.534855542145132094e-03
-5.096249398478676085e-01 2.522535393671231259e-03
-5.092682722532169137e-01 2.647570265777656091e-03
-5.094211297937814020e-01 2.643153965345671538e-03
-5.095739873343460014e-01 2.529216256979252477e-03
-5.097268448749106007e-01 2.506014312814470058e-03
-5.095739873343460014e-01 2.529216256979252477e-03
-5.095739873343460014e-01 2.529216256979252477e-03
-5.100325599560394663e-01 2.534855542145190641e-03
-5.097777973884319858e-01 2.496153184798952269e-03
-5.104911325777330422e-01 2.234951724785616285e-03
-5.102363700101255617e-01 2.356519322744122721e-03
-5.105930376047761454e-01 2.176095896027168547e-03
-5.104911325777331532e-01 2.234951724785616285e-03
-5.107968476588621298e-01 2.038100540860199230e-03
-5.109497051994267292e-01 1.913943529156113222e-03
-5.110006577129482253e-01 1.867950000484460511e-03
-5.112044677670342097e-01 1.805761679874754062e-03
-5.110006577129482253e-01 1.867950000484460511e-03
-5.110516102264697214e-01 1.819368642840948035e-03
-5.109497051994267292e-01 1.913943529156113222e-03
-5.110006577129482253e-01 1.867950000484460294e-03
-5.112554202805558168e-01 1.749534518000098399e-03
-5.111025627399912175e-01 1.767986141214804210e-03
-5.111025627399912175e-01 1.909190069731049556e-03
-5.114592303346416902e-01 1.300038180530712446e-03
-5.117139929022492817e-01 1.013942216858143737e-03
-5.114592303346416902e-01 1.486381847867373910e-03
-5.116120878752064005e-01 1.426670378602271604e-03
-5.117139929022492817e-01 1.243909380123496772e-03
-5.117139929022492817e-01 1.013942216858143954e-03
-5.116630403887277856e-01 1.129032280040003205e-03
-5.117139929022492817e-01 1.013942216858143737e-03
-5.116120878752061785e-01 1.426670378602271387e-03
-5.117139929022492817e-01 1.243909380123496772e-03
-5.118668504428137700e-01 1.138192935510474969e-03
-5.116120878752061785e-01 1.231323126701163980e-03
-5.119687554698567622e-01 1.129032280040231321e-03
-5.119178029563353771e-01 1.437547311496762152e-03
-5.118158979292922739e-01 1.019050270430277207e-03
-5.120197079833783693e-01 1.231323126701440451e-03
-5.120197079833783693e-01 9.984612739199292403e-04
-5.121216130104214725e-01 1.408355493651649096e-03
-5.119178029563353771e-01 1.013942216858315258e-03
-5.121216130104214725e-01 1.210055151497972182e-03
-5.122744705509859608e-01 1.458168001767225826e-03
-5.121216130104214725e-01 1.210055151497972182e-03
-5.123254230645075680e-01 1.528575405645682308e-03
-5.122235180374644647e-01 1.382307040690477617e-03
-5.120706604968998654e-01 1.110484286798537300e-03
-5.125292331185936634e-01 1.767986141215420687e-03
-5.124782806050720563e-01 1.713550528941601555e-03
-5.124782806050720563e-01 1.713550528941601555e-03
-5.126820906591581517e-01 1.913943529156780657e-03
-5.130387582538087354e-01 2.176095896027927055e-03
-5.125801856321150485e-01 1.819368642841582510e-03
-5.132935208214164380e-01 2.421718884298788496e-03
-5.131916157943733348e-01 2.262085026680307753e-03
-5.130897107673303426e-01 2.206308554815440259e-03
-5.131406632808519497e-01 2.234951724786395609e-03
-5.132935208214164380e-01 2.312031709933367717e-03
-5.132935208214164380e-01 2.312031709933367717e-03
-5.128349481997226400e-01 2.038100540860909599e-03
-5.135482833890240295e-01 2.413665257457460033e-03
-5.131916157943733348e-01 2.262085026680307753e-03
-5.135992359025454146e-01 2.430280002945376955e-03
-5.133954258484594302e-01 2.356519322744943679e-03
-5.140578085242393236e-01 2.529216256980134150e-03
-5.145163811459327885e-01 2.543035815259971424e-03
-5.143635236053681892e-01 2.547625676076136891e-03
-5.142616185783254190e-01 2.545586759642215306e-03
-5.145673336594543956e-01 2.736297041792100978e-03
-5.147711437135404910e-01 2.514804651024825453e-03
-5.145163811459328995e-01 2.643153965346540200e-03
-5.148730487405833722e-01 2.496153184799823101e-03
-5.149749537676264755e-01 2.576001061512865186e-03
-5.148730487405834833e-01 2.496153184799823101e-03
-5.149749537676265865e-01 2.473165935007843111e-03
-5.151278113081910748e-01 2.430280002945376522e-03
-5.153825738757987773e-01 2.334937500606389712e-03
-5.149749537676265865e-01 2.576001061512865620e-03
-5.151278113081910748e-01 2.534855542146015502e-03
-5.155354314163632656e-01 2.374080957921072526e-03
-5.159430515245354565e-01 2.243646940059441930e-03
-5.157901939839707461e-01 2.110689038257460362e-03
-5.158920990110138494e-01 2.038100540860909599e-03
-5.159430515245354565e-01 1.998871716237366446e-03
-5.160449565515784487e-01 1.913943529156780657e-03
-5.161978140921429370e-01 1.909190069731661046e-03
-5.160449565515784487e-01 2.045094511173824528e-03
-5.162487666056645441e-01 2.119894005777793380e-03
-5.160959090650999448e-01 2.246537866319840791e-03
-5.162487666056645441e-01 1.993669699047569827e-03
-5.163506716327076473e-01 2.149084970440290517e-03
-5.161978140921431590e-01 1.767986141215420470e-03
-5.167073392273583421e-01 1.598317895793694571e-03
-5.164525766597506395e-01 1.778965254028927858e-03
-5.169111492814444375e-01 1.765046843852352294e-03
-5.170640068220089258e-01 1.830748698402322400e-03
-5.168092442544014453e-01 1.762102643564359555e-03
-5.169111492814443265e-01 1.611259952385386569e-03
-5.174206744166596206e-01 1.837119001156224977e-03
-5.173697219031381245e-01 2.050166049057146767e-03
-5.172168643625734141e-01 1.581991442243340078e-03
-5.173697219031381245e-01 1.778965254028927641e-03
-5.171149593355304219e-01 1.895543075131442701e-03
-5.172168643625735251e-01 1.881797113664368222e-03
-5.172678168760950213e-01 1.802163824777136851e-03
-5.173697219031382355e-01 1.778965254028927858e-03
-5.172168643625734141e-01 1.581991442243340078e-03
-5.180830570924394030e-01 2.262085026680307753e-03
-5.174206744166596206e-01 2.100825951399503625e-03
-5.178282945248318114e-01 2.085943880082531416e-03
-5.177773420113102043e-01 2.395851986273334327e-03
-5.180321045789177958e-01 2.110689038257460362e-03
-5.185925822276548081e-01 2.501866996257409194e-03
-5.184906772006115938e-01 2.356519322744944113e-03
-5.184906772006115938e-01 2.356519322744944113e-03
-5.185416297141333120e-01 2.376813242123630796e-03
-5.185416297141329789e-01 2.376813242123630363e-03
-5.184397246870899867e-01 2.334937500606389712e-03
-5.183378196600468835e-01 2.287762183110056240e-03
-5.186435347411761931e-01 2.413665257457460467e-03
-5.186435347411760821e-01 2.413665257457460033e-03
-5.192040123899129833e-01 2.534855542146015502e-03
-5.186435347411763042e-01 2.413665257457460467e-03
-5.193568699304775826e-01 2.545586759642214873e-03
-5.200192526062572540e-01 2.485208520560984978e-03
-5.197135375251282774e-01 2.534855542146015935e-03
-5.202740151738650676e-01 2.518930666352168276e-03
-5.197644900386496625e-01 2.529216256980134150e-03
-5.203249676873863416e-01 2.395851986273333459e-03
-5.204268727144295559e-01 2.464227068535382054e-03
-5.200702051197788611e-01 2.473165935007843111e-03
-5.198663950656927657e-01 2.514804651024825453e-03
-5.201721101468220754e-01 2.445720649033091779e-03
-5.203759202009079488e-01 2.376813242123630796e-03
-5.203249676873863416e-01 2.395851986273333459e-03
-5.206816352820371474e-01 2.234951724786395175e-03
-5.204778252279510520e-01 2.443596705385364404e-03
-5.203249676873863416e-01 2.501866996257409194e-03
-5.208344928226017467e-01 2.262085026680308187e-03
-5.210892553902094493e-01 2.085943880082531416e-03
-5.213949704713384259e-01 1.805761679875327172e-03
-5.212930654442955447e-01 2.164132661374151660e-03
-5.213440179578168188e-01 2.239013694144100473e-03
-5.218025905795106167e-01 2.381178375722309021e-03
-5.216497330389461284e-01 1.940882834734634389e-03
-5.216497330389461284e-01 2.192142703345732139e-03
-5.214968754983816401e-01 2.100825951399503625e-03
-5.221592581741613115e-01 2.215702140902150140e-03
-5.219044956065537200e-01 1.608034203499512970e-03
-5.219044956065537200e-01 2.035551320925337981e-03
-5.219044956065537200e-01 2.387711113308614488e-03
-5.221083056606399264e-01 1.903743011356495447e-03
-5.215987805254245213e-01 1.996922547839858481e-03
-5.219044956065538310e-01 1.437547311496954923e-03
-5.224140207417689030e-01 1.862382327890554651e-03
-5.224140207417690140e-01 1.862382327890554218e-03
-5.223121157147260218e-01 1.581991442243340295e-03
-5.226687833093766056e-01 2.239013694144100473e-03
-5.224649732552905101e-01 1.919361639158811451e-03
-5.226687833093763835e-01 2.239013694144100473e-03
-5.226687833093766056e-01 1.993669699047569827e-03
-5.227197358228982127e-01 2.164132661374151660e-03
-5.230764034175487964e-01 2.075337845767052328e-03
-5.226687833093766056e-01 1.713550528941601772e-03
-5.230254509040271893e-01 2.161732069774079286e-03
-5.229235458769840861e-01 2.085943880082531416e-03
-5.232802134716346698e-01 2.430280002945376955e-03
-5.231273559310704035e-01 2.230300415426674562e-03
-5.235349760392423724e-01 2.547625676076137324e-03
-5.237897386068499639e-01 2.534855542146015935e-03
-5.235349760392424834e-01 2.334937500606389712e-03
-5.236878335798070827e-01 2.395851986273334327e-03
-5.237897386068499639e-01 2.430280002945376955e-03
-5.238406911203715710e-01 2.445720649033091346e-03
-5.241464062015007697e-01 2.616003470878486368e-03
-5.244011687691082502e-01 2.543035815259971424e-03
-5.238406911203715710e-01 2.445720649033091346e-03
-5.241973587150222658e-01 2.522535393672109896e-03
-5.242483112285437619e-01 2.529216256980134150e-03
-5.246049788231943456e-01 2.547116099978215253e-03
-5.242483112285437619e-01 2.529216256980134150e-03
-5.247578363637588339e-01 2.539460188161220006e-03
-5.246049788231943456e-01 2.647079929582865209e-03
-5.250635514448879215e-01 2.496153184799823101e-03
-5.250635514448882546e-01 2.496153184799822233e-03
-5.252673614989740170e-01 2.445720649033091779e-03
-5.253692665260172312e-01 2.413665257457460901e-03
-5.253183140124956241e-01 2.430280002945376955e-03
-5.254711715530601124e-01 2.376813242123630796e-03
-5.257768866341894221e-01 2.234951724786395175e-03
-5.256240290936249338e-01 2.421718884298837068e-03
-5.254202190395386163e-01 2.395851986273333893e-03
-5.257768866341892000e-01 2.234951724786395609e-03
-5.254202190395388383e-01 2.395851986273333893e-03
-5.260316492017971246e-01 2.075337845767052762e-03
-5.261845067423613909e-01 2.085943880082531850e-03
-5.263373642829261012e-01 1.819368642841582510e-03
-5.258787916612326363e-01 2.176095896027927488e-03
-5.266430793640551888e-01 1.778965254028927858e-03
-5.263883167964474863e-01 1.909190069731661046e-03
-5.266940318775767960e-01 1.558847164277068435e-03
-5.267959369046196771e-01 1.408355493651717400e-03
-5.267959369046196771e-01 1.581991442243340295e-03
-5.264902218234905895e-01 2.073460561035716208e-03
-5.269997469587057726e-01 1.762102643564359989e-03
-5.268978419316627804e-01 1.753240377942105006e-03
-5.269487944451843875e-01 1.339382550358642629e-03
-5.267959369046198992e-01 1.738369537861082954e-03
-5.265921268505338038e-01 1.837119001156224760e-03
-5.269997469587057726e-01 1.243909380123781700e-03
-5.271526044992704829e-01 1.689135382064709760e-03
-5.271526044992704829e-01 1.527725961064582260e-03
-5.271526044992704829e-01 1.689135382064709976e-03
-5.272035570127918680e-01 1.437547311496954706e-03
-5.272545095263134751e-01 1.520913325287609388e-03
-5.274073670668779634e-01 1.738369537861082737e-03
-5.275092720939210666e-01 1.717334041008576791e-03
-5.272545095263134751e-01 1.520913325287609388e-03
-5.273564145533565783e-01 1.507195675713952692e-03
-5.273564145533565783e-01 1.323785132889264329e-03
-5.276111771209641699e-01 1.689903694764010407e-03
-5.272035570127918680e-01 1.903743011356495663e-03
-5.275602246074426738e-01 1.626494896459874029e-03
-5.276621296344856660e-01 1.892115946898593809e-03
-5.279168922020933685e-01 2.002116113302252962e-03
-5.277130821480071621e-01 1.944224002356301391e-03
-5.279168922020932575e-01 1.867950000485111900e-03
-5.281207022561793529e-01 2.038100540860909599e-03
-5.280187972291362497e-01 1.957531645726723162e-03
-5.285283223643514328e-01 2.287762183110056240e-03
-5.286811799049161431e-01 2.356519322744944113e-03
-5.283754648237869445e-01 2.206308554815440259e-03
-5.281716547697008490e-01 2.075337845767052762e-03
-5.285283223643516548e-01 2.287762183110056240e-03
-5.284773698508301587e-01 2.262085026680307753e-03
-5.286302273913945360e-01 2.334937500606389712e-03
-5.283245123102653373e-01 2.176095896027927488e-03
-5.288849899590023496e-01 2.430280002945376955e-03
-5.287830849319591353e-01 2.395851986273333893e-03
-5.285283223643514328e-01 2.398559470453188753e-03
-5.288849899590023496e-01 2.430280002945376955e-03
-5.292926100671744294e-01 2.522535393672110330e-03
-5.296492776618250131e-01 2.547625676076137324e-03
-5.296492776618251241e-01 2.547625676076136891e-03
-5.296492776618252352e-01 2.547625676076137324e-03
-5.302607078240834104e-01 2.473165935007843111e-03
-5.302097553105618033e-01 2.485208520560984978e-03
-5.299040402294328267e-01 2.534855542146015935e-03
-5.301588027970401962e-01 2.496153184799823101e-03
-5.296492776618251241e-01 2.547625676076136891e-03
-5.301588027970405292e-01 2.496153184799822667e-03
-5.302097553105619143e-01 2.485208520560984978e-03
-5.301078502835188111e-01 2.506014312815343925e-03
-5.303116603376050175e-01 2.460009304094029885e-03
-5.305664229052127201e-01 2.376813242123630796e-03
-5.306683279322556013e-01 2.334937500606389712e-03
-5.306173754187341052e-01 2.356519322744944113e-03
-5.311269005539493993e-01 2.075337845767052762e-03
-5.303116603376050175e-01 2.460009304094029885e-03
-5.310759480404277921e-01 2.110689038257460362e-03
-5.314835681485999830e-01 1.767986141215420687e-03
-5.311778530674708954e-01 2.038100540860909599e-03
-5.311778530674706733e-01 2.038100540860910033e-03
-5.318402357432506777e-01 1.300038180531165859e-03
-5.310249955269062960e-01 2.144247406690528643e-03
-5.317383307162075745e-01 1.458168001767226260e-03
-5.312288055809923915e-01 1.998871716237366879e-03
-5.313816631215568798e-01 1.867950000485111683e-03
-5.314835681485999830e-01 1.767986141215420687e-03
-5.315854731756429752e-01 1.655760706646335241e-03
-5.315345206621215901e-01 1.713550528941601989e-03
-5.317383307162075745e-01 1.458168001767226260e-03
-5.318911882567722849e-01 1.210055151497972182e-03
-5.319930932838152771e-01 9.984612739199292403e-04
-5.320949983108583803e-01 7.133351893013185983e-04
-5.320440457973367732e-01 8.691847689305413687e-04
-5.320949983108583803e-01 7.133351893013184898e-04
-5.319930932838152771e-01 9.984612739199292403e-04
-5.320440457973367732e-01 8.691847689305413687e-04
-5.320440457973367732e-01 8.691847689305413687e-04
-5.319930932838152771e-01 9.984612739199292403e-04
-5.319421407702936699e-01 1.110484286798537083e-03
-5.320440457973367732e-01 8.691847689305413687e-04
-5.319930932838152771e-01 9.984612739199292403e-04
-5.319421407702936699e-01 1.110484286798537083e-03
-5.321459508243797654e-01 5.069711084292031654e-04
-5.321969033379013725e-01 7.205773565913597620e-04
-5.322478558514228686e-01 8.810513217821798861e-04
-5.322478558514228686e-01 5.069711084292029485e-04
-5.321459508243797654e-01 5.069711084292031654e-04
-5.321969033379013725e-01 1.110223024625156540e-16
-5.321459508243797654e-01 5.069711084292031654e-04
-5.321969033379013725e-01 7.205773565913597620e-04
-5.321969033379013725e-01 1.110223024625156540e-16
-5.321969033379013725e-01 7.205773565913597620e-04
-5.321969033379013725e-01 1.110223024625156540e-16
-5.320949983108583803e-01 7.133351893013185983e-04
-5.321459508243797654e-01 5.069711084292031654e-04
-5.321459508243797654e-01 5.069711084292031654e-04
-5.323497608784658608e-01 8.691847689305414772e-04
-5.322478558514228686e-01 5.069711084292030569e-04
-5.322478558514228686e-01 5.069711084292031654e-04
-5.322988083649444757e-01 7.133351893013185983e-04
-5.324007133919874679e-01 9.984612739199292403e-04
-5.322988083649444757e-01 7.133351893013184898e-04
-5.325535709325519562e-01 1.300038180531165643e-03
-5.326045234460735633e-01 1.382307040690477617e-03
-5.323497608784658608e-01 8.691847689305415856e-04
-5.324007133919874679e-01 9.984612739199292403e-04
-5.327064284731166666e-01 1.528575405645682308e-03
-5.326045234460735633e-01 1.382307040690477617e-03
-5.324516659055089640e-01 1.110484286798536866e-03
-5.325535709325519562e-01 1.300038180531165859e-03
-5.327573809866380516e-01 1.594251957139641938e-03
-5.323497608784658608e-01 8.691847689305414772e-04
-5.327064284731166666e-01 1.528575405645682308e-03
-5.327573809866380516e-01 1.594251957139641721e-03
-5.330630960677670283e-01 1.913943529156780224e-03
-5.330121435542456432e-01 1.867950000485111466e-03
-5.331650010948102425e-01 1.998871716237366446e-03
-5.328592860136811549e-01 1.713550528941601555e-03
-5.331140485812888574e-01 1.957531645726723595e-03
-5.334707161759394412e-01 2.206308554815439825e-03
-5.330121435542457542e-01 1.867950000485111466e-03
-5.331650010948102425e-01 1.998871716237366446e-03
-5.333178586353747308e-01 2.110689038257460796e-03
-5.331650010948102425e-01 1.998871716237366879e-03
-5.332159536083318496e-01 2.038100540860909599e-03
-5.335216686894608262e-01 2.234951724786395609e-03
-5.336235737165040405e-01 2.287762183110056240e-03
-5.339802413111546242e-01 2.430280002945376955e-03
-5.338273837705900249e-01 2.376813242123630796e-03
-5.339802413111546242e-01 2.430280002945376522e-03
-5.338783362841116320e-01 2.395851986273333893e-03
-5.340311938246758983e-01 2.445720649033091779e-03
-5.338783362841114100e-01 2.395851986273333893e-03
-5.340821463381977274e-01 2.460009304094029885e-03
-5.341330988517192235e-01 2.473165935007842677e-03
-5.341840513652406086e-01 2.485208520560984978e-03
-5.336745262300255366e-01 2.312031709933367717e-03
-5.344897664463696962e-01 2.534855542146015502e-03
-5.345916714734127995e-01 2.543035815259971424e-03
-5.341840513652407196e-01 2.485208520560984978e-03
-5.342350038787622157e-01 2.496153184799823101e-03
-5.346935765004557917e-01 2.547116099978215687e-03
-5.349992915815849903e-01 2.534855542146015502e-03
-5.348464340410206130e-01 2.545586759642215306e-03
-5.349483390680634942e-01 2.539460188161220440e-03
-5.355088167168001734e-01 2.430280002945376955e-03
-5.354578642032786773e-01 2.445720649033091779e-03
-5.357635792844077649e-01 2.334937500606389712e-03
-5.352031016356710857e-01 2.506014312815343925e-03
-5.351521491221495896e-01 2.616003470878486368e-03
-5.354069116897572922e-01 2.460009304094030319e-03
-5.349483390680633832e-01 2.539460188161220006e-03
-5.355088167168002844e-01 2.430280002945376955e-03
-5.357126267708862688e-01 2.356519322744944113e-03
-5.356107217438431656e-01 2.395851986273333893e-03
-5.354578642032786773e-01 2.445720649033091346e-03
-5.359673893384939714e-01 2.234951724786395175e-03
-5.361202468790584597e-01 2.144247406690528209e-03
-5.361202468790584597e-01 2.144247406690528643e-03
-5.360692943655369636e-01 2.176095896027927488e-03
-5.362221519061014519e-01 2.196874803193213897e-03
-5.364259619601875473e-01 1.913943529156780657e-03
-5.365788195007522576e-01 1.767986141215420470e-03
-5.365278669872306505e-01 1.819368642841582076e-03
-5.362731044196229480e-01 2.038100540860909599e-03
-5.360183418520153564e-01 2.206308554815439825e-03
-5.362221519061014519e-01 2.075337845767052328e-03
-5.361202468790584597e-01 2.144247406690528643e-03
-5.364769144737090434e-01 1.867950000485111466e-03
-5.367826295548381310e-01 1.528575405645682308e-03
-5.362731044196229480e-01 2.038100540860909599e-03
-5.366807245277951388e-01 1.655760706646335458e-03
-5.365788195007520356e-01 1.909190069731660829e-03
-5.367826295548381310e-01 1.837119001156224977e-03
-5.369864396089242264e-01 1.738369537861082954e-03
-5.370373921224458336e-01 1.507195675713952692e-03
-5.371392971494889368e-01 8.691847689305414772e-04
-5.369354870954028414e-01 1.651836167573275411e-03
-5.368335820683597381e-01 1.626494896459874029e-03
-5.368335820683597381e-01 1.458168001767226043e-03
-5.367826295548381310e-01 1.837119001156224977e-03
-5.371392971494889368e-01 1.339382550358642629e-03
-5.372412021765319290e-01 1.347113538376966098e-03
-5.370373921224458336e-01 1.110484286798537083e-03
-5.370883446359673297e-01 1.598317895793694571e-03
-5.370883446359673297e-01 1.231323126701516779e-03
-5.371392971494889368e-01 1.520913325287609388e-03
-5.375469172576611276e-01 1.323785132889264329e-03
-5.372412021765319290e-01 8.810513217821797777e-04
-5.372921546900534251e-01 1.611259952385386569e-03
-5.375469172576611276e-01 1.323785132889264545e-03
-5.376997747982257270e-01 1.558847164277068435e-03
-5.375469172576611276e-01 1.323785132889264329e-03
-5.374959647441395205e-01 1.231323126701516779e-03
-5.375469172576611276e-01 1.323785132889264545e-03
-5.373431072035750322e-01 1.138192935510635648e-03
-5.375469172576611276e-01 1.507195675713952692e-03
-5.374450122306180244e-01 1.339382550358642629e-03
-5.376997747982256159e-01 1.558847164277068218e-03
-5.377507273117472231e-01 1.626494896459873812e-03
-5.380054898793547036e-01 1.767986141215420470e-03
-5.379545373658332075e-01 1.858894064240411642e-03
-5.380564423928763107e-01 1.819368642841582510e-03
-5.377507273117472231e-01 1.458168001767226260e-03
-5.381583474199195249e-01 1.913943529156780657e-03
-5.378526323387902153e-01 1.749534518000650692e-03
-5.382602524469624061e-01 1.998871716237366879e-03
-5.379035848523118224e-01 1.655760706646335241e-03
-5.381583474199195249e-01 1.913943529156780440e-03
-5.380054898793548146e-01 1.767986141215420470e-03
-5.382092999334407990e-01 1.957531645726723162e-03
-5.380564423928764217e-01 1.819368642841582510e-03
-5.379545373658332075e-01 1.713550528941601989e-03
-5.382092999334407990e-01 2.085943880082531416e-03
-5.384131099875270055e-01 2.110689038257460362e-03
-5.388207300956991963e-01 2.334937500606390146e-03
