# V, V_err
-5.252673614989741280e-01 2.838745568104970559e-04
-5.250635514448882546e-01 2.882309426365438506e-04
-5.256240290936247117e-01 2.627391445566112623e-04
-5.256240290936247117e-01 2.724411410757592586e-04
-5.256240290936249338e-01 2.724411410757592586e-04
-5.254711715530601124e-01 2.483641059969503078e-04
-5.252673614989740170e-01 2.745768503279805628e-04
-5.251654564719312468e-01 2.862424959612389032e-04
-5.254202190395386163e-01 2.795895857763418843e-04
-5.250125989313666475e-01 2.799607636175457112e-04
-5.251654564719310248e-01 2.473165935007842460e-04
-5.250635514448880325e-01 2.882309426365439590e-04
-5.253183140124956241e-01 3.003606374628561056e-04
-5.252673614989740170e-01 2.549662962028322521e-04
-5.253692665260173422e-01 2.902057650912219077e-04
-5.254202190395386163e-01 2.701444413758397880e-04
-5.256749816071462078e-01 3.063936947968417699e-04
-5.253692665260172312e-01 2.717255077381172884e-04
-5.254202190395386163e-01 2.701444413758397880e-04
-5.256749816071463188e-01 2.977998974864469353e-04
-5.253183140124956241e-01 2.825453556518836887e-04
-5.251654564719312468e-01 2.862424959612389032e-04
-5.250635514448880325e-01 2.882309426365439048e-04
-5.250125989313665364e-01 2.890853618460147547e-04
-5.253692665260173422e-01 3.075776660110829397e-04
-5.250125989313665364e-01 2.705285787065711306e-04
-5.252164089854525209e-01 2.758503390740306904e-04
-5.248087888772805520e-01 2.732024171418099764e-04
-5.254202190395386163e-01 2.603568741899138701e-04
-5.251654564719312468e-01 3.038410785768831798e-04
-5.254202190395386163e-01 2.701444413758397880e-04
-5.254202190395386163e-01 2.701444413758397880e-04
-5.255730765801033266e-01 2.836915889817492008e-04
-5.252164089854527429e-01 2.940714948850050160e-04
-5.255221240665817195e-01 2.854705230427696480e-04
-5.256749816071463188e-01 2.703845911622416412e-04
-5.256749816071462078e-01 2.703845911622416954e-04
-5.258787916612323032e-01 2.893097896120165775e-04
-5.256240290936249338e-01 2.908759355589692259e-04
-5.251145039584095287e-01 2.485208520560984870e-04
-5.254711715530601124e-01 2.684573777796173707e-04
-5.253692665260172312e-01 2.619970119814646814e-04
-5.251145039584095287e-01 2.686023984318327206e-04
-5.251145039584095287e-01 2.872836281098817540e-04
-5.252673614989743500e-01 3.016113368907077366e-04
-5.251654564719310248e-01 2.951729726151121596e-04
-5.252673614989741280e-01 2.649530703119182436e-04
-5.254202190395386163e-01 2.603568741899138701e-04
-5.254202190395386163e-01 2.795895857763418843e-04
-5.253692665260171202e-01 2.717255077381172884e-04
-5.254202190395386163e-01 2.887259145676195917e-04
-5.257768866341895331e-01 2.847876326865131477e-04
-5.255221240665817195e-01 2.944244160979764399e-04
-5.250125989313666475e-01 2.799607636175457112e-04
-5.254202190395388383e-01 2.887259145676195917e-04
-5.252164089854525209e-01 2.563372291155029733e-04
-5.250125989313666475e-01 2.705285787065710222e-04
-5.253692665260171202e-01 2.717255077381172884e-04
-5.253692665260173422e-01 3.075776660110829939e-04
-5.249106939043234332e-01 2.720597042193659862e-04
-5.254202190395386163e-01 2.603568741899138701e-04
-5.253692665260173422e-01 2.811175356036324621e-04
-5.254711715530601124e-01 2.779598549298624042e-04
-5.255221240665817195e-01 2.464227068535381512e-04
-5.255730765801033266e-01 2.836915889817492008e-04
-5.255730765801032156e-01 2.743876826511492729e-04
-5.253183140124957351e-01 2.732024171418099764e-04
-5.252164089854525209e-01 2.662725902133671811e-04
-5.249616464178451514e-01 2.898477072558080961e-04
-5.252673614989740170e-01 2.928772460821736081e-04
-5.250635514448879215e-01 2.790784101732499524e-04
-5.247578363637590559e-01 2.829585345550191563e-04
-5.251654564719311358e-01 2.951729726151121596e-04
-5.253692665260172312e-01 2.717255077381172884e-04
-5.248087888772804410e-01 2.635284490596900018e-04
-5.250635514448880325e-01 2.496153184799823101e-04
-5.253692665260172312e-01 2.811175356036324621e-04
-5.253183140124957351e-01 2.915890863334417819e-04
-5.250635514448882546e-01 2.696153589032101159e-04
-5.253692665260171202e-01 2.990178980604729381e-04
-5.250635514448879215e-01 2.790784101732499524e-04
-5.254202190395388383e-01 2.887259145676195917e-04
-5.253692665260171202e-01 2.902057650912219077e-04
-5.249106939043235442e-01 2.623436017737177761e-04
-5.250635514448879215e-01 2.696153589032101701e-04
-5.249106939043235442e-01 2.993216237843411456e-04
-5.248087888772805520e-01 2.732024171418099764e-04
-5.250635514448880325e-01 2.790784101732499524e-04
-5.250125989313666475e-01 2.705285787065710222e-04
-5.249106939043234332e-01 2.814405797468638401e-04
-5.256240290936247117e-01 2.908759355589692259e-04
-5.254711715530604454e-01 2.779598549298623500e-04
-5.252673614989740170e-01 2.745768503279805628e-04
-5.253692665260171202e-01 2.619970119814646272e-04
-5.251654564719310248e-01 2.770242755171429096e-04
-5.252164089854527429e-01 2.758503390740306904e-04
-5.252164089854525209e-01 2.758503390740306904e-04
-5.250125989313665364e-01 2.705285787065711306e-04
-5.250125989313666475e-01 2.799607636175457112e-04
-5.252673614989740170e-01 2.549662962028322521e-04
-5.249616464178449293e-01 2.713430648916695192e-04
-5.247578363637590559e-01 2.829585345550191563e-04
-5.247068838502373378e-01 2.923004971775401348e-04
-5.253692665260172312e-01 2.902057650912219077e-04
-5.251145039584095287e-01 2.961827142969332112e-04
-5.252673614989743500e-01 2.928772460821736081e-04
-5.254202190395386163e-01 2.795895857763419385e-04
-5.250125989313665364e-01 2.705285787065711306e-04
-5.250635514448882546e-01 2.971016552654537953e-04
-5.251145039584095287e-01 2.872836281098817540e-04
-5.249106939043234332e-01 2.623436017737177219e-04
-5.253183140124957351e-01 2.635284490596900018e-04
-5.251654564719311358e-01 2.674885641620516267e-04
-5.248597413908021592e-01 2.726792681565099732e-04
-5.249106939043234332e-01 2.522535393672109679e-04
-5.249616464178451514e-01 2.616003470878486585e-04
-5.251145039584095287e-01 2.780999203733344250e-04
-5.253183140124956241e-01 2.534855542146015285e-04
-5.251654564719312468e-01 2.674885641620515725e-04
-5.252673614989740170e-01 2.649530703119182436e-04
-5.249616464178449293e-01 2.898477072558080961e-04
-5.252164089854525209e-01 2.940714948850049618e-04
-5.251654564719310248e-01 2.862424959612389032e-04
-5.254711715530602234e-01 2.586059674794576263e-04
-5.253183140124956241e-01 2.635284490596900018e-04
-5.253692665260173422e-01 2.902057650912219077e-04
-5.252164089854525209e-01 2.758503390740306904e-04
-5.251145039584095287e-01 2.872836281098818082e-04
-5.251654564719312468e-01 2.770242755171429096e-04
-5.250125989313665364e-01 2.979306357224164020e-04
-5.250125989313666475e-01 2.799607636175457112e-04
-5.249616464178450403e-01 3.072398540848703770e-04
-5.246559313367158417e-01 3.012668349657278638e-04
-5.249106939043235442e-01 2.623436017737177219e-04
-5.250125989313665364e-01 2.506014312815343925e-04
-5.250635514448882546e-01 2.696153589032101159e-04
-5.253183140124956241e-01 3.088831976741616297e-04
-5.254202190395386163e-01 2.795895857763419385e-04
-5.251654564719312468e-01 2.770242755171429096e-04
-5.252673614989740170e-01 2.649530703119182978e-04
-5.254711715530602234e-01 2.586059674794576263e-04
-5.255221240665817195e-01 2.944244160979764399e-04
-5.254711715530602234e-01 2.779598549298622958e-04
-5.250125989313665364e-01 2.607554306791624648e-04
-5.252164089854527429e-01 2.940714948850049618e-04
-5.251654564719312468e-01 2.674885641620515725e-04
-5.253692665260171202e-01 2.518930666352168710e-04
-5.251654564719310248e-01 2.674885641620515725e-04
-5.252164089854527429e-01 3.027711369536790478e-04
-5.254711715530601124e-01 2.779598549298624042e-04
-5.253183140124957351e-01 2.732024171418099764e-04
-5.254202190395386163e-01 2.975818727866841752e-04
-5.255730765801032156e-01 2.836915889817492008e-04
-5.254202190395388383e-01 2.795895857763418843e-04
-5.255221240665817195e-01 2.762265415523833625e-04
-5.254711715530604454e-01 2.871480423421897952e-04
-5.253692665260172312e-01 2.902057650912219077e-04
-5.253183140124956241e-01 2.732024171418099764e-04
-5.252673614989743500e-01 2.928772460821736081e-04
-5.251145039584095287e-01 2.485208520560984870e-04
-5.253692665260172312e-01 2.717255077381172884e-04
-5.253183140124956241e-01 2.825453556518836887e-04
-5.254711715530602234e-01 2.960512041679174648e-04
-5.254202190395386163e-01 2.701444413758397880e-04
-5.254711715530602234e-01 2.779598549298623500e-04
-5.252164089854527429e-01 2.758503390740306904e-04
-5.255221240665817195e-01 2.666623051532942645e-04
-5.258787916612323032e-01 2.610042194302298019e-04
-5.255730765801034376e-01 2.743876826511492729e-04
-5.254202190395388383e-01 2.795895857763418843e-04
-5.254202190395386163e-01 2.795895857763418843e-04
-5.256749816071463188e-01 2.703845911622416954e-04
-5.252673614989740170e-01 2.838745568104971101e-04
-5.252164089854525209e-01 2.758503390740306904e-04
-5.252673614989741280e-01 2.549662962028322521e-04
-5.255221240665818305e-01 2.666623051532943187e-04
-5.252164089854527429e-01 2.851065184024728898e-04
-5.252164089854525209e-01 2.460009304094029669e-04
-5.255730765801032156e-01 2.743876826511492729e-04
-5.252673614989743500e-01 2.838745568104971101e-04
-5.256240290936247117e-01 2.996683619530555857e-04
-5.254202190395386163e-01 2.701444413758397880e-04
-5.255221240665817195e-01 2.666623051532942645e-04
-5.256749816071463188e-01 2.798216296255428138e-04
-5.254711715530601124e-01 2.779598549298624042e-04
-5.253692665260172312e-01 2.811175356036325164e-04
-5.252673614989743500e-01 2.649530703119182978e-04
-5.250125989313665364e-01 2.799607636175457112e-04
-5.253183140124956241e-01 2.825453556518836887e-04
-5.253692665260172312e-01 2.717255077381172884e-04
-5.253183140124956241e-01 2.732024171418099222e-04
-5.252673614989741280e-01 2.549662962028322521e-04
-5.254711715530602234e-01 3.046943267564984799e-04
-5.254202190395388383e-01 2.701444413758397880e-04
-5.254202190395386163e-01 2.701444413758397880e-04
-5.254202190395386163e-01 2.795895857763419385e-04
-5.256749816071465409e-01 2.798216296255429223e-04
-5.256240290936247117e-01 2.627391445566112623e-04
-5.256240290936247117e-01 2.724411410757592586e-04
-5.259297441747539104e-01 2.869219236817639285e-04
-5.256240290936247117e-01 2.996683619530555857e-04
-5.254202190395388383e-01 2.795895857763419385e-04
-5.254711715530602234e-01 2.684573777796173707e-04
-5.253183140124957351e-01 2.635284490596900018e-04
-5.253183140124956241e-01 2.732024171418099764e-04
-5.253183140124956241e-01 2.825453556518836887e-04
-5.253692665260173422e-01 2.619970119814646272e-04
-5.253183140124956241e-01 2.825453556518836887e-04
-5.255221240665817195e-01 2.762265415523833625e-04
-5.255221240665817195e-01 2.854705230427696480e-04
-5.255221240665817195e-01 2.762265415523833625e-04
-5.255730765801033266e-01 2.836915889817492008e-04
-5.254202190395386163e-01 2.795895857763419385e-04
-5.255730765801034376e-01 2.743876826511492729e-04
-5.255221240665817195e-01 2.356519322744943625e-04
-5.254711715530601124e-01 2.586059674794576263e-04
-5.252164089854527429e-01 2.851065184024728898e-04
-5.252673614989740170e-01 2.745768503279805628e-04
-5.249616464178450403e-01 2.807478871392030551e-04
-5.253692665260172312e-01 2.717255077381172884e-04
-5.250635514448880325e-01 2.496153184799823101e-04
-5.255221240665818305e-01 2.666623051532943187e-04
-5.255221240665817195e-01 2.666623051532942645e-04
-5.255221240665818305e-01 2.464227068535382054e-04
-5.257259341206678149e-01 2.583548692869523438e-04
-5.255221240665817195e-01 2.854705230427696480e-04
-5.255221240665818305e-01 2.762265415523833625e-04
-5.256749816071462078e-01 2.703845911622416954e-04
-5.253183140124957351e-01 3.003606374628561598e-04
-5.253692665260172312e-01 2.811175356036324621e-04
-5.251654564719311358e-01 2.674885641620516267e-04
-5.251654564719312468e-01 2.674885641620515725e-04
-5.250635514448879215e-01 2.790784101732499524e-04
-5.252164089854527429e-01 2.851065184024728898e-04
-5.252164089854525209e-01 2.758503390740306904e-04
-5.253183140124956241e-01 3.088831976741616297e-04
-5.255221240665818305e-01 2.567420256236729588e-04
-5.256240290936247117e-01 2.627391445566112623e-04
-5.258278391477108071e-01 2.825453556518836887e-04
-5.257768866341895331e-01 2.755207405312101016e-04
-5.255221240665817195e-01 2.762265415523833083e-04
-5.254711715530601124e-01 2.871480423421897952e-04
-5.255221240665818305e-01 2.762265415523833625e-04
-5.258278391477108071e-01 2.825453556518836887e-04
-5.260316492017969026e-01 2.421718884298837610e-04
-5.253183140124957351e-01 2.825453556518837429e-04
-5.252673614989740170e-01 2.745768503279805628e-04
-5.250635514448882546e-01 2.598078607128446126e-04
-5.251145039584095287e-01 2.872836281098818082e-04
-5.251654564719312468e-01 2.770242755171429096e-04
-5.252673614989740170e-01 3.100995256515589964e-04
-5.254711715530601124e-01 2.871480423421897952e-04
-5.256240290936249338e-01 2.818093196098803892e-04
-5.254202190395386163e-01 2.795895857763418843e-04
-5.254202190395388383e-01 2.975818727866842294e-04
-5.254202190395386163e-01 2.887259145676195917e-04
-5.255221240665817195e-01 2.666623051532942645e-04
-5.253692665260172312e-01 2.811175356036324621e-04
-5.253692665260171202e-01 2.717255077381172884e-04
-5.254202190395388383e-01 2.795895857763418843e-04
-5.250635514448880325e-01 2.598078607128447210e-04
-5.256240290936249338e-01 2.908759355589692259e-04
-5.254711715530604454e-01 2.871480423421898494e-04
-5.254202190395386163e-01 2.795895857763418843e-04
-5.252164089854527429e-01 2.851065184024728898e-04
-5.252164089854525209e-01 2.563372291155029191e-04
-5.252673614989741280e-01 2.649530703119182436e-04
-5.253692665260172312e-01 2.619970119814646272e-04
-5.253183140124956241e-01 2.635284490596900018e-04
-5.252164089854527429e-01 2.563372291155029733e-04
-5.255221240665817195e-01 2.762265415523833625e-04
-5.252164089854525209e-01 2.758503390740306904e-04
-5.255221240665818305e-01 2.762265415523833625e-04
-5.257259341206678149e-01 2.682155024464472201e-04
-5.252164089854527429e-01 2.758503390740306904e-04
-5.251145039584095287e-01 2.780999203733344250e-04
-5.254202190395388383e-01 2.701444413758397880e-04
-5.253692665260172312e-01 2.902057650912219077e-04
-5.252673614989740170e-01 2.745768503279805628e-04
-5.255221240665818305e-01 2.762265415523833625e-04
-5.252673614989740170e-01 2.445720649033091562e-04
-5.255221240665817195e-01 3.278033036256987397e-04
-5.255221240665818305e-01 2.666623051532943187e-04
-5.254202190395386163e-01 2.603568741899138701e-04
-5.256240290936247117e-01 2.724411410757593128e-04
-5.256240290936247117e-01 2.818093196098803892e-04
-5.256240290936249338e-01 2.724411410757593128e-04
-5.256749816071462078e-01 3.063936947968418241e-04
-5.254711715530601124e-01 2.586059674794576263e-04
-5.252164089854527429e-01 2.758503390740306904e-04
-5.253692665260171202e-01 2.990178980604729381e-04
-5.252673614989741280e-01 2.838745568104970559e-04
-5.253183140124956241e-01 2.915890863334417819e-04
-5.248597413908019371e-01 2.529216256980133934e-04
-5.225668782823333913e-01 4.005204639026645132e-04
-5.178282945248320335e-01 6.297532794312329669e-04
-5.144144761188904624e-01 8.136304382977568948e-04
-5.137011409295891839e-01 8.515474549943665350e-04
-5.140578085242397677e-01 8.320094580066804153e-04
-5.157392414704499162e-01 7.483430890806597874e-04
-5.197644900386495515e-01 5.407691823244791625e-04
-5.239935486609360593e-01 3.293834685007528823e-04
-5.254711715530604454e-01 2.960512041679175190e-04
-5.254202190395388383e-01 2.975818727866842294e-04
-5.252673614989741280e-01 2.838745568104970559e-04
-5.251145039584095287e-01 2.780999203733344250e-04
-5.254711715530601124e-01 2.684573777796173707e-04
-5.250635514448882546e-01 2.882309426365438506e-04
-5.251654564719311358e-01 3.038410785768831798e-04
-5.253692665260172312e-01 2.902057650912219077e-04
-5.246559313367158417e-01 3.260960865377455055e-04
-5.214459229848600330e-01 4.664034004553855401e-04
-5.189492498223053918e-01 5.985565065340216293e-04
-5.190511548493484950e-01 6.411923902431474311e-04
-5.187963922817406814e-01 6.013907709010496341e-04
-5.198154425521711586e-01 5.499804018927340879e-04
-5.227197358228979907e-01 4.202887501091500310e-04
-5.256749816071465409e-01 2.977998974864470437e-04
-5.253692665260171202e-01 2.619970119814646814e-04
-5.254202190395386163e-01 2.795895857763419385e-04
-5.250125989313666475e-01 2.705285787065710222e-04
-5.252164089854525209e-01 2.758503390740306904e-04
-5.250125989313665364e-01 2.799607636175457655e-04
-5.254202190395386163e-01 2.701444413758397880e-04
-5.251654564719310248e-01 2.951729726151122138e-04
-5.256240290936247117e-01 2.908759355589692259e-04
-5.255221240665817195e-01 2.762265415523833625e-04
-5.255730765801034376e-01 2.547625676076137541e-04
-5.254711715530602234e-01 2.684573777796173707e-04
-5.252673614989741280e-01 2.838745568104970559e-04
-5.252164089854525209e-01 2.851065184024728898e-04
-5.254202190395388383e-01 2.795895857763419385e-04
-5.253183140124956241e-01 2.825453556518837429e-04
-5.249106939043234332e-01 2.905187036949131844e-04
-5.251145039584096397e-01 2.872836281098818624e-04
-5.251145039584095287e-01 2.961827142969332112e-04
-5.251145039584095287e-01 2.780999203733344250e-04
-5.252673614989743500e-01 2.445720649033091562e-04
-5.251654564719310248e-01 2.674885641620516267e-04
-5.249616464178450403e-01 2.713430648916695192e-04
-5.251654564719310248e-01 2.770242755171429096e-04
-5.255221240665817195e-01 2.666623051532942645e-04
-5.253692665260172312e-01 2.717255077381172884e-04
-5.256240290936249338e-01 3.082100654163479623e-04
-5.255730765801034376e-01 2.743876826511492729e-04
-5.258787916612323032e-01 2.801925000727666874e-04
-5.253692665260171202e-01 2.990178980604729381e-04
-5.253692665260173422e-01 2.902057650912218535e-04
-5.255221240665817195e-01 2.854705230427696480e-04
-5.251654564719312468e-01 2.674885641620515725e-04
-5.252673614989741280e-01 2.838745568104970559e-04
-5.254202190395386163e-01 2.795895857763418843e-04
-5.253183140124957351e-01 2.635284490596900018e-04
-5.253183140124956241e-01 2.825453556518836887e-04
-5.251145039584096397e-01 2.872836281098818082e-04
-5.253692665260172312e-01 2.717255077381172884e-04
-5.258787916612323032e-01 3.067324386203603456e-04
-5.257768866341892000e-01 2.755207405312101558e-04
-5.252673614989740170e-01 2.549662962028322521e-04
-5.252164089854527429e-01 2.662725902133672353e-04
-5.258278391477108071e-01 2.430280002945376197e-04
-5.253692665260171202e-01 2.902057650912219077e-04
-5.258278391477110292e-01 2.825453556518837429e-04
-5.251654564719311358e-01 2.862424959612389032e-04
-5.252164089854525209e-01 2.851065184024728898e-04
-5.255730765801033266e-01 2.926999059229634334e-04
-5.251145039584096397e-01 2.780999203733344792e-04
-5.252164089854527429e-01 2.662725902133672353e-04
-5.251654564719310248e-01 2.951729726151122138e-04
-5.252673614989741280e-01 2.745768503279805085e-04
-5.255221240665817195e-01 2.666623051532942645e-04
-5.255730765801032156e-01 2.743876826511492729e-04
-5.253183140124956241e-01 2.825453556518836887e-04
-5.256749816071463188e-01 2.703845911622416954e-04
-5.255221240665817195e-01 3.031139291800301013e-04
-5.255221240665817195e-01 2.854705230427696480e-04
-5.255221240665818305e-01 3.031139291800301555e-04
-5.252164089854527429e-01 2.563372291155029733e-04
-5.254202190395386163e-01 2.795895857763418843e-04
-5.253692665260171202e-01 2.717255077381172884e-04
-5.252673614989740170e-01 2.649530703119182978e-04
-5.251654564719310248e-01 2.770242755171429096e-04
-5.249616464178451514e-01 2.898477072558080419e-04
-5.253183140124956241e-01 2.732024171418099764e-04
-5.250635514448882546e-01 2.971016552654537953e-04
-5.254711715530601124e-01 2.684573777796173707e-04
-5.252673614989741280e-01 3.016113368907077366e-04
-5.252673614989740170e-01 2.549662962028322521e-04
-5.254202190395386163e-01 2.603568741899138701e-04
-5.253183140124957351e-01 3.003606374628561598e-04
-5.254711715530601124e-01 2.586059674794576263e-04
-5.254711715530602234e-01 2.779598549298623500e-04
-5.254711715530601124e-01 2.586059674794576263e-04
-5.250635514448880325e-01 2.882309426365439590e-04
-5.251654564719311358e-01 2.674885641620516267e-04
-5.251145039584095287e-01 2.780999203733344250e-04
-5.254202190395388383e-01 2.887259145676195917e-04
-5.251145039584095287e-01 2.686023984318327206e-04
-5.250635514448879215e-01 2.696153589032101701e-04
-5.251145039584096397e-01 2.587565094350499856e-04
-5.256240290936247117e-01 2.818093196098803892e-04
-5.252673614989740170e-01 2.649530703119182978e-04
-5.255221240665817195e-01 3.031139291800301013e-04
-5.255221240665817195e-01 2.944244160979764399e-04
-5.254711715530602234e-01 2.960512041679174648e-04
-5.250635514448880325e-01 2.696153589032101701e-04
-5.255730765801034376e-01 2.836915889817492008e-04
-5.252673614989740170e-01 2.745768503279805628e-04
-5.254202190395386163e-01 2.701444413758397880e-04
-5.255221240665818305e-01 2.854705230427696480e-04
-5.250635514448879215e-01 2.882309426365439590e-04
-5.252164089854527429e-01 2.662725902133672353e-04
-5.249616464178451514e-01 2.986704047437082872e-04
-5.250125989313665364e-01 2.890853618460147547e-04
-5.256240290936247117e-01 2.818093196098803892e-04
-5.253183140124957351e-01 2.732024171418100307e-04
-5.253692665260171202e-01 2.717255077381172884e-04
-5.251654564719310248e-01 2.862424959612389032e-04
-5.253692665260172312e-01 2.717255077381172884e-04
-5.251145039584095287e-01 2.872836281098818082e-04
-5.255730765801033266e-01 2.836915889817492008e-04
-5.250125989313665364e-01 3.065207676003130232e-04
-5.249106939043235442e-01 2.814405797468638401e-04
-5.252164089854525209e-01 2.758503390740306904e-04
-5.252164089854525209e-01 2.851065184024728898e-04
-5.252673614989740170e-01 3.016113368907077366e-04
-5.251654564719311358e-01 2.862424959612389032e-04
-5.253183140124956241e-01 2.732024171418099764e-04
-5.252673614989740170e-01 2.745768503279805628e-04
-5.251145039584096397e-01 2.780999203733344250e-04
-5.255221240665817195e-01 2.762265415523833625e-04
-5.253183140124957351e-01 2.635284490596900018e-04
-5.254711715530601124e-01 2.871480423421898494e-04
-5.255730765801032156e-01 2.926999059229633791e-04
-5.254711715530604454e-01 2.960512041679175190e-04
-5.253183140124956241e-01 2.732024171418099222e-04
-5.253183140124957351e-01 2.732024171418099764e-04
-5.251145039584095287e-01 2.780999203733344250e-04
-5.253183140124957351e-01 2.534855542146015827e-04
-5.250635514448882546e-01 2.882309426365439048e-04
-5.251145039584095287e-01 2.872836281098818082e-04
-5.250125989313666475e-01 3.065207676003129690e-04
-5.251654564719310248e-01 3.038410785768831798e-04
-5.251654564719310248e-01 2.862424959612389032e-04
-5.252164089854527429e-01 2.758503390740306904e-04
-5.252673614989740170e-01 2.549662962028322521e-04
-5.251654564719311358e-01 2.576001061512865728e-04
-5.257259341206678149e-01 2.869219236817639285e-04
-5.254711715530604454e-01 2.960512041679174648e-04
-5.256240290936247117e-01 2.818093196098803892e-04
-5.254711715530602234e-01 2.779598549298622958e-04
-5.252673614989741280e-01 2.649530703119182436e-04
-5.250125989313665364e-01 2.799607636175457655e-04
-5.255221240665818305e-01 2.762265415523833625e-04
-5.252164089854525209e-01 2.758503390740306904e-04
-5.251145039584096397e-01 2.780999203733344792e-04
-5.249106939043234332e-01 2.720597042193659862e-04
-5.252164089854527429e-01 2.851065184024728898e-04
-5.252673614989741280e-01 3.016113368907077366e-04
-5.255730765801033266e-01 2.926999059229634334e-04
-5.252164089854527429e-01 2.851065184024728898e-04
-5.253692665260171202e-01 3.075776660110829939e-04
-5.255730765801032156e-01 2.926999059229633791e-04
-5.255730765801032156e-01 2.743876826511493271e-04
-5.255221240665817195e-01 2.944244160979764399e-04
-5.253183140124956241e-01 2.635284490596900018e-04
-5.252164089854525209e-01 2.662725902133671811e-04
-5.251145039584096397e-01 3.048221079853308583e-04
-5.250125989313666475e-01 3.065207676003130232e-04
-5.251145039584095287e-01 2.780999203733344250e-04
-5.250125989313666475e-01 2.705285787065710222e-04
-5.251654564719310248e-01 2.674885641620516267e-04
-5.249616464178449293e-01 2.616003470878486585e-04
-5.254202190395386163e-01 2.887259145676195917e-04
-5.254202190395386163e-01 2.887259145676195917e-04
-5.253183140124957351e-01 2.825453556518837429e-04
-5.254202190395386163e-01 2.795895857763419385e-04
-5.253692665260173422e-01 2.811175356036324621e-04
-5.254202190395386163e-01 3.061817895949270818e-04
-5.254202190395386163e-01 2.795895857763419385e-04
-5.251145039584096397e-01 2.961827142969332112e-04
-5.249106939043234332e-01 2.993216237843411456e-04
-5.249616464178450403e-01 2.807478871392030551e-04
-5.252164089854525209e-01 2.758503390740306904e-04
-5.251654564719310248e-01 2.674885641620516267e-04
-5.248597413908021592e-01 2.726792681565099732e-04
-5.251145039584095287e-01 2.872836281098817540e-04
-5.249106939043235442e-01 2.522535393672109679e-04
-5.254202190395386163e-01 2.795895857763418843e-04
-5.253692665260171202e-01 3.075776660110829397e-04
-5.253183140124957351e-01 2.915890863334418361e-04
-5.251145039584095287e-01 2.872836281098818082e-04
-5.251654564719311358e-01 2.770242755171429096e-04
-5.254711715530602234e-01 2.684573777796173707e-04
-5.252164089854525209e-01 2.662725902133671811e-04
-5.251145039584096397e-01 2.780999203733344250e-04
-5.250635514448879215e-01 2.696153589032101701e-04
-5.250635514448882546e-01 2.882309426365438506e-04
-5.251145039584095287e-01 3.214049658192363965e-04
-5.249616464178449293e-01 2.807478871392030551e-04
-5.249106939043235442e-01 2.720597042193659862e-04
-5.251145039584095287e-01 2.961827142969332112e-04
-5.248597413908019371e-01 2.910989828546531842e-04
-5.250125989313665364e-01 2.890853618460147547e-04
-5.254711715530602234e-01 2.871480423421897952e-04
-5.251145039584096397e-01 2.780999203733344250e-04
-5.247578363637588339e-01 2.829585345550191021e-04
-5.251654564719312468e-01 2.770242755171429096e-04
-5.251145039584095287e-01 2.780999203733344250e-04
-5.252673614989740170e-01 2.745768503279805628e-04
-5.248597413908021592e-01 2.629860566913156967e-04
-5.247578363637588339e-01 2.639713956868813697e-04
-5.248087888772805520e-01 2.732024171418099764e-04
-5.248087888772804410e-01 3.088831976741616297e-04
-5.247578363637589449e-01 2.639713956868814239e-04
-5.248597413908019371e-01 2.910989828546531300e-04
-5.252164089854525209e-01 2.758503390740306904e-04
-5.252164089854527429e-01 2.662725902133672353e-04
-5.251145039584095287e-01 2.872836281098817540e-04
-5.253183140124956241e-01 3.171768388040607290e-04
-5.251145039584096397e-01 2.961827142969332112e-04
-5.250635514448879215e-01 2.882309426365439590e-04
-5.249616464178451514e-01 2.986704047437083414e-04
-5.251654564719312468e-01 2.862424959612388489e-04
-5.250125989313665364e-01 2.607554306791624648e-04
-5.249616464178451514e-01 2.713430648916695192e-04
-5.249106939043235442e-01 2.623436017737177219e-04
-5.249106939043234332e-01 2.623436017737177219e-04
-5.249616464178451514e-01 2.986704047437082872e-04
-5.248087888772804410e-01 2.635284490596900018e-04
-5.249106939043235442e-01 2.993216237843411456e-04
-5.247068838502373378e-01 3.010513210709414144e-04
-5.250635514448880325e-01 2.971016552654538495e-04
-5.252164089854525209e-01 2.758503390740306362e-04
-5.254711715530602234e-01 2.871480423421897952e-04
-5.252164089854527429e-01 2.851065184024728898e-04
-5.251145039584095287e-01 2.686023984318327206e-04
-5.251654564719310248e-01 2.576001061512865728e-04
-5.251654564719312468e-01 2.674885641620515725e-04
-5.254202190395386163e-01 2.887259145676195917e-04
-5.251145039584095287e-01 2.872836281098818082e-04
-5.252164089854525209e-01 2.940714948850050160e-04
-5.248597413908021592e-01 2.629860566913157509e-04
-5.249106939043234332e-01 3.078729473877439885e-04
-5.249616464178449293e-01 2.713430648916695192e-04
-5.248087888772805520e-01 2.732024171418099764e-04
-5.247578363637588339e-01 2.829585345550191021e-04
-5.248597413908019371e-01 2.998848697205905669e-04
-5.248087888772805520e-01 2.915890863334417819e-04
-5.253692665260171202e-01 3.075776660110829397e-04
-5.253692665260173422e-01 2.717255077381172884e-04
-5.249616464178449293e-01 2.807478871392030551e-04
-5.251145039584096397e-01 2.872836281098818624e-04
-5.252673614989740170e-01 2.928772460821736081e-04
-5.250635514448879215e-01 2.598078607128447752e-04
-5.247578363637590559e-01 2.919894682104919557e-04
-5.252673614989740170e-01 2.745768503279805628e-04
-5.251654564719310248e-01 2.951729726151122138e-04
-5.249106939043235442e-01 2.814405797468638943e-04
-5.251145039584095287e-01 2.872836281098818082e-04
-5.249106939043235442e-01 2.623436017737177219e-04
-5.250125989313665364e-01 2.799607636175457655e-04
-5.254202190395388383e-01 2.603568741899138701e-04
-5.251654564719311358e-01 3.038410785768831798e-04
-5.252164089854525209e-01 2.940714948850050160e-04
-5.252673614989741280e-01 2.838745568104970559e-04
-5.252164089854525209e-01 2.758503390740306904e-04
-5.252164089854527429e-01 2.940714948850050160e-04
-5.247068838502373378e-01 2.739615778053435305e-04
-5.247578363637589449e-01 2.829585345550191021e-04
-5.249106939043235442e-01 2.720597042193659862e-04
-5.249106939043234332e-01 2.905187036949131844e-04
-5.251654564719312468e-01 2.862424959612389032e-04
-5.247578363637588339e-01 2.829585345550191021e-04
-5.250635514448879215e-01 2.790784101732499524e-04
-5.248597413908021592e-01 2.910989828546532384e-04
-5.252673614989740170e-01 2.928772460821736081e-04
-5.249616464178450403e-01 2.807478871392030551e-04
-5.252673614989740170e-01 2.649530703119182978e-04
-5.250635514448880325e-01 2.790784101732499524e-04
-5.251145039584096397e-01 2.780999203733344250e-04
-5.250125989313665364e-01 2.799607636175457655e-04
-5.252164089854527429e-01 2.851065184024728898e-04
-5.251654564719311358e-01 3.038410785768831798e-04
-5.250125989313665364e-01 2.705285787065711306e-04
-5.247578363637590559e-01 2.919894682104919557e-04
-5.249106939043234332e-01 2.905187036949131844e-04
-5.249106939043234332e-01 2.993216237843411456e-04
-5.250125989313665364e-01 3.065207676003130232e-04
-5.248597413908018261e-01 2.910989828546531842e-04
-5.248087888772805520e-01 3.088831976741616297e-04
-5.247578363637589449e-01 2.919894682104919015e-04
-5.254711715530604454e-01 2.779598549298624042e-04
-5.252164089854525209e-01 3.027711369536789936e-04
-5.253692665260172312e-01 3.159055838334410703e-04
-5.251654564719312468e-01 2.770242755171429096e-04
-5.252164089854525209e-01 2.662725902133671811e-04
-5.251145039584096397e-01 2.872836281098818082e-04
-5.249616464178449293e-01 2.986704047437082872e-04
-5.251145039584096397e-01 2.780999203733344792e-04
-5.247578363637589449e-01 2.736297041792101195e-04
-5.246559313367158417e-01 2.835085030711130029e-04
-5.248087888772805520e-01 3.088831976741616297e-04
-5.250125989313665364e-01 2.799607636175457655e-04
-5.248087888772804410e-01 2.635284490596900018e-04
-5.248597413908021592e-01 3.084205770626491892e-04
-5.249106939043234332e-01 2.905187036949131844e-04
-5.251145039584096397e-01 2.961827142969332112e-04
-5.252673614989740170e-01 2.745768503279805628e-04
-5.248087888772805520e-01 2.915890863334417819e-04
-5.249616464178450403e-01 3.072398540848703770e-04
-5.248597413908018261e-01 2.726792681565099190e-04
-5.250635514448882546e-01 2.882309426365438506e-04
-5.250635514448879215e-01 2.882309426365439590e-04
-5.250635514448880325e-01 2.696153589032101701e-04
-5.248597413908021592e-01 2.726792681565099190e-04
-5.246559313367158417e-01 2.741983844688027343e-04
-5.248597413908021592e-01 2.820395372118805451e-04
-5.251145039584095287e-01 2.686023984318327206e-04
-5.246559313367158417e-01 2.741983844688027343e-04
-5.247578363637590559e-01 3.007493421674730695e-04
-5.253183140124956241e-01 2.732024171418099764e-04
-5.248087888772805520e-01 2.732024171418099222e-04
-5.251145039584095287e-01 2.485208520560984327e-04
-5.252673614989740170e-01 2.838745568104971101e-04
-5.249616464178451514e-01 2.616003470878486043e-04
-5.251145039584095287e-01 2.780999203733344250e-04
-5.253183140124957351e-01 2.915890863334418361e-04
-5.250125989313665364e-01 2.799607636175457655e-04
-5.249106939043235442e-01 3.078729473877439885e-04
-5.251145039584095287e-01 2.872836281098818082e-04
-5.251145039584095287e-01 2.872836281098818082e-04
-5.247068838502374488e-01 2.739615778053435305e-04
-5.249106939043234332e-01 2.720597042193659862e-04
-5.249616464178450403e-01 2.713430648916695192e-04
-5.250125989313666475e-01 2.607554306791624648e-04
-5.252164089854525209e-01 2.662725902133671811e-04
-5.252673614989743500e-01 2.745768503279805628e-04
-5.249616464178449293e-01 2.616003470878486585e-04
-5.249106939043235442e-01 2.623436017737177219e-04
-5.251654564719310248e-01 3.038410785768831798e-04
-5.251654564719310248e-01 2.862424959612389032e-04
-5.250125989313666475e-01 2.979306357224164020e-04
-5.251145039584095287e-01 2.961827142969332112e-04
-5.246049788231944566e-01 2.647079929582865426e-04
-5.250635514448880325e-01 2.790784101732499524e-04
-5.245540263096729605e-01 2.836915889817491466e-04
-5.249106939043235442e-01 2.905187036949131844e-04
-5.249106939043234332e-01 2.993216237843411456e-04
-5.251654564719312468e-01 3.038410785768831798e-04
-5.251145039584095287e-01 2.961827142969332112e-04
-5.251145039584095287e-01 2.780999203733344250e-04
-5.250635514448882546e-01 2.790784101732498982e-04
-5.248087888772804410e-01 2.732024171418099222e-04
-5.254202190395386163e-01 2.701444413758397880e-04
-5.250125989313665364e-01 2.607554306791624648e-04
-5.250635514448879215e-01 2.882309426365439048e-04
-5.247068838502374488e-01 2.832794792813542921e-04
-5.247578363637588339e-01 2.639713956868813697e-04
-5.251145039584096397e-01 2.686023984318327749e-04
-5.250125989313665364e-01 2.705285787065711306e-04
-5.248597413908018261e-01 2.910989828546531300e-04
-5.247578363637590559e-01 2.736297041792101195e-04
-5.245030737961512424e-01 2.836458285831965336e-04
-5.250125989313666475e-01 3.148766397156305239e-04
-5.250635514448879215e-01 3.140923878385408789e-04
-5.247068838502374488e-01 2.643153965346540092e-04
-5.254202190395388383e-01 2.603568741899138159e-04
-5.251654564719311358e-01 2.770242755171429096e-04
-5.251654564719312468e-01 2.951729726151122138e-04
-5.249616464178449293e-01 2.807478871392030551e-04
-5.252164089854525209e-01 2.662725902133672353e-04
-5.252673614989743500e-01 2.745768503279805628e-04
-5.249106939043234332e-01 2.814405797468638401e-04
-5.247578363637590559e-01 3.007493421674730695e-04
-5.250125989313665364e-01 2.890853618460147547e-04
-5.246559313367160637e-01 2.741983844688027886e-04
-5.247068838502374488e-01 3.337681335775582146e-04
-5.246559313367157307e-01 2.645608375723425927e-04
-5.250125989313666475e-01 3.065207676003129690e-04
-5.250125989313665364e-01 3.065207676003130232e-04
-5.249616464178449293e-01 2.616003470878486585e-04
-5.251145039584096397e-01 2.961827142969332112e-04
-5.251145039584095287e-01 2.872836281098817540e-04
-5.251145039584096397e-01 2.961827142969332112e-04
-5.251654564719310248e-01 2.770242755171429096e-04
-5.253692665260173422e-01 2.902057650912219077e-04
-5.248087888772804410e-01 2.732024171418099764e-04
-5.248087888772804410e-01 2.732024171418099222e-04
-5.248597413908021592e-01 2.820395372118805993e-04
-5.249616464178449293e-01 2.898477072558080961e-04
-5.251145039584095287e-01 2.780999203733344250e-04
-5.248087888772805520e-01 2.635284490596900018e-04
-5.249106939043234332e-01 2.993216237843411456e-04
-5.251145039584095287e-01 2.587565094350499856e-04
-5.252164089854525209e-01 2.758503390740306904e-04
-5.254711715530604454e-01 2.871480423421898494e-04
-5.254711715530602234e-01 2.960512041679174648e-04
-5.249106939043234332e-01 2.522535393672109679e-04
-5.253183140124957351e-01 3.171768388040607290e-04
-5.251145039584095287e-01 2.686023984318327206e-04
-5.251145039584095287e-01 3.132232985985279085e-04
-5.250635514448880325e-01 2.790784101732499524e-04
-5.247068838502373378e-01 2.739615778053435305e-04
-5.248087888772805520e-01 2.732024171418099222e-04
-5.249106939043234332e-01 2.814405797468638401e-04
-5.248597413908021592e-01 2.726792681565099190e-04
-5.249616464178450403e-01 2.807478871392030551e-04
-5.249106939043234332e-01 2.905187036949131844e-04
-5.248087888772805520e-01 2.915890863334417819e-04
-5.250635514448879215e-01 2.696153589032101701e-04
-5.251654564719310248e-01 2.770242755171429096e-04
-5.251654564719311358e-01 2.770242755171429638e-04
-5.250635514448879215e-01 3.140923878385408789e-04
-5.251145039584096397e-01 2.872836281098818082e-04
-5.250125989313665364e-01 2.705285787065711306e-04
-5.249106939043235442e-01 2.993216237843411456e-04
-5.248597413908019371e-01 2.820395372118805451e-04
-5.247068838502373378e-01 2.832794792813542921e-04
-5.248087888772805520e-01 2.825453556518836887e-04
-5.249106939043234332e-01 3.161930881621838113e-04
-5.247068838502374488e-01 2.543035815259971641e-04
-5.247578363637589449e-01 2.919894682104918473e-04
-5.248597413908019371e-01 2.910989828546531842e-04
-5.248087888772805520e-01 2.635284490596900018e-04
-5.250125989313665364e-01 2.979306357224164020e-04
-5.249616464178451514e-01 2.986704047437082872e-04
-5.250125989313665364e-01 2.979306357224164020e-04
-5.253183140124956241e-01 2.732024171418099764e-04
-5.252164089854527429e-01 3.027711369536790478e-04
-5.250125989313665364e-01 3.148766397156305781e-04
-5.247578363637589449e-01 2.829585345550191021e-04
-5.246559313367158417e-01 2.741983844688027343e-04
-5.249106939043235442e-01 2.993216237843411998e-04
-5.250635514448882546e-01 3.057150811291364724e-04
-5.249106939043234332e-01 2.905187036949131844e-04
-5.248087888772805520e-01 2.825453556518836887e-04
-5.248597413908018261e-01 2.820395372118805451e-04
-5.249106939043234332e-01 2.993216237843411456e-04
-5.248087888772805520e-01 2.825453556518836887e-04
-5.250635514448879215e-01 2.882309426365439048e-04
-5.248597413908019371e-01 2.726792681565099190e-04
-5.250125989313665364e-01 2.799607636175457655e-04
-5.251145039584095287e-01 2.961827142969332112e-04
-5.251145039584095287e-01 2.686023984318327749e-04
-5.248597413908019371e-01 2.820395372118805451e-04
-5.249106939043235442e-01 2.814405797468638401e-04
-5.249616464178449293e-01 2.986704047437082872e-04
-5.247578363637589449e-01 3.092611907150486449e-04
-5.245030737961513534e-01 3.013960693328496818e-04
-5.248597413908018261e-01 2.726792681565099190e-04
-5.244521212826298573e-01 3.097644639376651108e-04
-5.245540263096727385e-01 3.181983449552769133e-04
-5.253183140124957351e-01 2.915890863334418361e-04
-5.251654564719311358e-01 2.770242755171429096e-04
-5.250125989313666475e-01 2.799607636175457655e-04
-5.251654564719311358e-01 3.038410785768831798e-04
-5.252164089854525209e-01 2.851065184024728356e-04
-5.249106939043234332e-01 3.078729473877439885e-04
-5.248087888772805520e-01 3.003606374628561056e-04
-5.246559313367157307e-01 3.012668349657278638e-04
-5.248087888772805520e-01 2.825453556518836887e-04
-5.252164089854525209e-01 2.758503390740306904e-04
-5.246049788231944566e-01 2.926555540921272789e-04
-5.250635514448880325e-01 2.790784101732499524e-04
-5.250125989313665364e-01 2.979306357224164020e-04
-5.247578363637590559e-01 2.829585345550191021e-04
-5.250635514448879215e-01 3.057150811291365266e-04
-5.253692665260172312e-01 2.811175356036325164e-04
-5.250125989313666475e-01 2.890853618460147005e-04
-5.250635514448879215e-01 2.598078607128447210e-04
-5.250125989313666475e-01 2.890853618460147005e-04
-5.250125989313665364e-01 2.799607636175457655e-04
-5.248597413908021592e-01 2.820395372118805993e-04
-5.250635514448880325e-01 2.882309426365439048e-04
-5.247578363637588339e-01 2.919894682104919015e-04
-5.248597413908021592e-01 2.910989828546532384e-04
-5.248087888772804410e-01 2.732024171418099222e-04
-5.247578363637589449e-01 3.092611907150486449e-04
-5.250635514448880325e-01 2.696153589032101701e-04
-5.246049788231943456e-01 2.743403703510042375e-04
-5.248597413908021592e-01 2.629860566913157509e-04
-5.247578363637588339e-01 3.007493421674730153e-04
-5.249616464178451514e-01 3.155766867283043512e-04
-5.249616464178450403e-01 3.155766867283044054e-04
-5.249106939043234332e-01 2.905187036949131844e-04
-5.250125989313666475e-01 3.065207676003130232e-04
-5.247068838502373378e-01 2.923004971775401348e-04
-5.245030737961513534e-01 3.098901545348188092e-04
-5.245030737961512424e-01 3.262154846328691338e-04
-5.246559313367158417e-01 3.180351244546911682e-04
-5.246049788231944566e-01 2.743403703510042917e-04
-5.246049788231944566e-01 3.262154846328691338e-04
-5.248597413908021592e-01 2.820395372118805451e-04
-5.248597413908019371e-01 2.998848697205905669e-04
-5.247578363637589449e-01 3.007493421674730695e-04
-5.247068838502374488e-01 2.739615778053435305e-04
-5.247578363637588339e-01 3.007493421674730153e-04
-5.250635514448880325e-01 2.790784101732499524e-04
-5.247578363637588339e-01 2.919894682104918473e-04
-5.249616464178449293e-01 2.986704047437082872e-04
-5.246049788231944566e-01 2.743403703510042917e-04
-5.247068838502373378e-01 2.832794792813542921e-04
-5.246559313367158417e-01 2.925224582522600067e-04
-5.248087888772804410e-01 2.732024171418099222e-04
-5.242483112285435398e-01 2.910989828546531842e-04
-5.246049788231944566e-01 2.836458285831965336e-04
-5.245540263096727385e-01 2.547625676076136999e-04
-5.246559313367160637e-01 2.835085030711130029e-04
-5.248597413908018261e-01 2.820395372118805451e-04
-5.246049788231944566e-01 2.647079929582865426e-04
-5.247068838502374488e-01 2.739615778053435305e-04
-5.247068838502374488e-01 3.178309809556061983e-04
-5.246049788231944566e-01 2.743403703510042917e-04
-5.247578363637588339e-01 2.829585345550191021e-04
-5.248597413908018261e-01 2.910989828546531300e-04
-5.246559313367160637e-01 2.835085030711130029e-04
-5.246049788231943456e-01 2.926555540921272789e-04
-5.247578363637590559e-01 2.639713956868814239e-04
-5.246049788231943456e-01 2.836458285831965336e-04
-5.246049788231944566e-01 3.181575476802896390e-04
-5.245030737961513534e-01 2.647079929582865426e-04
-5.244521212826296352e-01 3.012668349657278638e-04
-5.247068838502374488e-01 3.258969925045716366e-04
-5.245030737961512424e-01 3.340791218896799197e-04
-5.249106939043234332e-01 2.623436017737177219e-04
-5.248087888772805520e-01 3.003606374628561056e-04
-5.248087888772804410e-01 3.003606374628561056e-04
-5.249616464178451514e-01 2.898477072558080961e-04
-5.246559313367157307e-01 3.097644639376651108e-04
-5.247068838502374488e-01 2.923004971775401348e-04
-5.250125989313665364e-01 3.309560888928481950e-04
-5.248087888772804410e-01 2.732024171418099764e-04
-5.246559313367158417e-01 3.012668349657278638e-04
-5.245540263096727385e-01 2.743876826511492187e-04
-5.244011687691082502e-01 3.095548661980312413e-04
-5.242483112285437619e-01 3.248197760178731788e-04
-5.243502162555867541e-01 3.092611907150486449e-04
-5.246559313367160637e-01 2.925224582522600067e-04
-5.245540263096727385e-01 3.181983449552769133e-04
-5.244011687691083612e-01 3.010513210709414144e-04
-5.245030737961513534e-01 3.098901545348187550e-04
-5.244521212826298573e-01 2.925224582522600067e-04
-5.246559313367160637e-01 3.012668349657278638e-04
-5.246559313367157307e-01 3.012668349657278638e-04
-5.248597413908019371e-01 3.167263323817257970e-04
-5.240445011744577775e-01 2.882309426365439048e-04
-5.245030737961512424e-01 2.836458285831965336e-04
-5.247068838502374488e-01 2.832794792813542921e-04
-5.241973587150221547e-01 3.078729473877439885e-04
-5.242992637420651469e-01 3.408490851956374394e-04
-5.244521212826298573e-01 3.260960865377455597e-04
-5.241973587150221547e-01 3.161930881621838113e-04
-5.245540263096729605e-01 3.099320400732319099e-04
-5.244011687691082502e-01 3.010513210709414144e-04
-5.240954536879791625e-01 3.230164322552785258e-04
-5.244521212826298573e-01 3.260960865377455597e-04
-5.240445011744576664e-01 3.455767601726193500e-04
-5.241973587150222658e-01 3.474871768494862834e-04
-5.240954536879790515e-01 3.309560888928481407e-04
-5.244521212826299683e-01 3.491641583269946962e-04
-5.244521212826299683e-01 3.416479067576393960e-04
-5.243502162555866430e-01 3.092611907150486991e-04
-5.238916436338931781e-01 3.027711369536789936e-04
-5.239935486609360593e-01 3.595312759620143185e-04
-5.235859285527639795e-01 3.356297411378258012e-04
-5.228725933634627010e-01 3.748041404446453458e-04
-5.229235458769843081e-01 3.700990807045218228e-04
-5.217516380659890096e-01 4.405256608910900515e-04
-5.147711437135407131e-01 1.027119770317715380e-03
-3.372525866045655296e-01 1.165613112827763170e-02
-2.960130996162776626e-02 3.014499178584124570e-02
2.025383416424172411e-01 4.171763298649567436e-02
2.127288443467212076e-01 4.243839714603371560e-02
2.053916823996222996e-01 4.205438603514279061e-02
-2.246795806861507858e-02 3.070851135980606772e-02
-3.912622509373767099e-01 8.902330075670508019e-03
-5.166054342003155719e-01 8.178473638186701958e-04
-5.222102106876828076e-01 4.071102641850676720e-04
-5.225668782823333913e-01 4.005204639026645132e-04
-5.232292609581130627e-01 3.888448004712602457e-04
-5.233821184986778841e-01 3.592423217051984104e-04
-5.236368810662852535e-01 3.804757619623292428e-04
-5.240445011744577775e-01 3.674238002312449521e-04
-5.237897386068499639e-01 3.252590726514158594e-04
-5.238916436338931781e-01 3.274863557114847780e-04
-5.243502162555866430e-01 3.487177518052376004e-04
-5.241973587150222658e-01 2.905187036949131844e-04
-5.244011687691083612e-01 3.489782250062180356e-04
-5.241464062015006586e-01 3.469263816427082181e-04
-5.236368810662854756e-01 3.665749185421326994e-04
-5.234840235257207652e-01 3.764628797621974877e-04
-5.231273559310701815e-01 3.984734145025037094e-04
-5.219554481200751050e-01 4.752260931237486550e-04
-5.149240012541054234e-01 8.583494968766745749e-04
-3.162091985201777034e-01 1.466014499167877551e-02
8.239231475867306309e-02 3.623442278380058917e-02
2.509432294878611303e-01 4.476998204947797710e-02
2.481917937576991195e-01 4.465165721927395054e-02
2.258745928352733079e-01 4.358829430187979859e-02
-8.080858605075538770e-02 2.716969339737545022e-02
-4.739072278692820772e-01 4.751069848667631955e-03
-5.202740151738649566e-01 5.545169326810713874e-04
-5.225159257688121173e-01 4.353384663612324670e-04
-5.228216408499410939e-01 3.928303313321507804e-04
-5.233311659851564990e-01 3.854920494891862694e-04
-5.238406911203713490e-01 3.264143844041891124e-04
-5.237387860933284678e-01 3.961209762795809631e-04
-5.238406911203716820e-01 3.419517288779361491e-04
-5.239935486609360593e-01 3.214049658192364507e-04
-5.240954536879791625e-01 3.065207676003130232e-04
-5.241464062015005476e-01 3.316221942859949568e-04
-5.239935486609360593e-01 3.371732293494078114e-04
-5.244011687691083612e-01 3.258969925045716366e-04
-5.245030737961512424e-01 3.262154846328691338e-04
-5.247068838502374488e-01 3.178309809556061983e-04
-5.247578363637588339e-01 3.007493421674730153e-04
-5.247068838502374488e-01 2.923004971775401348e-04
-5.247578363637589449e-01 3.007493421674730153e-04
-5.248087888772804410e-01 2.915890863334417819e-04
-5.248597413908021592e-01 2.998848697205906211e-04
-5.245540263096727385e-01 3.014391351427905385e-04
-5.245030737961513534e-01 3.098901545348188092e-04
-5.245540263096728495e-01 3.099320400732319099e-04
-5.245030737961513534e-01 2.743403703510042375e-04
-5.244521212826299683e-01 3.339625352094974199e-04
-5.246049788231943456e-01 3.181575476802895848e-04
-5.245030737961513534e-01 3.013960693328496818e-04
-5.245030737961513534e-01 2.743403703510042375e-04
-5.242483112285435398e-01 2.820395372118805451e-04
-5.247068838502374488e-01 3.010513210709414144e-04
-5.248087888772804410e-01 3.003606374628561056e-04
-5.247578363637590559e-01 2.829585345550191021e-04
-5.246049788231943456e-01 3.098901545348187550e-04
-5.247068838502373378e-01 2.923004971775401348e-04
-5.249106939043235442e-01 2.993216237843411456e-04
-5.250125989313666475e-01 2.799607636175457655e-04
-5.247068838502374488e-01 3.010513210709414144e-04
-5.245030737961512424e-01 2.926555540921272789e-04
-5.244011687691082502e-01 3.095548661980311871e-04
-5.229235458769839751e-01 3.770486000592683865e-04
-5.223630682282472959e-01 4.155364132757143644e-04
-5.224140207417689030e-01 4.304205851649360809e-04
-5.225668782823335023e-01 3.805781000003020530e-04
-5.233821184986778841e-01 3.803051373688068120e-04
-5.241973587150222658e-01 3.078729473877439885e-04
-5.247068838502373378e-01 3.095548661980311329e-04
-5.245540263096729605e-01 2.926999059229633791e-04
-5.249106939043234332e-01 2.814405797468638401e-04
-5.247578363637589449e-01 2.829585345550191021e-04
-5.246049788231944566e-01 3.181575476802895848e-04
-5.246559313367157307e-01 2.925224582522600067e-04
-5.245540263096728495e-01 2.836915889817490924e-04
-5.240445011744574444e-01 3.057150811291364724e-04
-5.247068838502374488e-01 2.923004971775401348e-04
-5.243502162555867541e-01 3.092611907150486449e-04
-5.247578363637589449e-01 3.007493421674730695e-04
-5.248597413908021592e-01 2.820395372118805993e-04
-5.247068838502373378e-01 2.832794792813542921e-04
-5.249616464178449293e-01 2.986704047437082872e-04
-5.249106939043235442e-01 3.078729473877439885e-04
-5.246049788231943456e-01 2.743403703510042375e-04
-5.249106939043235442e-01 2.905187036949131844e-04
-5.250125989313665364e-01 2.979306357224164020e-04
-5.248087888772805520e-01 3.408490851956374394e-04
-5.248087888772804410e-01 3.003606374628561056e-04
-5.247578363637588339e-01 2.736297041792101195e-04
-5.246049788231944566e-01 3.181575476802895848e-04
-5.245540263096727385e-01 3.014391351427905385e-04
-5.247578363637588339e-01 2.919894682104919015e-04
-5.247068838502374488e-01 3.178309809556061983e-04
-5.247068838502373378e-01 2.923004971775401348e-04
-5.245540263096729605e-01 2.647570265778528332e-04
-5.250125989313665364e-01 2.890853618460147547e-04
-5.249106939043235442e-01 2.623436017737177219e-04
-5.246049788231943456e-01 2.836458285831965336e-04
-5.251654564719310248e-01 2.674885641620516267e-04
-5.248597413908021592e-01 3.248197760178731788e-04
-5.249106939043234332e-01 2.814405797468638401e-04
-5.247068838502374488e-01 2.643153965346540092e-04
-5.248087888772805520e-01 3.003606374628561056e-04
-5.246049788231943456e-01 3.013960693328496818e-04
-5.244011687691083612e-01 2.923004971775401348e-04
-5.241973587150221547e-01 3.161930881621837029e-04
-5.246559313367160637e-01 2.645608375723426469e-04
-5.245540263096728495e-01 3.099320400732319099e-04
-5.246049788231943456e-01 2.926555540921272789e-04
-5.247578363637590559e-01 2.639713956868814781e-04
-5.251145039584095287e-01 2.780999203733343708e-04
-5.249106939043235442e-01 2.720597042193659862e-04
-5.249106939043234332e-01 2.905187036949131844e-04
-5.246559313367158417e-01 3.097644639376651108e-04
-5.247578363637590559e-01 3.092611907150486991e-04
-5.248087888772804410e-01 2.825453556518836887e-04
-5.249106939043235442e-01 2.905187036949131844e-04
-5.247578363637588339e-01 2.829585345550191021e-04
-5.243502162555866430e-01 3.092611907150486991e-04
-5.247578363637590559e-01 2.736297041792101195e-04
-5.248087888772804410e-01 3.088831976741616297e-04
-5.248087888772805520e-01 2.915890863334417819e-04
-5.245030737961512424e-01 2.926555540921272789e-04
-5.243502162555867541e-01 2.919894682104919015e-04
-5.247068838502374488e-01 3.095548661980311871e-04
-5.246049788231943456e-01 2.743403703510042375e-04
-5.248087888772805520e-01 2.915890863334417819e-04
-5.245540263096728495e-01 3.181983449552768049e-04
-5.246049788231943456e-01 3.262154846328691881e-04
-5.250635514448882546e-01 2.971016552654537953e-04
-5.246559313367157307e-01 3.012668349657278638e-04
-5.247068838502374488e-01 3.010513210709414144e-04
-5.240445011744576664e-01 3.140923878385408789e-04
-5.239935486609360593e-01 3.666811362249168126e-04
-5.238406911203716820e-01 3.264143844041891124e-04
-5.239425961474145632e-01 3.586999050864344857e-04
-5.240445011744577775e-01 3.302100280651092080e-04
-5.247068838502374488e-01 2.739615778053435305e-04
-5.247068838502373378e-01 3.010513210709414144e-04
-5.246559313367158417e-01 2.835085030711129487e-04
-5.246559313367157307e-01 3.012668349657278638e-04
-5.248597413908021592e-01 2.998848697205906211e-04
-5.250635514448879215e-01 2.882309426365439590e-04
-5.248087888772805520e-01 3.171768388040607832e-04
-5.250635514448879215e-01 3.057150811291364724e-04
-5.251145039584095287e-01 3.048221079853308041e-04
-5.249106939043235442e-01 2.905187036949131844e-04
-5.247578363637588339e-01 3.007493421674730153e-04
-5.246559313367158417e-01 2.741983844688027343e-04
-5.248087888772805520e-01 2.635284490596900018e-04
-5.247578363637588339e-01 3.092611907150486449e-04
-5.244011687691083612e-01 3.095548661980311329e-04
-5.247578363637588339e-01 2.829585345550191021e-04
-5.246559313367160637e-01 2.925224582522600067e-04
-5.248597413908019371e-01 3.084205770626491350e-04
-5.248087888772804410e-01 3.088831976741616297e-04
-5.249106939043235442e-01 2.905187036949131844e-04
-5.251145039584095287e-01 2.961827142969332112e-04
-5.247068838502374488e-01 2.923004971775401348e-04
-5.248597413908019371e-01 3.084205770626491350e-04
-5.247068838502374488e-01 2.923004971775401348e-04
-5.246049788231944566e-01 3.013960693328496818e-04
-5.247578363637588339e-01 2.919894682104918473e-04
-5.246049788231944566e-01 3.098901545348188092e-04
-5.246559313367157307e-01 3.097644639376651108e-04
-5.246559313367157307e-01 3.012668349657278638e-04
-5.247068838502374488e-01 3.178309809556061983e-04
-5.247578363637588339e-01 2.829585345550191021e-04
-5.247068838502374488e-01 2.739615778053435305e-04
-5.248597413908018261e-01 2.998848697205906211e-04
-5.246049788231944566e-01 3.013960693328496818e-04
-5.250635514448882546e-01 3.140923878385409331e-04
-5.248087888772804410e-01 2.732024171418099764e-04
-5.248087888772805520e-01 3.003606374628561056e-04
-5.246559313367157307e-01 3.260960865377455597e-04
-5.246049788231943456e-01 3.098901545348187550e-04
-5.246559313367160637e-01 2.741983844688027343e-04
-5.245030737961512424e-01 2.926555540921272789e-04
-5.250125989313666475e-01 2.799607636175457112e-04
-5.245540263096728495e-01 3.262552742877872117e-04
-5.247578363637590559e-01 3.175449595739343709e-04
-5.247578363637589449e-01 3.007493421674730695e-04
-5.244521212826298573e-01 2.925224582522599525e-04
-5.247068838502374488e-01 3.010513210709414144e-04
-5.249106939043234332e-01 2.993216237843411456e-04
-5.247578363637589449e-01 2.736297041792101195e-04
-5.248597413908021592e-01 2.529216256980133934e-04
-5.248087888772804410e-01 3.088831976741616297e-04
-5.248597413908021592e-01 2.820395372118805451e-04
-5.248087888772804410e-01 2.825453556518836887e-04
-5.247578363637590559e-01 3.175449595739343709e-04
-5.248087888772805520e-01 2.732024171418099764e-04
-5.249616464178450403e-01 2.986704047437082872e-04
-5.246559313367160637e-01 3.180351244546912224e-04
-5.244011687691082502e-01 3.095548661980311329e-04
-5.248087888772804410e-01 3.003606374628561598e-04
-5.248087888772805520e-01 3.252590726514159136e-04
-5.244521212826296352e-01 2.835085030711130029e-04
-5.245540263096729605e-01 2.926999059229633791e-04
-5.246049788231943456e-01 3.181575476802896933e-04
-5.247068838502374488e-01 2.739615778053435305e-04
-5.251145039584095287e-01 2.961827142969332112e-04
-5.247578363637588339e-01 3.092611907150486449e-04
-5.247578363637589449e-01 3.092611907150485907e-04
-5.246559313367157307e-01 2.835085030711130029e-04
-5.246559313367158417e-01 3.097644639376651108e-04
-5.245540263096728495e-01 3.181983449552768591e-04
-5.245540263096727385e-01 2.836915889817490924e-04
-5.244521212826299683e-01 3.097644639376651108e-04
-5.245030737961512424e-01 2.926555540921272789e-04
-5.244521212826299683e-01 3.097644639376651108e-04
-5.243502162555867541e-01 2.919894682104919015e-04
-5.245540263096727385e-01 3.014391351427905385e-04
-5.249106939043235442e-01 2.993216237843411456e-04
-5.247578363637588339e-01 3.092611907150486449e-04
-5.246049788231943456e-01 3.098901545348187550e-04
-5.246049788231943456e-01 3.492756708092097399e-04
-5.246049788231944566e-01 2.926555540921272789e-04
-5.242483112285438729e-01 3.248197760178732872e-04
-5.244521212826296352e-01 3.180351244546911682e-04
-5.248597413908021592e-01 3.084205770626491892e-04
-5.244521212826296352e-01 3.260960865377455597e-04
-5.244011687691082502e-01 3.258969925045716908e-04
-5.244521212826299683e-01 3.012668349657278638e-04
-5.246559313367157307e-01 2.835085030711130029e-04
-5.245030737961513534e-01 3.098901545348188092e-04
-5.242992637420651469e-01 3.408490851956374394e-04
-5.246559313367157307e-01 2.925224582522600067e-04
-5.248597413908019371e-01 2.726792681565098648e-04
-5.247068838502374488e-01 3.414578806531907594e-04
-5.247068838502374488e-01 3.178309809556061983e-04
-5.249106939043234332e-01 3.078729473877439885e-04
-5.246049788231943456e-01 3.013960693328496818e-04
-5.246559313367160637e-01 3.339625352094973657e-04
-5.246559313367157307e-01 2.835085030711130029e-04
-5.247578363637590559e-01 2.829585345550191021e-04
-5.243502162555866430e-01 3.256180563469008985e-04
-5.244011687691083612e-01 3.178309809556061983e-04
-5.246049788231944566e-01 3.098901545348188092e-04
-5.247578363637589449e-01 2.736297041792101195e-04
-5.246049788231944566e-01 2.743403703510042917e-04
-5.246559313367157307e-01 2.925224582522599525e-04
-5.246049788231943456e-01 3.417618717044099315e-04
-5.246049788231944566e-01 3.013960693328496818e-04
-5.246559313367157307e-01 2.925224582522599525e-04
-5.248087888772805520e-01 3.088831976741616297e-04
-5.249616464178449293e-01 2.986704047437082872e-04
-5.246559313367158417e-01 2.741983844688027343e-04
-5.246049788231943456e-01 2.647079929582864884e-04
-5.245540263096729605e-01 3.099320400732319099e-04
-5.241973587150222658e-01 3.242998400706673871e-04
-5.244521212826296352e-01 3.097644639376651108e-04
-5.241464062015006586e-01 3.072398540848703770e-04
-5.247068838502374488e-01 3.010513210709414144e-04
-5.241973587150221547e-01 3.078729473877439885e-04
-5.242992637420652580e-01 3.171768388040607290e-04
-5.245540263096727385e-01 2.647570265778528332e-04
-5.247068838502374488e-01 3.178309809556061983e-04
-5.247068838502374488e-01 3.095548661980311871e-04
-5.246559313367158417e-01 3.339625352094973115e-04
-5.245030737961513534e-01 3.098901545348187550e-04
-5.246049788231943456e-01 3.013960693328496818e-04
-5.245540263096728495e-01 3.099320400732319099e-04
-5.247068838502374488e-01 3.010513210709414144e-04
-5.245540263096728495e-01 3.181983449552769133e-04
-5.244011687691083612e-01 3.258969925045716366e-04
-5.244521212826298573e-01 3.416479067576394502e-04
-5.242992637420652580e-01 3.088831976741616297e-04
-5.244011687691083612e-01 3.010513210709414144e-04
-5.248597413908018261e-01 2.910989828546531842e-04
-5.244521212826298573e-01 3.012668349657278638e-04
-5.242483112285435398e-01 3.327164020011986502e-04
-5.249106939043235442e-01 3.399338476917300152e-04
-5.244521212826298573e-01 3.097644639376651108e-04
-5.245030737961512424e-01 2.926555540921272789e-04
-5.244521212826299683e-01 3.012668349657278638e-04
-5.244521212826296352e-01 3.012668349657278638e-04
-5.246559313367160637e-01 3.180351244546911682e-04
-5.243502162555867541e-01 3.007493421674730695e-04
-5.242483112285435398e-01 3.327164020011986502e-04
-5.241464062015007697e-01 3.543306810706968327e-04
-5.240954536879790515e-01 3.230164322552784716e-04
-5.241973587150222658e-01 3.242998400706673329e-04
-5.246559313367160637e-01 2.835085030711130029e-04
-5.242483112285437619e-01 3.327164020011987044e-04
-5.244521212826299683e-01 3.339625352094974199e-04
-5.239425961474145632e-01 3.204747034750286177e-04
-5.244521212826298573e-01 3.260960865377455597e-04
-5.244011687691082502e-01 3.010513210709414144e-04
-5.242992637420651469e-01 3.171768388040607832e-04
-5.244011687691083612e-01 3.010513210709414144e-04
-5.241973587150221547e-01 3.242998400706673329e-04
-5.244011687691083612e-01 3.337681335775582146e-04
-5.242992637420651469e-01 3.003606374628561056e-04
-5.243502162555867541e-01 3.411916663046994777e-04
-5.243502162555868651e-01 2.919894682104919015e-04
-5.245030737961512424e-01 3.340791218896799197e-04
-5.242992637420652580e-01 3.331452860395610381e-04
-5.241973587150221547e-01 3.161930881621838113e-04
-5.242992637420651469e-01 3.171768388040607832e-04
-5.242483112285438729e-01 2.998848697205905669e-04
-5.240954536879790515e-01 3.148766397156305239e-04
-5.245540263096729605e-01 2.926999059229633791e-04
-5.244011687691082502e-01 3.095548661980311329e-04
-5.242992637420652580e-01 3.331452860395610381e-04
-5.242483112285438729e-01 2.998848697205905669e-04
-5.241464062015005476e-01 2.986704047437082872e-04
-5.245540263096728495e-01 3.417998515758061259e-04
-5.239425961474144522e-01 3.284758025117366989e-04
-5.241973587150221547e-01 2.993216237843411456e-04
-5.241464062015007697e-01 3.155766867283042970e-04
-5.240954536879790515e-01 3.609725776960605163e-04
-5.239935486609361703e-01 3.293834685007528281e-04
-5.241973587150221547e-01 2.905187036949131844e-04
-5.239935486609361703e-01 3.132232985985279627e-04
-5.240954536879791625e-01 3.537073431245336486e-04
-5.244521212826298573e-01 3.260960865377456139e-04
-5.238406911203715710e-01 3.342733426617917935e-04
-5.241973587150221547e-01 3.830260101043214747e-04
-5.243502162555867541e-01 3.334957809140252352e-04
-5.239425961474145632e-01 3.122686636521275960e-04
-5.245030737961512424e-01 3.181575476802895848e-04
-5.240954536879791625e-01 3.065207676003130232e-04
-5.241464062015005476e-01 3.469263816427082181e-04
-5.240954536879791625e-01 3.462897158621587807e-04
-5.239935486609361703e-01 3.293834685007528281e-04
-5.239935486609360593e-01 3.522363143211559833e-04
-5.238406911203715710e-01 3.183614817744820401e-04
-5.240445011744576664e-01 3.379807389528020922e-04
-5.238916436338929561e-01 3.353201909302675355e-04
-5.236878335798070827e-01 3.816679983477412044e-04
-5.238406911203713490e-01 3.419517288779362033e-04
-5.238916436338931781e-01 3.429751415391981426e-04
-5.242483112285435398e-01 3.696779551207142402e-04
-5.238406911203715710e-01 3.419517288779361491e-04
-5.241973587150222658e-01 3.621214887457936986e-04
-5.242483112285437619e-01 3.696779551207142944e-04
-5.241973587150221547e-01 3.474871768494862834e-04
-5.235349760392422613e-01 3.566675946506592991e-04
-5.235859285527639795e-01 3.356297411378258012e-04
-5.236878335798070827e-01 3.534136271983350018e-04
-5.234330710121993802e-01 3.679886334628226438e-04
-5.235859285527639795e-01 3.723021749571892264e-04
-5.234330710121993802e-01 3.885776449601821341e-04
-5.237387860933284678e-01 3.396664388810190075e-04
-5.236368810662855866e-01 3.735900000970223582e-04
-5.236368810662852535e-01 3.735900000970223040e-04
-5.232292609581130627e-01 4.019762597345494758e-04
-5.234330710121991581e-01 3.679886334628226438e-04
-5.235349760392423724e-01 3.638737285683164803e-04
-5.238406911203715710e-01 3.264143844041890582e-04
-5.236878335798070827e-01 4.142849831992235403e-04
-5.235859285527639795e-01 3.859968186585187376e-04
-5.229744983905055822e-01 3.992219665188042861e-04
-5.227706883364194868e-01 3.838385109504183212e-04
-5.227197358228979907e-01 3.948080095375775607e-04
-5.227197358228979907e-01 3.948080095375775607e-04
-5.223630682282472959e-01 4.278494423213487674e-04
-5.219554481200751050e-01 4.107606963112715856e-04
-5.221083056606395933e-01 4.381916162850956484e-04
-5.220064006335967122e-01 4.323464139548158572e-04
-5.221592581741613115e-01 4.583177883193746997e-04
-5.218535430930322239e-01 4.468451192005114085e-04
-5.215478280119030252e-01 4.784926644648327234e-04
-5.213440179578170408e-01 4.760993702459532097e-04
-5.212421129307739376e-01 4.907073601632941026e-04
-5.209873503631663461e-01 4.887193410770729243e-04
-5.211402079037307233e-01 4.836732931682748149e-04
-5.207325877955585325e-01 5.410331653435379150e-04
-5.209363978496446279e-01 4.795765772015135315e-04
-5.214968754983813071e-01 4.641994901282846296e-04
-5.209873503631662350e-01 4.669875001212778665e-04
-5.213440179578170408e-01 4.302697667766326901e-04
-5.213440179578168188e-01 4.594492992089850743e-04
-5.213440179578168188e-01 4.760993702459532097e-04
-5.211911604172524415e-01 4.598164407305031895e-04
-5.213440179578170408e-01 4.815214716052806519e-04
-5.210383028766877311e-01 4.539923280916083109e-04
-5.206306827685155403e-01 4.932403325025472383e-04
-5.202230626603434605e-01 5.214859700206329624e-04
-5.198663950656926547e-01 5.448822821515186257e-04
-5.192549649034344794e-01 5.828219245134997955e-04
-5.186435347411760821e-01 5.907855505821035932e-04
-5.182868671465256094e-01 6.065489593156888921e-04
-5.171659118490522511e-01 6.379246553510065348e-04
-5.167582917408799492e-01 6.815267722090507250e-04
-5.152806688487562292e-01 7.621787559226299042e-04
-5.121216130104220277e-01 9.500150459753671939e-04
-5.075358867934853802e-01 1.176815559808180606e-03
-4.983644343596116966e-01 1.790631106491154647e-03
-4.764548535453581035e-01 3.095817026281259994e-03
6.902558010704066271e-01 9.411892468227202324e-02
6.290956087355883852e+00 4.054483906915612446e-01
7.914456025692074626e+00 3.832921608718843909e-01
7.972745701160692811e+00 3.812788788366926473e-01
7.948186589643321476e+00 3.826754846513604202e-01
7.900596942014221469e+00 3.836462557864883660e-01
6.950943995000133491e+00 3.890692987112186474e-01
2.770901690721674804e+00 2.424089256512917956e-01
-3.159034834390486157e-01 1.868552747964874472e-02
-4.930653729533736596e-01 1.995465927228574823e-03
-5.056506437931890252e-01 1.295627342742481248e-03
-5.104911325777333753e-01 9.948665828579095725e-04
-5.131916157943737788e-01 8.582285045940192883e-04
-5.164016241462295875e-01 7.004812501818800724e-04
-5.176244844707457160e-01 6.241214957598357951e-04
-5.181849621194827282e-01 6.172408602507715699e-04
-5.186435347411761931e-01 6.038249072219238709e-04
-5.190002023358267769e-01 5.902359927334650293e-04
-5.192040123899128723e-01 5.552421433992684330e-04
-5.200192526062572540e-01 5.482784039605220674e-04
-5.204778252279511630e-01 5.368180403003110441e-04
-5.202230626603434605e-01 4.907073601632941026e-04
-5.209873503631663461e-01 4.779769448479334734e-04
-5.214459229848599220e-01 4.376877261412949059e-04
-5.212421129307738266e-01 4.224759236910027101e-04
-5.218025905795106167e-01 4.552771742042542374e-04
-5.216497330389460174e-01 4.571834769939731318e-04
-5.214968754983813071e-01 4.232433646935367219e-04
-5.219044956065538310e-01 4.381916162850956484e-04
-5.212930654442952116e-01 4.501157848930886296e-04
-5.208854453361232428e-01 4.533342227101120237e-04
-5.204778252279509410e-01 5.120664234747840339e-04
-5.203759202009079488e-01 5.139893993189150259e-04
-5.197135375251281664e-01 5.410331653435379150e-04
-5.201211576333004682e-01 5.278198395587384035e-04
-5.203759202009079488e-01 5.089133377539806517e-04
-5.208854453361230208e-01 5.022377653015340547e-04
-5.214968754983816401e-01 4.697589636224960038e-04
-5.224140207417690140e-01 4.181832679544724980e-04
-5.221083056606395933e-01 4.322263010440509259e-04
-5.226687833093763835e-01 4.241930632786161887e-04
-5.228725933634624790e-01 4.266341311252826239e-04
-5.230254509040273003e-01 4.076201081721819090e-04
-5.230254509040273003e-01 3.946764726325315822e-04
-5.235349760392422613e-01 3.778739536920383514e-04
-5.235349760392423724e-01 3.778739536920382972e-04
-5.237897386068499639e-01 4.036198140498061600e-04
-5.232292609581132847e-01 3.389012510677421306e-04
-5.239935486609361703e-01 3.293834685007528281e-04
-5.239425961474144522e-01 3.658660126020713606e-04
-5.236368810662855866e-01 3.370577129081659133e-04
-5.236878335798068607e-01 3.606847781065977135e-04
-5.232292609581132847e-01 3.611523359750654235e-04
-5.237387860933285788e-01 3.546236374506877577e-04
-5.235859285527638685e-01 3.278033036256987397e-04
-5.233821184986778841e-01 3.444857198310219979e-04
-5.237897386068499639e-01 3.331452860395610381e-04
-5.241973587150222658e-01 3.474871768494862834e-04
-5.240445011744576664e-01 3.140923878385408789e-04
-5.239935486609360593e-01 3.293834685007528823e-04
-5.242483112285437619e-01 3.479724683035528322e-04
-5.239935486609360593e-01 3.293834685007528823e-04
-5.240445011744577775e-01 3.455767601726192958e-04
-5.246049788231943456e-01 3.098901545348187550e-04
-5.239935486609361703e-01 3.214049658192364507e-04
-5.241973587150222658e-01 3.242998400706673329e-04
-5.241464062015006586e-01 3.316221942859949568e-04
-5.239425961474144522e-01 3.362865892420501034e-04
-5.238916436338929561e-01 3.353201909302675897e-04
-5.237897386068500749e-01 3.252590726514158594e-04
-5.237897386068500749e-01 3.171768388040607290e-04
-5.239425961474144522e-01 3.513876842473213349e-04
-5.242483112285438729e-01 3.084205770626491350e-04
-5.239935486609360593e-01 3.371732293494078656e-04
-5.240954536879791625e-01 3.462897158621587807e-04
-5.239425961474146742e-01 3.204747034750286719e-04
-5.242483112285437619e-01 3.167263323817257428e-04
-5.241973587150221547e-01 3.161930881621838113e-04
-5.241973587150221547e-01 3.399338476917299610e-04
-5.244521212826298573e-01 3.339625352094973115e-04
-5.241973587150222658e-01 3.322088251961141463e-04
-5.241973587150221547e-01 3.322088251961142005e-04
-5.242992637420652580e-01 3.171768388040607290e-04
-5.239425961474144522e-01 3.204747034750286177e-04
-5.242992637420652580e-01 3.483825715316781033e-04
-5.240445011744576664e-01 3.379807389528020922e-04
-5.242992637420651469e-01 3.252590726514159136e-04
-5.247578363637589449e-01 3.092611907150486449e-04
-5.243502162555866430e-01 3.334957809140250726e-04
-5.245030737961512424e-01 3.181575476802896390e-04
-5.242992637420652580e-01 3.408490851956373852e-04
-5.244521212826296352e-01 3.260960865377455597e-04
-5.241464062015007697e-01 3.316221942859949026e-04
-5.246559313367157307e-01 2.925224582522599525e-04
-5.244011687691083612e-01 3.178309809556061983e-04
-5.244521212826298573e-01 3.339625352094973115e-04
-5.241973587150221547e-01 3.548797759004422049e-04
-5.240445011744576664e-01 3.222519904770773246e-04
-5.241464062015005476e-01 3.469263816427082181e-04
-5.244011687691083612e-01 3.337681335775581604e-04
-5.242992637420652580e-01 3.171768388040607290e-04
-5.247578363637589449e-01 3.092611907150486449e-04
-5.246559313367160637e-01 3.491641583269946419e-04
-5.245540263096727385e-01 3.099320400732319099e-04
-5.244521212826299683e-01 3.180351244546912224e-04
-5.244521212826298573e-01 3.180351244546911682e-04
-5.243502162555866430e-01 3.411916663046993693e-04
-5.243502162555867541e-01 3.092611907150486991e-04
-5.247578363637588339e-01 3.334957809140251268e-04
-5.240445011744577775e-01 3.222519904770772704e-04
-5.245540263096727385e-01 3.262552742877872659e-04
-5.243502162555868651e-01 3.175449595739343709e-04
-5.240954536879791625e-01 2.979306357224164020e-04
-5.247068838502373378e-01 3.258969925045716366e-04
-5.243502162555867541e-01 3.256180563469009527e-04
-5.242483112285437619e-01 3.404299067780990084e-04
-5.241464062015006586e-01 3.393605707965793037e-04
-5.241464062015007697e-01 3.469263816427082181e-04
-5.244011687691082502e-01 3.489782250062179814e-04
-5.244011687691083612e-01 3.489782250062179814e-04
-5.244521212826296352e-01 3.416479067576393960e-04
-5.241464062015007697e-01 3.393605707965792495e-04
-5.245030737961513534e-01 3.262154846328691881e-04
-5.241464062015006586e-01 3.316221942859949568e-04
-5.240954536879791625e-01 3.230164322552785258e-04
-5.241973587150221547e-01 3.399338476917299610e-04
-5.247578363637588339e-01 2.829585345550191021e-04
-5.244521212826299683e-01 3.339625352094973657e-04
-5.245030737961512424e-01 3.013960693328496818e-04
-5.244011687691083612e-01 3.258969925045716366e-04
-5.245540263096727385e-01 2.926999059229633791e-04
-5.239425961474146742e-01 3.728944306981011778e-04
-5.235349760392424834e-01 3.913736825790621555e-04
-5.233311659851562769e-01 4.239788011555586543e-04
-5.232292609581130627e-01 3.682707252125376690e-04
-5.234840235257207652e-01 3.832970350878919558e-04
-5.232802134716348919e-01 3.971355398667792769e-04
-5.245540263096729605e-01 2.926999059229633249e-04
-5.245540263096727385e-01 3.014391351427905385e-04
-5.243502162555868651e-01 2.736297041792101195e-04
-5.246559313367157307e-01 3.180351244546912224e-04
-5.245030737961513534e-01 2.647079929582865426e-04
-5.247068838502374488e-01 2.923004971775401348e-04
-5.246559313367158417e-01 3.097644639376651108e-04
-5.244011687691083612e-01 3.178309809556061983e-04
-5.245540263096727385e-01 3.014391351427905385e-04
-5.245030737961512424e-01 3.181575476802896390e-04
-5.249106939043234332e-01 3.242998400706673329e-04
-5.249616464178449293e-01 3.469263816427081096e-04
-5.250125989313666475e-01 3.309560888928481407e-04
-5.247578363637588339e-01 3.256180563469008985e-04
-5.246559313367160637e-01 3.180351244546912224e-04
-5.247578363637589449e-01 3.007493421674730153e-04
-5.244011687691082502e-01 3.010513210709414686e-04
-5.246049788231944566e-01 3.181575476802895848e-04
-5.245540263096727385e-01 3.014391351427905385e-04
-5.245030737961513534e-01 3.340791218896799197e-04
-5.245540263096729605e-01 3.099320400732319099e-04
-5.246559313367158417e-01 3.012668349657278638e-04
-5.248597413908021592e-01 2.910989828546531842e-04
-5.250635514448879215e-01 2.790784101732499524e-04
-5.248087888772805520e-01 3.088831976741616297e-04
-5.250635514448880325e-01 2.971016552654538495e-04
-5.248087888772804410e-01 3.171768388040607290e-04
-5.248597413908021592e-01 3.248197760178731788e-04
-5.246559313367157307e-01 3.180351244546912766e-04
-5.248087888772805520e-01 3.003606374628561056e-04
-5.248087888772804410e-01 3.088831976741616297e-04
-5.248087888772805520e-01 3.088831976741616297e-04
-5.246559313367160637e-01 3.097644639376651650e-04
-5.245540263096728495e-01 2.926999059229633791e-04
-5.244521212826299683e-01 3.097644639376651108e-04
-5.248087888772804410e-01 2.915890863334417819e-04
-5.242992637420651469e-01 3.088831976741616297e-04
-5.245030737961513534e-01 2.743403703510042375e-04
-5.246559313367157307e-01 3.180351244546912224e-04
-5.244521212826298573e-01 3.416479067576393960e-04
-5.245030737961512424e-01 3.181575476802895848e-04
-5.242483112285437619e-01 3.625871939739611235e-04
-5.240954536879791625e-01 3.387096840120942787e-04
-5.244011687691082502e-01 3.178309809556061983e-04
-5.246559313367160637e-01 3.180351244546912224e-04
-5.245540263096727385e-01 3.181983449552769133e-04
-5.244011687691082502e-01 3.010513210709414686e-04
-5.246049788231944566e-01 3.098901545348188092e-04
-5.245540263096727385e-01 3.099320400732319099e-04
-5.245030737961513534e-01 3.262154846328692423e-04
-5.242992637420651469e-01 2.915890863334417819e-04
-5.248087888772805520e-01 3.408490851956374394e-04
-5.248597413908019371e-01 3.084205770626491350e-04
-5.248087888772804410e-01 3.088831976741616297e-04
-5.248087888772805520e-01 3.171768388040607832e-04
-5.251145039584095287e-01 3.132232985985279627e-04
-5.248597413908018261e-01 2.910989828546531300e-04
-5.251145039584096397e-01 2.872836281098818082e-04
-5.246049788231943456e-01 3.013960693328496818e-04
-5.249106939043235442e-01 3.161930881621838113e-04
-5.244521212826296352e-01 2.925224582522600067e-04
-5.245030737961513534e-01 3.098901545348188092e-04
-5.247068838502374488e-01 2.832794792813542921e-04
-5.247578363637588339e-01 2.919894682104919015e-04
-5.245540263096728495e-01 3.014391351427905385e-04
-5.247068838502373378e-01 3.095548661980311871e-04
-5.247068838502373378e-01 2.739615778053435305e-04
-5.247578363637590559e-01 3.256180563469008985e-04
-5.251654564719310248e-01 3.204747034750286719e-04
-5.247578363637589449e-01 3.007493421674730695e-04
-5.249616464178449293e-01 2.898477072558080961e-04
-5.247578363637590559e-01 2.736297041792101195e-04
-5.250125989313665364e-01 3.065207676003130232e-04
-5.246049788231943456e-01 3.181575476802896933e-04
-5.246049788231944566e-01 3.181575476802896390e-04
-5.244521212826296352e-01 2.645608375723426469e-04
-5.245540263096729605e-01 3.099320400732319099e-04
-5.248597413908019371e-01 2.998848697205905669e-04
-5.246049788231943456e-01 2.836458285831965336e-04
-5.248597413908021592e-01 3.167263323817257428e-04
-5.249106939043234332e-01 2.905187036949131844e-04
-5.245540263096728495e-01 3.014391351427905385e-04
-5.250125989313665364e-01 2.890853618460147005e-04
-5.248597413908018261e-01 2.998848697205905669e-04
-5.249616464178451514e-01 2.986704047437082872e-04
-5.248597413908018261e-01 2.726792681565099190e-04
-5.248597413908019371e-01 2.820395372118805451e-04
-5.250635514448880325e-01 3.379807389528020922e-04
-5.251654564719311358e-01 3.038410785768831798e-04
-5.247068838502374488e-01 2.832794792813542921e-04
-5.248597413908021592e-01 2.998848697205906211e-04
-5.246049788231944566e-01 2.926555540921272789e-04
-5.246559313367157307e-01 2.925224582522599525e-04
-5.246049788231943456e-01 2.926555540921272789e-04
-5.247068838502374488e-01 3.095548661980311329e-04
-5.245540263096727385e-01 3.181983449552769133e-04
-5.249616464178451514e-01 3.072398540848703770e-04
-5.244521212826298573e-01 3.097644639376651108e-04
-5.250125989313666475e-01 3.148766397156305239e-04
-5.249616464178450403e-01 2.713430648916695192e-04
-5.245540263096728495e-01 2.926999059229633791e-04
-5.248087888772805520e-01 3.003606374628561056e-04
-5.249106939043234332e-01 3.161930881621838113e-04
-5.244521212826296352e-01 2.835085030711130029e-04
-5.248597413908021592e-01 2.998848697205906211e-04
-5.246049788231943456e-01 2.926555540921272247e-04
-5.246559313367158417e-01 2.925224582522600067e-04
-5.245540263096727385e-01 2.836915889817490924e-04
-5.245030737961513534e-01 3.013960693328496818e-04
-5.247068838502374488e-01 2.832794792813542921e-04
-5.243502162555868651e-01 3.175449595739343709e-04
-5.245540263096728495e-01 3.014391351427905385e-04
-5.250635514448879215e-01 2.790784101732499524e-04
-5.249106939043234332e-01 3.161930881621837029e-04
-5.248087888772805520e-01 3.003606374628561056e-04
-5.248087888772804410e-01 3.003606374628561056e-04
-5.248597413908021592e-01 3.248197760178731788e-04
-5.249106939043234332e-01 2.720597042193659320e-04
-5.245030737961513534e-01 3.013960693328496818e-04
-5.244521212826298573e-01 3.097644639376651108e-04
-5.244521212826296352e-01 2.835085030711130029e-04
-5.245540263096728495e-01 3.181983449552769133e-04
-5.245540263096727385e-01 3.014391351427905385e-04
-5.247068838502373378e-01 3.010513210709414144e-04
-5.243502162555868651e-01 3.092611907150486449e-04
-5.248597413908018261e-01 2.998848697205905669e-04
-5.246559313367160637e-01 2.741983844688027886e-04
-5.246049788231943456e-01 2.743403703510042917e-04
-5.248597413908021592e-01 2.910989828546531842e-04
-5.246049788231944566e-01 2.836458285831965336e-04
-5.248597413908018261e-01 3.167263323817257970e-04
-5.249616464178450403e-01 2.986704047437082872e-04
-5.247068838502373378e-01 2.739615778053435305e-04
-5.246049788231943456e-01 2.926555540921272789e-04
-5.246559313367157307e-01 3.260960865377456139e-04
-5.244521212826296352e-01 2.925224582522600067e-04
-5.246559313367158417e-01 2.925224582522600067e-04
-5.244011687691082502e-01 3.095548661980311871e-04
-5.244521212826299683e-01 2.835085030711130029e-04
-5.246559313367157307e-01 3.097644639376651108e-04
-5.245030737961512424e-01 3.013960693328496818e-04
-5.249616464178451514e-01 3.072398540848703770e-04
-5.246559313367157307e-01 2.925224582522600067e-04
-5.246049788231944566e-01 2.926555540921272789e-04
-5.249106939043234332e-01 3.322088251961140921e-04
-5.248087888772804410e-01 2.915890863334417819e-04
-5.245030737961513534e-01 3.181575476802896933e-04
-5.246049788231943456e-01 3.013960693328496818e-04
-5.246049788231944566e-01 3.098901545348188092e-04
-5.242992637420651469e-01 2.915890863334417819e-04
-5.244011687691082502e-01 2.832794792813542921e-04
-5.244011687691083612e-01 2.832794792813542921e-04
-5.244011687691082502e-01 3.095548661980311329e-04
-5.247578363637590559e-01 3.256180563469008985e-04
-5.244521212826298573e-01 2.925224582522600067e-04
-5.245540263096729605e-01 3.014391351427905385e-04
-5.249106939043235442e-01 3.322088251961141463e-04
-5.245540263096728495e-01 3.014391351427905385e-04
-5.245540263096728495e-01 3.262552742877872117e-04
-5.246559313367157307e-01 3.260960865377455597e-04
-5.244011687691082502e-01 2.923004971775401348e-04
-5.249106939043235442e-01 3.161930881621838113e-04
-5.246559313367157307e-01 3.180351244546912224e-04
-5.245540263096729605e-01 2.743876826511492729e-04
-5.246559313367157307e-01 2.835085030711130029e-04
-5.246049788231944566e-01 2.836458285831965336e-04
-5.246049788231943456e-01 3.013960693328496818e-04
-5.243502162555866430e-01 2.829585345550191563e-04
-5.245030737961513534e-01 3.098901545348187550e-04
-5.244521212826296352e-01 3.097644639376651650e-04
-5.247578363637590559e-01 3.092611907150486991e-04
-5.248597413908019371e-01 3.167263323817257428e-04
-5.243502162555867541e-01 3.175449595739344251e-04
-5.249616464178451514e-01 3.155766867283044054e-04
-5.248087888772804410e-01 2.915890863334417819e-04
-5.248087888772805520e-01 2.915890863334417819e-04
-5.242992637420651469e-01 3.088831976741616297e-04
-5.244521212826298573e-01 3.180351244546912224e-04
-5.246049788231944566e-01 3.340791218896799197e-04
-5.246049788231943456e-01 3.181575476802896933e-04
-5.247068838502374488e-01 3.095548661980311329e-04
-5.247068838502373378e-01 2.923004971775401348e-04
-5.247068838502374488e-01 2.923004971775401348e-04
-5.245540263096728495e-01 3.262552742877872117e-04
-5.246559313367158417e-01 3.097644639376651108e-04
-5.248597413908019371e-01 3.084205770626490808e-04
-5.246049788231943456e-01 3.181575476802896933e-04
-5.246559313367157307e-01 3.260960865377455597e-04
-5.246049788231944566e-01 3.098901545348188092e-04
-5.246049788231943456e-01 3.340791218896800282e-04
-5.248087888772805520e-01 2.732024171418099764e-04
-5.250125989313665364e-01 2.890853618460147005e-04
-5.245030737961513534e-01 3.181575476802896933e-04
-5.243502162555868651e-01 3.007493421674730695e-04
-5.241464062015006586e-01 3.316221942859950110e-04
-5.231783084445916776e-01 3.870714595232111572e-04
-5.222611632012044147e-01 3.971355398667792769e-04
-5.222611632012044147e-01 4.100015506823383865e-04
-5.222102106876826966e-01 4.378359893229942122e-04
-5.226178307958548874e-01 4.218917348776524134e-04
-5.239935486609361703e-01 3.873396538803660846e-04
-5.245030737961512424e-01 2.926555540921272789e-04
-5.249616464178450403e-01 2.898477072558080961e-04
-5.245030737961513534e-01 2.926555540921272789e-04
-5.246049788231943456e-01 2.836458285831965336e-04
-5.249106939043235442e-01 3.242998400706673329e-04
-5.248087888772804410e-01 2.915890863334417819e-04
-5.245540263096727385e-01 3.181983449552769133e-04
-5.247068838502374488e-01 3.258969925045715824e-04
-5.242992637420651469e-01 2.825453556518836887e-04
-5.243502162555868651e-01 3.007493421674730695e-04
-5.248087888772804410e-01 2.915890863334417819e-04
-5.246559313367160637e-01 3.339625352094973115e-04
-5.242992637420652580e-01 3.003606374628561056e-04
-5.246559313367157307e-01 2.925224582522599525e-04
-5.249106939043235442e-01 3.078729473877439885e-04
-5.247068838502373378e-01 3.095548661980311329e-04
-5.246559313367158417e-01 3.097644639376651108e-04
-5.251145039584096397e-01 2.872836281098818082e-04
-5.248087888772804410e-01 3.088831976741616297e-04
-5.245030737961513534e-01 3.098901545348188092e-04
-5.244521212826296352e-01 3.491641583269946962e-04
-5.245030737961513534e-01 3.098901545348187550e-04
-5.245030737961512424e-01 3.013960693328496818e-04
-5.250125989313665364e-01 3.230164322552785258e-04
-5.246049788231944566e-01 3.181575476802895848e-04
-5.245540263096727385e-01 3.181983449552769133e-04
-5.246049788231943456e-01 3.098901545348187550e-04
-5.242992637420651469e-01 3.331452860395610924e-04
-5.246559313367160637e-01 3.012668349657278638e-04
-5.246049788231944566e-01 3.181575476802895848e-04
-5.248597413908019371e-01 2.820395372118805451e-04
-5.248597413908021592e-01 3.248197760178731788e-04
-5.246049788231943456e-01 2.836458285831965336e-04
-5.247068838502373378e-01 3.095548661980311329e-04
-5.249106939043235442e-01 3.242998400706673329e-04
-5.245540263096727385e-01 2.836915889817491466e-04
-5.243502162555868651e-01 3.092611907150486449e-04
-5.245540263096727385e-01 2.926999059229633791e-04
-5.247068838502374488e-01 3.095548661980311329e-04
-5.246049788231944566e-01 2.926555540921272789e-04
-5.243502162555867541e-01 3.092611907150486449e-04
-5.244011687691083612e-01 3.258969925045716908e-04
-5.246049788231943456e-01 2.926555540921272789e-04
-5.247068838502373378e-01 3.010513210709414144e-04
-5.247578363637590559e-01 2.829585345550191563e-04
-5.244521212826296352e-01 3.097644639376651650e-04
-5.245540263096729605e-01 2.836915889817491466e-04
-5.248597413908018261e-01 3.084205770626491350e-04
-5.248087888772805520e-01 2.915890863334417819e-04
-5.248597413908021592e-01 2.820395372118805451e-04
-5.247578363637589449e-01 3.256180563469009527e-04
-5.242992637420652580e-01 3.088831976741616297e-04
-5.244011687691082502e-01 3.010513210709414144e-04
-5.242992637420651469e-01 3.003606374628561056e-04
-5.244011687691083612e-01 3.010513210709414144e-04
-5.242483112285435398e-01 3.167263323817257428e-04
-5.238406911203716820e-01 3.342733426617917935e-04
-5.244521212826296352e-01 3.180351244546912224e-04
-5.241973587150222658e-01 3.161930881621837029e-04
-5.241464062015006586e-01 3.236988762333540800e-04
-5.240954536879790515e-01 3.230164322552784716e-04
-5.240445011744576664e-01 3.302100280651092622e-04
-5.244521212826296352e-01 3.260960865377455597e-04
-5.246049788231943456e-01 3.013960693328496818e-04
-5.248087888772805520e-01 2.732024171418099764e-04
-5.242992637420651469e-01 3.252590726514159678e-04
-5.242483112285438729e-01 3.167263323817257970e-04
-5.243502162555866430e-01 3.334957809140250726e-04
-5.244011687691083612e-01 2.832794792813542921e-04
-5.244011687691082502e-01 3.258969925045716908e-04
-5.242483112285435398e-01 2.910989828546531842e-04
-5.245030737961513534e-01 3.013960693328496818e-04
-5.247578363637588339e-01 3.256180563469009527e-04
-5.246559313367158417e-01 3.097644639376651108e-04
-5.240954536879791625e-01 3.462897158621587807e-04
-5.237897386068500749e-01 3.838385109504182670e-04
-5.237387860933285788e-01 3.961209762795809631e-04
-5.234330710121991581e-01 3.952023575728303285e-04
-5.234840235257209873e-01 3.764628797621973793e-04
-5.238406911203715710e-01 3.419517288779362033e-04
-5.244521212826296352e-01 3.416479067576393960e-04
-5.245540263096729605e-01 2.836915889817490924e-04
-5.243502162555866430e-01 3.092611907150486991e-04
-5.241464062015006586e-01 3.155766867283043512e-04
-5.245540263096727385e-01 3.099320400732319099e-04
-5.244011687691082502e-01 3.095548661980311329e-04
-5.245540263096729605e-01 2.836915889817490924e-04
-5.246559313367157307e-01 3.097644639376651108e-04
-5.244011687691083612e-01 3.258969925045716366e-04
-5.246559313367157307e-01 3.012668349657278638e-04
-5.245540263096727385e-01 3.262552742877873201e-04
-5.245540263096728495e-01 3.262552742877872117e-04
-5.247068838502373378e-01 3.414578806531907594e-04
-5.248087888772805520e-01 2.825453556518836887e-04
-5.243502162555867541e-01 3.256180563469009527e-04
-5.242483112285437619e-01 3.167263323817257428e-04
-5.244011687691083612e-01 3.489782250062180356e-04
-5.244011687691082502e-01 3.178309809556061983e-04
-5.242483112285438729e-01 3.404299067780990626e-04
-5.245030737961512424e-01 3.340791218896799197e-04
-5.239935486609360593e-01 3.522363143211559291e-04
-5.242992637420651469e-01 3.629807855571264529e-04
-5.241973587150221547e-01 3.322088251961142005e-04
-5.248087888772805520e-01 3.171768388040607832e-04
-5.247068838502373378e-01 3.095548661980311329e-04
-5.244011687691083612e-01 3.258969925045716366e-04
-5.243502162555868651e-01 3.256180563469008985e-04
-5.242483112285435398e-01 2.910989828546531842e-04
-5.246559313367160637e-01 3.097644639376651650e-04
-5.244521212826296352e-01 3.097644639376651108e-04
-5.242483112285437619e-01 2.998848697205905669e-04
-5.242992637420652580e-01 3.252590726514158594e-04
-5.246559313367157307e-01 2.925224582522599525e-04
-5.245030737961513534e-01 2.836458285831965336e-04
-5.241973587150222658e-01 3.078729473877439885e-04
-5.244011687691083612e-01 3.258969925045716366e-04
-5.243502162555868651e-01 3.175449595739343709e-04
-5.247068838502373378e-01 2.923004971775401348e-04
-5.241973587150222658e-01 3.078729473877439885e-04
-5.245030737961512424e-01 3.013960693328496818e-04
-5.245030737961512424e-01 3.098901545348188092e-04
-5.244011687691083612e-01 2.923004971775401348e-04
-5.244521212826296352e-01 2.925224582522600067e-04
-5.241973587150222658e-01 2.993216237843411456e-04
-5.242483112285435398e-01 3.084205770626491892e-04
-5.241973587150222658e-01 3.161930881621837029e-04
-5.245540263096728495e-01 2.926999059229633791e-04
-5.241464062015006586e-01 3.393605707965793037e-04
-5.242483112285437619e-01 3.167263323817257428e-04
-5.243502162555866430e-01 3.007493421674730695e-04
-5.242992637420651469e-01 2.915890863334417819e-04
-5.244521212826299683e-01 2.925224582522599525e-04
-5.246559313367157307e-01 3.097644639376651108e-04
-5.246049788231944566e-01 3.181575476802895848e-04
-5.244011687691082502e-01 2.923004971775401348e-04
-5.245540263096729605e-01 3.014391351427905385e-04
-5.246049788231943456e-01 3.098901545348187550e-04
-5.242992637420651469e-01 3.003606374628561056e-04
-5.243502162555867541e-01 3.334957809140251268e-04
-5.242992637420651469e-01 2.915890863334417819e-04
-5.243502162555868651e-01 3.487177518052376004e-04
-5.244521212826299683e-01 3.180351244546912224e-04
-5.243502162555867541e-01 3.175449595739344251e-04
-5.244011687691083612e-01 3.178309809556061983e-04
-5.242483112285437619e-01 3.404299067780990626e-04
-5.245030737961513534e-01 3.013960693328496818e-04
-5.243502162555866430e-01 3.334957809140251268e-04
-5.247068838502373378e-01 3.010513210709414144e-04
-5.244011687691083612e-01 3.178309809556061983e-04
-5.243502162555866430e-01 3.411916663046994235e-04
-5.249616464178450403e-01 3.236988762333540800e-04
-5.245030737961512424e-01 2.836458285831965336e-04
-5.246049788231944566e-01 3.340791218896799197e-04
-5.245540263096729605e-01 3.099320400732319099e-04
-5.241973587150221547e-01 2.993216237843411456e-04
-5.246049788231944566e-01 3.417618717044099315e-04
-5.245030737961512424e-01 3.492756708092097399e-04
-5.244521212826296352e-01 3.097644639376651650e-04
-5.245540263096729605e-01 3.099320400732319099e-04
-5.243502162555866430e-01 3.256180563469008985e-04
-5.245030737961513534e-01 3.181575476802896933e-04
-5.244011687691082502e-01 3.258969925045716908e-04
-5.243502162555867541e-01 3.256180563469009527e-04
-5.247068838502374488e-01 3.178309809556061983e-04
-5.246559313367157307e-01 3.260960865377456139e-04
-5.240954536879791625e-01 3.148766397156305781e-04
-5.242992637420651469e-01 3.483825715316781575e-04
-5.239935486609360593e-01 3.293834685007528281e-04
-5.237387860933284678e-01 3.472255851322521639e-04
-5.238406911203713490e-01 3.568131435629206530e-04
-5.240445011744577775e-01 3.530093687704704262e-04
-5.237897386068500749e-01 3.171768388040607290e-04
-5.239425961474146742e-01 3.284758025117366989e-04
-5.239425961474146742e-01 3.439200304901901257e-04
-5.243502162555866430e-01 3.092611907150486991e-04
-5.248087888772805520e-01 3.088831976741616297e-04
-5.246049788231943456e-01 3.262154846328691881e-04
-5.244011687691082502e-01 3.258969925045716908e-04
-5.244011687691083612e-01 3.337681335775582146e-04
-5.240954536879790515e-01 2.890853618460147005e-04
-5.247068838502374488e-01 3.095548661980311871e-04
-5.248087888772804410e-01 2.915890863334417819e-04
-5.241464062015006586e-01 3.236988762333540800e-04
-5.242992637420652580e-01 3.088831976741616297e-04
-5.243502162555866430e-01 2.829585345550191021e-04
-5.245030737961513534e-01 3.181575476802896933e-04
-5.244521212826296352e-01 3.180351244546912224e-04
-5.241464062015007697e-01 3.825173206814451812e-04
-5.245030737961513534e-01 3.492756708092097399e-04
-5.242483112285435398e-01 3.553549717755317343e-04
-5.240445011744577775e-01 3.602886782956798268e-04
-5.235349760392422613e-01 3.979518522181025230e-04
-5.232292609581133958e-01 3.611523359750654777e-04
-5.235859285527638685e-01 4.120228307846362961e-04
-5.235349760392423724e-01 3.638737285683164803e-04
-5.245030737961513534e-01 3.417618717044099315e-04
-5.244521212826296352e-01 3.180351244546911682e-04
-5.244011687691083612e-01 3.010513210709414144e-04
-5.242992637420652580e-01 3.252590726514158594e-04
-5.245030737961513534e-01 3.013960693328496818e-04
-5.242992637420652580e-01 3.171768388040606748e-04
-5.242992637420651469e-01 3.408490851956374394e-04
-5.244521212826298573e-01 3.012668349657278638e-04
-5.246049788231944566e-01 3.340791218896799739e-04
-5.245030737961512424e-01 3.098901545348188092e-04
-5.244521212826299683e-01 3.339625352094974199e-04
-5.247068838502373378e-01 3.258969925045716366e-04
-5.247068838502374488e-01 3.095548661980311871e-04
-5.245030737961512424e-01 2.836458285831965336e-04
-5.244011687691083612e-01 3.258969925045716366e-04
-5.245540263096729605e-01 3.099320400732319099e-04
-5.244011687691083612e-01 3.258969925045716366e-04
-5.245030737961513534e-01 3.098901545348187550e-04
-5.243502162555867541e-01 3.334957809140252352e-04
-5.241973587150221547e-01 3.399338476917300152e-04
-5.245540263096729605e-01 3.099320400732319099e-04
-5.245540263096727385e-01 3.014391351427905385e-04
-5.245540263096729605e-01 3.262552742877873201e-04
-5.237897386068499639e-01 3.003606374628562141e-04
-5.244011687691083612e-01 3.010513210709414144e-04
-5.248087888772804410e-01 3.003606374628561056e-04
-5.246049788231944566e-01 3.181575476802895848e-04
-5.248087888772805520e-01 2.825453556518836887e-04
-5.245030737961513534e-01 3.013960693328496818e-04
-5.248087888772804410e-01 3.088831976741616297e-04
-5.247068838502374488e-01 3.258969925045716366e-04
-5.248087888772804410e-01 3.331452860395610381e-04
-5.248087888772804410e-01 3.252590726514158594e-04
-5.246559313367158417e-01 3.180351244546912224e-04
-5.247068838502373378e-01 3.337681335775582146e-04
-5.246049788231943456e-01 3.417618717044098773e-04
-5.245540263096728495e-01 3.566675946506591907e-04
-5.244521212826296352e-01 2.835085030711130029e-04
-5.244011687691083612e-01 3.178309809556061983e-04
-5.246049788231944566e-01 3.098901545348188092e-04
-5.246559313367157307e-01 3.637310049979826094e-04
-5.246559313367160637e-01 2.925224582522600067e-04
-5.244521212826296352e-01 2.925224582522600067e-04
-5.247578363637589449e-01 3.175449595739344251e-04
-5.248597413908021592e-01 3.248197760178731788e-04
-5.246559313367157307e-01 2.925224582522599525e-04
-5.246559313367160637e-01 3.012668349657278638e-04
-5.240954536879790515e-01 3.065207676003129690e-04
-5.241464062015007697e-01 3.236988762333540257e-04
-5.241464062015006586e-01 3.686934581527963697e-04
-5.237387860933284678e-01 3.472255851322522181e-04
-5.236878335798070827e-01 3.884105794531004683e-04
-5.236368810662852535e-01 3.594229453385652698e-04
-5.236368810662854756e-01 3.446740766277693970e-04
-5.241464062015007697e-01 3.236988762333540257e-04
-5.241973587150221547e-01 3.242998400706673871e-04
-5.241464062015006586e-01 2.986704047437082872e-04
-5.242992637420651469e-01 3.252590726514159678e-04
-5.244011687691083612e-01 3.095548661980311329e-04
-5.243502162555866430e-01 3.175449595739343709e-04
-5.241973587150221547e-01 3.474871768494862834e-04
-5.240954536879790515e-01 3.462897158621587265e-04
-5.238406911203713490e-01 3.100995256515589964e-04
-5.240445011744577775e-01 3.302100280651092080e-04
-5.237387860933283568e-01 3.319351931232827728e-04
-5.241464062015006586e-01 3.072398540848703770e-04
-5.239425961474144522e-01 3.362865892420501576e-04
-5.240445011744577775e-01 3.302100280651092080e-04
-5.239425961474145632e-01 3.362865892420501034e-04
-5.245030737961513534e-01 3.340791218896799197e-04
-5.240445011744576664e-01 3.812936971850094275e-04
-5.236878335798068607e-01 3.459897030565531307e-04
-5.235349760392422613e-01 3.979518522181025230e-04
-5.230254509040271893e-01 4.262993131489506643e-04
-5.226687833093763835e-01 4.594492992089850743e-04
-5.220064006335967122e-01 5.145951619325795029e-04
-5.213440179578168188e-01 5.077642306804652480e-04
-5.217516380659890096e-01 5.063305887692294820e-04
-5.218025905795107278e-01 5.192158631737612629e-04
-5.223630682282472959e-01 4.571834769939731318e-04
-5.229235458769839751e-01 4.405551265050416032e-04
-5.233311659851561659e-01 3.786975085091679838e-04
-5.232292609581133958e-01 3.611523359750654777e-04
-5.243502162555868651e-01 3.175449595739343709e-04
-5.240954536879790515e-01 3.230164322552784716e-04
-5.241464062015007697e-01 3.236988762333540257e-04
-5.245540263096727385e-01 2.836915889817491466e-04
-5.244521212826299683e-01 3.339625352094974199e-04
-5.246049788231943456e-01 2.926555540921272789e-04
-5.240445011744574444e-01 3.530093687704704804e-04
-5.242483112285438729e-01 3.479724683035528864e-04
-5.239425961474144522e-01 3.362865892420501576e-04
-5.241973587150222658e-01 3.399338476917299068e-04
-5.241464062015005476e-01 3.316221942859949568e-04
-5.239935486609361703e-01 3.132232985985279627e-04
-5.241464062015007697e-01 3.316221942859949026e-04
-5.242483112285437619e-01 3.479724683035528322e-04
-5.243502162555867541e-01 3.256180563469008985e-04
-5.243502162555867541e-01 2.829585345550191021e-04
-5.245540263096727385e-01 3.417998515758062343e-04
-5.244011687691083612e-01 3.258969925045716908e-04
-5.242992637420651469e-01 3.003606374628561056e-04
-5.242992637420652580e-01 3.252590726514158594e-04
-5.242992637420651469e-01 3.088831976741616297e-04
-5.247578363637589449e-01 3.175449595739344251e-04
-5.238916436338931781e-01 3.274863557114847780e-04
-5.242992637420652580e-01 3.252590726514159136e-04
-5.242483112285437619e-01 3.167263323817256886e-04
-5.243502162555866430e-01 3.256180563469008985e-04
-5.243502162555867541e-01 3.175449595739344251e-04
-5.238916436338931781e-01 3.649779438798990980e-04
-5.240445011744576664e-01 3.379807389528020922e-04
-5.241464062015007697e-01 3.543306810706968327e-04
-5.246559313367157307e-01 3.180351244546912224e-04
-5.243502162555868651e-01 3.092611907150486449e-04
-5.248597413908019371e-01 3.248197760178731788e-04
-5.244011687691082502e-01 3.337681335775582146e-04
-5.242483112285437619e-01 2.910989828546531842e-04
-5.244521212826296352e-01 3.339625352094973657e-04
-5.244011687691083612e-01 3.414578806531907594e-04
-5.243502162555868651e-01 3.256180563469008985e-04
-5.244011687691082502e-01 3.178309809556061983e-04
-5.243502162555868651e-01 3.092611907150486449e-04
-5.242992637420652580e-01 3.171768388040607290e-04
-5.244011687691082502e-01 3.489782250062179814e-04
-5.244521212826299683e-01 3.339625352094974199e-04
-5.242483112285437619e-01 3.248197760178731788e-04
-5.134973308755029775e-01 8.708409146478190760e-04
-4.862886886550114030e-01 2.451546711057254503e-03
-4.628505324351122607e-01 3.509363384881229037e-03
-4.618824346782032242e-01 3.565219863185252989e-03
-4.622391022728538634e-01 3.570208118264957785e-03
-4.657038731923172636e-01 3.401533476653676585e-03
-4.926577528452015797e-01 1.903906649854571545e-03
-5.175735319572245530e-01 8.267977563835236235e-04
-5.236368810662855866e-01 3.521257394277325925e-04
-5.240445011744576664e-01 3.379807389528020922e-04
-5.242992637420652580e-01 3.700640052098968309e-04
-5.242483112285435398e-01 3.167263323817257428e-04
-5.239935486609360593e-01 3.522363143211559291e-04
-5.241973587150222658e-01 3.161930881621837029e-04
-5.239935486609360593e-01 3.293834685007528823e-04
-5.243502162555868651e-01 3.007493421674730153e-04
-5.243502162555866430e-01 3.256180563469008443e-04
-5.245030737961512424e-01 3.098901545348188092e-04
-5.245030737961513534e-01 3.098901545348188092e-04
-5.248087888772804410e-01 3.171768388040607290e-04
-5.246049788231944566e-01 2.926555540921272789e-04
-5.245030737961513534e-01 3.417618717044099315e-04
-5.247068838502373378e-01 3.337681335775582146e-04
-5.245540263096729605e-01 3.099320400732319099e-04
-5.245540263096729605e-01 3.181983449552769133e-04
-5.244011687691083612e-01 3.258969925045716908e-04
-5.247068838502374488e-01 3.337681335775581604e-04
-5.246559313367157307e-01 3.012668349657278638e-04
-5.247578363637589449e-01 3.007493421674730695e-04
-5.246559313367160637e-01 3.012668349657278638e-04
-5.244011687691082502e-01 3.258969925045716366e-04
-5.246049788231943456e-01 3.013960693328496818e-04
-5.247578363637590559e-01 3.007493421674730695e-04
-5.242483112285435398e-01 3.553549717755317885e-04
-5.242483112285437619e-01 3.553549717755317885e-04
-5.241464062015006586e-01 3.469263816427082181e-04
-5.240954536879790515e-01 3.819399869789810503e-04
-5.236878335798070827e-01 3.606847781065977135e-04
-5.239935486609360593e-01 3.666811362249168668e-04
-5.238916436338931781e-01 3.353201909302675897e-04
-5.238916436338931781e-01 3.274863557114847780e-04
-5.239425961474144522e-01 3.038410785768831798e-04
-5.239425961474146742e-01 3.439200304901901257e-04
-5.241464062015005476e-01 3.393605707965793037e-04
-5.240954536879791625e-01 3.462897158621587807e-04
-5.239425961474146742e-01 3.284758025117367531e-04
-5.238916436338929561e-01 3.112276958121583457e-04
-5.243502162555868651e-01 3.487177518052376004e-04
-5.242483112285435398e-01 3.327164020011986502e-04
-5.239935486609361703e-01 3.132232985985279627e-04
-5.240954536879791625e-01 3.309560888928481950e-04
-5.241464062015005476e-01 3.155766867283043512e-04
-5.242483112285437619e-01 3.625871939739611235e-04
-5.241973587150221547e-01 3.078729473877439885e-04
-5.241464062015006586e-01 3.469263816427082181e-04
-5.241973587150222658e-01 3.078729473877439343e-04
-5.243502162555866430e-01 3.092611907150486991e-04
-5.239425961474146742e-01 3.586999050864345400e-04
-5.239425961474144522e-01 3.122686636521275418e-04
-5.241464062015007697e-01 3.155766867283042970e-04
-5.240954536879791625e-01 3.148766397156305781e-04
-5.244011687691082502e-01 3.178309809556061983e-04
-5.242992637420652580e-01 3.171768388040607290e-04
-5.244521212826296352e-01 3.097644639376651108e-04
-5.241464062015006586e-01 3.469263816427082181e-04
-5.246049788231943456e-01 3.417618717044098773e-04
-5.242483112285437619e-01 3.248197760178731788e-04
-5.240954536879791625e-01 3.230164322552785258e-04
-5.241973587150221547e-01 3.242998400706673329e-04
-5.241464062015006586e-01 3.072398540848703770e-04
-5.240954536879790515e-01 3.230164322552784716e-04
-5.238406911203713490e-01 3.264143844041891124e-04
-5.243502162555868651e-01 3.007493421674730153e-04
-5.239935486609360593e-01 3.447870413142441171e-04
-5.241464062015007697e-01 3.316221942859949026e-04
-5.240954536879790515e-01 3.148766397156305239e-04
-5.242483112285438729e-01 3.248197760178732872e-04
-5.245030737961513534e-01 3.340791218896800282e-04
-5.243502162555866430e-01 3.092611907150486991e-04
-5.245030737961513534e-01 3.262154846328691881e-04
-5.244011687691082502e-01 3.258969925045716366e-04
-5.241464062015005476e-01 3.316221942859949568e-04
-5.242992637420651469e-01 2.915890863334417819e-04
-5.240954536879790515e-01 3.537073431245336486e-04
-5.240954536879791625e-01 3.309560888928481950e-04
-5.240445011744576664e-01 3.057150811291364724e-04
-5.239425961474146742e-01 3.204747034750286719e-04
-5.239935486609361703e-01 3.214049658192364507e-04
-5.241973587150221547e-01 3.474871768494862834e-04
-5.242483112285438729e-01 3.404299067780990626e-04
-5.243502162555866430e-01 3.633024978729751321e-04
-5.243502162555868651e-01 3.334957809140251268e-04
-5.241973587150221547e-01 3.242998400706673871e-04
-5.242992637420652580e-01 3.171768388040607290e-04
-5.243502162555868651e-01 3.007493421674730153e-04
-5.246559313367158417e-01 3.416479067576393960e-04
-5.240954536879790515e-01 3.309560888928481950e-04
-5.241973587150222658e-01 3.161930881621837029e-04
-5.240445011744574444e-01 3.455767601726194042e-04
-5.239425961474145632e-01 3.439200304901900715e-04
-5.242483112285435398e-01 3.167263323817256886e-04
-5.239935486609361703e-01 3.293834685007528823e-04
-5.241973587150221547e-01 3.399338476917299610e-04
-5.238916436338931781e-01 3.720231401231927516e-04
-5.241464062015007697e-01 3.155766867283042970e-04
-5.242992637420651469e-01 3.331452860395610924e-04
-5.242992637420652580e-01 3.252590726514158594e-04
-5.242483112285435398e-01 3.084205770626491892e-04
-5.238406911203715710e-01 3.016113368907077366e-04
-5.240445011744577775e-01 3.222519904770772704e-04
-5.239425961474145632e-01 3.362865892420501034e-04
-5.237897386068500749e-01 3.331452860395610381e-04
-5.238916436338929561e-01 3.353201909302675355e-04
-5.239425961474146742e-01 3.658660126020713606e-04
-5.239425961474145632e-01 3.439200304901900173e-04
-5.239425961474144522e-01 3.439200304901900715e-04
-5.238406911203713490e-01 3.710798484907220350e-04
-5.239935486609360593e-01 3.522363143211559291e-04
-5.240954536879791625e-01 3.537073431245336486e-04
-5.243502162555868651e-01 3.411916663046994235e-04
-5.239425961474146742e-01 3.284758025117366989e-04
-5.245540263096729605e-01 3.099320400732319099e-04
-5.245030737961513534e-01 3.262154846328691338e-04
-5.241973587150222658e-01 3.399338476917299610e-04
-5.242992637420652580e-01 3.088831976741616297e-04
-5.240954536879790515e-01 3.230164322552784716e-04
-5.241464062015006586e-01 3.316221942859949568e-04
-5.241973587150221547e-01 3.161930881621838113e-04
-5.241464062015007697e-01 3.316221942859949026e-04
-5.235859285527639795e-01 3.197853789647052132e-04
-5.240445011744577775e-01 3.057150811291364724e-04
-5.241464062015007697e-01 3.316221942859949026e-04
-5.240954536879791625e-01 3.230164322552785258e-04
-5.240445011744576664e-01 3.140923878385409331e-04
-5.240445011744574444e-01 3.302100280651092622e-04
-5.240954536879791625e-01 3.609725776960605705e-04
-5.244521212826299683e-01 3.637310049979825552e-04
-5.243502162555866430e-01 3.633024978729751321e-04
-5.242992637420652580e-01 3.171768388040607290e-04
-5.247068838502373378e-01 3.178309809556061983e-04
-5.238916436338931781e-01 3.027711369536790478e-04
-5.238916436338931781e-01 3.577940500490147204e-04
-5.239425961474144522e-01 2.951729726151121596e-04
-5.237897386068500749e-01 3.331452860395610381e-04
-5.239425961474145632e-01 3.122686636521275960e-04
-5.240954536879791625e-01 3.230164322552785258e-04
-5.237387860933284678e-01 3.472255851322522181e-04
-5.240954536879791625e-01 2.979306357224164020e-04
-5.240954536879791625e-01 3.065207676003130232e-04
-5.240954536879790515e-01 3.230164322552784716e-04
-5.244521212826299683e-01 3.339625352094974199e-04
-5.242483112285437619e-01 3.479724683035528322e-04
-5.241973587150221547e-01 2.905187036949131844e-04
-5.241464062015006586e-01 3.316221942859949568e-04
-5.240954536879790515e-01 3.065207676003129690e-04
-5.239935486609361703e-01 3.214049658192364507e-04
-5.239425961474145632e-01 3.513876842473212807e-04
-5.241973587150222658e-01 3.548797759004422591e-04
-5.241464062015007697e-01 3.072398540848703770e-04
-5.241464062015006586e-01 3.316221942859949568e-04
-5.236878335798068607e-01 3.459897030565531849e-04
-5.241464062015005476e-01 3.236988762333540800e-04
-5.242992637420652580e-01 3.557565648239631407e-04
-5.244521212826299683e-01 3.416479067576393960e-04
-5.239935486609360593e-01 3.522363143211559291e-04
-5.241464062015007697e-01 3.756689810897217334e-04
-5.240445011744574444e-01 3.140923878385408789e-04
-5.240954536879791625e-01 3.537073431245336486e-04
-5.237897386068500749e-01 3.252590726514158594e-04
-5.237897386068499639e-01 3.408490851956373852e-04
-5.236368810662854756e-01 2.960512041679174648e-04
-5.240954536879790515e-01 3.609725776960605163e-04
-5.240445011744576664e-01 3.455767601726193500e-04
-5.238916436338931781e-01 3.429751415391981426e-04
-5.236368810662854756e-01 3.130989460632497027e-04
-5.240445011744577775e-01 3.455767601726193500e-04
-5.238916436338929561e-01 3.353201909302675897e-04
-5.239935486609361703e-01 3.293834685007528281e-04
-5.242992637420651469e-01 3.331452860395610924e-04
-5.238916436338929561e-01 3.274863557114848322e-04
-5.241973587150222658e-01 3.474871768494863376e-04
-5.241973587150221547e-01 3.399338476917299610e-04
-5.239935486609361703e-01 3.371732293494078114e-04
-5.237897386068500749e-01 3.331452860395610381e-04
-5.238406911203715710e-01 3.710798484907220892e-04
-5.238916436338931781e-01 3.274863557114847780e-04
-5.242992637420651469e-01 3.408490851956374394e-04
-5.238916436338931781e-01 3.353201909302675355e-04
-5.236878335798068607e-01 3.384029511585852877e-04
-5.240954536879790515e-01 3.309560888928481407e-04
-5.239425961474145632e-01 3.362865892420501576e-04
-5.237387860933283568e-01 3.240195289877898129e-04
-5.240445011744577775e-01 3.302100280651092080e-04
-5.240445011744576664e-01 3.602886782956798268e-04
-5.244521212826298573e-01 3.260960865377455597e-04
-5.244011687691083612e-01 3.337681335775582146e-04
-5.240954536879790515e-01 3.309560888928481950e-04
-5.241464062015006586e-01 3.236988762333540800e-04
-5.240445011744576664e-01 2.790784101732499524e-04
-5.238916436338929561e-01 3.577940500490146662e-04
-5.243502162555868651e-01 3.560848040740030736e-04
-5.238916436338929561e-01 3.649779438798990980e-04
-5.235349760392423724e-01 3.778739536920382972e-04
-5.239935486609360593e-01 3.522363143211559833e-04
-5.237387860933285788e-01 3.396664388810190617e-04
-5.235349760392424834e-01 3.638737285683164803e-04
-5.241464062015006586e-01 3.615833912340912499e-04
-5.241973587150222658e-01 3.399338476917299610e-04
-5.238406911203715710e-01 3.342733426617917392e-04
-5.238916436338931781e-01 3.429751415391981426e-04
-5.238916436338931781e-01 3.353201909302674813e-04
-5.241464062015005476e-01 3.615833912340911957e-04
-5.240445011744577775e-01 3.880427821533800501e-04
-5.239425961474144522e-01 3.658660126020713606e-04
-5.236368810662855866e-01 3.665749185421327536e-04
-5.239935486609361703e-01 3.595312759620143185e-04
-5.238916436338929561e-01 3.577940500490146662e-04
-5.237387860933284678e-01 3.546236374506877035e-04
-5.240445011744574444e-01 3.530093687704704804e-04
-5.238916436338931781e-01 3.194604762859831813e-04
-5.237897386068500749e-01 3.331452860395610381e-04
-5.240445011744576664e-01 3.302100280651092080e-04
-5.244521212826299683e-01 3.180351244546912224e-04
-5.241973587150221547e-01 3.621214887457936986e-04
-5.241973587150222658e-01 3.830260101043214205e-04
-5.241973587150222658e-01 3.399338476917299610e-04
-5.238916436338929561e-01 3.504629295405648068e-04
-5.241464062015006586e-01 3.543306810706969953e-04
-5.239425961474144522e-01 3.362865892420502118e-04
-5.237897386068499639e-01 3.629807855571263986e-04
-5.238406911203715710e-01 3.710798484907220892e-04
-5.238916436338929561e-01 3.353201909302675355e-04
-5.237387860933284678e-01 3.546236374506877577e-04
-5.240445011744574444e-01 3.379807389528021464e-04
-5.238406911203715710e-01 3.494614458719752124e-04
-5.239935486609361703e-01 3.666811362249168668e-04
-5.240445011744574444e-01 3.602886782956798810e-04
-5.237897386068500749e-01 3.770141711133845894e-04
-5.241464062015005476e-01 3.236988762333540800e-04
-5.238916436338931781e-01 3.504629295405648610e-04
-5.238406911203715710e-01 3.342733426617917392e-04
-5.240445011744577775e-01 3.057150811291365266e-04
-5.240954536879790515e-01 3.387096840120941703e-04
-5.236368810662855866e-01 3.594229453385653782e-04
-5.239425961474144522e-01 3.586999050864345400e-04
-5.238406911203716820e-01 3.494614458719752666e-04
-5.237897386068500749e-01 3.483825715316780491e-04
-5.239425961474144522e-01 3.513876842473213349e-04
-5.238406911203715710e-01 3.419517288779362033e-04
-5.238406911203713490e-01 3.342733426617917935e-04
-5.237387860933285788e-01 3.618704761473071053e-04
-5.239425961474146742e-01 3.586999050864345400e-04
-5.242483112285437619e-01 3.327164020011987044e-04
-5.239425961474146742e-01 3.728944306981011778e-04
-5.238406911203713490e-01 3.264143844041890582e-04
-5.240954536879791625e-01 3.462897158621587807e-04
-5.242483112285437619e-01 3.404299067780989542e-04
-5.238916436338929561e-01 3.353201909302675355e-04
-5.240954536879790515e-01 3.537073431245336486e-04
-5.240445011744574444e-01 3.602886782956799894e-04
-5.239425961474146742e-01 3.284758025117366989e-04
-5.238406911203715710e-01 3.568131435629205987e-04
-5.242483112285435398e-01 3.553549717755317343e-04
-5.237897386068500749e-01 3.252590726514158594e-04
-5.238916436338931781e-01 3.504629295405649694e-04
-5.241464062015006586e-01 3.892451899376966787e-04
-5.240445011744576664e-01 3.302100280651092080e-04
-5.236878335798070827e-01 3.306421631984008346e-04
-5.238916436338931781e-01 3.504629295405648068e-04
-5.240954536879790515e-01 3.537073431245335944e-04
-5.239935486609361703e-01 3.214049658192364507e-04
-5.238406911203713490e-01 3.419517288779361491e-04
-5.235859285527639795e-01 3.432777889764583980e-04
-5.237897386068500749e-01 3.408490851956373852e-04
-5.239935486609360593e-01 3.371732293494078114e-04
-5.236878335798068607e-01 3.226947827532946874e-04
-5.239425961474144522e-01 3.586999050864345400e-04
-5.238916436338931781e-01 3.504629295405648610e-04
-5.236368810662855866e-01 3.594229453385653240e-04
-5.238406911203715710e-01 3.640163961795888021e-04
-5.239425961474146742e-01 3.362865892420502118e-04
-5.239425961474144522e-01 3.513876842473213349e-04
-5.239935486609361703e-01 3.522363143211559291e-04
-5.240445011744577775e-01 3.530093687704704262e-04
-5.240445011744576664e-01 3.530093687704703720e-04
-5.240954536879790515e-01 3.462897158621587265e-04
-5.239935486609360593e-01 3.048221079853308041e-04
-5.238406911203716820e-01 3.568131435629206530e-04
-5.236368810662855866e-01 3.370577129081659133e-04
-5.239425961474145632e-01 3.513876842473213349e-04
-5.239935486609360593e-01 3.736942238401844965e-04
-5.238406911203716820e-01 3.568131435629206530e-04
-5.236878335798068607e-01 3.534136271983349476e-04
-5.238916436338931781e-01 3.504629295405648610e-04
-5.235349760392424834e-01 3.709398975717370758e-04
-5.239425961474145632e-01 3.658660126020712522e-04
-5.239935486609360593e-01 3.447870413142441713e-04
-5.240954536879791625e-01 3.462897158621587807e-04
-5.238406911203715710e-01 3.183614817744819317e-04
-5.239935486609360593e-01 3.293834685007528823e-04
-5.240445011744576664e-01 3.530093687704703720e-04
-5.243502162555867541e-01 3.256180563469009527e-04
-5.238916436338931781e-01 3.577940500490147204e-04
-5.240954536879790515e-01 3.953008831132914379e-04
-5.237387860933284678e-01 3.618704761473071053e-04
-5.237897386068499639e-01 3.408490851956373852e-04
-5.237387860933283568e-01 3.472255851322521639e-04
-5.238406911203716820e-01 3.640163961795887478e-04
-5.238406911203713490e-01 3.419517288779361491e-04
-5.240954536879790515e-01 3.148766397156305239e-04
-5.236368810662854756e-01 3.521257394277324841e-04
-5.238406911203715710e-01 3.640163961795888021e-04
-5.241973587150221547e-01 3.161930881621838113e-04
-5.240954536879790515e-01 3.462897158621587265e-04
-5.243502162555868651e-01 3.334957809140251268e-04
-5.238916436338929561e-01 3.274863557114848864e-04
-5.241464062015006586e-01 3.236988762333540800e-04
-5.241464062015007697e-01 3.615833912340911415e-04
-5.236368810662854756e-01 3.594229453385652698e-04
-5.236368810662852535e-01 3.521257394277324841e-04
-5.237387860933284678e-01 3.759453099105275584e-04
-5.240445011744577775e-01 3.379807389528020922e-04
-5.236368810662852535e-01 3.521257394277324841e-04
-5.236878335798070827e-01 3.534136271983349476e-04
-5.238916436338931781e-01 3.112276958121583457e-04
-5.235859285527638685e-01 3.652623607895174435e-04
-5.239935486609360593e-01 3.293834685007528281e-04
-5.238406911203716820e-01 3.494614458719752124e-04
-5.239425961474144522e-01 3.439200304901901257e-04
-5.241464062015007697e-01 3.316221942859949026e-04
-5.239425961474145632e-01 3.439200304901900715e-04
-5.239935486609360593e-01 3.522363143211559291e-04
-5.238916436338929561e-01 3.504629295405649152e-04
-5.236878335798068607e-01 3.384029511585853419e-04
-5.237897386068499639e-01 3.483825715316780491e-04
-5.236368810662854756e-01 3.665749185421326452e-04
-5.237387860933284678e-01 3.472255851322522181e-04
-5.235349760392423724e-01 3.566675946506592449e-04
-5.235859285527639795e-01 3.723021749571892264e-04
-5.234330710121993802e-01 3.952023575728302743e-04
-5.241464062015006586e-01 3.892451899376966245e-04
-5.240445011744576664e-01 3.302100280651092080e-04
-5.243502162555866430e-01 3.256180563469008985e-04
-5.244521212826298573e-01 3.180351244546912224e-04
-5.240445011744577775e-01 3.222519904770772704e-04
-5.243502162555868651e-01 3.487177518052376004e-04
-5.240445011744577775e-01 3.602886782956798810e-04
-5.239425961474144522e-01 3.586999050864344315e-04
-5.235859285527639795e-01 3.507591163075990978e-04
-5.238406911203713490e-01 3.568131435629205987e-04
-5.236368810662854756e-01 3.521257394277324841e-04
-5.238916436338931781e-01 3.649779438798990980e-04
-5.235349760392422613e-01 3.913736825790622639e-04
-5.233311659851562769e-01 3.427101057883204086e-04
-5.236878335798068607e-01 3.306421631984008346e-04
-5.239425961474145632e-01 3.513876842473213349e-04
-5.239425961474145632e-01 3.586999050864344315e-04
-5.239425961474146742e-01 3.513876842473213349e-04
-5.237387860933285788e-01 3.689750110446514235e-04
-5.239425961474145632e-01 3.728944306981010694e-04
-5.240445011744576664e-01 3.674238002312450063e-04
-5.238406911203713490e-01 3.183614817744819859e-04
-5.237897386068500749e-01 3.629807855571264529e-04
-5.233311659851564990e-01 3.921688889849565341e-04
-5.231783084445916776e-01 3.368650974784646391e-04
-5.232292609581132847e-01 3.954650377996215692e-04
-5.227706883364194868e-01 3.700640052098968851e-04
-5.233311659851564990e-01 3.921688889849565341e-04
-5.232802134716346698e-01 4.345923844652706844e-04
-5.230764034175485744e-01 3.900114541593497795e-04
-5.234840235257207652e-01 3.624081474004177080e-04
-5.237387860933284678e-01 3.396664388810190075e-04
-5.236878335798070827e-01 3.459897030565530765e-04
-5.239425961474144522e-01 3.362865892420501576e-04
-5.240954536879791625e-01 3.065207676003130232e-04
-5.239425961474144522e-01 3.513876842473213349e-04
-5.239425961474146742e-01 3.362865892420502118e-04
-5.234330710121994912e-01 3.608646797478435361e-04
-5.234840235257209873e-01 3.695023444722980309e-04
-5.236878335798070827e-01 3.678122162546093479e-04
-5.235859285527638685e-01 3.859968186585186834e-04
-5.237387860933284678e-01 3.396664388810189533e-04
-5.235349760392422613e-01 3.566675946506592991e-04
-5.234330710121993802e-01 3.679886334628226438e-04
-5.235859285527639795e-01 3.580841729834058069e-04
-5.236878335798068607e-01 3.748041404446454000e-04
-5.236368810662855866e-01 3.521257394277325925e-04
-5.235859285527638685e-01 3.723021749571892806e-04
-5.237897386068500749e-01 3.483825715316780491e-04
-5.240445011744577775e-01 3.880427821533800501e-04
-5.238406911203715710e-01 3.264143844041890582e-04
-5.236878335798068607e-01 3.534136271983350560e-04
-5.239425961474145632e-01 3.586999050864344315e-04
-5.235349760392423724e-01 3.262552742877872117e-04
-5.234840235257209873e-01 3.477858978819570223e-04
-5.234840235257207652e-01 3.624081474004177622e-04
-5.237387860933284678e-01 3.827887058313561531e-04
-5.235859285527638685e-01 3.652623607895174435e-04
-5.235349760392424834e-01 3.262552742877872659e-04
-5.235859285527639795e-01 3.652623607895174977e-04
-5.237897386068499639e-01 3.557565648239631407e-04
-5.237387860933283568e-01 3.689750110446514235e-04
-5.236368810662852535e-01 3.594229453385652698e-04
-5.236878335798070827e-01 3.534136271983349476e-04
-5.233311659851564990e-01 3.575399993652256443e-04
-5.237387860933283568e-01 3.396664388810189533e-04
-5.238406911203715710e-01 3.640163961795887478e-04
-5.236368810662852535e-01 3.665749185421326452e-04
-5.234330710121994912e-01 3.385946917548294209e-04
-5.236368810662855866e-01 3.594229453385653240e-04
-5.234330710121991581e-01 3.608646797478435361e-04
-5.231273559310700705e-01 3.572494345066941010e-04
-5.234330710121991581e-01 4.017178371686340064e-04
-5.232292609581133958e-01 3.611523359750654235e-04
-5.224140207417687920e-01 4.119283048404906227e-04
-5.196625850116066703e-01 5.217099493065422040e-04
-5.186944872546978003e-01 6.044909658201311816e-04
-5.185925822276545860e-01 6.158934469835293524e-04
-5.183887721735687126e-01 6.210983911184867140e-04
-5.198154425521712696e-01 5.546807728183979214e-04
-5.219554481200751050e-01 4.528471822948378989e-04
-5.236368810662852535e-01 3.292652191813791275e-04
-5.234330710121991581e-01 3.461772415293499355e-04
-5.232292609581132847e-01 3.752541063291518048e-04
-5.232802134716348919e-01 4.036198140498062142e-04
-5.235349760392423724e-01 3.566675946506592449e-04
-5.234330710121994912e-01 3.385946917548293667e-04
-5.232802134716346698e-01 3.838385109504182670e-04
-5.232292609581133958e-01 3.752541063291518590e-04
-5.236878335798070827e-01 3.748041404446454000e-04
-5.232292609581130627e-01 3.682707252125376690e-04
-5.233821184986777730e-01 3.663978206437139762e-04
-5.231273559310700705e-01 3.572494345066941552e-04
-5.235349760392424834e-01 3.846830411483909314e-04
-5.238406911203715710e-01 3.568131435629205987e-04
-5.236878335798070827e-01 3.534136271983350018e-04
-5.232802134716348919e-01 4.036198140498061600e-04
-5.231783084445916776e-01 3.937215158532116890e-04
-5.233821184986778841e-01 3.592423217051983562e-04
-5.231783084445917886e-01 3.592423217051983562e-04
-5.231273559310700705e-01 3.784231893797187943e-04
-5.231273559310700705e-01 3.784231893797187401e-04
-5.233821184986777730e-01 3.592423217051984104e-04
-5.231783084445917886e-01 3.734162292145121751e-04
-5.236368810662855866e-01 3.735900000970223582e-04
-5.234840235257209873e-01 3.695023444722980309e-04
-5.234330710121994912e-01 3.679886334628225354e-04
-5.232802134716346698e-01 3.838385109504182128e-04
-5.233821184986778841e-01 4.066955453190933159e-04
-5.234330710121991581e-01 3.818380139463322743e-04
-5.236368810662852535e-01 3.804757619623292428e-04
-5.231273559310701815e-01 3.714993849146947511e-04
-5.232802134716346698e-01 3.483825715316780491e-04
-5.232292609581133958e-01 3.752541063291518590e-04
-5.231273559310701815e-01 3.784231893797187401e-04
-5.231783084445917886e-01 3.870714595232111572e-04
-5.236368810662854756e-01 3.594229453385652698e-04
-5.232292609581130627e-01 3.821098815592346249e-04
-5.234330710121991581e-01 4.017178371686341148e-04
-5.237387860933283568e-01 4.026215904754863566e-04
-5.235859285527639795e-01 3.926650752012703907e-04
-5.236368810662855866e-01 3.872391027635729301e-04
-5.233821184986777730e-01 3.734162292145121751e-04
-5.234330710121993802e-01 3.818380139463322743e-04
-5.231783084445916776e-01 3.663978206437139762e-04
-5.235859285527639795e-01 3.652623607895174435e-04
-5.229744983905056932e-01 3.580841729834058611e-04
-5.229235458769839751e-01 3.770486000592683322e-04
-5.232802134716348919e-01 3.629807855571265071e-04
-5.232292609581133958e-01 3.752541063291518590e-04
-5.231273559310701815e-01 3.714993849146947511e-04
-5.234330710121991581e-01 3.535972282430842458e-04
-5.235349760392422613e-01 3.979518522181025230e-04
-5.235859285527638685e-01 3.926650752012702280e-04
-5.235349760392423724e-01 3.846830411483909314e-04
-5.236878335798068607e-01 3.748041404446454000e-04
-5.234330710121994912e-01 3.608646797478435361e-04
-5.233821184986777730e-01 3.803051373688068120e-04
-5.230764034175487964e-01 3.624081474004177080e-04
-5.234840235257209873e-01 3.900114541593497253e-04
-5.232802134716348919e-01 4.036198140498062142e-04
-5.233311659851561659e-01 3.854920494891863236e-04
-5.233821184986777730e-01 3.937215158532116890e-04
-5.231273559310700705e-01 3.644440639160893901e-04
-5.231783084445916776e-01 3.803051373688067578e-04
-5.229235458769840861e-01 3.700990807045218770e-04
-5.230764034175485744e-01 3.695023444722980309e-04
-5.232802134716348919e-01 3.838385109504183755e-04
-5.233311659851561659e-01 3.717788128480823719e-04
-5.234330710121994912e-01 4.017178371686341148e-04
-5.230764034175485744e-01 3.832970350878919016e-04
-5.234840235257209873e-01 3.695023444722980309e-04
-5.234330710121994912e-01 3.952023575728303285e-04
-5.233821184986778841e-01 3.937215158532116890e-04
-5.230764034175487964e-01 4.094946717363442219e-04
-5.230254509040270783e-01 3.674238002312450063e-04
-5.228725933634624790e-01 3.950380937320035579e-04
-5.230764034175487964e-01 3.832970350878919016e-04
-5.234330710121993802e-01 3.679886334628225354e-04
-5.231273559310704035e-01 3.919039994653821793e-04
-5.231273559310701815e-01 3.919039994653821793e-04
-5.230764034175485744e-01 3.966122182230552573e-04
-5.232802134716348919e-01 3.905436208120116387e-04
-5.236368810662855866e-01 3.665749185421327536e-04
-5.235859285527638685e-01 3.992219665188042861e-04
-5.233821184986777730e-01 3.803051373688068120e-04
-5.235349760392423724e-01 3.778739536920383514e-04
-5.231783084445916776e-01 4.002611014251481825e-04
-5.231783084445917886e-01 3.870714595232111572e-04
-5.230764034175485744e-01 3.832970350878919016e-04
-5.227706883364194868e-01 4.100015506823383865e-04
-5.232802134716346698e-01 4.100015506823382781e-04
-5.230254509040271893e-01 4.076201081721820174e-04
-5.228216408499410939e-01 4.184315216230907286e-04
-5.230764034175487964e-01 3.624081474004177080e-04
-5.226687833093763835e-01 3.924005206317728793e-04
-5.228725933634624790e-01 4.205048924479986780e-04
-5.229235458769840861e-01 4.036519737099544510e-04
-5.232292609581133958e-01 3.682707252125377233e-04
-5.232802134716348919e-01 3.905436208120116387e-04
-5.228725933634624790e-01 3.748041404446454542e-04
-5.228216408499409829e-01 3.928303313321507804e-04
-5.231273559310701815e-01 3.784231893797187401e-04
-5.232802134716348919e-01 3.905436208120116387e-04
-5.230254509040270783e-01 3.880427821533800501e-04
-5.229744983905055822e-01 4.120228307846364045e-04
-5.227197358228979907e-01 4.140655940789932750e-04
-5.228725933634627010e-01 4.205048924479985696e-04
-5.227197358228979907e-01 4.202887501091500310e-04
-5.227197358228982127e-01 4.140655940789933834e-04
-5.224649732552905101e-01 3.886778497957224846e-04
-5.228725933634624790e-01 3.816679983477412586e-04
-5.225668782823333913e-01 3.805781000003019446e-04
-5.228216408499410939e-01 4.184315216230907286e-04
-5.230764034175487964e-01 3.832970350878919016e-04
-5.230764034175485744e-01 4.031049105532384354e-04
-5.229235458769839751e-01 4.286072618997833388e-04
-5.229235458769840861e-01 4.036519737099544510e-04
-5.229744983905056932e-01 3.926650752012703907e-04
-5.229235458769839751e-01 4.036519737099544510e-04
-5.226687833093763835e-01 3.989617598973720547e-04
-5.225668782823333913e-01 4.132811107968151795e-04
-5.227197358228982127e-01 4.140655940789933834e-04
-5.226687833093766056e-01 4.117707133794876401e-04
-5.227197358228982127e-01 4.202887501091501395e-04
-5.228216408499412049e-01 4.121803258520390914e-04
-5.224649732552903991e-01 4.082247208668186031e-04
-5.227197358228978796e-01 4.140655940789933834e-04
-5.225159257688117842e-01 4.412617109630881276e-04
-5.224649732552905101e-01 4.082247208668186031e-04
-5.227197358228979907e-01 4.384285406691463194e-04
-5.228725933634624790e-01 4.015562386114019744e-04
-5.223630682282474069e-01 3.830260101043214205e-04
-5.229235458769840861e-01 4.286072618997833388e-04
-5.228216408499412049e-01 4.058328519860992514e-04
-5.225668782823335023e-01 4.005204639026645674e-04
-5.226687833093763835e-01 4.117707133794876943e-04
-5.222102106876828076e-01 4.378359893229943206e-04
-5.223630682282472959e-01 4.028472120064894722e-04
-5.225159257688121173e-01 4.170642977872647127e-04
-5.225159257688118952e-01 3.979518522181024688e-04
-5.222611632012043037e-01 4.162854655524786916e-04
-5.224140207417687920e-01 4.181832679544724438e-04
-5.227197358228978796e-01 4.202887501091500310e-04
-5.225668782823335023e-01 4.317154483527491831e-04
-5.223630682282474069e-01 4.217378664838707558e-04
-5.225668782823335023e-01 4.132811107968152879e-04
-5.224649732552903991e-01 4.018147651075927996e-04
-5.224140207417687920e-01 4.304205851649360809e-04
-5.224649732552905101e-01 4.268774701618224918e-04
-5.221592581741613115e-01 4.229672463442430775e-04
-5.218535430930322239e-01 4.350700242681347770e-04
-5.223630682282472959e-01 4.278494423213487674e-04
-5.220573531471182083e-01 4.043909400144848941e-04
-5.220573531471182083e-01 4.353086476368329158e-04
-5.221592581741613115e-01 4.041340615130897644e-04
-5.220064006335967122e-01 4.500004149604251128e-04
-5.225159257688117842e-01 3.913736825790622639e-04
-5.226178307958549984e-01 4.156925771405515536e-04
-5.222102106876828076e-01 4.258118352157456922e-04
-5.220064006335968232e-01 4.262993131489506643e-04
-5.219554481200752161e-01 3.979192318768682885e-04
-5.222611632012043037e-01 4.405256608910900515e-04
-5.219554481200751050e-01 4.293032744332221521e-04
-5.218535430930321128e-01 4.229672463442430775e-04
-5.220064006335968232e-01 4.323464139548158572e-04
-5.221083056606397044e-01 4.381916162850956484e-04
-5.222611632012043037e-01 4.100015506823382781e-04
-5.223121157147256888e-01 4.190515123641092932e-04
-5.219044956065534979e-01 4.200415941041776499e-04
-5.220573531471183193e-01 4.232126937731954812e-04
-5.220064006335968232e-01 4.557331354344082040e-04
-5.214968754983815291e-01 4.044230383548152552e-04
-5.220573531471183193e-01 4.412322925350435046e-04
-5.218535430930321128e-01 4.639477474439175045e-04
-5.219554481200751050e-01 4.412322925350435588e-04
-5.219044956065537200e-01 4.381916162850956484e-04
-5.217516380659890096e-01 4.224759236910026017e-04
-5.219044956065534979e-01 4.261774959402486350e-04
-5.216497330389460174e-01 4.628272344024503228e-04
-5.217516380659890096e-01 4.162854655524788000e-04
-5.217516380659891206e-01 4.345923844652707928e-04
-5.214459229848600330e-01 4.493942368915972542e-04
-5.214968754983813071e-01 4.585726216937047357e-04
-5.217006855524676245e-01 4.547065797023160235e-04
-5.211911604172522194e-01 4.483821189894001379e-04
-5.220573531471183193e-01 4.412322925350435588e-04
-5.212421129307739376e-01 4.634998672888906361e-04
-5.218535430930321128e-01 4.804419467149498866e-04
-5.218025905795105057e-01 4.495386391436103019e-04
-5.218025905795105057e-01 4.378359893229943206e-04
-5.214459229848600330e-01 4.376877261412949059e-04
-5.215987805254245213e-01 4.595905421952627091e-04
-5.215987805254244103e-01 4.539065423707987321e-04
-5.216497330389461284e-01 4.739131602321933591e-04
-5.213440179578168188e-01 4.974332914289924081e-04
-5.214459229848599220e-01 4.664034004553854859e-04
-5.210892553902094493e-01 4.959959598354531400e-04
-5.214968754983813071e-01 4.806850511929045802e-04
-5.207325877955585325e-01 4.690676329114396611e-04
-5.212421129307738266e-01 4.907073601632943195e-04
-5.212421129307739376e-01 4.690676329114396611e-04
-5.208344928226016357e-01 4.932403325025472383e-04
-5.212421129307738266e-01 4.463800792730939675e-04
-5.209363978496448500e-01 4.686246460267272894e-04
-5.213440179578170408e-01 5.128516659101797943e-04
-5.211911604172523305e-01 4.872296640268098766e-04
-5.211402079037309454e-01 4.782755871418925163e-04
-5.207835403090800286e-01 5.152002123025731456e-04
-5.206306827685155403e-01 5.036572844145781715e-04
-5.205797302549940442e-01 5.149986078290731163e-04
-5.205797302549942662e-01 5.048157401757988371e-04
-5.206306827685155403e-01 5.087857873527808347e-04
-5.206306827685156513e-01 4.984760203616071242e-04
-5.204268727144294449e-01 5.079687063680771207e-04
-5.202740151738649566e-01 5.256758744893019059e-04
-5.203759202009078377e-01 5.338111760590132093e-04
-5.198663950656927657e-01 5.543296275135319116e-04
-5.200702051197787501e-01 5.333246103065886375e-04
-5.200702051197789721e-01 5.754702384776920390e-04
-5.199173475792143728e-01 5.492246095206966766e-04
-5.196116324980850631e-01 5.556160753506682922e-04
-5.191021073628699911e-01 5.776091637742815496e-04
-5.183378196600471055e-01 5.813054341930671935e-04
-5.183378196600471055e-01 6.075112438731630152e-04
-5.179301995518751367e-01 6.485196209322083901e-04
-5.175225794437027238e-01 6.496395520357289019e-04
-5.172678168760951323e-01 6.414959899335456826e-04
-5.166054342003154609e-01 6.636357063171174084e-04
-5.164525766597509726e-01 6.839603967258788778e-04
-5.159430515245359006e-01 7.372988921779960328e-04
-5.159430515245356785e-01 7.750646078608101940e-04
-5.157901939839713013e-01 7.226640096530027131e-04
-5.155354314163637097e-01 7.756003591549960954e-04
-5.152806688487562292e-01 7.756840368687867868e-04
-5.158411464974929084e-01 7.533221859478035501e-04
-5.160449565515787818e-01 7.420722389982064042e-04
-5.158411464974929084e-01 7.429114106245790061e-04
-5.154844789028422136e-01 7.421596969813921366e-04
-5.159430515245356785e-01 7.337692683252528599e-04
-5.155863839298853168e-01 7.578747496926481995e-04
-5.153316213622776143e-01 7.372988921779873592e-04
-5.150259062811486377e-01 7.782735836041255366e-04
-5.145163811459332326e-01 7.842550235854265587e-04
-5.140578085242398787e-01 8.443986068711010085e-04
-5.141087610377613748e-01 8.658179979729367735e-04
-5.134973308755028665e-01 8.826852030582156648e-04
-5.128859007132448022e-01 8.979648713529538853e-04
-5.120197079833789244e-01 9.718983267055162755e-04
-5.115611353616853485e-01 1.007198583348012854e-03
-5.100325599560396883e-01 1.100798365957389013e-03
-5.089116046585663300e-01 1.139913750238905499e-03
-5.068735041177054867e-01 1.259372570447314524e-03
-5.043768309551509565e-01 1.346959353468709167e-03
-5.016763477385104419e-01 1.493343331306536950e-03
-4.967339539269231552e-01 1.870616597132357091e-03
-4.881739316553077579e-01 2.267839081729039561e-03
-4.686081664630438737e-01 3.456128184750666740e-03
-4.295275885920382675e-01 5.852390265594318956e-03
1.141389355789944604e+00 1.273862856119457876e-01
8.029302991169581460e+00 3.790909828812902838e-01
8.996993127970286608e+00 3.283050731921831611e-01
9.084631451227302534e+00 3.231042760785560741e-01
9.081421442875447170e+00 3.235057428243760524e-01
9.081880015497141301e+00 3.230954740447773421e-01
9.029093211488845583e+00 3.272032957531921804e-01
8.448896940019297475e+00 3.659737946478580084e-01
4.006653001159099503e+00 3.349993579942539546e-01
-4.061403848856605103e-01 7.452184406025065717e-03
-4.664172083816187087e-01 3.731794231167933403e-03
-4.876644065200925748e-01 2.272527799921875147e-03
-4.971925265486166201e-01 1.761594271391268406e-03
-5.016763477385103309e-01 1.498549717881478716e-03
-4.777286663833960612e-01 3.087314504204450184e-03
-3.815303208547664582e-01 7.914962532014940128e-03
-3.072925086539117778e-01 1.225829374715605921e-02
-3.061206008429167569e-01 1.225080157750386457e-02
-3.088720365730788786e-01 1.203667372306072361e-02
-3.239539805754487189e-01 1.125892723305998988e-02
-4.004846558847718341e-01 7.745242960675425767e-03
-4.899063171150392915e-01 2.308660580495090937e-03
-5.097268448749106007e-01 1.056807211760755301e-03
-5.102873225236472798e-01 1.002353925228080663e-03
-4.941863282508470179e-01 1.998767808574020925e-03
-4.630543424891983562e-01 3.631777788141723855e-03
-4.423166694859397285e-01 4.775161267452487229e-03
-4.411447616749446521e-01 4.791517046934024721e-03
-4.418071443507246010e-01 4.734264522265440277e-03
-4.458323929189246804e-01 4.540423622770379565e-03
-4.764548535453579925e-01 3.089941235579516093e-03
-5.096249398478676085e-01 1.062100225086654243e-03
-5.130897107673306756e-01 8.894826270143943231e-04
-5.129878057402879055e-01 8.791486717136863614e-04
-5.135482833890244736e-01 8.683480371979836404e-04
-5.146182861729766689e-01 8.100488224694120821e-04
-5.159940040380572857e-01 7.432083900253131292e-04
-5.168601967679229414e-01 6.544770531120126062e-04
-5.178792470383535296e-01 6.351512340870097903e-04
-5.182359146330040023e-01 6.012396595539616249e-04
-5.183887721735687126e-01 5.954908125572057169e-04
-5.187963922817409035e-01 5.926940397779610365e-04
-5.190511548493484950e-01 5.636186392197607784e-04
-5.191530598763914872e-01 5.502871460324456829e-04
-5.200702051197787501e-01 5.617731246407273215e-04
-5.200702051197787501e-01 5.333246103065886375e-04
-5.206816352820371474e-01 4.972505890569559614e-04
-5.206816352820369254e-01 5.276476588855684045e-04
-5.210892553902091162e-01 4.800364989957813097e-04
-5.211911604172523305e-01 4.925292506806067117e-04
-5.211402079037307233e-01 4.560463443364438972e-04
-5.213949704713384259e-01 4.685415393587324256e-04
-5.212421129307739376e-01 4.800094569711986113e-04
-5.211911604172523305e-01 4.598164407305033521e-04
-5.212421129307738266e-01 4.634998672888907987e-04
-5.217006855524674025e-01 4.877622138240212432e-04
-5.209363978496448500e-01 4.630515539282353886e-04
-5.215987805254245213e-01 4.870164810526900331e-04
-5.212421129307739376e-01 4.800094569711987197e-04
-5.211402079037307233e-01 4.836732931682748149e-04
-5.219044956065534979e-01 4.440768062518761429e-04
-5.217006855524676245e-01 4.715241514806473824e-04
-5.221083056606397044e-01 4.612820846898697878e-04
-5.220064006335967122e-01 4.441937147194147356e-04
-5.220573531471182083e-01 4.293032744332221521e-04
-5.220573531471182083e-01 4.232126937731954812e-04
-5.220573531471182083e-01 4.170331724244997302e-04
-5.217516380659890096e-01 4.224759236910026017e-04
-5.217516380659891206e-01 4.405256608910899973e-04
-5.219044956065537200e-01 4.261774959402486350e-04
-5.219044956065534979e-01 4.498850154419330172e-04
-5.221592581741612005e-01 4.350700242681348855e-04
-5.219554481200752161e-01 4.353086476368329158e-04
-5.220573531471183193e-01 4.043909400144849483e-04
-5.219554481200752161e-01 4.353086476368329158e-04
-5.224140207417689030e-01 4.181832679544724980e-04
-5.223121157147256888e-01 4.372426349518227949e-04
-5.223121157147256888e-01 4.489607514652665704e-04
-5.224140207417690140e-01 4.119283048404906227e-04
-5.227197358228978796e-01 4.140655940789932750e-04
-5.226687833093763835e-01 4.241930632786161887e-04
-5.223630682282472959e-01 3.963502982881173084e-04
-5.223121157147260218e-01 4.128097052472547851e-04
-5.223630682282474069e-01 4.338749388510599919e-04
-5.222611632012044147e-01 4.100015506823383865e-04
-5.221083056606397044e-01 4.322263010440510343e-04
-5.227197358228979907e-01 4.077474695588775367e-04
-5.223121157147256888e-01 4.190515123641091848e-04
-5.222611632012044147e-01 4.345923844652707928e-04
-5.222102106876828076e-01 4.552771742042542374e-04
-5.225159257688118952e-01 4.170642977872647127e-04
-5.224140207417687920e-01 4.364105835128748233e-04
-5.225159257688118952e-01 4.170642977872646043e-04
-5.227706883364195978e-01 3.770141711133846978e-04
-5.227706883364195978e-01 3.971355398667793311e-04
-5.224140207417689030e-01 4.423194712765535263e-04
-5.225159257688118952e-01 4.107922969341833434e-04
-5.226178307958548874e-01 4.093995620679527427e-04
-5.223630682282472959e-01 4.092409968340457059e-04
-5.224140207417690140e-01 4.119283048404906227e-04
-5.227706883364195978e-01 3.905436208120116929e-04
-5.225668782823335023e-01 3.736942238401846049e-04
-5.225159257688118952e-01 4.044230383548152010e-04
-5.227706883364194868e-01 4.345923844652708470e-04
-5.231273559310701815e-01 4.112975767032041015e-04
-5.231273559310704035e-01 3.919039994653821793e-04
-5.229235458769839751e-01 4.163166468165614286e-04
-5.228725933634624790e-01 4.142849831992235945e-04
-5.229235458769839751e-01 4.100332098114293751e-04
-5.227197358228982127e-01 4.077474695588775909e-04
-5.233821184986778841e-01 4.192682925276349122e-04
-5.229744983905055822e-01 3.859968186585187918e-04
-5.225668782823335023e-01 4.069508069449273807e-04
-5.229744983905055822e-01 3.992219665188042861e-04
-5.223121157147257998e-01 3.868366369322296088e-04
-5.227197358228982127e-01 3.948080095375775607e-04
-5.225159257688117842e-01 3.913736825790622639e-04
-5.227197358228978796e-01 3.948080095375775607e-04
-5.229744983905055822e-01 4.056728926357578867e-04
-5.228725933634627010e-01 4.503176111527422833e-04
-5.227197358228979907e-01 4.202887501091501395e-04
-5.230254509040270783e-01 4.262993131489506643e-04
-5.228216408499409829e-01 3.861649284259323638e-04
-5.229235458769839751e-01 3.905768571527221274e-04
-5.228725933634624790e-01 3.816679983477412044e-04
-5.228725933634627010e-01 4.142849831992235403e-04
-5.228216408499410939e-01 4.058328519860992514e-04
-5.225159257688118952e-01 4.412617109630880734e-04
-5.227706883364194868e-01 3.971355398667793311e-04
-5.226687833093766056e-01 4.117707133794876943e-04
-5.226178307958549984e-01 3.965140185224068532e-04
-5.227197358228979907e-01 4.077474695588775367e-04
-5.229235458769840861e-01 3.905768571527221274e-04
-5.230764034175485744e-01 3.695023444722980309e-04
-5.227197358228978796e-01 3.948080095375775607e-04
-5.215478280119030252e-01 4.388724291504326200e-04
-5.204778252279511630e-01 5.221078974569343502e-04
-5.205287777414724371e-01 5.059202306114362864e-04
-5.206306827685155403e-01 5.336895762086783790e-04
-5.205797302549940442e-01 5.585288009411697001e-04
-5.218535430930322239e-01 4.639477474439175045e-04
-5.225159257688118952e-01 4.044230383548152552e-04
-5.227197358228982127e-01 4.013298913155433642e-04
-5.230764034175485744e-01 3.832970350878919016e-04
-5.229235458769840861e-01 3.905768571527221274e-04
-5.229235458769839751e-01 3.971682245744488160e-04
-5.226178307958549984e-01 3.965140185224068532e-04
-5.229744983905056932e-01 3.926650752012703365e-04
-5.225668782823333913e-01 4.132811107968151795e-04
-5.232292609581133958e-01 3.682707252125377233e-04
-5.229235458769840861e-01 3.905768571527221274e-04
-5.229235458769843081e-01 3.905768571527221274e-04
-5.233311659851564990e-01 4.051926356985513272e-04
-5.231783084445916776e-01 4.066955453190933159e-04
-5.233311659851562769e-01 3.717788128480823177e-04
-5.228216408499410939e-01 3.993845095679717178e-04
-5.233311659851564990e-01 3.921688889849564257e-04
-5.230254509040271893e-01 3.602886782956799352e-04
-5.230764034175485744e-01 4.094946717363441677e-04
-5.228725933634624790e-01 4.079702563129560607e-04
-5.232802134716348919e-01 3.770141711133846978e-04
-5.231783084445917886e-01 3.734162292145121751e-04
-5.228725933634627010e-01 4.015562386114018660e-04
-5.230764034175487964e-01 3.764628797621974335e-04
-5.232292609581132847e-01 3.954650377996216234e-04
-5.233311659851562769e-01 3.717788128480823719e-04
-5.233311659851564990e-01 4.051926356985513272e-04
-5.234840235257209873e-01 3.966122182230552573e-04
-5.231783084445917886e-01 3.803051373688067578e-04
-5.232292609581130627e-01 3.954650377996215692e-04
-5.231273559310704035e-01 3.644440639160893359e-04
-5.226687833093766056e-01 3.789373748463491991e-04
-5.233311659851564990e-01 4.115499839541496979e-04
-5.230764034175487964e-01 3.966122182230553657e-04
-5.227197358228978796e-01 3.814298491969133871e-04
-5.229235458769839751e-01 3.905768571527221816e-04
-5.229744983905055822e-01 3.723021749571892264e-04
-5.231273559310701815e-01 3.984734145025037094e-04
-5.230254509040271893e-01 3.880427821533800501e-04
-5.229235458769839751e-01 3.905768571527221274e-04
-5.232292609581132847e-01 3.888448004712602999e-04
-5.232802134716346698e-01 3.971355398667791685e-04
-5.231783084445917886e-01 3.663978206437138677e-04
-5.228725933634627010e-01 3.884105794531004683e-04
-5.232802134716346698e-01 4.036198140498061600e-04
-5.232292609581132847e-01 3.538907917874165444e-04
-5.229744983905055822e-01 4.056728926357578867e-04
-5.229235458769840861e-01 3.770486000592683322e-04
-5.229235458769843081e-01 3.838723278317622794e-04
-5.230764034175485744e-01 3.764628797621973793e-04
-5.232802134716348919e-01 3.700640052098968851e-04
-5.227706883364194868e-01 3.557565648239632491e-04
-5.231783084445917886e-01 3.592423217051983020e-04
-5.233311659851564990e-01 4.115499839541496979e-04
-5.231273559310701815e-01 3.784231893797186858e-04
-5.230254509040270783e-01 3.880427821533800501e-04
-5.231273559310700705e-01 4.049362657673503474e-04
-5.233311659851564990e-01 3.786975085091679296e-04
-5.232292609581132847e-01 4.019762597345494758e-04
-5.228725933634627010e-01 4.015562386114018660e-04
-5.227197358228982127e-01 4.140655940789933834e-04
-5.229235458769839751e-01 4.036519737099544510e-04
-5.230764034175485744e-01 3.832970350878919016e-04
-5.231273559310701815e-01 3.984734145025037094e-04
-5.230764034175485744e-01 4.157862473059663615e-04
-5.228216408499409829e-01 3.993845095679717178e-04
-5.233311659851561659e-01 3.987339398095139762e-04
-5.229744983905056932e-01 3.723021749571893348e-04
-5.231273559310701815e-01 4.175619880571625588e-04
-5.229744983905056932e-01 3.859968186585187376e-04
-5.233821184986778841e-01 4.002611014251481825e-04
-5.231273559310700705e-01 3.714993849146948053e-04
-5.232292609581130627e-01 3.682707252125376690e-04
-5.233311659851562769e-01 3.921688889849565883e-04
-5.232292609581132847e-01 3.538907917874165444e-04
-5.231273559310704035e-01 3.984734145025037094e-04
-5.231273559310700705e-01 3.784231893797187401e-04
-5.228725933634624790e-01 3.678122162546093479e-04
-5.231273559310701815e-01 3.499069036001301383e-04
-5.231783084445917886e-01 3.937215158532116890e-04
-5.230764034175487964e-01 3.832970350878919016e-04
-5.232292609581132847e-01 4.019762597345495842e-04
-5.228725933634624790e-01 3.748041404446454000e-04
-5.231783084445916776e-01 3.870714595232111572e-04
-5.231783084445917886e-01 3.803051373688068120e-04
-5.230764034175487964e-01 3.966122182230553657e-04
-5.234840235257207652e-01 3.764628797621975419e-04
-5.231273559310701815e-01 3.499069036001301383e-04
-5.230254509040270783e-01 4.076201081721819090e-04
-5.229235458769839751e-01 3.700990807045219312e-04
-5.232292609581133958e-01 4.146921122071432417e-04
-5.230764034175485744e-01 4.094946717363441677e-04
-5.229744983905055822e-01 4.056728926357578324e-04
-5.225668782823333913e-01 4.069508069449273807e-04
-5.228216408499412049e-01 3.928303313321507804e-04
-5.230254509040273003e-01 4.012004926691633807e-04
-5.228725933634627010e-01 3.816679983477411502e-04
-5.234330710121993802e-01 3.679886334628226438e-04
-5.231783084445916776e-01 3.937215158532116890e-04
-5.232292609581130627e-01 4.146921122071432417e-04
-5.229235458769840861e-01 3.971682245744488160e-04
-5.228216408499410939e-01 3.861649284259323096e-04
-5.230764034175485744e-01 3.900114541593497253e-04
-5.226687833093763835e-01 3.989617598973720547e-04
-5.226687833093766056e-01 3.924005206317728793e-04
-5.226178307958549984e-01 4.156925771405515536e-04
-5.225668782823335023e-01 3.805781000003020530e-04
-5.230254509040271893e-01 3.880427821533800501e-04
-5.226687833093763835e-01 4.117707133794876943e-04
-5.227197358228979907e-01 3.881765669469268562e-04
-5.229235458769839751e-01 4.036519737099544510e-04
-5.232292609581130627e-01 3.821098815592345707e-04
-5.228725933634627010e-01 3.950380937320035037e-04
-5.232802134716346698e-01 4.036198140498061600e-04
-5.231273559310704035e-01 3.984734145025037094e-04
-5.231783084445916776e-01 4.192682925276350206e-04
-5.232802134716348919e-01 3.557565648239631949e-04
-5.235349760392424834e-01 3.913736825790621555e-04
-5.226687833093763835e-01 3.789373748463491991e-04
-5.228216408499409829e-01 3.928303313321507804e-04
-5.231273559310701815e-01 4.298169940880580925e-04
-5.227706883364195978e-01 3.971355398667792769e-04
-5.224140207417690140e-01 3.925658881306353797e-04
-5.226687833093763835e-01 3.857276906364961685e-04
-5.227197358228979907e-01 3.814298491969133871e-04
-5.228216408499412049e-01 3.724764655781108978e-04
-5.217516380659890096e-01 4.959697879778069947e-04
-5.186944872546978003e-01 6.130203604243490397e-04
-5.185925822276545860e-01 6.406860710575694538e-04
-5.182868671465257204e-01 6.150498147171372864e-04
-5.183887721735687126e-01 6.252643670626806477e-04
-5.197135375251282774e-01 5.505465652769907540e-04
-5.221592581741613115e-01 4.526178054624466793e-04
-5.226178307958548874e-01 3.831954231826677475e-04
-5.226687833093766056e-01 3.989617598973719463e-04
-5.225159257688117842e-01 4.044230383548152552e-04
-5.227197358228979907e-01 3.675650899116186050e-04
-5.226687833093766056e-01 4.117707133794876401e-04
-5.227197358228978796e-01 4.140655940789932750e-04
-5.225668782823333913e-01 3.873396538803660304e-04
-5.228725933634624790e-01 4.266341311252825697e-04
-5.225668782823335023e-01 4.069508069449273807e-04
-5.228725933634627010e-01 3.950380937320035037e-04
-5.226687833093766056e-01 3.989617598973720547e-04
-5.225159257688118952e-01 4.044230383548152010e-04
-5.228216408499409829e-01 3.861649284259323638e-04
-5.228216408499409829e-01 4.184315216230907286e-04
-5.224140207417689030e-01 3.991244089154613291e-04
-5.223630682282474069e-01 3.963502982881173626e-04
-5.223630682282472959e-01 4.092409968340457059e-04
-5.222611632012043037e-01 4.224759236910026017e-04
-5.223121157147260218e-01 4.064720598983445924e-04
-5.222611632012044147e-01 4.162854655524788000e-04
-5.223630682282474069e-01 4.155364132757144728e-04
-5.220573531471183193e-01 3.913405139123151593e-04
-5.223121157147256888e-01 4.000340213152895523e-04
-5.220064006335966011e-01 4.139401766615838645e-04
-5.223630682282474069e-01 3.897450983460313948e-04
-5.222611632012044147e-01 3.971355398667792769e-04
-5.221592581741612005e-01 4.229672463442430775e-04
-5.222102106876826966e-01 3.941498860436113078e-04
-5.220573531471182083e-01 4.043909400144849483e-04
-5.213440179578170408e-01 4.537635301291913443e-04
-5.220064006335968232e-01 4.262993131489506643e-04
-5.210383028766877311e-01 4.652888011790982242e-04
-5.192040123899128723e-01 5.552421433992685415e-04
-5.165035291732725797e-01 6.974355036104363864e-04
-5.157392414704499162e-01 7.272300016946877266e-04
-5.160449565515787818e-01 7.207754881250326862e-04
-5.162487666056649882e-01 7.084231966625519289e-04
-5.172168643625738582e-01 6.356619619111816052e-04
-5.196116324980850631e-01 5.740021709552736977e-04
-5.214968754983813071e-01 4.293335102521442519e-04
-5.217006855524674025e-01 4.372426349518227407e-04
-5.214459229848600330e-01 4.435796015182157060e-04
-5.216497330389460174e-01 4.456816095596215460e-04
-5.212930654442954337e-01 4.501157848930885212e-04
-5.208344928226016357e-01 4.433454298764409130e-04
-5.206816352820372584e-01 4.866965315068989893e-04
-5.207325877955587545e-01 5.114322852457758167e-04
-5.208854453361232428e-01 4.475707767625803626e-04
-5.207835403090800286e-01 4.731730345339229399e-04
-5.212421129307738266e-01 4.162854655524788000e-04
-5.215987805254244103e-01 4.364105835128748233e-04
-5.217516380659891206e-01 4.578644010059064245e-04
-5.217516380659890096e-01 4.853878820593968699e-04
-5.216497330389460174e-01 4.338749388510601546e-04
-5.216497330389460174e-01 4.338749388510600461e-04
-5.215478280119029142e-01 4.675153424327496351e-04
-5.215987805254246323e-01 4.364105835128748233e-04
-5.217006855524676245e-01 4.431404281804300388e-04
-5.211911604172522194e-01 4.872296640268098224e-04
-5.211911604172522194e-01 4.764536818737307106e-04
-5.206306827685155403e-01 4.825985817121508236e-04
-5.207325877955587545e-01 4.907073601632941026e-04
-5.207325877955585325e-01 4.800094569711986113e-04
-5.203759202009079488e-01 5.289253769835447179e-04
-5.197644900386496625e-01 5.407691823244833908e-04
-5.193568699304773606e-01 5.510414810624202032e-04
-5.179811520653965218e-01 6.536832180777874457e-04
-4.991796745759561338e-01 1.977955311763823516e-03
-2.267176812270106298e-02 3.399964673464887094e-02
6.614676309307480073e-01 6.938508382004890396e-02
8.596729085294605444e-01 8.047268598916389182e-02
8.510109812308022104e-01 8.002991953504619282e-02
8.410242885805843116e-01 7.978891914910396510e-02
5.715364445652652003e-01 6.357419169822350891e-02
1.019260309867936649e-02 3.298634204562746197e-02
-4.594367140291703566e-01 7.405165633267311864e-03
-5.162487666056648772e-01 7.406715067993959985e-04
-5.171149593355306440e-01 6.756541528258593141e-04
-5.176244844707459380e-01 6.199478399036267157e-04
-5.178282945248318114e-01 6.172618902455054854e-04
-5.180830570924395140e-01 6.108141757648289033e-04
-5.183887721735684906e-01 6.210983911184867140e-04
-5.184397246870902087e-01 6.135495105965993066e-04
-5.186435347411763042e-01 5.774518291352353887e-04
-5.188982973087837847e-01 5.714637298998971691e-04
-5.188473447952622886e-01 5.976015241908117556e-04
-5.186944872546976892e-01 5.645161400201571854e-04
-5.190002023358268879e-01 5.723716083496554943e-04
-5.182868671465256094e-01 5.935694468568809877e-04
-5.183887721735684906e-01 5.954908125572092948e-04
-5.184397246870902087e-01 5.876130515427677344e-04
-5.179811520653962997e-01 6.041472853341980833e-04
-5.178792470383534186e-01 6.310505311731680290e-04
-5.175735319572244419e-01 6.099635184677812275e-04
-5.173697219031381245e-01 6.568528019360126910e-04
-5.174206744166598426e-01 6.544968866515279851e-04
-5.166054342003154609e-01 6.714141681821039374e-04
-5.164525766597511947e-01 7.063679833481499321e-04
-5.152297163352347331e-01 7.895338179256811010e-04
-5.144654286324119585e-01 8.479576023110521480e-04
-5.129368532267664094e-01 9.466203643313728100e-04
-5.111535152535131576e-01 1.013058472976764799e-03
-5.095230348208246163e-01 1.081766381594421273e-03
-5.058035013337535135e-01 1.315680330062343837e-03
-4.992306270894774634e-01 1.642307878144612984e-03
-4.825182026544189151e-01 2.730954909236893956e-03
4.073164934854060504e-01 8.105838372732271369e-02
6.853064216525292629e+00 4.005810353364250842e-01
8.171001931272929397e+00 3.798231769860141438e-01
8.316165642295738181e+00 3.724381571846659966e-01
8.315554212133479339e+00 3.721521252480390896e-01
8.286460326912692409e+00 3.737907932911738729e-01
7.937537514317323684e+00 3.865639436698696807e-01
4.070190785520434673e+00 3.265813018486588004e-01
-3.369978240369579381e-01 2.341241050651089034e-02
-4.948996634401484629e-01 1.996766532171084622e-03
-5.036125432523281820e-01 1.411844409884542312e-03
-5.089625571720879371e-01 1.110063391936688291e-03
-5.112554202805561498e-01 9.771597536011773517e-04
-5.130897107673310087e-01 9.096843214207202396e-04
-5.143125710918472482e-01 8.631752813987108534e-04
-5.157392414704498051e-01 7.054853448193897829e-04
-5.160959090651003889e-01 7.012961511767979838e-04
-5.171149593355306440e-01 6.946006914569257578e-04
-5.176754369842675452e-01 6.419814508013736796e-04
-5.181340096059607880e-01 6.203664690551999707e-04
-5.180321045789181289e-01 6.508373397014664222e-04
-5.190002023358267769e-01 5.813724215865550844e-04
-5.191021073628698801e-01 5.776091637742814412e-04
-5.195606799845637891e-01 5.919269965682955482e-04
-5.195097274710421820e-01 5.463810770352213811e-04
-5.198154425521711586e-01 5.208882210764241528e-04
-5.199173475792143728e-01 5.723716083496553858e-04
-5.195606799845635670e-01 5.170111149416540142e-04
-5.192040123899128723e-01 5.598983435186567423e-04
-5.190002023358267769e-01 5.858209708176490612e-04
-5.184906772006115938e-01 5.750866442595936340e-04
-5.180830570924396250e-01 6.192564830923475870e-04
-5.184397246870899867e-01 5.963838804663077441e-04
-5.184906772006117048e-01 6.185853385661347096e-04
-5.188982973087838957e-01 5.893556342857804312e-04
-5.194078224439990787e-01 5.919927820720347978e-04
-5.200702051197788611e-01 5.617731246407272130e-04
-5.203249676873865637e-01 5.490354988636244726e-04
-5.206306827685155403e-01 4.879484689379621760e-04
-5.210383028766877311e-01 4.763174393609016918e-04
-5.206816352820369254e-01 4.535632372348031259e-04
-5.211911604172522194e-01 4.709732409624906480e-04
-5.213949704713383149e-01 4.794953687381082737e-04
-5.211911604172523305e-01 4.709732409624906480e-04
-5.212421129307738266e-01 4.285769748445287337e-04
-5.212930654442952116e-01 4.202887501091500310e-04
-5.214968754983813071e-01 4.353384663612324670e-04
-5.218025905795106167e-01 4.196705871769897817e-04
-5.223630682282474069e-01 4.028472120064895265e-04
-5.222102106876829186e-01 4.318657618729728311e-04
-5.225159257688118952e-01 4.353384663612324128e-04
-5.222611632012043037e-01 4.100015506823382781e-04
-5.224649732552903991e-01 4.268774701618224918e-04
-5.223630682282474069e-01 4.155364132757144728e-04
-5.223630682282472959e-01 4.217378664838708100e-04
-5.220573531471182083e-01 3.913405139123151593e-04
-5.221592581741612005e-01 3.910750633042485674e-04
-5.221083056606397044e-01 4.200415941041777583e-04
-5.221592581741613115e-01 3.843792240354570837e-04
-5.224140207417689030e-01 3.991244089154613291e-04
-5.222611632012044147e-01 3.770141711133846978e-04
-5.222611632012043037e-01 3.905436208120116387e-04
-5.223630682282472959e-01 4.217378664838708100e-04
-5.226687833093763835e-01 4.180280345447827004e-04
-5.225668782823335023e-01 4.005204639026645674e-04
-5.228725933634624790e-01 3.884105794531004683e-04
-5.229744983905055822e-01 4.056728926357578324e-04
-5.224140207417689030e-01 4.055768867433625431e-04
-5.229235458769840861e-01 3.700990807045218228e-04
-5.228725933634627010e-01 4.079702563129559523e-04
-5.226687833093766056e-01 3.924005206317728793e-04
-5.225159257688117842e-01 3.846830411483910398e-04
-5.225159257688117842e-01 4.044230383548152552e-04
-5.230764034175485744e-01 3.551722793714072002e-04
-5.226178307958551095e-01 3.831954231826677475e-04
-5.225159257688118952e-01 3.846830411483908771e-04
-5.223121157147256888e-01 4.190515123641092932e-04
-5.147201912000195501e-01 1.042361909311041290e-03
-5.056506437931888032e-01 1.806185754040803186e-03
-5.041220683875434760e-01 1.881100278234678486e-03
-5.041730209010649721e-01 1.867254949297959734e-03
-5.048354035768446435e-01 1.846499687470741502e-03
-5.113063727940777570e-01 1.349039362860337274e-03
-5.190002023358268879e-01 7.063679833481601236e-04
-5.228216408499410939e-01 4.121803258520390914e-04
-5.228216408499412049e-01 3.861649284259323638e-04
-5.229744983905056932e-01 3.792113220173884609e-04
-5.228725933634627010e-01 3.534136271983349476e-04
-5.227706883364194868e-01 4.162854655524788000e-04
-5.228725933634624790e-01 3.884105794531004683e-04
-5.229744983905055822e-01 3.792113220173884609e-04
-5.229744983905056932e-01 3.792113220173884609e-04
-5.233311659851561659e-01 4.051926356985513815e-04
-5.232292609581130627e-01 3.682707252125376690e-04
-5.232802134716346698e-01 3.700640052098967767e-04
-5.232802134716346698e-01 3.905436208120115845e-04
-5.231273559310704035e-01 3.919039994653821250e-04
-5.234840235257209873e-01 3.695023444722979767e-04
-5.234330710121993802e-01 3.818380139463322743e-04
-5.227706883364194868e-01 3.770141711133846436e-04
-5.231783084445916776e-01 3.803051373688068120e-04
-5.230764034175485744e-01 3.764628797621973793e-04
-5.235349760392422613e-01 3.417998515758061801e-04
-5.231783084445916776e-01 3.870714595232111572e-04
-5.233821184986778841e-01 3.444857198310219979e-04
-5.232292609581130627e-01 3.538907917874165444e-04
-5.233311659851564990e-01 3.575399993652255901e-04
-5.233821184986778841e-01 3.803051373688068120e-04
-5.231783084445916776e-01 3.937215158532116890e-04
-5.233311659851562769e-01 3.502035606297623891e-04
-5.235859285527638685e-01 3.580841729834057527e-04
-5.234840235257209873e-01 3.764628797621973793e-04
-5.237387860933284678e-01 3.689750110446514777e-04
-5.235859285527639795e-01 3.792113220173884609e-04
-5.232802134716348919e-01 3.483825715316781575e-04
-5.231273559310701815e-01 3.644440639160893359e-04
-5.234330710121993802e-01 3.679886334628225354e-04
-5.231273559310701815e-01 3.499069036001301383e-04
-5.235349760392423724e-01 3.493128337258237905e-04
-5.236368810662854756e-01 3.804757619623292428e-04
-5.232802134716346698e-01 3.838385109504182670e-04
-5.232802134716348919e-01 3.408490851956374394e-04
-5.232802134716348919e-01 3.557565648239631949e-04
-5.234840235257207652e-01 3.477858978819570765e-04
-5.235349760392423724e-01 3.778739536920382430e-04
-5.233821184986777730e-01 3.444857198310220521e-04
-5.233821184986778841e-01 3.444857198310219979e-04
-5.237387860933284678e-01 3.827887058313560989e-04
-5.234840235257207652e-01 3.246198992061228141e-04
-5.235349760392423724e-01 3.493128337258237905e-04
-5.232292609581130627e-01 3.464770919463546471e-04
-5.234840235257209873e-01 3.764628797621973793e-04
-5.235859285527639795e-01 3.507591163075990436e-04
-5.232802134716346698e-01 3.700640052098967767e-04
-5.234330710121994912e-01 3.608646797478435361e-04
-5.230764034175485744e-01 3.402392004123527759e-04
-5.234840235257209873e-01 3.477858978819570223e-04
-5.234840235257207652e-01 3.402392004123527759e-04
