# V, V_err
-5.255221240665817195e-01 3.031139291800301013e-04
-5.253692665260172312e-01 2.811175356036324621e-04
-5.254711715530602234e-01 2.586059674794576263e-04
-5.250635514448879215e-01 2.696153589032101701e-04
-5.256240290936249338e-01 2.818093196098803892e-04
-5.255730765801033266e-01 2.743876826511492729e-04
-5.254711715530604454e-01 2.684573777796173707e-04
-5.257259341206678149e-01 2.583548692869523438e-04
-5.256749816071463188e-01 2.889506215162313874e-04
-5.253183140124956241e-01 2.635284490596900018e-04
-5.252164089854527429e-01 2.851065184024728898e-04
-5.252164089854525209e-01 2.662725902133671811e-04
-5.252673614989740170e-01 2.649530703119182978e-04
-5.249616464178451514e-01 2.616003470878486585e-04
-5.255730765801032156e-01 2.743876826511492729e-04
-5.254202190395388383e-01 2.887259145676195917e-04
-5.251654564719312468e-01 2.674885641620516267e-04
-5.251145039584095287e-01 2.686023984318327206e-04
-5.252164089854525209e-01 2.851065184024728898e-04
-5.255221240665817195e-01 2.854705230427696480e-04
-5.251654564719310248e-01 2.576001061512865728e-04
-5.251145039584096397e-01 2.961827142969332112e-04
-5.250635514448880325e-01 2.971016552654538495e-04
-5.254711715530602234e-01 3.046943267564984799e-04
-5.252673614989740170e-01 2.838745568104970559e-04
-5.254711715530601124e-01 2.483641059969503078e-04
-5.256240290936249338e-01 2.526648784734790648e-04
-5.252164089854525209e-01 3.112276958121582915e-04
-5.252673614989740170e-01 2.928772460821735539e-04
-5.255730765801032156e-01 2.926999059229634334e-04
-5.255221240665818305e-01 2.762265415523833625e-04
-5.252673614989741280e-01 2.745768503279805085e-04
-5.253692665260172312e-01 2.717255077381172884e-04
-5.255730765801032156e-01 2.647570265778528874e-04
-5.257259341206678149e-01 3.044812388734120996e-04
-5.255730765801034376e-01 2.647570265778528332e-04
-5.256749816071463188e-01 2.798216296255428680e-04
-5.256749816071462078e-01 2.798216296255429223e-04
-5.256240290936249338e-01 2.526648784734790648e-04
-5.256749816071462078e-01 2.798216296255429223e-04
-5.255730765801034376e-01 2.836915889817491466e-04
-5.252164089854525209e-01 2.851065184024728898e-04
-5.252673614989743500e-01 2.549662962028322521e-04
-5.253692665260172312e-01 2.902057650912219077e-04
-5.254202190395388383e-01 2.603568741899138159e-04
-5.254202190395388383e-01 2.887259145676195917e-04
-5.254202190395386163e-01 2.701444413758397880e-04
-5.255221240665817195e-01 3.031139291800301013e-04
-5.254711715530604454e-01 2.871480423421898494e-04
-5.253183140124956241e-01 2.635284490596900018e-04
-5.256240290936247117e-01 2.818093196098803892e-04
-5.255221240665818305e-01 2.567420256236729588e-04
-5.256240290936247117e-01 2.627391445566112623e-04
-5.256240290936247117e-01 2.724411410757592586e-04
-5.257768866341895331e-01 2.659311211470829378e-04
-5.256240290936247117e-01 2.818093196098803892e-04
-5.255221240665817195e-01 3.115611839290610219e-04
-5.250635514448879215e-01 2.696153589032101701e-04
-5.251145039584095287e-01 2.587565094350499856e-04
-5.253692665260172312e-01 2.717255077381172884e-04
-5.252673614989741280e-01 2.549662962028322521e-04
-5.253183140124957351e-01 3.003606374628561598e-04
-5.251654564719311358e-01 2.674885641620516267e-04
-5.252673614989740170e-01 3.016113368907077366e-04
-5.253692665260173422e-01 2.902057650912219077e-04
-5.252673614989740170e-01 2.838745568104971101e-04
-5.253692665260172312e-01 2.619970119814646814e-04
-5.253692665260171202e-01 2.619970119814646272e-04
-5.258278391477108071e-01 2.825453556518836887e-04
-5.252164089854525209e-01 2.563372291155029191e-04
-5.256749816071463188e-01 2.798216296255428680e-04
-5.253692665260173422e-01 2.717255077381172884e-04
-5.252164089854525209e-01 2.758503390740306904e-04
-5.252673614989740170e-01 2.838745568104971101e-04
-5.253692665260173422e-01 2.518930666352168710e-04
-5.252673614989740170e-01 2.549662962028322521e-04
-5.251145039584095287e-01 2.587565094350499856e-04
-5.252673614989740170e-01 2.549662962028322521e-04
-5.255221240665817195e-01 2.666623051532942645e-04
-5.251654564719311358e-01 2.674885641620516267e-04
-5.253692665260172312e-01 2.619970119814646814e-04
-5.255221240665818305e-01 2.854705230427696480e-04
-5.250125989313665364e-01 2.979306357224164020e-04
-5.255730765801032156e-01 2.836915889817492008e-04
-5.252164089854527429e-01 2.940714948850050160e-04
-5.250125989313665364e-01 2.705285787065711306e-04
-5.251145039584096397e-01 2.686023984318327749e-04
-5.252673614989740170e-01 2.838745568104971101e-04
-5.253692665260172312e-01 2.990178980604729924e-04
-5.252164089854527429e-01 2.758503390740306904e-04
-5.252673614989740170e-01 2.649530703119182436e-04
-5.253692665260173422e-01 2.518930666352168710e-04
-5.251145039584096397e-01 2.872836281098818082e-04
-5.252673614989740170e-01 2.745768503279805628e-04
-5.255730765801034376e-01 2.743876826511492729e-04
-5.253692665260171202e-01 2.902057650912219077e-04
-5.255221240665817195e-01 2.762265415523833625e-04
-5.253183140124956241e-01 2.732024171418099764e-04
-5.255221240665817195e-01 2.762265415523833625e-04
-5.254711715530602234e-01 2.779598549298623500e-04
-5.250125989313665364e-01 2.705285787065711306e-04
-5.252164089854527429e-01 2.563372291155030275e-04
-5.251145039584095287e-01 2.872836281098818082e-04
-5.256240290936247117e-01 2.526648784734790648e-04
-5.253183140124957351e-01 2.430280002945377010e-04
-5.254711715530601124e-01 2.779598549298624042e-04
-5.251654564719310248e-01 2.770242755171429096e-04
-5.253692665260172312e-01 2.717255077381172884e-04
-5.252164089854525209e-01 2.851065184024728898e-04
-5.253692665260172312e-01 2.811175356036324621e-04
-5.255221240665817195e-01 2.762265415523833625e-04
-5.252164089854527429e-01 2.563372291155030275e-04
-5.253692665260172312e-01 2.619970119814646814e-04
-5.258278391477108071e-01 2.825453556518836887e-04
-5.253692665260173422e-01 2.619970119814646814e-04
-5.253183140124956241e-01 2.732024171418099764e-04
-5.257259341206678149e-01 2.958318907041056125e-04
-5.254202190395386163e-01 2.795895857763418843e-04
-5.254711715530601124e-01 2.779598549298624042e-04
-5.254202190395388383e-01 2.501866996257409194e-04
-5.252673614989740170e-01 2.838745568104971101e-04
-5.251654564719311358e-01 2.862424959612389032e-04
-5.255730765801032156e-01 2.743876826511493271e-04
-5.256749816071462078e-01 2.606060434250338917e-04
-5.258787916612326363e-01 2.801925000727667416e-04
-5.256749816071462078e-01 2.798216296255429223e-04
-5.255221240665817195e-01 3.031139291800301013e-04
-5.255730765801033266e-01 2.836915889817492008e-04
-5.258278391477108071e-01 3.171768388040607832e-04
-5.257768866341894221e-01 2.559825070707421419e-04
-5.252164089854525209e-01 2.758503390740306904e-04
-5.255221240665818305e-01 2.567420256236729588e-04
-5.253692665260172312e-01 2.717255077381172884e-04
-5.255221240665817195e-01 2.666623051532942645e-04
-5.255730765801034376e-01 2.547625676076136999e-04
-5.254711715530601124e-01 2.779598549298624042e-04
-5.253183140124956241e-01 2.635284490596900018e-04
-5.255221240665818305e-01 2.666623051532943187e-04
-5.256749816071462078e-01 2.703845911622416954e-04
-5.256240290936249338e-01 2.818093196098803892e-04
-5.254711715530601124e-01 2.684573777796173707e-04
-5.257259341206679260e-01 2.777262555483764089e-04
-5.258278391477108071e-01 2.635284490596900018e-04
-5.256749816071465409e-01 2.703845911622416954e-04
-5.255221240665818305e-01 2.854705230427696480e-04
-5.256240290936247117e-01 2.627391445566112623e-04
-5.253692665260171202e-01 2.717255077381172884e-04
-5.253183140124957351e-01 2.534855542146015827e-04
-5.252164089854525209e-01 2.851065184024728898e-04
-5.252673614989741280e-01 2.928772460821735539e-04
-5.253183140124956241e-01 2.635284490596900018e-04
-5.253692665260172312e-01 2.902057650912219077e-04
-5.256749816071463188e-01 2.798216296255428680e-04
-5.257768866341894221e-01 2.659311211470829378e-04
-5.256240290936249338e-01 2.908759355589692259e-04
-5.255221240665817195e-01 2.762265415523833625e-04
-5.255730765801032156e-01 2.547625676076137541e-04
-5.255221240665818305e-01 2.762265415523833625e-04
-5.258278391477108071e-01 2.915890863334418361e-04
-5.253183140124957351e-01 2.635284490596900018e-04
-5.252164089854525209e-01 2.662725902133671811e-04
-5.251145039584096397e-01 2.686023984318327749e-04
-5.256749816071463188e-01 2.798216296255428680e-04
-5.253692665260172312e-01 2.717255077381172884e-04
-5.254202190395388383e-01 2.701444413758397880e-04
-5.256749816071462078e-01 2.606060434250338917e-04
-5.255221240665817195e-01 2.854705230427696480e-04
-5.255730765801034376e-01 2.547625676076137541e-04
-5.254202190395386163e-01 2.795895857763419385e-04
-5.253692665260171202e-01 2.717255077381172884e-04
-5.253692665260172312e-01 2.717255077381172884e-04
-5.255221240665817195e-01 2.567420256236729046e-04
-5.253692665260172312e-01 2.518930666352168710e-04
-5.256240290936247117e-01 2.908759355589692259e-04
-5.250125989313666475e-01 2.705285787065710764e-04
-5.253183140124956241e-01 2.534855542146015285e-04
-5.253692665260171202e-01 2.413665257457460033e-04
-5.251654564719312468e-01 2.862424959612389032e-04
-5.253692665260171202e-01 2.717255077381172884e-04
-5.250635514448880325e-01 3.057150811291364724e-04
-5.252673614989740170e-01 2.928772460821736081e-04
-5.256240290936249338e-01 2.818093196098803892e-04
-5.254202190395386163e-01 2.603568741899138701e-04
-5.255221240665817195e-01 2.666623051532942645e-04
-5.255730765801033266e-01 3.099320400732320183e-04
-5.254711715530602234e-01 2.483641059969503078e-04
-5.253183140124956241e-01 2.732024171418099222e-04
-5.252164089854527429e-01 2.940714948850050160e-04
-5.253692665260171202e-01 2.811175356036324621e-04
-5.252164089854527429e-01 2.662725902133672353e-04
-5.252673614989741280e-01 2.649530703119182436e-04
-5.251654564719311358e-01 2.862424959612389032e-04
-5.252164089854527429e-01 2.662725902133672353e-04
-5.251654564719311358e-01 2.576001061512865728e-04
-5.252673614989741280e-01 2.649530703119182436e-04
-5.252164089854527429e-01 3.027711369536789936e-04
-5.250635514448879215e-01 2.598078607128447752e-04
-5.255730765801033266e-01 2.647570265778528874e-04
-5.255221240665817195e-01 2.762265415523833625e-04
-5.255730765801033266e-01 2.547625676076137541e-04
-5.253183140124956241e-01 2.635284490596900018e-04
-5.252673614989740170e-01 2.838745568104970559e-04
-5.252673614989743500e-01 2.928772460821736081e-04
-5.250125989313665364e-01 2.607554306791624648e-04
-5.249616464178451514e-01 2.713430648916695192e-04
-5.251654564719310248e-01 2.770242755171429096e-04
-5.250125989313665364e-01 2.705285787065711306e-04
-5.251145039584096397e-01 3.132232985985280169e-04
-5.252673614989740170e-01 2.549662962028322521e-04
-5.253183140124956241e-01 2.732024171418099764e-04
-5.250125989313665364e-01 2.799607636175457655e-04
-5.255730765801032156e-01 2.647570265778528874e-04
-5.254711715530604454e-01 2.586059674794576263e-04
-5.253183140124956241e-01 2.732024171418099764e-04
-5.254202190395388383e-01 2.603568741899138159e-04
-5.252673614989741280e-01 2.649530703119182978e-04
-5.253692665260171202e-01 2.990178980604729381e-04
-5.250635514448882546e-01 2.696153589032101701e-04
-5.248597413908018261e-01 2.820395372118805451e-04
-5.251654564719311358e-01 3.038410785768831798e-04
-5.250125989313666475e-01 2.705285787065710764e-04
-5.252673614989740170e-01 2.745768503279805628e-04
-5.251145039584096397e-01 2.587565094350499856e-04
-5.251145039584095287e-01 2.686023984318327206e-04
-5.249616464178451514e-01 2.713430648916695192e-04
-5.250635514448879215e-01 2.882309426365439048e-04
-5.252673614989740170e-01 2.928772460821736081e-04
-5.250635514448882546e-01 2.790784101732498982e-04
-5.251145039584095287e-01 2.686023984318327206e-04
-5.256240290936247117e-01 2.724411410757593128e-04
-5.249616464178450403e-01 2.807478871392030551e-04
-5.253692665260171202e-01 2.619970119814646272e-04
-5.254202190395388383e-01 2.795895857763418843e-04
-5.253183140124956241e-01 2.732024171418099764e-04
-5.251654564719312468e-01 2.770242755171429096e-04
-5.251145039584096397e-01 2.780999203733344250e-04
-5.252673614989741280e-01 2.745768503279805085e-04
-5.250635514448882546e-01 2.971016552654537953e-04
-5.250125989313665364e-01 2.799607636175457655e-04
-5.251145039584095287e-01 2.587565094350499856e-04
-5.250635514448880325e-01 2.598078607128447210e-04
-5.253692665260171202e-01 2.717255077381172884e-04
-5.251654564719312468e-01 2.674885641620515725e-04
-5.253692665260171202e-01 2.717255077381172884e-04
-5.250125989313666475e-01 2.607554306791624648e-04
-5.253183140124957351e-01 2.915890863334418361e-04
-5.252673614989740170e-01 2.649530703119182978e-04
-5.250125989313666475e-01 2.607554306791624648e-04
-5.252164089854525209e-01 2.851065184024728898e-04
-5.249616464178450403e-01 2.616003470878486585e-04
-5.252164089854527429e-01 2.662725902133672353e-04
-5.252164089854525209e-01 2.940714948850050160e-04
-5.248087888772805520e-01 2.635284490596900018e-04
-5.250635514448880325e-01 2.696153589032101701e-04
-5.251654564719311358e-01 2.770242755171429638e-04
-5.254711715530601124e-01 2.960512041679175190e-04
-5.255730765801033266e-01 2.647570265778528874e-04
-5.252673614989743500e-01 2.649530703119182978e-04
-5.251654564719310248e-01 2.951729726151122138e-04
-5.252673614989740170e-01 2.838745568104971101e-04
-5.252164089854527429e-01 2.758503390740306904e-04
-5.253183140124956241e-01 2.915890863334417819e-04
-5.247578363637589449e-01 2.539460188161220657e-04
-5.248087888772804410e-01 2.825453556518836887e-04
-5.252164089854527429e-01 2.851065184024728898e-04
-5.249106939043235442e-01 2.814405797468638943e-04
-5.253692665260172312e-01 2.811175356036325164e-04
-5.248087888772805520e-01 2.732024171418099222e-04
-5.249106939043234332e-01 2.623436017737177219e-04
-5.249106939043234332e-01 2.720597042193659320e-04
-5.249106939043235442e-01 2.522535393672110764e-04
-5.250635514448879215e-01 2.496153184799823101e-04
-5.251654564719311358e-01 2.674885641620516267e-04
-5.251145039584095287e-01 2.686023984318327206e-04
-5.250125989313665364e-01 2.890853618460147547e-04
-5.250635514448880325e-01 2.882309426365439590e-04
-5.253183140124956241e-01 2.635284490596900018e-04
-5.250635514448882546e-01 2.790784101732498982e-04
-5.250125989313665364e-01 2.607554306791624648e-04
-5.248087888772804410e-01 2.635284490596900018e-04
-5.248087888772805520e-01 2.732024171418099222e-04
-5.250125989313665364e-01 2.705285787065711306e-04
-5.248597413908019371e-01 2.629860566913157509e-04
-5.250635514448879215e-01 2.598078607128447752e-04
-5.251145039584095287e-01 2.780999203733344250e-04
-5.252673614989741280e-01 2.745768503279805628e-04
-5.250125989313665364e-01 2.979306357224164020e-04
-5.252673614989743500e-01 2.649530703119182978e-04
-5.252164089854525209e-01 2.940714948850049618e-04
-5.253692665260171202e-01 2.902057650912219077e-04
-5.252673614989743500e-01 3.016113368907077366e-04
-5.250125989313665364e-01 2.607554306791624648e-04
-5.248597413908021592e-01 2.820395372118805993e-04
-5.230764034175487964e-01 3.832970350878919016e-04
-5.182359146330040023e-01 5.656417506461067701e-04
-5.142616185783258631e-01 8.199397782168050142e-04
-5.137011409295889619e-01 8.299318328809495446e-04
-5.134463783619814814e-01 8.337550215038137466e-04
-5.142616185783258631e-01 8.293842244142207807e-04
-5.176244844707459380e-01 6.029643896018146727e-04
-5.238406911203715710e-01 3.264143844041890582e-04
-5.253183140124956241e-01 2.635284490596900018e-04
-5.250635514448880325e-01 2.696153589032101701e-04
-5.253183140124956241e-01 2.732024171418099764e-04
-5.249616464178449293e-01 3.072398540848703770e-04
-5.251654564719312468e-01 2.862424959612388489e-04
-5.250635514448879215e-01 2.696153589032101701e-04
-5.247068838502374488e-01 3.010513210709414144e-04
-5.247578363637589449e-01 2.639713956868814239e-04
-5.224140207417687920e-01 3.791086150262884861e-04
-5.194587749575206859e-01 5.604776487367502807e-04
-5.185416297141332009e-01 5.892895543833825186e-04
-5.182868671465254984e-01 5.802996953618137516e-04
-5.184397246870900977e-01 5.876130515427640481e-04
-5.196625850116066703e-01 5.783503077074462649e-04
-5.233821184986778841e-01 3.592423217051983562e-04
-5.251145039584095287e-01 2.780999203733344250e-04
-5.248087888772805520e-01 2.732024171418099222e-04
-5.251145039584096397e-01 2.485208520560984870e-04
-5.251654564719311358e-01 2.576001061512865728e-04
-5.253183140124957351e-01 2.534855542146015827e-04
-5.248597413908018261e-01 2.820395372118805451e-04
-5.250635514448879215e-01 2.790784101732499524e-04
-5.250125989313666475e-01 2.506014312815343383e-04
-5.249106939043234332e-01 2.720597042193659320e-04
-5.249106939043235442e-01 2.720597042193659862e-04
-5.249616464178449293e-01 2.713430648916695192e-04
-5.252164089854527429e-01 2.662725902133672353e-04
-5.251145039584095287e-01 2.686023984318327206e-04
-5.248087888772804410e-01 2.635284490596900018e-04
-5.252164089854525209e-01 3.027711369536789394e-04
-5.246559313367157307e-01 2.741983844688027343e-04
-5.248087888772804410e-01 2.915890863334417819e-04
-5.247068838502373378e-01 2.923004971775401348e-04
-5.251145039584095287e-01 2.587565094350499856e-04
-5.250125989313666475e-01 2.890853618460147005e-04
-5.252164089854525209e-01 2.940714948850050160e-04
-5.250125989313666475e-01 2.890853618460147005e-04
-5.249106939043234332e-01 2.720597042193659862e-04
-5.249106939043234332e-01 2.814405797468638401e-04
-5.251654564719311358e-01 3.038410785768831798e-04
-5.251654564719310248e-01 2.770242755171429096e-04
-5.248087888772804410e-01 2.732024171418099764e-04
-5.253692665260172312e-01 2.717255077381172884e-04
-5.253183140124956241e-01 2.732024171418099222e-04
-5.248597413908021592e-01 2.910989828546531842e-04
-5.252673614989740170e-01 2.838745568104971101e-04
-5.253692665260173422e-01 2.717255077381172884e-04
-5.252164089854527429e-01 2.940714948850050160e-04
-5.251145039584095287e-01 2.686023984318327206e-04
-5.248597413908021592e-01 2.820395372118805451e-04
-5.251145039584095287e-01 2.686023984318327206e-04
-5.253692665260171202e-01 2.717255077381172884e-04
-5.249616464178449293e-01 2.713430648916695192e-04
-5.249616464178449293e-01 2.713430648916695192e-04
-5.252164089854527429e-01 2.662725902133672353e-04
-5.253183140124956241e-01 2.534855542146015285e-04
-5.249616464178451514e-01 2.616003470878486585e-04
-5.253183140124957351e-01 2.732024171418099764e-04
-5.253692665260172312e-01 2.811175356036325164e-04
-5.253183140124957351e-01 3.171768388040607290e-04
-5.254202190395386163e-01 2.701444413758397880e-04
-5.254202190395386163e-01 2.701444413758397880e-04
-5.254202190395386163e-01 2.975818727866841752e-04
-5.252673614989740170e-01 2.928772460821735539e-04
-5.252164089854527429e-01 2.758503390740306904e-04
-5.252164089854525209e-01 2.758503390740306904e-04
-5.251654564719312468e-01 2.674885641620515725e-04
-5.251145039584095287e-01 2.780999203733344250e-04
-5.251145039584095287e-01 2.686023984318327206e-04
-5.250635514448882546e-01 2.598078607128446668e-04
-5.249616464178449293e-01 2.807478871392030551e-04
-5.252164089854525209e-01 2.758503390740306904e-04
-5.251145039584096397e-01 3.048221079853308583e-04
-5.252164089854525209e-01 2.758503390740306904e-04
-5.247068838502374488e-01 3.010513210709414144e-04
-5.250635514448879215e-01 2.882309426365439590e-04
-5.249616464178451514e-01 2.898477072558080419e-04
-5.249616464178450403e-01 2.807478871392030551e-04
-5.249106939043234332e-01 2.720597042193659862e-04
-5.247068838502374488e-01 2.832794792813542921e-04
-5.248087888772804410e-01 2.825453556518836887e-04
-5.247068838502373378e-01 2.739615778053435305e-04
-5.250125989313666475e-01 3.148766397156305239e-04
-5.249616464178449293e-01 2.514804651024825670e-04
-5.246559313367158417e-01 2.741983844688027886e-04
-5.245030737961512424e-01 2.547116099978215904e-04
-5.247578363637590559e-01 2.829585345550191021e-04
-5.248087888772804410e-01 2.825453556518836887e-04
-5.251145039584095287e-01 2.686023984318327206e-04
-5.250635514448882546e-01 2.696153589032101701e-04
-5.247578363637589449e-01 2.919894682104919015e-04
-5.248597413908018261e-01 2.910989828546531300e-04
-5.250125989313666475e-01 2.607554306791624648e-04
-5.251145039584095287e-01 2.686023984318327206e-04
-5.246559313367158417e-01 3.012668349657278638e-04
-5.248087888772804410e-01 2.635284490596900018e-04
-5.250635514448882546e-01 2.790784101732498982e-04
-5.250125989313666475e-01 2.979306357224164020e-04
-5.250635514448879215e-01 2.971016552654538495e-04
-5.248087888772805520e-01 2.732024171418099764e-04
-5.246559313367157307e-01 2.835085030711130029e-04
-5.250125989313665364e-01 2.705285787065711306e-04
-5.250635514448882546e-01 2.790784101732498982e-04
-5.247068838502373378e-01 2.643153965346540092e-04
-5.250635514448880325e-01 2.696153589032101701e-04
-5.252164089854525209e-01 2.758503390740306904e-04
-5.245540263096728495e-01 2.647570265778527790e-04
-5.249106939043235442e-01 2.814405797468638943e-04
-5.248087888772804410e-01 2.732024171418099764e-04
-5.247578363637590559e-01 2.829585345550191563e-04
-5.246559313367157307e-01 2.925224582522599525e-04
-5.249106939043234332e-01 2.814405797468638401e-04
-5.246559313367160637e-01 2.545586759642215523e-04
-5.248597413908018261e-01 2.629860566913156967e-04
-5.247578363637589449e-01 2.919894682104919015e-04
-5.250125989313665364e-01 2.506014312815343925e-04
-5.249106939043235442e-01 2.522535393672109679e-04
-5.251654564719311358e-01 2.951729726151122138e-04
-5.251654564719311358e-01 2.862424959612389032e-04
-5.247578363637590559e-01 2.736297041792101195e-04
-5.251145039584095287e-01 2.485208520560984870e-04
-5.248087888772804410e-01 2.732024171418099764e-04
-5.249106939043235442e-01 2.522535393672110222e-04
-5.250635514448879215e-01 2.696153589032101701e-04
-5.249106939043235442e-01 2.814405797468638943e-04
-5.245030737961512424e-01 2.647079929582865426e-04
-5.247068838502374488e-01 2.923004971775400806e-04
-5.246049788231944566e-01 2.647079929582865426e-04
-5.248087888772804410e-01 2.635284490596900018e-04
-5.248087888772805520e-01 2.732024171418099222e-04
-5.248597413908018261e-01 2.629860566913156967e-04
-5.250125989313665364e-01 2.607554306791625190e-04
-5.250635514448882546e-01 2.790784101732498982e-04
-5.251654564719310248e-01 2.951729726151122138e-04
-5.250635514448880325e-01 2.882309426365439048e-04
-5.251654564719310248e-01 2.576001061512865186e-04
-5.252164089854527429e-01 2.662725902133671811e-04
-5.251145039584095287e-01 2.587565094350499856e-04
-5.248597413908019371e-01 2.726792681565099190e-04
-5.250635514448882546e-01 2.790784101732498982e-04
-5.249616464178449293e-01 2.713430648916695192e-04
-5.248087888772804410e-01 2.534855542146015285e-04
-5.249616464178451514e-01 2.713430648916695192e-04
-5.252164089854525209e-01 2.662725902133671811e-04
-5.248597413908019371e-01 2.629860566913156967e-04
-5.253692665260171202e-01 2.811175356036324079e-04
-5.250635514448880325e-01 2.496153184799823101e-04
-5.254711715530602234e-01 2.684573777796173707e-04
-5.253692665260173422e-01 2.990178980604729924e-04
-5.251654564719312468e-01 2.770242755171429096e-04
-5.255221240665817195e-01 2.762265415523833625e-04
-5.251654564719310248e-01 2.770242755171429096e-04
-5.252164089854527429e-01 2.851065184024728898e-04
-5.252673614989740170e-01 2.649530703119182436e-04
-5.253692665260171202e-01 2.902057650912219077e-04
-5.251654564719310248e-01 2.674885641620516267e-04
-5.252164089854527429e-01 2.758503390740306904e-04
-5.252673614989741280e-01 3.016113368907076824e-04
-5.254202190395386163e-01 2.603568741899138701e-04
-5.251145039584096397e-01 2.780999203733344250e-04
-5.250125989313665364e-01 2.506014312815343925e-04
-5.250635514448879215e-01 2.790784101732499524e-04
-5.255730765801034376e-01 2.743876826511492729e-04
-5.248087888772804410e-01 2.915890863334417819e-04
-5.251654564719310248e-01 2.951729726151121596e-04
-5.251145039584095287e-01 2.872836281098818082e-04
-5.250635514448880325e-01 2.790784101732499524e-04
-5.251145039584095287e-01 2.961827142969332112e-04
-5.251654564719312468e-01 2.770242755171429096e-04
-5.251145039584096397e-01 2.686023984318327749e-04
-5.249106939043234332e-01 2.905187036949131844e-04
-5.250635514448879215e-01 2.598078607128447752e-04
-5.250635514448882546e-01 2.790784101732498982e-04
-5.251654564719310248e-01 2.770242755171429096e-04
-5.252164089854527429e-01 2.851065184024728898e-04
-5.254202190395386163e-01 3.145466667251047249e-04
-5.252164089854525209e-01 2.758503390740306904e-04
-5.251145039584096397e-01 2.872836281098818082e-04
-5.251654564719310248e-01 2.770242755171429096e-04
-5.251654564719312468e-01 2.674885641620515725e-04
-5.254202190395386163e-01 2.887259145676195917e-04
-5.254711715530601124e-01 2.779598549298623500e-04
-5.251145039584096397e-01 2.961827142969332112e-04
-5.250125989313665364e-01 2.799607636175457655e-04
-5.248597413908019371e-01 2.820395372118805451e-04
-5.251654564719310248e-01 2.862424959612388489e-04
-5.250125989313666475e-01 2.799607636175457655e-04
-5.248597413908019371e-01 2.910989828546531300e-04
-5.251145039584095287e-01 2.587565094350499856e-04
-5.252673614989741280e-01 2.745768503279805628e-04
-5.251145039584096397e-01 2.780999203733344250e-04
-5.250635514448879215e-01 2.882309426365439590e-04
-5.251654564719312468e-01 2.674885641620515725e-04
-5.250125989313665364e-01 2.705285787065711306e-04
-5.254711715530601124e-01 2.960512041679174648e-04
-5.248597413908021592e-01 2.726792681565099190e-04
-5.251145039584095287e-01 2.587565094350499856e-04
-5.254711715530602234e-01 3.130989460632497569e-04
-5.246049788231943456e-01 2.743403703510042917e-04
-5.247578363637590559e-01 2.736297041792101195e-04
-5.251145039584096397e-01 2.780999203733344250e-04
-5.250635514448879215e-01 2.696153589032101701e-04
-5.249106939043235442e-01 2.814405797468638943e-04
-5.251145039584095287e-01 2.872836281098818082e-04
-5.252164089854525209e-01 2.563372291155029733e-04
-5.250125989313665364e-01 2.799607636175457655e-04
-5.254711715530601124e-01 2.960512041679175190e-04
-5.253183140124957351e-01 2.635284490596900018e-04
-5.248597413908018261e-01 2.629860566913156967e-04
-5.248087888772805520e-01 2.635284490596900018e-04
-5.250635514448880325e-01 2.790784101732499524e-04
-5.249616464178450403e-01 2.616003470878486585e-04
-5.250635514448882546e-01 2.790784101732498982e-04
-5.251145039584095287e-01 2.961827142969332112e-04
-5.251654564719310248e-01 2.576001061512865186e-04
-5.247578363637589449e-01 2.919894682104919015e-04
-5.248597413908018261e-01 2.629860566913156967e-04
-5.248087888772805520e-01 2.915890863334417819e-04
-5.249106939043234332e-01 2.814405797468638401e-04
-5.250635514448882546e-01 2.971016552654538495e-04
-5.255221240665817195e-01 2.944244160979764399e-04
-5.253183140124957351e-01 2.635284490596900018e-04
-5.250635514448880325e-01 2.971016552654539037e-04
-5.252673614989740170e-01 2.549662962028322521e-04
-5.249616464178450403e-01 2.898477072558080961e-04
-5.248597413908021592e-01 2.726792681565099190e-04
-5.248597413908018261e-01 2.910989828546531300e-04
-5.251145039584096397e-01 2.872836281098818082e-04
-5.246559313367157307e-01 2.925224582522599525e-04
-5.249616464178450403e-01 2.807478871392030551e-04
-5.251654564719311358e-01 2.674885641620516267e-04
-5.249106939043234332e-01 2.993216237843411456e-04
-5.248087888772805520e-01 2.635284490596900018e-04
-5.249106939043234332e-01 2.905187036949131844e-04
-5.250125989313665364e-01 2.890853618460147547e-04
-5.251145039584096397e-01 2.686023984318327206e-04
-5.250635514448879215e-01 2.696153589032101701e-04
-5.251145039584096397e-01 2.686023984318327749e-04
-5.250125989313665364e-01 2.799607636175457655e-04
-5.254202190395386163e-01 2.887259145676195917e-04
-5.250125989313666475e-01 2.607554306791624648e-04
-5.249106939043234332e-01 2.993216237843411456e-04
-5.246559313367160637e-01 3.180351244546911682e-04
-5.245540263096727385e-01 2.743876826511492187e-04
-5.248087888772804410e-01 2.915890863334417819e-04
-5.247068838502374488e-01 2.643153965346540092e-04
-5.245540263096727385e-01 2.647570265778527790e-04
-5.247578363637589449e-01 2.736297041792101195e-04
-5.251654564719311358e-01 3.038410785768831798e-04
-5.251654564719311358e-01 2.862424959612389032e-04
-5.251654564719311358e-01 2.674885641620516267e-04
-5.251145039584096397e-01 2.872836281098818082e-04
-5.251654564719312468e-01 2.862424959612389032e-04
-5.250635514448879215e-01 2.971016552654539037e-04
-5.252673614989740170e-01 2.745768503279805628e-04
-5.251145039584096397e-01 2.780999203733344250e-04
-5.248597413908018261e-01 2.820395372118805451e-04
-5.249616464178450403e-01 2.807478871392030551e-04
-5.247578363637589449e-01 2.829585345550191021e-04
-5.248087888772804410e-01 2.635284490596900018e-04
-5.246559313367160637e-01 2.741983844688027886e-04
-5.246049788231943456e-01 2.647079929582865426e-04
-5.248597413908021592e-01 2.910989828546531842e-04
-5.247578363637589449e-01 2.639713956868814239e-04
-5.250635514448879215e-01 2.790784101732499524e-04
-5.250125989313666475e-01 2.799607636175457112e-04
-5.250635514448879215e-01 2.790784101732499524e-04
-5.249106939043235442e-01 2.623436017737177219e-04
-5.247578363637589449e-01 2.919894682104918473e-04
-5.248087888772804410e-01 2.635284490596900018e-04
-5.248087888772805520e-01 2.732024171418099222e-04
-5.248087888772804410e-01 2.635284490596900018e-04
-5.246049788231944566e-01 2.836458285831965336e-04
-5.246049788231944566e-01 2.647079929582865426e-04
-5.247068838502373378e-01 3.010513210709414144e-04
-5.246049788231944566e-01 2.547116099978215904e-04
-5.246559313367157307e-01 2.545586759642215523e-04
-5.247578363637589449e-01 3.007493421674730695e-04
-5.247578363637589449e-01 2.539460188161220115e-04
-5.251145039584095287e-01 2.872836281098817540e-04
-5.253692665260172312e-01 2.902057650912219077e-04
-5.247578363637588339e-01 2.919894682104919015e-04
-5.249106939043235442e-01 2.720597042193659862e-04
-5.248597413908019371e-01 2.726792681565099190e-04
-5.248597413908018261e-01 2.910989828546531300e-04
-5.246049788231943456e-01 2.743403703510042375e-04
-5.249106939043234332e-01 2.905187036949131844e-04
-5.247068838502374488e-01 2.643153965346540092e-04
-5.245540263096729605e-01 2.743876826511492187e-04
-5.245540263096728495e-01 2.836915889817490924e-04
-5.246049788231944566e-01 2.926555540921272789e-04
-5.248087888772804410e-01 2.825453556518836887e-04
-5.249616464178451514e-01 2.898477072558080961e-04
-5.251654564719311358e-01 2.770242755171429096e-04
-5.250125989313665364e-01 2.890853618460147547e-04
-5.251145039584096397e-01 2.872836281098818082e-04
-5.250125989313665364e-01 2.799607636175457655e-04
-5.253692665260171202e-01 2.811175356036324621e-04
-5.251654564719312468e-01 2.674885641620515725e-04
-5.247578363637588339e-01 2.639713956868813697e-04
-5.246049788231944566e-01 3.013960693328496818e-04
-5.248597413908018261e-01 2.910989828546531842e-04
-5.247578363637590559e-01 2.736297041792101195e-04
-5.247578363637589449e-01 3.092611907150486449e-04
-5.248087888772804410e-01 2.915890863334417819e-04
-5.248597413908021592e-01 2.726792681565099732e-04
-5.247578363637588339e-01 2.919894682104918473e-04
-5.252164089854525209e-01 2.758503390740306904e-04
-5.254711715530602234e-01 2.779598549298623500e-04
-5.252164089854525209e-01 2.940714948850050160e-04
-5.253183140124957351e-01 2.825453556518837429e-04
-5.249616464178449293e-01 2.616003470878486585e-04
-5.252673614989743500e-01 2.838745568104971101e-04
-5.252164089854525209e-01 2.851065184024728356e-04
-5.250635514448879215e-01 3.057150811291364724e-04
-5.252164089854527429e-01 2.851065184024728898e-04
-5.251654564719310248e-01 2.674885641620516267e-04
-5.247578363637588339e-01 2.829585345550191021e-04
-5.252673614989743500e-01 2.838745568104971101e-04
-5.250635514448879215e-01 2.790784101732499524e-04
-5.249616464178451514e-01 2.807478871392030551e-04
-5.254202190395386163e-01 2.795895857763419385e-04
-5.249106939043235442e-01 2.720597042193659862e-04
-5.253692665260172312e-01 2.990178980604729924e-04
-5.252164089854525209e-01 2.662725902133671811e-04
-5.254202190395388383e-01 2.603568741899138159e-04
-5.253183140124956241e-01 2.635284490596900018e-04
-5.252673614989740170e-01 2.649530703119182436e-04
-5.250125989313666475e-01 2.890853618460147005e-04
-5.250635514448879215e-01 2.598078607128447752e-04
-5.253183140124956241e-01 2.825453556518837429e-04
-5.250635514448879215e-01 2.790784101732499524e-04
-5.251145039584096397e-01 2.780999203733344250e-04
-5.251145039584095287e-01 2.780999203733344250e-04
-5.249616464178450403e-01 2.986704047437082872e-04
-5.252164089854527429e-01 2.851065184024728898e-04
-5.253183140124956241e-01 3.003606374628561056e-04
-5.257259341206678149e-01 3.044812388734120996e-04
-5.252164089854527429e-01 2.662725902133672353e-04
-5.250635514448879215e-01 2.598078607128447210e-04
-5.254202190395388383e-01 2.887259145676195917e-04
-5.251145039584095287e-01 2.780999203733344250e-04
-5.251145039584096397e-01 2.686023984318327749e-04
-5.251145039584095287e-01 2.961827142969332112e-04
-5.252164089854525209e-01 2.662725902133671811e-04
-5.247578363637590559e-01 2.539460188161220657e-04
-5.249106939043234332e-01 2.623436017737177219e-04
-5.249106939043234332e-01 2.720597042193659862e-04
-5.251654564719311358e-01 2.674885641620516267e-04
-5.248087888772804410e-01 2.732024171418099222e-04
-5.249106939043235442e-01 2.993216237843411456e-04
-5.248087888772804410e-01 3.003606374628561056e-04
-5.250635514448882546e-01 2.696153589032101159e-04
-5.254711715530602234e-01 2.779598549298623500e-04
-5.250635514448880325e-01 2.696153589032101701e-04
-5.252673614989743500e-01 2.745768503279805628e-04
-5.251145039584095287e-01 2.485208520560984870e-04
-5.251654564719310248e-01 2.674885641620516267e-04
-5.248597413908021592e-01 2.726792681565099190e-04
-5.249616464178449293e-01 2.898477072558080419e-04
-5.250635514448880325e-01 2.696153589032101701e-04
-5.249106939043234332e-01 2.905187036949131844e-04
-5.249616464178451514e-01 2.898477072558080419e-04
-5.249616464178450403e-01 2.713430648916695192e-04
-5.249616464178450403e-01 2.807478871392030551e-04
-5.251145039584096397e-01 2.780999203733344250e-04
-5.249616464178449293e-01 2.986704047437082872e-04
-5.249616464178449293e-01 2.713430648916695192e-04
-5.253692665260172312e-01 2.619970119814646814e-04
-5.249616464178449293e-01 2.986704047437082872e-04
-5.250125989313666475e-01 2.799607636175457112e-04
-5.251145039584095287e-01 2.872836281098818082e-04
-5.250635514448882546e-01 2.882309426365438506e-04
-5.245540263096728495e-01 2.836915889817490924e-04
-5.250635514448879215e-01 2.696153589032101701e-04
-5.246559313367158417e-01 2.925224582522600067e-04
-5.247068838502373378e-01 2.643153965346540092e-04
-5.247578363637589449e-01 2.736297041792101195e-04
-5.249616464178450403e-01 2.807478871392030551e-04
-5.247068838502373378e-01 2.832794792813542921e-04
-5.248087888772805520e-01 2.732024171418099764e-04
-5.251654564719310248e-01 2.770242755171429096e-04
-5.249616464178451514e-01 2.807478871392030551e-04
-5.250125989313665364e-01 2.799607636175457655e-04
-5.251145039584096397e-01 2.872836281098818082e-04
-5.249616464178451514e-01 2.807478871392030551e-04
-5.248087888772804410e-01 3.088831976741616297e-04
-5.247068838502373378e-01 3.010513210709414144e-04
-5.245030737961513534e-01 2.926555540921272247e-04
-5.246559313367157307e-01 2.645608375723425927e-04
-5.248087888772805520e-01 2.635284490596900018e-04
-5.246049788231943456e-01 2.926555540921272789e-04
-5.247578363637589449e-01 2.736297041792101195e-04
-5.246559313367160637e-01 2.741983844688027886e-04
-5.246049788231943456e-01 2.926555540921272789e-04
-5.246559313367160637e-01 2.925224582522600609e-04
-5.254711715530601124e-01 2.871480423421898494e-04
-5.250635514448879215e-01 3.140923878385409331e-04
-5.248597413908021592e-01 2.820395372118805451e-04
-5.251654564719310248e-01 2.770242755171429096e-04
-5.249616464178450403e-01 2.898477072558080961e-04
-5.247068838502373378e-01 2.643153965346540092e-04
-5.248087888772805520e-01 2.732024171418099764e-04
-5.242992637420652580e-01 2.732024171418099222e-04
-5.246559313367158417e-01 2.645608375723425927e-04
-5.248087888772805520e-01 2.915890863334417819e-04
-5.246559313367157307e-01 2.741983844688027343e-04
-5.244011687691082502e-01 2.923004971775401348e-04
-5.246559313367160637e-01 2.835085030711130029e-04
-5.248597413908018261e-01 2.998848697205905669e-04
-5.248597413908021592e-01 2.629860566913157509e-04
-5.251654564719311358e-01 2.674885641620516267e-04
-5.247068838502374488e-01 2.832794792813542921e-04
-5.247578363637590559e-01 2.736297041792101195e-04
-5.245030737961512424e-01 2.836458285831965336e-04
-5.248087888772805520e-01 3.088831976741616297e-04
-5.248087888772804410e-01 2.825453556518836887e-04
-5.245540263096727385e-01 2.743876826511492187e-04
-5.247578363637590559e-01 3.007493421674730695e-04
-5.245540263096727385e-01 2.547625676076136999e-04
-5.248597413908019371e-01 2.910989828546531842e-04
-5.246559313367160637e-01 3.180351244546911682e-04
-5.244521212826298573e-01 2.741983844688027343e-04
-5.248087888772805520e-01 3.088831976741616297e-04
-5.250125989313665364e-01 2.506014312815343925e-04
-5.247068838502374488e-01 2.643153965346540092e-04
-5.246559313367157307e-01 2.741983844688027343e-04
-5.250635514448879215e-01 2.790784101732499524e-04
-5.248087888772805520e-01 2.825453556518836887e-04
-5.250125989313665364e-01 2.705285787065711306e-04
-5.251145039584095287e-01 2.780999203733344250e-04
-5.246049788231944566e-01 2.743403703510042917e-04
-5.247578363637589449e-01 2.919894682104919015e-04
-5.248597413908021592e-01 2.820395372118805451e-04
-5.247578363637588339e-01 2.736297041792101195e-04
-5.249106939043235442e-01 2.522535393672109679e-04
-5.249616464178449293e-01 2.807478871392030551e-04
-5.247068838502373378e-01 2.543035815259971641e-04
-5.249616464178451514e-01 2.713430648916695192e-04
-5.250635514448879215e-01 2.696153589032101701e-04
-5.250635514448879215e-01 2.882309426365439590e-04
-5.252164089854525209e-01 2.851065184024728356e-04
-5.251145039584095287e-01 2.686023984318327206e-04
-5.254711715530602234e-01 2.871480423421897952e-04
-5.251145039584095287e-01 2.587565094350499856e-04
-5.253183140124957351e-01 2.915890863334418361e-04
-5.247578363637589449e-01 2.829585345550191021e-04
-5.249106939043234332e-01 2.623436017737177219e-04
-5.249106939043235442e-01 2.905187036949131844e-04
-5.249106939043234332e-01 2.720597042193659862e-04
-5.247578363637588339e-01 2.919894682104919015e-04
-5.248597413908021592e-01 2.726792681565099190e-04
-5.251145039584095287e-01 2.872836281098817540e-04
-5.249616464178450403e-01 2.713430648916695192e-04
-5.250125989313665364e-01 2.979306357224164020e-04
-5.253692665260172312e-01 2.619970119814646814e-04
-5.252164089854527429e-01 3.274863557114848322e-04
-5.251654564719311358e-01 3.284758025117366447e-04
-5.253183140124957351e-01 3.003606374628561598e-04
-5.253692665260171202e-01 2.811175356036324621e-04
-5.249616464178450403e-01 2.807478871392030551e-04
-5.249106939043235442e-01 2.905187036949131844e-04
-5.249616464178449293e-01 2.807478871392030551e-04
-5.248597413908021592e-01 2.910989828546532384e-04
-5.250635514448879215e-01 2.790784101732499524e-04
-5.250635514448880325e-01 2.971016552654539037e-04
-5.252673614989740170e-01 3.016113368907077366e-04
-5.250635514448880325e-01 2.882309426365439590e-04
-5.249616464178451514e-01 2.713430648916695192e-04
-5.253183140124956241e-01 2.825453556518836887e-04
-5.249106939043234332e-01 2.720597042193659320e-04
-5.252164089854527429e-01 2.940714948850050160e-04
-5.251145039584095287e-01 2.961827142969332112e-04
-5.253183140124957351e-01 2.732024171418099764e-04
-5.253183140124956241e-01 2.825453556518836887e-04
-5.252164089854527429e-01 2.851065184024728898e-04
-5.248087888772805520e-01 3.088831976741616297e-04
-5.247578363637588339e-01 2.829585345550191021e-04
-5.249616464178451514e-01 2.616003470878486585e-04
-5.248597413908018261e-01 2.910989828546531842e-04
-5.248597413908019371e-01 2.629860566913156967e-04
-5.251654564719312468e-01 2.674885641620515725e-04
-5.252164089854525209e-01 2.662725902133672353e-04
-5.251654564719312468e-01 2.770242755171429096e-04
-5.252673614989740170e-01 2.745768503279805628e-04
-5.251654564719312468e-01 2.951729726151121596e-04
-5.251145039584095287e-01 2.872836281098818082e-04
-5.249106939043234332e-01 2.905187036949131844e-04
-5.246559313367160637e-01 2.645608375723426469e-04
-5.249616464178449293e-01 3.155766867283042970e-04
-5.247578363637589449e-01 2.736297041792101195e-04
-5.248597413908021592e-01 2.820395372118805451e-04
-5.251654564719311358e-01 2.576001061512865728e-04
-5.248087888772805520e-01 2.635284490596900018e-04
-5.247578363637589449e-01 2.829585345550191021e-04
-5.251654564719311358e-01 2.951729726151122138e-04
-5.248597413908019371e-01 2.910989828546531300e-04
-5.252164089854525209e-01 2.940714948850050160e-04
-5.252164089854527429e-01 2.851065184024728898e-04
-5.251145039584095287e-01 2.872836281098817540e-04
-5.252164089854527429e-01 3.112276958121582915e-04
-5.251145039584095287e-01 2.961827142969332112e-04
-5.250635514448879215e-01 2.696153589032101701e-04
-5.251654564719311358e-01 2.951729726151122138e-04
-5.251654564719310248e-01 3.038410785768831798e-04
-5.247578363637590559e-01 3.092611907150486991e-04
-5.248597413908021592e-01 2.726792681565099190e-04
-5.248597413908019371e-01 2.998848697205906211e-04
-5.249616464178451514e-01 2.898477072558080419e-04
-5.250125989313665364e-01 2.799607636175457655e-04
-5.248597413908019371e-01 2.726792681565099190e-04
-5.251145039584096397e-01 2.686023984318327749e-04
-5.250125989313665364e-01 2.890853618460147547e-04
-5.252673614989743500e-01 2.745768503279805628e-04
-5.252164089854525209e-01 3.194604762859832355e-04
-5.251145039584096397e-01 2.872836281098818624e-04
-5.254202190395386163e-01 3.061817895949270818e-04
-5.251145039584096397e-01 2.961827142969332112e-04
-5.250635514448882546e-01 2.696153589032101159e-04
-5.250635514448879215e-01 2.790784101732499524e-04
-5.248597413908019371e-01 2.726792681565099190e-04
-5.250635514448882546e-01 3.057150811291364182e-04
-5.246559313367157307e-01 2.835085030711130029e-04
-5.250635514448882546e-01 2.790784101732498982e-04
-5.246049788231943456e-01 2.926555540921272789e-04
-5.250125989313666475e-01 3.230164322552784716e-04
-5.246559313367160637e-01 3.097644639376651650e-04
-5.248597413908019371e-01 3.167263323817257428e-04
-5.247578363637590559e-01 3.092611907150486991e-04
-5.247578363637588339e-01 2.919894682104918473e-04
-5.249106939043234332e-01 2.814405797468638401e-04
-5.248087888772805520e-01 3.003606374628561056e-04
-5.250125989313665364e-01 3.065207676003130232e-04
-5.251145039584096397e-01 3.048221079853308041e-04
-5.247068838502373378e-01 3.095548661980311329e-04
-5.244521212826299683e-01 3.260960865377455597e-04
-5.249106939043235442e-01 2.993216237843411456e-04
-5.247578363637589449e-01 2.919894682104919557e-04
-5.243502162555868651e-01 2.829585345550191021e-04
-5.246049788231943456e-01 3.098901545348188092e-04
-5.245030737961512424e-01 3.098901545348188092e-04
-5.245030737961513534e-01 3.013960693328496818e-04
-5.247068838502373378e-01 3.258969925045716366e-04
-5.248597413908021592e-01 2.998848697205906211e-04
-5.248597413908018261e-01 3.084205770626491350e-04
-5.250635514448880325e-01 2.882309426365439590e-04
-5.247578363637589449e-01 2.829585345550191021e-04
-5.249106939043234332e-01 2.905187036949131844e-04
-5.249616464178451514e-01 3.072398540848703770e-04
-5.250635514448879215e-01 2.971016552654539037e-04
-5.245030737961512424e-01 3.262154846328691881e-04
-5.245540263096729605e-01 3.014391351427905385e-04
-5.246049788231943456e-01 3.098901545348187550e-04
-5.244521212826299683e-01 3.339625352094974199e-04
-5.241464062015005476e-01 3.316221942859949568e-04
-5.240954536879791625e-01 3.680944432029100441e-04
-5.238406911203715710e-01 3.100995256515589964e-04
-5.239935486609360593e-01 3.048221079853308041e-04
-5.246559313367160637e-01 3.491641583269946419e-04
-5.243502162555866430e-01 3.092611907150486991e-04
-5.245030737961512424e-01 3.181575476802895848e-04
-5.240954536879791625e-01 3.230164322552785258e-04
-5.241464062015005476e-01 3.615833912340911957e-04
-5.238916436338931781e-01 3.504629295405648068e-04
-5.236368810662854756e-01 3.446740766277693970e-04
-5.226687833093766056e-01 3.720231401231926431e-04
-5.216497330389460174e-01 4.217378664838709185e-04
-5.111535152535128246e-01 1.226368891629108903e-03
-2.614861989980652446e-01 1.795924755450874211e-02
1.228995630082815593e-01 3.794763521334817979e-02
2.148688499146251263e-01 4.244902676410108183e-02
2.156840901309693692e-01 4.265711932325202960e-02
2.055445399401868711e-01 4.219854409264543055e-02
-1.477412852686546367e-02 3.119445666100117281e-02
-4.140380244814961253e-01 8.048141044088508861e-03
-5.157901939839711902e-01 8.265622215935771247e-04
-5.226178307958551095e-01 4.516129120161255965e-04
-5.230254509040271893e-01 4.139401766615838645e-04
-5.238406911203715710e-01 3.640163961795888021e-04
-5.238406911203713490e-01 3.640163961795888021e-04
-5.239425961474145632e-01 3.728944306981010694e-04
-5.238406911203715710e-01 3.419517288779362033e-04
-5.242483112285435398e-01 3.327164020011986502e-04
-5.241464062015007697e-01 3.155766867283042970e-04
-5.240445011744576664e-01 3.222519904770772704e-04
-5.238916436338931781e-01 3.194604762859831813e-04
-5.242992637420652580e-01 3.557565648239631407e-04
-5.238916436338931781e-01 3.577940500490147746e-04
-5.237897386068499639e-01 3.700640052098968309e-04
-5.234840235257207652e-01 4.157862473059664157e-04
-5.228725933634624790e-01 4.205048924479986780e-04
-5.221083056606395933e-01 4.832705564475451047e-04
-5.134463783619811483e-01 1.075761903379856329e-03
-2.931786624084506965e-01 1.480573347403401317e-02
8.957661916520737178e-02 3.689422598926023200e-02
2.531341875692866283e-01 4.505185719279607148e-02
2.523698998664638538e-01 4.489763526381149172e-02
2.454403580275370533e-01 4.448418698616568578e-02
1.313576802528538257e-01 3.913974660994185700e-02
-2.363156573184343745e-01 1.751510791303137124e-02
-5.022368253872471211e-01 2.729913758505265152e-03
-5.215478280119029142e-01 4.329164951813219316e-04
-5.228725933634624790e-01 4.142849831992237030e-04
-5.234330710121994912e-01 3.952023575728303285e-04
-5.236878335798068607e-01 3.384029511585853419e-04
-5.238916436338931781e-01 2.940714948850050160e-04
-5.242992637420652580e-01 3.408490851956374394e-04
-5.242992637420652580e-01 3.252590726514158594e-04
-5.242483112285437619e-01 2.998848697205905669e-04
-5.244011687691083612e-01 2.923004971775401348e-04
-5.241973587150221547e-01 3.322088251961142005e-04
-5.241464062015006586e-01 3.155766867283043512e-04
-5.247578363637590559e-01 2.919894682104920100e-04
-5.246559313367157307e-01 3.491641583269946962e-04
-5.246049788231944566e-01 3.181575476802896390e-04
-5.246559313367158417e-01 2.925224582522600067e-04
-5.249106939043234332e-01 2.905187036949131844e-04
-5.249616464178451514e-01 3.072398540848704312e-04
-5.248597413908019371e-01 3.084205770626491350e-04
-5.246559313367160637e-01 3.012668349657278638e-04
-5.250635514448879215e-01 3.222519904770772704e-04
-5.246559313367157307e-01 3.012668349657278638e-04
-5.251145039584096397e-01 3.048221079853308041e-04
-5.249616464178449293e-01 3.236988762333540257e-04
-5.246049788231944566e-01 2.836458285831965336e-04
-5.245030737961512424e-01 3.013960693328496818e-04
-5.247068838502373378e-01 3.010513210709414144e-04
-5.246559313367160637e-01 3.416479067576393960e-04
-5.247578363637589449e-01 3.256180563469009527e-04
-5.245030737961513534e-01 2.836458285831965336e-04
-5.249106939043234332e-01 2.993216237843411456e-04
-5.248597413908018261e-01 2.998848697205905669e-04
-5.251145039584096397e-01 3.048221079853308583e-04
-5.250635514448879215e-01 3.057150811291364724e-04
-5.251145039584096397e-01 2.961827142969332112e-04
-5.250635514448880325e-01 2.882309426365439048e-04
-5.250125989313665364e-01 2.705285787065711306e-04
-5.248597413908021592e-01 3.084205770626491892e-04
-5.234330710121991581e-01 3.749772681458937522e-04
-5.229744983905055822e-01 4.056728926357578324e-04
-5.226687833093766056e-01 3.989617598973720547e-04
-5.226178307958548874e-01 3.965140185224069616e-04
-5.228725933634624790e-01 3.748041404446454000e-04
-5.237387860933283568e-01 3.618704761473070510e-04
-5.248087888772804410e-01 3.003606374628561598e-04
-5.249616464178450403e-01 2.807478871392030551e-04
-5.251654564719311358e-01 2.770242755171429096e-04
-5.251145039584096397e-01 3.132232985985279627e-04
-5.251145039584095287e-01 2.686023984318327206e-04
-5.252673614989743500e-01 2.838745568104971101e-04
-5.252164089854525209e-01 3.027711369536790478e-04
-5.252673614989740170e-01 2.928772460821736081e-04
-5.248597413908019371e-01 2.998848697205905669e-04
-5.251654564719310248e-01 2.770242755171429096e-04
-5.247578363637589449e-01 3.092611907150486991e-04
-5.252164089854525209e-01 2.940714948850050160e-04
-5.249616464178450403e-01 2.616003470878486585e-04
-5.249616464178450403e-01 3.155766867283044054e-04
-5.246049788231943456e-01 2.743403703510042375e-04
-5.249616464178451514e-01 3.072398540848703770e-04
-5.248597413908019371e-01 2.910989828546531842e-04
-5.249616464178449293e-01 3.155766867283043512e-04
-5.251654564719312468e-01 2.951729726151121596e-04
-5.249616464178449293e-01 2.807478871392030551e-04
-5.248597413908018261e-01 3.084205770626490808e-04
-5.252673614989740170e-01 3.016113368907077366e-04
-5.251654564719310248e-01 3.038410785768831798e-04
-5.250125989313666475e-01 2.799607636175457112e-04
-5.249106939043234332e-01 2.623436017737177219e-04
-5.248597413908021592e-01 3.084205770626491892e-04
-5.248597413908019371e-01 2.998848697205905669e-04
-5.247578363637588339e-01 2.829585345550191021e-04
-5.249106939043235442e-01 2.720597042193659862e-04
-5.249616464178449293e-01 2.898477072558080419e-04
-5.249616464178449293e-01 2.807478871392030551e-04
-5.252673614989741280e-01 2.745768503279805085e-04
-5.253692665260171202e-01 3.319351931232828812e-04
-5.252164089854527429e-01 3.112276958121583457e-04
-5.251145039584095287e-01 3.293834685007528281e-04
-5.251654564719312468e-01 3.122686636521275960e-04
-5.250125989313665364e-01 3.148766397156305781e-04
-5.253183140124956241e-01 2.825453556518836887e-04
-5.249616464178451514e-01 2.807478871392030551e-04
-5.249106939043234332e-01 2.720597042193659320e-04
-5.248597413908018261e-01 2.820395372118805451e-04
-5.246049788231944566e-01 2.836458285831965336e-04
-5.250125989313665364e-01 2.979306357224164020e-04
-5.248597413908021592e-01 2.726792681565099732e-04
-5.247578363637588339e-01 2.829585345550191021e-04
-5.249106939043235442e-01 2.905187036949131844e-04
-5.253183140124956241e-01 2.534855542146015827e-04
-5.255730765801033266e-01 2.743876826511492729e-04
-5.251145039584096397e-01 2.872836281098818082e-04
-5.250125989313665364e-01 3.065207676003130232e-04
-5.251145039584095287e-01 2.961827142969332112e-04
-5.251145039584096397e-01 3.048221079853308583e-04
-5.250635514448879215e-01 2.790784101732499524e-04
-5.248597413908019371e-01 2.998848697205905669e-04
-5.250635514448879215e-01 2.790784101732499524e-04
-5.250125989313666475e-01 2.890853618460147005e-04
-5.247068838502374488e-01 3.178309809556061983e-04
-5.250125989313665364e-01 2.799607636175457655e-04
-5.250125989313666475e-01 2.890853618460147005e-04
-5.250635514448879215e-01 2.696153589032101701e-04
-5.250125989313666475e-01 2.705285787065710764e-04
-5.251145039584096397e-01 3.048221079853308041e-04
-5.252673614989740170e-01 2.928772460821736081e-04
-5.252673614989741280e-01 3.016113368907077366e-04
-5.247068838502373378e-01 3.010513210709414144e-04
-5.245540263096729605e-01 3.566675946506592991e-04
-5.247068838502374488e-01 3.095548661980311329e-04
-5.239425961474144522e-01 3.204747034750286177e-04
-5.239935486609360593e-01 3.214049658192364507e-04
-5.248087888772804410e-01 3.252590726514158594e-04
-5.247578363637588339e-01 2.539460188161220115e-04
-5.249106939043234332e-01 3.161930881621837029e-04
-5.248597413908018261e-01 2.726792681565099190e-04
-5.251654564719312468e-01 2.674885641620515725e-04
-5.250635514448879215e-01 3.302100280651092080e-04
-5.253183140124957351e-01 2.825453556518837429e-04
-5.252164089854527429e-01 2.940714948850050160e-04
-5.251145039584095287e-01 2.961827142969332112e-04
-5.252164089854527429e-01 3.112276958121583457e-04
-5.248597413908018261e-01 3.084205770626491350e-04
-5.249616464178450403e-01 2.898477072558080419e-04
-5.251145039584096397e-01 3.214049658192364507e-04
-5.250125989313665364e-01 3.065207676003130232e-04
-5.247068838502374488e-01 3.010513210709414144e-04
-5.248597413908018261e-01 2.998848697205906211e-04
-5.249106939043235442e-01 2.814405797468638401e-04
-5.247578363637588339e-01 3.007493421674730153e-04
-5.248087888772804410e-01 2.915890863334418361e-04
-5.249106939043235442e-01 3.078729473877439885e-04
-5.253183140124956241e-01 3.003606374628561056e-04
-5.249616464178449293e-01 2.898477072558080961e-04
-5.251145039584096397e-01 3.048221079853308041e-04
-5.247068838502373378e-01 3.095548661980311871e-04
-5.252673614989741280e-01 3.183614817744819317e-04
-5.250125989313665364e-01 2.979306357224164020e-04
-5.252164089854527429e-01 2.758503390740306904e-04
-5.248087888772804410e-01 2.635284490596900018e-04
-5.246559313367157307e-01 2.741983844688027343e-04
-5.248087888772805520e-01 2.915890863334417819e-04
-5.250635514448879215e-01 2.696153589032101701e-04
-5.248087888772804410e-01 2.915890863334417819e-04
-5.248087888772805520e-01 3.171768388040607832e-04
-5.247578363637588339e-01 2.919894682104918473e-04
-5.250125989313666475e-01 3.065207676003130232e-04
-5.249106939043234332e-01 2.905187036949131844e-04
-5.253183140124956241e-01 2.915890863334417819e-04
-5.249106939043234332e-01 2.905187036949131844e-04
-5.249106939043234332e-01 3.078729473877439885e-04
-5.251145039584096397e-01 2.872836281098818624e-04
-5.253692665260171202e-01 3.240195289877898671e-04
-5.252673614989740170e-01 2.928772460821736081e-04
-5.247578363637590559e-01 2.919894682104919557e-04
-5.249616464178450403e-01 3.236988762333540800e-04
-5.250125989313666475e-01 2.799607636175457112e-04
-5.246049788231943456e-01 3.181575476802896933e-04
-5.249616464178450403e-01 2.807478871392030551e-04
-5.246559313367158417e-01 2.925224582522600067e-04
-5.246049788231943456e-01 2.647079929582865426e-04
-5.248087888772805520e-01 2.915890863334417819e-04
-5.251654564719310248e-01 2.951729726151121596e-04
-5.251145039584095287e-01 2.961827142969332112e-04
-5.250635514448882546e-01 3.057150811291364182e-04
-5.249616464178449293e-01 3.155766867283042970e-04
-5.247578363637590559e-01 3.092611907150486991e-04
-5.250635514448879215e-01 3.057150811291364724e-04
-5.247578363637590559e-01 3.007493421674730695e-04
-5.247578363637590559e-01 2.829585345550191021e-04
-5.250125989313666475e-01 3.065207676003130232e-04
-5.249616464178451514e-01 2.713430648916695192e-04
-5.245540263096727385e-01 2.743876826511492729e-04
-5.249616464178449293e-01 2.807478871392030551e-04
-5.249616464178451514e-01 2.898477072558080419e-04
-5.249616464178449293e-01 2.807478871392030551e-04
-5.251145039584096397e-01 2.961827142969332112e-04
-5.250125989313665364e-01 2.979306357224164020e-04
-5.251654564719311358e-01 2.862424959612389032e-04
-5.247578363637589449e-01 2.736297041792101195e-04
-5.247578363637589449e-01 2.919894682104919015e-04
-5.252673614989743500e-01 2.745768503279805628e-04
-5.253692665260171202e-01 2.811175356036324079e-04
-5.249616464178449293e-01 2.898477072558080961e-04
-5.249106939043235442e-01 2.905187036949131844e-04
-5.245030737961512424e-01 3.181575476802896390e-04
-5.245540263096729605e-01 3.099320400732319099e-04
-5.250635514448879215e-01 3.057150811291364724e-04
-5.245540263096729605e-01 3.181983449552769133e-04
-5.249616464178451514e-01 2.986704047437082872e-04
-5.247578363637589449e-01 2.919894682104919557e-04
-5.248087888772805520e-01 2.915890863334417819e-04
-5.250125989313665364e-01 3.230164322552785258e-04
-5.250125989313665364e-01 3.148766397156305781e-04
-5.250125989313666475e-01 2.979306357224163477e-04
-5.251654564719310248e-01 2.951729726151121596e-04
-5.252164089854527429e-01 2.758503390740306904e-04
-5.250635514448879215e-01 3.057150811291364724e-04
-5.246049788231944566e-01 3.013960693328496818e-04
-5.248087888772805520e-01 3.003606374628561056e-04
-5.247578363637588339e-01 2.829585345550191021e-04
-5.246559313367160637e-01 3.012668349657278638e-04
-5.248087888772804410e-01 2.915890863334417819e-04
-5.243502162555866430e-01 3.256180563469008985e-04
-5.248087888772805520e-01 2.825453556518836887e-04
-5.248087888772804410e-01 3.003606374628561056e-04
-5.250635514448880325e-01 3.222519904770772704e-04
-5.248087888772804410e-01 3.171768388040607290e-04
-5.248597413908018261e-01 2.910989828546531842e-04
-5.249616464178451514e-01 2.986704047437082872e-04
-5.249106939043234332e-01 2.905187036949131844e-04
-5.249106939043235442e-01 3.242998400706673329e-04
-5.250125989313665364e-01 2.979306357224164020e-04
-5.244521212826296352e-01 3.097644639376651108e-04
-5.243502162555868651e-01 2.919894682104919015e-04
-5.247068838502373378e-01 3.258969925045716366e-04
-5.245540263096728495e-01 3.014391351427905385e-04
-5.247068838502373378e-01 2.923004971775401348e-04
-5.244521212826299683e-01 3.012668349657278638e-04
-5.250125989313666475e-01 3.148766397156305239e-04
-5.246559313367157307e-01 2.925224582522600067e-04
-5.248597413908021592e-01 3.167263323817256886e-04
-5.250635514448879215e-01 2.971016552654539037e-04
-5.250125989313665364e-01 3.065207676003130232e-04
-5.251654564719312468e-01 3.204747034750286719e-04
-5.248597413908018261e-01 3.167263323817257970e-04
-5.248087888772805520e-01 3.408490851956374394e-04
-5.247578363637590559e-01 2.919894682104919557e-04
-5.246049788231944566e-01 3.013960693328496818e-04
-5.245540263096729605e-01 2.647570265778527790e-04
-5.244521212826296352e-01 3.012668349657278638e-04
-5.247068838502374488e-01 3.095548661980311329e-04
-5.245030737961512424e-01 3.262154846328691338e-04
-5.245030737961512424e-01 2.743403703510042917e-04
-5.246559313367158417e-01 3.097644639376651108e-04
-5.250125989313665364e-01 2.979306357224164020e-04
-5.243502162555868651e-01 2.736297041792101195e-04
-5.247068838502373378e-01 2.832794792813542921e-04
-5.244521212826299683e-01 3.012668349657278638e-04
-5.245540263096729605e-01 3.099320400732319099e-04
-5.247578363637588339e-01 3.092611907150486449e-04
-5.248597413908021592e-01 3.084205770626491892e-04
-5.245540263096728495e-01 3.099320400732319099e-04
-5.242483112285435398e-01 3.167263323817257428e-04
-5.242992637420652580e-01 3.171768388040607290e-04
-5.244011687691082502e-01 3.010513210709414144e-04
-5.239425961474146742e-01 2.951729726151122138e-04
-5.240954536879791625e-01 2.890853618460147547e-04
-5.240954536879790515e-01 3.065207676003129690e-04
-5.239425961474145632e-01 3.122686636521275960e-04
-5.241464062015005476e-01 3.072398540848703770e-04
-5.237387860933285788e-01 3.075776660110829397e-04
-5.242483112285437619e-01 3.167263323817257428e-04
-5.239935486609360593e-01 3.048221079853308041e-04
-5.241464062015006586e-01 3.316221942859949568e-04
-5.244011687691082502e-01 3.414578806531907594e-04
-5.239935486609361703e-01 3.214049658192363965e-04
-5.238916436338931781e-01 3.194604762859832355e-04
-5.238916436338929561e-01 3.112276958121582915e-04
-5.237387860933285788e-01 3.075776660110829397e-04
-5.236368810662852535e-01 3.446740766277694512e-04
-5.236368810662854756e-01 3.292652191813791275e-04
-5.236878335798070827e-01 3.459897030565530765e-04
-5.234330710121991581e-01 3.308384016649609143e-04
-5.239935486609361703e-01 3.447870413142440629e-04
-5.239425961474144522e-01 3.038410785768831798e-04
-5.238916436338931781e-01 3.577940500490146662e-04
-5.240954536879791625e-01 3.148766397156305781e-04
-5.240445011744576664e-01 3.302100280651092080e-04
-5.242483112285438729e-01 3.084205770626491350e-04
-5.239935486609360593e-01 3.048221079853308041e-04
-5.237897386068500749e-01 3.088831976741616297e-04
-5.238406911203715710e-01 3.183614817744819317e-04
-5.237897386068499639e-01 3.088831976741616839e-04
-5.237387860933283568e-01 3.472255851322521639e-04
-5.241973587150221547e-01 2.993216237843411456e-04
-5.238916436338931781e-01 3.027711369536790478e-04
-5.236878335798070827e-01 3.306421631984008346e-04
-5.242483112285437619e-01 3.248197760178732330e-04
-5.237897386068500749e-01 3.331452860395610381e-04
-5.242992637420651469e-01 3.003606374628561056e-04
-5.242483112285438729e-01 3.084205770626491350e-04
-5.238406911203716820e-01 3.264143844041890582e-04
-5.240954536879790515e-01 3.309560888928481407e-04
-5.242483112285437619e-01 3.404299067780989542e-04
-5.241973587150221547e-01 3.322088251961142005e-04
-5.240445011744576664e-01 3.222519904770772704e-04
-5.238406911203716820e-01 3.183614817744819859e-04
-5.240954536879790515e-01 3.148766397156305239e-04
-5.239425961474146742e-01 3.204747034750286719e-04
-5.240445011744574444e-01 3.455767601726194042e-04
-5.242483112285438729e-01 3.327164020011987586e-04
-5.241464062015007697e-01 3.072398540848703770e-04
-5.241464062015005476e-01 3.756689810897217334e-04
-5.244011687691082502e-01 3.489782250062179814e-04
-5.242483112285435398e-01 3.084205770626491892e-04
-5.241973587150222658e-01 2.993216237843411456e-04
-5.243502162555868651e-01 3.256180563469009527e-04
-5.245030737961512424e-01 3.013960693328496818e-04
-5.240954536879791625e-01 3.148766397156305781e-04
-5.242483112285437619e-01 3.248197760178732330e-04
-5.239425961474146742e-01 3.284758025117366989e-04
-5.239935486609361703e-01 3.447870413142441171e-04
-5.237387860933284678e-01 3.472255851322522181e-04
-5.235859285527638685e-01 3.197853789647051590e-04
-5.235859285527638685e-01 3.197853789647051590e-04
-5.240445011744574444e-01 3.222519904770773788e-04
-5.238406911203715710e-01 3.419517288779361491e-04
-5.235349760392422613e-01 3.566675946506592449e-04
-5.240445011744577775e-01 3.530093687704704262e-04
-5.240954536879790515e-01 3.065207676003129690e-04
-5.238406911203716820e-01 3.183614817744819859e-04
-5.237387860933284678e-01 3.159055838334410703e-04
-5.242992637420651469e-01 3.629807855571265071e-04
-5.239935486609360593e-01 3.522363143211560375e-04
-5.236368810662854756e-01 3.735900000970223040e-04
-5.236368810662855866e-01 3.370577129081658049e-04
-5.236878335798070827e-01 3.534136271983350018e-04
-5.240445011744574444e-01 3.530093687704704804e-04
-5.234330710121994912e-01 3.385946917548293667e-04
-5.233821184986777730e-01 3.290680425548090293e-04
-5.232292609581132847e-01 3.682707252125376690e-04
-5.232292609581133958e-01 3.682707252125377233e-04
-5.233311659851561659e-01 3.191759151384640785e-04
-5.233821184986777730e-01 3.803051373688068120e-04
-5.235349760392423724e-01 3.417998515758061259e-04
-5.234840235257209873e-01 3.246198992061227057e-04
-5.235859285527639795e-01 3.859968186585186834e-04
-5.234840235257207652e-01 3.764628797621975419e-04
-5.234330710121993802e-01 3.461772415293498271e-04
-5.227197358228978796e-01 3.745616272258253492e-04
-5.224649732552905101e-01 3.953008831132914379e-04
-5.220064006335967122e-01 4.076201081721819090e-04
-5.219554481200751050e-01 4.043909400144849483e-04
-5.221083056606395933e-01 4.381916162850956484e-04
-5.218535430930321128e-01 4.350700242681348855e-04
-5.215478280119030252e-01 4.268774701618224918e-04
-5.215987805254244103e-01 4.304205851649361351e-04
-5.215987805254244103e-01 4.652050985787425019e-04
-5.217006855524674025e-01 4.603807021291190940e-04
-5.209363978496448500e-01 4.741322348585859142e-04
-5.213949704713384259e-01 4.902044911849934468e-04
-5.208344928226017467e-01 4.771887192738922634e-04
-5.208854453361230208e-01 4.702008818421625426e-04
-5.207835403090801396e-01 4.564162232053931489e-04
-5.211402079037309454e-01 4.836732931682748149e-04
-5.209873503631663461e-01 4.557331354344083124e-04
-5.211402079037307233e-01 4.326765525301164974e-04
-5.213440179578168188e-01 4.537635301291913985e-04
-5.218025905795105057e-01 4.935823398680958029e-04
-5.214459229848600330e-01 4.551345926423335875e-04
-5.210892553902093383e-01 4.521874102919242952e-04
-5.213440179578168188e-01 4.921865115518292508e-04
-5.209873503631661240e-01 4.557331354344082040e-04
-5.209873503631662350e-01 4.887193410770727074e-04
-5.206816352820372584e-01 5.024444900541865777e-04
-5.203249676873865637e-01 5.490354988636244726e-04
-5.200192526062573650e-01 5.981009097142709913e-04
-5.193059174169559755e-01 6.005267653246594301e-04
-5.183378196600471055e-01 5.945527391471307991e-04
-5.177263894977889302e-01 6.311533734565963425e-04
-5.175225794437028348e-01 6.808598135561811033e-04
-5.156373364434067019e-01 7.255144127280030528e-04
-5.134463783619815924e-01 9.054076707884341300e-04
-5.099306549289968071e-01 1.094364628231661151e-03
-5.052430236850168344e-01 1.350568433947330017e-03
-4.978549092243965135e-01 1.733314344773061785e-03
-4.653981581111882870e-01 4.657012350903209572e-03
2.794256845463908845e-01 6.180677645235331530e-02
5.452940097467444680e+00 3.672313001066723759e-01
7.796297146835668990e+00 3.900917335391622665e-01
7.972745701160693699e+00 3.817127517214016774e-01
7.961230433104831583e+00 3.821486426500206313e-01
7.820703400812479167e+00 3.864434823611929692e-01
5.208826605185842062e+00 3.623621942285771835e-01
1.867940149642675629e-01 6.067213824429559116e-02
-4.906196523043407365e-01 2.268068024568769582e-03
-5.042239734145864682e-01 1.317878660828506691e-03
-5.097777973884319858e-01 1.078461435612762184e-03
-5.129878057402879055e-01 8.791486717136852772e-04
-5.161978140921432701e-01 7.134079748929490240e-04
-5.178282945248318114e-01 6.579782776297874673e-04
-5.182359146330042243e-01 5.969060319281837505e-04
-5.184906772006115938e-01 6.351512340870221502e-04
-5.189492498223055028e-01 6.156615633507584980e-04
-5.201211576333004682e-01 5.882974651653680252e-04
-5.205797302549942662e-01 5.396157451441655709e-04
-5.212421129307739376e-01 5.313494626561733256e-04
-5.209873503631662350e-01 4.779769448479334192e-04
-5.211911604172522194e-01 4.541352682822008590e-04
-5.216497330389461284e-01 4.456816095596215460e-04
-5.220064006335968232e-01 4.383100944855262515e-04
-5.218025905795106167e-01 4.378359893229942122e-04
-5.219044956065537200e-01 4.498850154419331256e-04
-5.220573531471182083e-01 4.641715254612436203e-04
-5.219554481200752161e-01 4.353086476368329158e-04
-5.215478280119030252e-01 4.730358471388114786e-04
-5.216497330389460174e-01 4.456816095596215460e-04
-5.213440179578168188e-01 4.921865115518292508e-04
-5.209363978496446279e-01 5.548679594508481010e-04
-5.204268727144295559e-01 5.425665189886959543e-04
-5.204268727144295559e-01 5.329106801246032751e-04
-5.209363978496446279e-01 5.110260238092095234e-04
-5.212930654442954337e-01 4.670986743878502434e-04
-5.219554481200751050e-01 4.528471822948378989e-04
-5.224140207417689030e-01 4.423194712765535263e-04
-5.226687833093763835e-01 3.989617598973720547e-04
-5.225668782823333913e-01 4.256593838717681383e-04
-5.230254509040270783e-01 4.201651902799007359e-04
-5.230764034175487964e-01 3.832970350878919016e-04
-5.228725933634627010e-01 4.015562386114018660e-04
-5.232292609581133958e-01 4.019762597345495842e-04
-5.235859285527639795e-01 3.432777889764583980e-04
-5.235859285527638685e-01 3.356297411378257470e-04
-5.238916436338931781e-01 3.577940500490147204e-04
-5.238406911203715710e-01 3.494614458719752124e-04
-5.242483112285435398e-01 3.696779551207142402e-04
-5.235859285527639795e-01 3.356297411378257470e-04
-5.238916436338929561e-01 3.649779438798990980e-04
-5.236878335798070827e-01 3.459897030565530765e-04
-5.236368810662854756e-01 3.521257394277324841e-04
-5.237897386068500749e-01 3.331452860395610381e-04
-5.235349760392424834e-01 3.181983449552769133e-04
-5.235859285527638685e-01 3.432777889764583438e-04
-5.237387860933285788e-01 3.319351931232828812e-04
-5.238916436338931781e-01 3.194604762859832355e-04
-5.240445011744574444e-01 3.302100280651092622e-04
-5.239425961474145632e-01 3.586999050864344857e-04
-5.241464062015005476e-01 3.155766867283043512e-04
-5.239425961474146742e-01 3.122686636521275960e-04
-5.237387860933284678e-01 3.240195289877898129e-04
-5.241973587150221547e-01 3.399338476917299610e-04
-5.242483112285438729e-01 2.910989828546531300e-04
-5.241464062015006586e-01 3.393605707965793037e-04
-5.241464062015006586e-01 3.316221942859949568e-04
-5.238916436338929561e-01 3.112276958121582915e-04
-5.235859285527638685e-01 3.356297411378257470e-04
-5.240445011744576664e-01 3.379807389528021464e-04
-5.238406911203713490e-01 3.264143844041890582e-04
-5.237387860933285788e-01 3.319351931232828812e-04
-5.240445011744576664e-01 3.222519904770772704e-04
-5.242483112285435398e-01 3.248197760178731788e-04
-5.241464062015007697e-01 3.393605707965792495e-04
-5.237897386068499639e-01 3.408490851956373852e-04
-5.241464062015007697e-01 2.898477072558080419e-04
-5.241973587150222658e-01 3.399338476917299610e-04
-5.241973587150221547e-01 3.242998400706673329e-04
-5.244521212826298573e-01 3.097644639376651108e-04
-5.242483112285435398e-01 3.327164020011986502e-04
-5.238916436338931781e-01 3.353201909302675897e-04
-5.238406911203715710e-01 3.342733426617917392e-04
-5.239935486609361703e-01 3.293834685007528823e-04
-5.238406911203716820e-01 3.100995256515589964e-04
-5.238406911203713490e-01 3.183614817744819859e-04
-5.239425961474145632e-01 3.439200304901900715e-04
-5.239425961474144522e-01 3.439200304901901257e-04
-5.240954536879790515e-01 3.609725776960605705e-04
-5.241464062015006586e-01 3.236988762333540800e-04
-5.240445011744574444e-01 3.057150811291364182e-04
-5.242483112285437619e-01 2.998848697205905669e-04
-5.244521212826298573e-01 3.260960865377455597e-04
-5.239935486609360593e-01 3.132232985985279627e-04
-5.246559313367158417e-01 3.339625352094974199e-04
-5.237897386068499639e-01 3.088831976741616839e-04
-5.239425961474145632e-01 3.204747034750286177e-04
-5.238916436338931781e-01 3.429751415391981426e-04
-5.239935486609360593e-01 3.214049658192364507e-04
-5.242483112285437619e-01 3.327164020011987044e-04
-5.244011687691082502e-01 3.095548661980311329e-04
-5.243502162555867541e-01 3.487177518052376546e-04
-5.244521212826299683e-01 3.097644639376651108e-04
-5.244521212826298573e-01 3.097644639376651108e-04
-5.241464062015007697e-01 3.155766867283042970e-04
-5.245030737961512424e-01 3.340791218896799197e-04
-5.245540263096729605e-01 2.926999059229633791e-04
-5.244011687691082502e-01 2.739615778053435305e-04
-5.246049788231943456e-01 3.013960693328496818e-04
-5.242992637420652580e-01 3.483825715316780491e-04
-5.242992637420651469e-01 3.408490851956374394e-04
-5.239935486609360593e-01 2.872836281098818082e-04
-5.240954536879791625e-01 3.230164322552785258e-04
-5.241464062015005476e-01 3.316221942859949568e-04
-5.242483112285438729e-01 3.167263323817257970e-04
-5.237387860933283568e-01 3.159055838334409619e-04
-5.240954536879791625e-01 3.537073431245336486e-04
-5.242992637420652580e-01 3.408490851956373852e-04
-5.240954536879790515e-01 3.387096840120942245e-04
-5.237897386068499639e-01 3.838385109504182670e-04
-5.242483112285435398e-01 3.327164020011986502e-04
-5.240954536879791625e-01 3.065207676003130232e-04
-5.241464062015007697e-01 3.236988762333539715e-04
-5.239935486609360593e-01 3.132232985985279627e-04
-5.243502162555868651e-01 3.092611907150486449e-04
-5.242483112285435398e-01 3.248197760178731788e-04
-5.244521212826299683e-01 2.925224582522599525e-04
-5.240954536879791625e-01 3.230164322552784716e-04
-5.241973587150221547e-01 3.399338476917299610e-04
-5.240954536879791625e-01 3.230164322552785258e-04
-5.241973587150221547e-01 2.814405797468638401e-04
-5.238406911203715710e-01 3.640163961795887478e-04
-5.232802134716348919e-01 3.770141711133846978e-04
-5.226178307958548874e-01 4.030082929086070383e-04
-5.229744983905055822e-01 4.056728926357578324e-04
-5.230254509040270783e-01 4.076201081721819090e-04
-5.232292609581133958e-01 3.888448004712602999e-04
-5.238406911203716820e-01 3.710798484907220892e-04
-5.245540263096727385e-01 3.341179750760519510e-04
-5.241464062015007697e-01 3.072398540848703770e-04
-5.241464062015005476e-01 3.236988762333540800e-04
-5.240954536879791625e-01 3.230164322552785258e-04
-5.242992637420652580e-01 3.171768388040607832e-04
-5.240954536879790515e-01 3.065207676003129690e-04
-5.243502162555867541e-01 2.829585345550191021e-04
-5.240954536879790515e-01 2.979306357224163477e-04
-5.245030737961513534e-01 3.417618717044099315e-04
-5.247578363637589449e-01 2.919894682104919015e-04
-5.244521212826296352e-01 2.925224582522600067e-04
-5.244521212826298573e-01 3.339625352094973657e-04
-5.245030737961512424e-01 2.836458285831965336e-04
-5.248087888772805520e-01 2.915890863334417819e-04
-5.244521212826299683e-01 3.339625352094974199e-04
-5.241464062015005476e-01 2.986704047437082872e-04
-5.245540263096729605e-01 3.181983449552769133e-04
-5.241464062015005476e-01 2.713430648916695192e-04
-5.241973587150222658e-01 2.814405797468638401e-04
-5.243502162555867541e-01 3.175449595739344251e-04
-5.242992637420651469e-01 3.171768388040607832e-04
-5.241973587150221547e-01 2.993216237843411998e-04
-5.239935486609360593e-01 2.961827142969332112e-04
-5.244011687691083612e-01 2.739615778053435305e-04
-5.244011687691083612e-01 3.095548661980311329e-04
-5.242992637420651469e-01 3.088831976741616297e-04
-5.246559313367160637e-01 2.835085030711130029e-04
-5.245540263096727385e-01 3.341179750760519510e-04
-5.242992637420652580e-01 2.915890863334418361e-04
-5.244521212826298573e-01 3.097644639376651108e-04
-5.244521212826296352e-01 3.012668349657278638e-04
-5.238916436338931781e-01 3.194604762859832897e-04
-5.240954536879790515e-01 3.065207676003129690e-04
-5.241464062015006586e-01 3.393605707965793037e-04
-5.241973587150222658e-01 2.814405797468638401e-04
-5.240954536879790515e-01 3.065207676003129690e-04
-5.238916436338931781e-01 3.194604762859832355e-04
-5.242992637420651469e-01 3.088831976741616297e-04
-5.239935486609361703e-01 3.132232985985279627e-04
-5.239425961474145632e-01 3.362865892420501034e-04
-5.236878335798068607e-01 3.384029511585852877e-04
-5.239425961474145632e-01 3.038410785768831798e-04
-5.235349760392422613e-01 3.262552742877873201e-04
-5.239425961474145632e-01 3.204747034750285634e-04
-5.245540263096729605e-01 2.926999059229633791e-04
-5.236878335798068607e-01 3.384029511585853419e-04
-5.242483112285438729e-01 2.910989828546531842e-04
-5.239935486609360593e-01 3.048221079853308041e-04
-5.242992637420652580e-01 3.252590726514158594e-04
-5.241973587150222658e-01 3.242998400706673329e-04
-5.236878335798068607e-01 3.061817895949270818e-04
-5.240954536879791625e-01 2.979306357224164020e-04
-5.244521212826296352e-01 3.097644639376651108e-04
-5.243502162555867541e-01 3.007493421674730153e-04
-5.244011687691083612e-01 3.178309809556061983e-04
-5.244011687691082502e-01 3.258969925045715824e-04
-5.241973587150222658e-01 2.993216237843411456e-04
-5.243502162555866430e-01 3.007493421674730695e-04
-5.242992637420652580e-01 2.825453556518836887e-04
-5.244011687691083612e-01 3.010513210709414144e-04
-5.244011687691082502e-01 3.095548661980311329e-04
-5.241464062015007697e-01 2.986704047437082872e-04
-5.240445011744576664e-01 2.882309426365439048e-04
-5.238916436338929561e-01 3.274863557114847780e-04
-5.240954536879791625e-01 3.537073431245336486e-04
-5.240445011744574444e-01 3.057150811291364182e-04
-5.241973587150222658e-01 2.905187036949131844e-04
-5.241464062015005476e-01 2.986704047437082872e-04
-5.241464062015007697e-01 2.986704047437082872e-04
-5.245030737961513534e-01 3.181575476802896390e-04
-5.243502162555867541e-01 3.007493421674730153e-04
-5.242992637420651469e-01 3.088831976741616839e-04
-5.240954536879790515e-01 3.230164322552784716e-04
-5.240954536879790515e-01 3.148766397156305781e-04
-5.241973587150222658e-01 3.474871768494862834e-04
-5.241973587150221547e-01 3.161930881621838113e-04
-5.240954536879791625e-01 3.230164322552785258e-04
-5.238406911203713490e-01 3.494614458719752124e-04
-5.237387860933285788e-01 3.159055838334410703e-04
-5.239935486609361703e-01 2.872836281098818082e-04
-5.240954536879790515e-01 3.065207676003129690e-04
-5.245030737961513534e-01 2.926555540921272789e-04
-5.242483112285435398e-01 3.327164020011986502e-04
-5.242483112285435398e-01 2.910989828546531842e-04
-5.242992637420652580e-01 3.003606374628561056e-04
-5.243502162555866430e-01 2.829585345550191563e-04
-5.244521212826299683e-01 3.097644639376651108e-04
-5.242483112285435398e-01 2.820395372118805451e-04
-5.242992637420652580e-01 3.088831976741616297e-04
-5.239425961474146742e-01 3.038410785768831798e-04
-5.240445011744574444e-01 3.140923878385408789e-04
-5.242992637420652580e-01 3.088831976741616297e-04
-5.241464062015005476e-01 3.236988762333540800e-04
-5.240954536879790515e-01 3.148766397156305239e-04
-5.238916436338931781e-01 2.940714948850050160e-04
-5.242992637420651469e-01 3.408490851956374394e-04
-5.241973587150222658e-01 3.161930881621838113e-04
-5.247068838502373378e-01 2.739615778053435305e-04
-5.247578363637590559e-01 3.007493421674730695e-04
-5.244011687691083612e-01 2.832794792813542921e-04
-5.245030737961512424e-01 2.926555540921272789e-04
-5.240445011744576664e-01 2.971016552654538495e-04
-5.242992637420652580e-01 3.331452860395610924e-04
-5.244011687691082502e-01 2.832794792813542921e-04
-5.241973587150222658e-01 2.905187036949131844e-04
-5.240445011744574444e-01 3.222519904770773246e-04
-5.239935486609361703e-01 3.214049658192364507e-04
-5.239935486609360593e-01 3.293834685007528823e-04
-5.242992637420652580e-01 3.003606374628561056e-04
-5.242483112285438729e-01 2.910989828546531300e-04
-5.241464062015006586e-01 3.072398540848703770e-04
-5.244521212826299683e-01 3.260960865377455597e-04
-5.242483112285435398e-01 2.820395372118805993e-04
-5.242483112285435398e-01 2.998848697205906211e-04
-5.241464062015007697e-01 2.898477072558080961e-04
-5.242992637420651469e-01 2.825453556518836887e-04
-5.244521212826299683e-01 2.741983844688027343e-04
-5.246049788231943456e-01 3.417618717044099315e-04
-5.242992637420652580e-01 3.252590726514158594e-04
-5.238916436338931781e-01 3.027711369536789936e-04
-5.242992637420651469e-01 2.635284490596900018e-04
-5.242483112285437619e-01 3.084205770626491350e-04
-5.241464062015006586e-01 2.986704047437082872e-04
-5.239425961474145632e-01 3.122686636521275960e-04
-5.243502162555867541e-01 2.919894682104919015e-04
-5.241464062015005476e-01 3.316221942859949568e-04
-5.245540263096728495e-01 3.181983449552768591e-04
-5.244521212826296352e-01 2.925224582522600067e-04
-5.245540263096729605e-01 3.014391351427905385e-04
-5.246559313367160637e-01 3.012668349657278638e-04
-5.240445011744574444e-01 2.882309426365438506e-04
-5.244011687691083612e-01 3.010513210709414144e-04
-5.243502162555866430e-01 3.175449595739343709e-04
-5.242483112285435398e-01 2.998848697205906211e-04
-5.239425961474145632e-01 3.122686636521275960e-04
-5.241973587150221547e-01 3.161930881621838113e-04
-5.242992637420652580e-01 2.825453556518836887e-04
-5.240445011744576664e-01 3.140923878385409331e-04
-5.240954536879791625e-01 2.890853618460147547e-04
-5.240954536879791625e-01 3.065207676003130232e-04
-5.242483112285438729e-01 3.327164020011987586e-04
-5.241973587150222658e-01 3.161930881621837029e-04
-5.246559313367158417e-01 3.097644639376651108e-04
-5.245540263096727385e-01 3.099320400732319099e-04
-5.242992637420652580e-01 3.171768388040607290e-04
-5.246559313367157307e-01 2.925224582522599525e-04
-5.243502162555867541e-01 3.334957809140251810e-04
-5.245030737961512424e-01 3.013960693328496818e-04
-5.241464062015007697e-01 2.807478871392030551e-04
-5.242483112285438729e-01 3.084205770626491350e-04
-5.243502162555866430e-01 3.092611907150486991e-04
-5.242483112285438729e-01 2.998848697205905669e-04
-5.242483112285437619e-01 2.998848697205905669e-04
-5.241464062015006586e-01 2.986704047437082872e-04
-5.240954536879791625e-01 2.705285787065711306e-04
-5.244521212826298573e-01 3.012668349657278638e-04
-5.242483112285438729e-01 2.910989828546531842e-04
-5.240954536879790515e-01 2.979306357224164020e-04
-5.242992637420652580e-01 3.171768388040607290e-04
-5.244521212826299683e-01 3.012668349657278638e-04
-5.243502162555867541e-01 3.175449595739344251e-04
-5.246559313367158417e-01 3.260960865377456139e-04
-5.244521212826296352e-01 2.835085030711130029e-04
-5.242992637420651469e-01 3.171768388040607832e-04
-5.240445011744577775e-01 3.057150811291365266e-04
-5.241464062015005476e-01 2.807478871392030551e-04
-5.241464062015007697e-01 3.155766867283042970e-04
-5.242992637420652580e-01 3.088831976741616297e-04
-5.241464062015007697e-01 3.236988762333539715e-04
-5.244521212826299683e-01 3.012668349657278638e-04
-5.243502162555867541e-01 3.175449595739344251e-04
-5.244521212826299683e-01 2.645608375723425927e-04
-5.241464062015006586e-01 3.155766867283043512e-04
-5.244521212826296352e-01 2.925224582522600067e-04
-5.243502162555868651e-01 3.175449595739343709e-04
-5.245030737961512424e-01 3.181575476802896390e-04
-5.239425961474145632e-01 3.038410785768831798e-04
-5.240954536879791625e-01 3.230164322552785258e-04
-5.241464062015007697e-01 3.072398540848703770e-04
-5.238916436338931781e-01 2.851065184024728898e-04
-5.239425961474145632e-01 3.038410785768831798e-04
-5.240954536879790515e-01 3.065207676003130232e-04
-5.240445011744574444e-01 3.302100280651092622e-04
-5.239425961474145632e-01 3.122686636521275960e-04
-5.239935486609361703e-01 2.780999203733344250e-04
-5.242992637420651469e-01 2.825453556518836887e-04
-5.243502162555867541e-01 2.829585345550191021e-04
-5.244521212826299683e-01 2.835085030711130029e-04
-5.244011687691083612e-01 2.923004971775401348e-04
-5.241973587150222658e-01 3.078729473877439885e-04
-5.242992637420651469e-01 3.252590726514159136e-04
-5.245540263096729605e-01 3.014391351427905385e-04
-5.239935486609360593e-01 3.214049658192364507e-04
-5.240445011744574444e-01 3.057150811291364724e-04
-5.243502162555868651e-01 3.007493421674730153e-04
-5.242483112285435398e-01 3.084205770626491350e-04
-5.236368810662855866e-01 3.370577129081659133e-04
-5.225159257688118952e-01 3.778739536920382972e-04
-5.220573531471183193e-01 3.979192318768682885e-04
-5.218535430930322239e-01 4.167840858426695200e-04
-5.220064006335967122e-01 4.076201081721819090e-04
-5.225668782823333913e-01 4.005204639026645674e-04
-5.235349760392422613e-01 3.778739536920383514e-04
-5.240954536879791625e-01 3.065207676003130232e-04
-5.244011687691083612e-01 2.832794792813542921e-04
-5.244521212826296352e-01 2.925224582522600067e-04
-5.243502162555868651e-01 3.007493421674730153e-04
-5.242992637420651469e-01 3.003606374628561056e-04
-5.240445011744577775e-01 3.057150811291364724e-04
-5.240954536879791625e-01 2.890853618460147547e-04
-5.241973587150222658e-01 2.993216237843411456e-04
-5.243502162555868651e-01 2.829585345550191021e-04
-5.237897386068499639e-01 3.003606374628562141e-04
-5.240954536879791625e-01 3.148766397156305781e-04
-5.241973587150222658e-01 3.242998400706673329e-04
-5.242483112285435398e-01 2.998848697205906211e-04
-5.241464062015007697e-01 2.986704047437082872e-04
-5.241464062015006586e-01 3.236988762333540800e-04
-5.242483112285437619e-01 3.248197760178731788e-04
-5.243502162555868651e-01 3.175449595739343709e-04
-5.244011687691083612e-01 3.258969925045716366e-04
-5.242992637420652580e-01 2.915890863334417819e-04
-5.242992637420651469e-01 3.331452860395610924e-04
-5.238916436338929561e-01 3.027711369536790478e-04
-5.243502162555868651e-01 3.175449595739343709e-04
-5.244521212826296352e-01 2.925224582522600067e-04
-5.239425961474146742e-01 3.284758025117366989e-04
-5.240445011744576664e-01 3.302100280651092080e-04
-5.243502162555867541e-01 3.334957809140251810e-04
-5.246049788231944566e-01 3.013960693328496818e-04
-5.241464062015005476e-01 3.072398540848703770e-04
-5.245030737961513534e-01 3.181575476802895848e-04
-5.242483112285435398e-01 3.248197760178731788e-04
-5.242992637420651469e-01 3.252590726514159136e-04
-5.244521212826299683e-01 3.012668349657278638e-04
-5.242483112285435398e-01 3.248197760178731788e-04
-5.243502162555867541e-01 3.092611907150486449e-04
-5.239425961474145632e-01 3.284758025117366989e-04
-5.240445011744577775e-01 2.882309426365439590e-04
-5.239425961474146742e-01 2.862424959612389032e-04
-5.239425961474144522e-01 3.122686636521275960e-04
-5.242992637420652580e-01 2.825453556518836887e-04
-5.239935486609361703e-01 2.872836281098818082e-04
-5.242992637420651469e-01 3.483825715316781575e-04
-5.239425961474146742e-01 2.951729726151121596e-04
-5.240954536879790515e-01 3.230164322552784716e-04
-5.242992637420652580e-01 3.171768388040607290e-04
-5.241973587150222658e-01 3.078729473877439885e-04
-5.245540263096729605e-01 2.836915889817491466e-04
-5.242992637420652580e-01 3.171768388040607290e-04
-5.244011687691083612e-01 3.414578806531907594e-04
-5.242483112285437619e-01 3.084205770626491350e-04
-5.241973587150221547e-01 3.161930881621837029e-04
-5.241973587150221547e-01 3.242998400706673329e-04
-5.244011687691083612e-01 3.178309809556061983e-04
-5.242992637420651469e-01 3.331452860395611466e-04
-5.239425961474146742e-01 3.122686636521275960e-04
-5.238916436338931781e-01 3.027711369536790478e-04
-5.241464062015006586e-01 3.072398540848703770e-04
-5.238406911203715710e-01 3.264143844041891124e-04
-5.238916436338931781e-01 3.504629295405649152e-04
-5.238916436338929561e-01 3.720231401231927516e-04
-5.237387860933284678e-01 3.240195289877898671e-04
-5.240445011744574444e-01 3.140923878385408789e-04
-5.238916436338931781e-01 3.274863557114847780e-04
-5.239935486609360593e-01 3.048221079853308041e-04
-5.239425961474146742e-01 2.951729726151122138e-04
-5.238916436338929561e-01 3.112276958121582915e-04
-5.238916436338931781e-01 3.274863557114848322e-04
-5.239425961474146742e-01 3.439200304901901257e-04
-5.239425961474145632e-01 3.204747034750286177e-04
-5.239935486609361703e-01 3.048221079853308041e-04
-5.238916436338931781e-01 3.194604762859831813e-04
-5.242992637420651469e-01 2.732024171418099764e-04
-5.249616464178451514e-01 3.236988762333540800e-04
-5.241973587150221547e-01 3.161930881621838113e-04
-5.244521212826298573e-01 3.012668349657278638e-04
-5.238406911203715710e-01 3.419517288779361491e-04
-5.240445011744576664e-01 3.379807389528020922e-04
-5.235349760392424834e-01 3.638737285683164803e-04
-5.231783084445916776e-01 3.870714595232112114e-04
-5.228725933634624790e-01 3.884105794531004683e-04
-5.227706883364195978e-01 3.838385109504183755e-04
-5.230764034175485744e-01 3.764628797621973793e-04
-5.237897386068500749e-01 3.088831976741616297e-04
-5.239425961474144522e-01 3.122686636521275960e-04
-5.240445011744576664e-01 3.222519904770772704e-04
-5.240954536879790515e-01 3.387096840120942787e-04
-5.245030737961512424e-01 3.181575476802896390e-04
-5.241973587150222658e-01 3.621214887457936986e-04
-5.241973587150221547e-01 2.814405797468638401e-04
-5.239425961474145632e-01 3.204747034750286177e-04
-5.242483112285435398e-01 3.248197760178731788e-04
-5.245030737961512424e-01 3.181575476802896390e-04
-5.242483112285437619e-01 3.084205770626491892e-04
-5.237387860933283568e-01 3.240195289877898129e-04
-5.240445011744576664e-01 3.140923878385408789e-04
-5.239425961474145632e-01 2.951729726151121596e-04
-5.239935486609360593e-01 3.293834685007528281e-04
-5.239935486609361703e-01 3.132232985985279627e-04
-5.237897386068499639e-01 3.252590726514158594e-04
-5.238916436338929561e-01 3.353201909302676439e-04
-5.240445011744576664e-01 2.971016552654539037e-04
-5.242483112285435398e-01 2.910989828546531842e-04
-5.238916436338929561e-01 3.649779438798990980e-04
-5.237387860933283568e-01 3.396664388810189533e-04
-5.239935486609361703e-01 3.371732293494078114e-04
-5.240954536879791625e-01 3.230164322552785258e-04
-5.242483112285437619e-01 3.327164020011987044e-04
-5.241464062015007697e-01 3.236988762333540257e-04
-5.239935486609360593e-01 3.132232985985279627e-04
-5.239425961474146742e-01 3.362865892420501576e-04
-5.238916436338929561e-01 3.274863557114848864e-04
-5.242483112285435398e-01 3.248197760178731788e-04
-5.241464062015006586e-01 2.898477072558080419e-04
-5.241973587150221547e-01 2.993216237843411456e-04
-5.245540263096729605e-01 2.836915889817490924e-04
-5.242992637420651469e-01 3.003606374628561056e-04
-5.241973587150221547e-01 3.078729473877439885e-04
-5.243502162555868651e-01 3.175449595739343709e-04
-5.244521212826296352e-01 3.260960865377455597e-04
-5.241464062015007697e-01 3.072398540848703770e-04
-5.240954536879791625e-01 2.979306357224164020e-04
-5.240445011744574444e-01 3.140923878385408789e-04
-5.238406911203713490e-01 3.342733426617917392e-04
-5.238916436338929561e-01 2.940714948850050160e-04
-5.241464062015007697e-01 3.072398540848703770e-04
-5.237897386068500749e-01 3.252590726514158594e-04
-5.238406911203715710e-01 3.016113368907077366e-04
-5.239935486609361703e-01 2.961827142969332112e-04
-5.239935486609360593e-01 3.132232985985280169e-04
-5.241464062015007697e-01 2.898477072558080961e-04
-5.241973587150222658e-01 2.814405797468638401e-04
-5.244521212826296352e-01 2.925224582522600067e-04
-5.243502162555868651e-01 2.919894682104919015e-04
-5.241464062015005476e-01 3.316221942859949568e-04
-5.240954536879790515e-01 2.979306357224164020e-04
-5.244011687691083612e-01 3.178309809556061983e-04
-5.244011687691082502e-01 3.010513210709414144e-04
-5.239935486609361703e-01 3.214049658192363965e-04
-5.238916436338929561e-01 3.112276958121583457e-04
-5.240954536879791625e-01 3.065207676003130232e-04
-5.239935486609361703e-01 3.048221079853308041e-04
-5.239935486609360593e-01 3.371732293494078114e-04
-5.238406911203715710e-01 2.928772460821736081e-04
-5.240954536879790515e-01 2.979306357224163477e-04
-5.238406911203715710e-01 3.016113368907077366e-04
-5.244011687691083612e-01 3.337681335775582146e-04
-5.242483112285435398e-01 3.327164020011986502e-04
-5.240445011744577775e-01 3.379807389528020922e-04
-5.238406911203713490e-01 2.745768503279805628e-04
-5.240445011744576664e-01 3.140923878385409331e-04
-5.240954536879791625e-01 3.462897158621587807e-04
-5.241464062015005476e-01 2.807478871392030551e-04
-5.239425961474145632e-01 3.362865892420501576e-04
-5.239935486609360593e-01 3.371732293494078114e-04
-5.238916436338929561e-01 3.353201909302675897e-04
-5.237897386068500749e-01 3.171768388040607290e-04
-5.239425961474144522e-01 3.122686636521275960e-04
-5.240445011744577775e-01 3.140923878385408789e-04
-5.239935486609360593e-01 2.961827142969332112e-04
-5.241973587150222658e-01 3.078729473877439885e-04
-5.241464062015006586e-01 3.072398540848703770e-04
-5.240445011744574444e-01 2.971016552654537953e-04
-5.241464062015006586e-01 3.072398540848703770e-04
-5.241464062015006586e-01 3.155766867283043512e-04
-5.242992637420652580e-01 3.003606374628561056e-04
-5.241464062015007697e-01 3.155766867283042970e-04
-5.238916436338929561e-01 3.112276958121583457e-04
-5.239425961474146742e-01 3.122686636521275960e-04
-5.235859285527638685e-01 3.115611839290610761e-04
-5.238406911203716820e-01 3.342733426617917935e-04
-5.237897386068500749e-01 3.331452860395610381e-04
-5.236368810662852535e-01 3.292652191813791275e-04
-5.231273559310701815e-01 3.572494345066940468e-04
-5.231783084445916776e-01 3.803051373688068120e-04
-5.239935486609361703e-01 3.522363143211559833e-04
-5.238406911203716820e-01 3.640163961795887478e-04
-5.242992637420651469e-01 3.003606374628561056e-04
-5.240954536879791625e-01 3.230164322552785258e-04
-5.239935486609360593e-01 3.132232985985279627e-04
-5.240445011744577775e-01 3.222519904770772704e-04
-5.239935486609361703e-01 3.048221079853308041e-04
-5.240954536879790515e-01 3.065207676003130232e-04
-5.239425961474145632e-01 3.038410785768831798e-04
-5.239425961474145632e-01 3.122686636521275960e-04
-5.240954536879791625e-01 3.148766397156305781e-04
-5.239935486609361703e-01 3.048221079853308041e-04
-5.239935486609360593e-01 3.048221079853308041e-04
-5.239425961474146742e-01 3.362865892420501576e-04
-5.241464062015005476e-01 3.316221942859949568e-04
-5.240445011744577775e-01 2.971016552654539037e-04
-5.243502162555867541e-01 3.007493421674730153e-04
-5.240445011744574444e-01 2.971016552654537953e-04
-5.239935486609361703e-01 3.293834685007528281e-04
-5.238406911203715710e-01 3.980823068527222829e-04
-5.232292609581133958e-01 3.538907917874165986e-04
-5.229744983905056932e-01 3.859968186585187376e-04
-5.225668782823333913e-01 3.736942238401844965e-04
-5.226687833093763835e-01 3.577940500490147746e-04
-5.230764034175485744e-01 3.764628797621973793e-04
-5.234840235257209873e-01 3.402392004123527217e-04
-5.237897386068500749e-01 3.557565648239631407e-04
-5.242483112285435398e-01 2.998848697205906211e-04
-5.241464062015007697e-01 3.155766867283042970e-04
-5.244011687691082502e-01 3.337681335775582146e-04
-5.245030737961513534e-01 3.098901545348187550e-04
-5.239935486609361703e-01 3.132232985985279627e-04
-5.242992637420651469e-01 3.088831976741616297e-04
-5.239935486609361703e-01 3.132232985985279627e-04
-5.241973587150221547e-01 3.161930881621838113e-04
-5.242992637420652580e-01 3.088831976741616297e-04
-5.238406911203716820e-01 3.342733426617917392e-04
-5.240954536879790515e-01 3.680944432029100441e-04
-5.238916436338931781e-01 3.027711369536790478e-04
-5.238406911203713490e-01 3.264143844041891124e-04
-5.239935486609361703e-01 3.048221079853308041e-04
-5.237387860933285788e-01 3.689750110446514777e-04
-5.238406911203713490e-01 3.100995256515589964e-04
-5.238916436338931781e-01 2.851065184024728898e-04
-5.243502162555866430e-01 3.175449595739343709e-04
-5.238406911203716820e-01 3.183614817744819859e-04
-5.241464062015006586e-01 3.316221942859949568e-04
-5.241973587150221547e-01 3.078729473877439885e-04
-5.240445011744577775e-01 3.057150811291364724e-04
-5.241464062015006586e-01 3.236988762333540800e-04
-5.239935486609361703e-01 3.214049658192364507e-04
-5.239935486609361703e-01 3.048221079853308041e-04
-5.236368810662852535e-01 3.370577129081658049e-04
-5.237897386068500749e-01 3.252590726514158594e-04
-5.237897386068499639e-01 3.171768388040607290e-04
-5.237387860933285788e-01 3.159055838334410703e-04
-5.239425961474146742e-01 3.038410785768831798e-04
-5.241464062015006586e-01 3.236988762333540800e-04
-5.239425961474145632e-01 3.038410785768831798e-04
-5.239935486609360593e-01 3.132232985985280169e-04
-5.239425961474145632e-01 2.862424959612389032e-04
-5.242483112285438729e-01 2.910989828546531300e-04
-5.239425961474145632e-01 3.122686636521275960e-04
-5.239935486609361703e-01 2.780999203733344250e-04
-5.240954536879790515e-01 3.387096840120941703e-04
-5.240954536879791625e-01 3.309560888928481950e-04
-5.237387860933285788e-01 3.319351931232828812e-04
-5.233821184986777730e-01 3.128915820123797341e-04
-5.240445011744577775e-01 3.140923878385408789e-04
-5.239425961474144522e-01 2.951729726151122138e-04
-5.237387860933285788e-01 3.319351931232828812e-04
-5.234840235257209873e-01 3.246198992061227057e-04
-5.239425961474144522e-01 3.204747034750286719e-04
-5.239935486609361703e-01 3.214049658192363965e-04
-5.238406911203713490e-01 3.264143844041890582e-04
-5.238406911203716820e-01 3.568131435629206530e-04
-5.236368810662854756e-01 3.594229453385652698e-04
-5.235349760392422613e-01 3.566675946506592991e-04
-5.235349760392423724e-01 3.566675946506591907e-04
-5.234330710121991581e-01 3.818380139463322743e-04
-5.239935486609361703e-01 3.132232985985279627e-04
-5.237387860933285788e-01 3.319351931232828812e-04
-5.235349760392423724e-01 3.638737285683164803e-04
-5.238916436338931781e-01 3.112276958121582915e-04
-5.236368810662852535e-01 3.292652191813791275e-04
-5.236878335798070827e-01 3.061817895949270818e-04
-5.238916436338931781e-01 3.429751415391981426e-04
-5.237387860933283568e-01 3.396664388810189533e-04
-5.240954536879790515e-01 3.230164322552785258e-04
-5.240445011744574444e-01 3.140923878385408789e-04
-5.238406911203716820e-01 3.342733426617917935e-04
-5.239425961474146742e-01 3.204747034750286177e-04
-5.235859285527638685e-01 3.507591163075990436e-04
-5.239425961474146742e-01 3.284758025117366989e-04
-5.236878335798068607e-01 3.145466667251047249e-04
-5.235859285527639795e-01 3.197853789647052132e-04
-5.232292609581133958e-01 3.611523359750654777e-04
-5.233821184986777730e-01 3.803051373688068120e-04
-5.232802134716346698e-01 3.770141711133845894e-04
-5.228216408499409829e-01 3.928303313321507804e-04
-5.221083056606397044e-01 4.724042719879616116e-04
-5.213949704713383149e-01 5.006846090250649094e-04
-5.211911604172523305e-01 5.080964618858960485e-04
-5.210892553902091162e-01 5.505701427834909858e-04
-5.214968754983815291e-01 5.319598585641067794e-04
-5.217516380659891206e-01 4.690676329114398238e-04
-5.225668782823335023e-01 4.195159041201792474e-04
-5.227197358228979907e-01 4.140655940789933834e-04
-5.235349760392423724e-01 3.638737285683164803e-04
-5.236878335798068607e-01 3.384029511585853419e-04
-5.233311659851562769e-01 3.427101057883204086e-04
-5.240954536879791625e-01 2.979306357224164020e-04
-5.237897386068499639e-01 3.557565648239631407e-04
-5.236878335798070827e-01 3.384029511585853419e-04
-5.236368810662852535e-01 3.130989460632497569e-04
-5.241973587150222658e-01 3.242998400706673329e-04
-5.235859285527639795e-01 3.723021749571892264e-04
-5.238406911203713490e-01 3.183614817744819859e-04
-5.239935486609360593e-01 3.595312759620143727e-04
-5.243502162555866430e-01 3.092611907150486991e-04
-5.240954536879791625e-01 3.309560888928481950e-04
-5.242483112285438729e-01 2.998848697205905669e-04
-5.237387860933283568e-01 3.240195289877898129e-04
-5.240445011744577775e-01 3.140923878385408789e-04
-5.241464062015005476e-01 2.986704047437083414e-04
-5.238916436338931781e-01 3.112276958121583457e-04
-5.234330710121994912e-01 3.228958512398449605e-04
-5.237897386068499639e-01 3.408490851956373852e-04
-5.239425961474145632e-01 3.284758025117366447e-04
-5.238406911203713490e-01 3.183614817744819859e-04
-5.235349760392423724e-01 3.341179750760517883e-04
-5.240445011744577775e-01 3.140923878385408789e-04
-5.240445011744574444e-01 3.140923878385408789e-04
-5.239425961474146742e-01 3.362865892420501576e-04
-5.238406911203715710e-01 3.710798484907220350e-04
-5.236368810662855866e-01 2.960512041679175190e-04
-5.236368810662854756e-01 3.292652191813791275e-04
-5.241973587150222658e-01 3.322088251961141463e-04
-5.238916436338929561e-01 3.112276958121582915e-04
-5.241973587150221547e-01 3.078729473877439885e-04
-5.236878335798070827e-01 3.306421631984008346e-04
-5.240445011744577775e-01 2.971016552654538495e-04
-5.236368810662852535e-01 3.292652191813791275e-04
-5.236368810662855866e-01 3.292652191813791817e-04
-5.239935486609360593e-01 2.961827142969332112e-04
-5.238406911203716820e-01 3.419517288779361491e-04
-5.238916436338931781e-01 3.577940500490147204e-04
-5.242483112285438729e-01 3.327164020011987586e-04
-5.240445011744574444e-01 3.222519904770773246e-04
-5.239425961474144522e-01 3.038410785768831798e-04
-5.239425961474146742e-01 3.204747034750286177e-04
-5.240954536879791625e-01 3.230164322552785258e-04
-5.238406911203713490e-01 3.342733426617917935e-04
-5.202740151738651786e-01 6.038249072218983922e-04
-4.828748702490697209e-01 2.630729146187446750e-03
-4.622900547863755261e-01 3.533092993175526893e-03
-4.608124318942513065e-01 3.662557262504141133e-03
-4.613729095429880411e-01 3.608287065951906215e-03
-4.649905380030160407e-01 3.428384844020966431e-03
-4.917406076018142058e-01 2.034045782607604106e-03
-5.164016241462294765e-01 8.418736883439558718e-04
-5.236368810662854756e-01 3.130989460632497569e-04
-5.233821184986777730e-01 3.044812388734120996e-04
-5.241464062015007697e-01 3.393605707965792495e-04
-5.236878335798068607e-01 3.226947827532946874e-04
-5.240954536879791625e-01 3.148766397156305781e-04
-5.242483112285438729e-01 3.084205770626491350e-04
-5.239425961474144522e-01 3.284758025117366989e-04
-5.236368810662854756e-01 3.212837800049042603e-04
-5.236368810662852535e-01 3.212837800049042603e-04
-5.235859285527638685e-01 3.197853789647051590e-04
-5.236368810662854756e-01 3.212837800049042603e-04
-5.238406911203713490e-01 2.928772460821736081e-04
-5.239425961474145632e-01 3.122686636521275960e-04
-5.237897386068499639e-01 3.003606374628561598e-04
-5.236878335798070827e-01 3.061817895949270818e-04
-5.240445011744576664e-01 3.302100280651092080e-04
-5.240445011744576664e-01 3.057150811291364724e-04
-5.238916436338931781e-01 3.353201909302675355e-04
-5.239935486609361703e-01 3.214049658192364507e-04
-5.242992637420651469e-01 2.915890863334417819e-04
-5.242992637420652580e-01 3.003606374628561056e-04
-5.239425961474144522e-01 3.204747034750286719e-04
-5.237897386068500749e-01 3.331452860395610381e-04
-5.236368810662854756e-01 3.594229453385652698e-04
-5.237387860933285788e-01 2.811175356036324621e-04
-5.233311659851562769e-01 3.427101057883204086e-04
-5.233821184986778841e-01 3.663978206437139762e-04
-5.232802134716346698e-01 3.557565648239631407e-04
-5.234840235257207652e-01 3.764628797621974335e-04
-5.230254509040271893e-01 3.602886782956798810e-04
-5.235859285527638685e-01 3.859968186585186834e-04
-5.238406911203713490e-01 3.419517288779362033e-04
-5.238916436338931781e-01 3.353201909302674813e-04
-5.237897386068499639e-01 3.171768388040606748e-04
-5.239935486609361703e-01 3.132232985985279627e-04
-5.238916436338931781e-01 3.353201909302674813e-04
-5.241973587150221547e-01 3.242998400706673329e-04
-5.237897386068499639e-01 3.483825715316780491e-04
-5.233821184986777730e-01 3.444857198310220521e-04
-5.236368810662852535e-01 3.212837800049042061e-04
-5.236878335798070827e-01 3.384029511585852877e-04
-5.234330710121991581e-01 3.147529403827424447e-04
-5.234840235257209873e-01 3.325212718442463423e-04
-5.232802134716348919e-01 3.252590726514160220e-04
-5.236878335798070827e-01 3.306421631984008346e-04
-5.239935486609361703e-01 3.447870413142440629e-04
-5.240954536879790515e-01 3.387096840120942787e-04
-5.238406911203715710e-01 3.100995256515589964e-04
-5.236878335798068607e-01 3.534136271983350560e-04
-5.238406911203715710e-01 3.183614817744819859e-04
-5.236368810662852535e-01 3.521257394277324841e-04
-5.240445011744574444e-01 3.140923878385409331e-04
-5.235859285527639795e-01 3.580841729834058611e-04
-5.235349760392424834e-01 3.181983449552769133e-04
-5.238916436338931781e-01 3.194604762859832355e-04
-5.235859285527639795e-01 3.278033036256987397e-04
-5.237387860933284678e-01 3.075776660110829939e-04
-5.234330710121993802e-01 3.461772415293498271e-04
-5.235859285527638685e-01 3.356297411378258012e-04
-5.236878335798068607e-01 3.534136271983349476e-04
-5.240445011744577775e-01 3.057150811291364724e-04
-5.240954536879790515e-01 3.462897158621587265e-04
-5.243502162555868651e-01 3.411916663046994777e-04
-5.241973587150222658e-01 3.242998400706673329e-04
-5.234330710121994912e-01 3.535972282430842458e-04
-5.238916436338931781e-01 3.274863557114847780e-04
-5.238916436338931781e-01 3.274863557114848864e-04
-5.236368810662854756e-01 3.521257394277324841e-04
-5.236368810662854756e-01 3.212837800049042061e-04
-5.236368810662854756e-01 3.130989460632497569e-04
-5.235349760392423724e-01 3.417998515758061259e-04
-5.237387860933283568e-01 3.396664388810188991e-04
-5.241464062015007697e-01 2.986704047437082872e-04
-5.236878335798070827e-01 3.145466667251047249e-04
-5.240445011744576664e-01 3.222519904770772704e-04
-5.238916436338931781e-01 3.112276958121583457e-04
-5.237897386068499639e-01 3.408490851956373852e-04
-5.239935486609361703e-01 3.371732293494078114e-04
-5.240445011744574444e-01 3.379807389528021464e-04
-5.236878335798068607e-01 3.145466667251047249e-04
-5.239425961474144522e-01 3.362865892420500492e-04
-5.237387860933283568e-01 3.396664388810190075e-04
-5.238916436338931781e-01 3.274863557114847780e-04
-5.237897386068500749e-01 2.915890863334417819e-04
-5.239425961474145632e-01 3.122686636521275960e-04
-5.238916436338931781e-01 3.194604762859832355e-04
-5.236368810662852535e-01 3.370577129081658049e-04
-5.237387860933283568e-01 3.240195289877898129e-04
-5.234840235257209873e-01 3.246198992061227057e-04
-5.240445011744576664e-01 3.140923878385408789e-04
-5.238406911203715710e-01 3.100995256515589422e-04
-5.239935486609360593e-01 3.048221079853308583e-04
-5.240954536879791625e-01 3.309560888928481950e-04
-5.236878335798070827e-01 3.145466667251047249e-04
-5.238406911203715710e-01 3.183614817744819859e-04
-5.240445011744576664e-01 3.379807389528020922e-04
-5.233821184986777730e-01 3.368650974784647475e-04
-5.234840235257207652e-01 3.246198992061227599e-04
-5.234840235257209873e-01 3.246198992061227057e-04
-5.234840235257209873e-01 3.246198992061227057e-04
-5.237897386068500749e-01 3.252590726514158594e-04
-5.235349760392422613e-01 3.262552742877873201e-04
-5.235859285527639795e-01 3.356297411378258554e-04
-5.232802134716348919e-01 3.483825715316781575e-04
-5.236878335798070827e-01 3.384029511585853419e-04
-5.239935486609361703e-01 3.522363143211559833e-04
-5.233311659851561659e-01 3.647288971474669747e-04
-5.235859285527639795e-01 3.432777889764583980e-04
-5.237897386068500749e-01 3.483825715316780491e-04
-5.239935486609360593e-01 3.595312759620143185e-04
-5.240445011744576664e-01 3.602886782956798810e-04
-5.234330710121991581e-01 3.608646797478435361e-04
-5.234330710121994912e-01 3.535972282430841374e-04
-5.237897386068500749e-01 3.171768388040607290e-04
-5.235859285527638685e-01 3.031139291800301555e-04
-5.236368810662855866e-01 3.212837800049043145e-04
-5.233311659851561659e-01 3.427101057883204086e-04
-5.238406911203715710e-01 3.494614458719752666e-04
-5.237897386068500749e-01 3.171768388040607290e-04
-5.237897386068499639e-01 3.171768388040606748e-04
-5.237897386068500749e-01 3.700640052098968309e-04
-5.236878335798068607e-01 3.145466667251047249e-04
-5.237897386068500749e-01 3.557565648239631407e-04
-5.238406911203715710e-01 3.100995256515589964e-04
-5.239935486609360593e-01 3.293834685007528823e-04
-5.235859285527638685e-01 3.031139291800301013e-04
-5.235349760392424834e-01 3.262552742877872659e-04
-5.233821184986778841e-01 3.044812388734119911e-04
-5.237897386068499639e-01 3.331452860395610381e-04
-5.233821184986778841e-01 3.128915820123796799e-04
-5.232292609581132847e-01 3.611523359750654235e-04
-5.233821184986777730e-01 3.592423217051984104e-04
-5.234330710121994912e-01 3.228958512398449605e-04
-5.235859285527638685e-01 3.197853789647052132e-04
-5.238406911203716820e-01 3.342733426617917935e-04
-5.239935486609361703e-01 3.371732293494078114e-04
-5.237897386068499639e-01 3.483825715316780491e-04
-5.237897386068500749e-01 3.408490851956373852e-04
-5.238406911203715710e-01 3.264143844041890582e-04
-5.236368810662854756e-01 3.212837800049042061e-04
-5.234840235257209873e-01 3.551722793714072544e-04
-5.233311659851561659e-01 3.272087744434704548e-04
-5.237897386068500749e-01 3.252590726514158594e-04
-5.235859285527639795e-01 3.115611839290610219e-04
-5.236878335798070827e-01 3.226947827532946332e-04
-5.236368810662855866e-01 3.735900000970223582e-04
-5.233821184986777730e-01 3.734162292145121751e-04
-5.233311659851562769e-01 3.717788128480823719e-04
-5.240954536879791625e-01 3.309560888928481950e-04
-5.238406911203715710e-01 3.710798484907220892e-04
-5.241464062015006586e-01 3.316221942859949568e-04
-5.239425961474144522e-01 3.439200304901901257e-04
-5.236878335798070827e-01 3.384029511585853419e-04
-5.236368810662855866e-01 3.370577129081659133e-04
-5.237897386068500749e-01 3.629807855571264529e-04
-5.236368810662855866e-01 3.370577129081659133e-04
-5.235859285527638685e-01 3.197853789647052132e-04
-5.233821184986777730e-01 3.368650974784646391e-04
-5.236368810662854756e-01 3.594229453385652698e-04
-5.230764034175487964e-01 3.695023444722980851e-04
-5.233311659851562769e-01 3.717788128480823719e-04
-5.231783084445916776e-01 3.519413707364045583e-04
-5.236878335798070827e-01 3.678122162546094021e-04
-5.238406911203715710e-01 3.183614817744819317e-04
-5.234840235257209873e-01 3.551722793714072544e-04
-5.237387860933285788e-01 3.689750110446514777e-04
-5.235349760392422613e-01 3.417998515758061801e-04
-5.237897386068499639e-01 3.629807855571264529e-04
-5.238406911203716820e-01 3.419517288779361491e-04
-5.235859285527638685e-01 3.507591163075990436e-04
-5.236368810662854756e-01 3.446740766277694512e-04
-5.238406911203713490e-01 3.494614458719752666e-04
-5.238916436338931781e-01 3.112276958121583457e-04
-5.237897386068499639e-01 3.252590726514158594e-04
-5.238406911203716820e-01 3.710798484907220892e-04
-5.236368810662854756e-01 3.872391027635728759e-04
-5.238406911203713490e-01 3.183614817744819859e-04
-5.240954536879791625e-01 3.230164322552785258e-04
-5.237387860933283568e-01 3.159055838334409619e-04
-5.241973587150221547e-01 3.548797759004422049e-04
-5.245540263096728495e-01 3.262552742877872117e-04
-5.242483112285435398e-01 3.248197760178731788e-04
-5.239425961474145632e-01 3.362865892420501576e-04
-5.241464062015007697e-01 3.072398540848703770e-04
-5.242483112285435398e-01 3.404299067780989542e-04
-5.241973587150222658e-01 3.399338476917299610e-04
-5.239425961474145632e-01 3.658660126020713064e-04
-5.242483112285435398e-01 3.248197760178731788e-04
-5.239425961474144522e-01 3.284758025117366989e-04
-5.238916436338931781e-01 3.274863557114848322e-04
-5.238916436338929561e-01 3.353201909302674813e-04
-5.243502162555867541e-01 3.633024978729751863e-04
-5.241464062015007697e-01 3.155766867283042970e-04
-5.242992637420651469e-01 3.171768388040607832e-04
-5.244011687691083612e-01 3.337681335775582146e-04
-5.240445011744574444e-01 3.222519904770773788e-04
-5.244521212826299683e-01 3.180351244546912224e-04
-5.241973587150221547e-01 3.242998400706673871e-04
-5.243502162555866430e-01 3.092611907150486991e-04
-5.241464062015006586e-01 3.155766867283043512e-04
-5.238406911203713490e-01 3.640163961795888021e-04
-5.237897386068499639e-01 3.252590726514158594e-04
-5.240954536879791625e-01 3.309560888928481950e-04
-5.238406911203713490e-01 3.342733426617917935e-04
-5.237387860933285788e-01 3.689750110446514777e-04
-5.238916436338929561e-01 3.112276958121583457e-04
-5.240954536879791625e-01 3.230164322552785258e-04
-5.243502162555866430e-01 3.411916663046993693e-04
-5.243502162555866430e-01 3.175449595739342624e-04
-5.241464062015006586e-01 3.236988762333540800e-04
-5.245030737961512424e-01 3.262154846328691881e-04
-5.245030737961513534e-01 3.181575476802896933e-04
-5.241464062015006586e-01 3.469263816427082181e-04
-5.240445011744574444e-01 3.302100280651092622e-04
-5.242483112285438729e-01 3.404299067780990626e-04
-5.239935486609360593e-01 3.132232985985280169e-04
-5.240954536879791625e-01 3.309560888928481950e-04
-5.241973587150222658e-01 3.078729473877439885e-04
-5.238406911203713490e-01 3.342733426617917392e-04
-5.240445011744576664e-01 2.971016552654538495e-04
-5.239425961474144522e-01 3.284758025117367531e-04
-5.243502162555867541e-01 3.175449595739344251e-04
-5.239935486609361703e-01 3.447870413142440629e-04
-5.244011687691082502e-01 3.414578806531907594e-04
-5.244011687691083612e-01 3.635525217422297200e-04
-5.241973587150222658e-01 3.548797759004422591e-04
-5.242483112285438729e-01 3.553549717755318427e-04
-5.243502162555866430e-01 3.560848040740031820e-04
-5.241973587150221547e-01 3.161930881621837029e-04
-5.237897386068499639e-01 3.408490851956373852e-04
-5.239425961474144522e-01 3.439200304901901257e-04
-5.239935486609361703e-01 3.132232985985279627e-04
-5.236878335798070827e-01 3.306421631984008346e-04
-5.242483112285435398e-01 3.553549717755317343e-04
-5.238406911203716820e-01 3.494614458719752666e-04
-5.241973587150222658e-01 3.322088251961141463e-04
-5.241973587150222658e-01 3.399338476917299610e-04
-5.241973587150221547e-01 3.474871768494863919e-04
-5.241464062015006586e-01 3.236988762333540800e-04
-5.240445011744576664e-01 3.602886782956798810e-04
-5.241464062015005476e-01 3.316221942859949568e-04
-5.239935486609361703e-01 3.371732293494078114e-04
-5.244521212826298573e-01 3.416479067576393960e-04
-5.239425961474144522e-01 3.204747034750286719e-04
-5.242483112285438729e-01 3.167263323817257970e-04
-5.238916436338929561e-01 3.504629295405648068e-04
-5.240445011744576664e-01 3.455767601726193500e-04
-5.240954536879791625e-01 3.462897158621587807e-04
-5.240445011744574444e-01 3.455767601726194042e-04
-5.238916436338929561e-01 3.720231401231927516e-04
-5.240954536879790515e-01 3.462897158621587265e-04
-5.244011687691083612e-01 3.178309809556061983e-04
-5.240445011744577775e-01 3.744229777199734651e-04
-5.241973587150221547e-01 3.399338476917299610e-04
-5.245030737961513534e-01 3.340791218896799739e-04
-5.242992637420651469e-01 3.088831976741616297e-04
-5.242483112285437619e-01 3.327164020011987044e-04
-5.241973587150222658e-01 3.322088251961141463e-04
-5.240954536879790515e-01 3.387096840120942245e-04
-5.237897386068499639e-01 3.331452860395610381e-04
-5.239935486609360593e-01 3.371732293494078656e-04
-5.239425961474144522e-01 3.513876842473213349e-04
-5.237897386068500749e-01 3.408490851956373852e-04
-5.239425961474146742e-01 3.658660126020713606e-04
-5.235349760392423724e-01 3.638737285683164803e-04
-5.242992637420652580e-01 3.483825715316780491e-04
-5.243502162555866430e-01 3.633024978729751321e-04
-5.243502162555868651e-01 3.175449595739343709e-04
-5.242483112285437619e-01 3.248197760178731788e-04
-5.242483112285437619e-01 3.625871939739611777e-04
-5.240954536879790515e-01 3.309560888928482492e-04
-5.241973587150221547e-01 3.399338476917299610e-04
-5.237897386068500749e-01 3.629807855571264529e-04
-5.238916436338931781e-01 3.429751415391981426e-04
-5.240445011744574444e-01 3.530093687704704804e-04
-5.238916436338931781e-01 3.027711369536790478e-04
-5.237897386068499639e-01 3.331452860395610381e-04
-5.239425961474146742e-01 3.439200304901901257e-04
-5.235349760392424834e-01 3.566675946506592449e-04
-5.238406911203715710e-01 3.494614458719752124e-04
-5.239935486609360593e-01 3.736942238401846049e-04
-5.240445011744574444e-01 3.379807389528021464e-04
-5.242992637420651469e-01 3.408490851956374394e-04
-5.241464062015006586e-01 3.825173206814452354e-04
-5.241464062015005476e-01 3.469263816427082181e-04
-5.241973587150222658e-01 3.548797759004422049e-04
-5.239935486609360593e-01 3.666811362249168668e-04
-5.243502162555868651e-01 3.092611907150486449e-04
-5.237897386068500749e-01 3.483825715316780491e-04
-5.238406911203715710e-01 3.264143844041890582e-04
-5.239935486609360593e-01 3.371732293494078656e-04
-5.237387860933284678e-01 3.472255851322522181e-04
-5.238916436338929561e-01 3.649779438798990980e-04
-5.237387860933284678e-01 3.546236374506877035e-04
-5.236368810662854756e-01 3.292652191813791275e-04
-5.244521212826299683e-01 3.260960865377455597e-04
-5.239935486609360593e-01 3.214049658192364507e-04
-5.241973587150222658e-01 3.242998400706673329e-04
-5.240445011744576664e-01 3.455767601726193500e-04
-5.240954536879790515e-01 2.979306357224163477e-04
-5.244521212826298573e-01 3.180351244546912224e-04
-5.241464062015006586e-01 3.236988762333540800e-04
-5.240445011744574444e-01 3.379807389528021464e-04
-5.239425961474146742e-01 3.439200304901901257e-04
-5.238916436338929561e-01 3.274863557114847780e-04
-5.238406911203716820e-01 3.640163961795887478e-04
-5.238916436338929561e-01 3.274863557114848322e-04
-5.238916436338931781e-01 3.353201909302675355e-04
-5.240954536879791625e-01 3.148766397156305781e-04
-5.239935486609361703e-01 3.447870413142441171e-04
-5.241973587150222658e-01 3.621214887457937528e-04
-5.239935486609360593e-01 3.214049658192364507e-04
-5.241973587150221547e-01 3.897450983460313948e-04
-5.239425961474145632e-01 3.284758025117366989e-04
-5.240445011744574444e-01 3.455767601726194042e-04
-5.240954536879791625e-01 3.309560888928481950e-04
-5.240445011744576664e-01 3.140923878385408789e-04
-5.237387860933285788e-01 3.759453099105275584e-04
-5.238406911203716820e-01 3.419517288779361491e-04
-5.238406911203713490e-01 3.183614817744819859e-04
-5.236368810662854756e-01 3.594229453385652698e-04
-5.236878335798068607e-01 3.459897030565530765e-04
-5.239425961474144522e-01 3.284758025117366989e-04
-5.239935486609361703e-01 3.293834685007528281e-04
-5.242483112285437619e-01 3.766352449924924403e-04
-5.242483112285438729e-01 3.084205770626491350e-04
-5.239935486609360593e-01 3.666811362249168668e-04
-5.238916436338931781e-01 3.429751415391981426e-04
-5.239935486609361703e-01 3.595312759620143185e-04
-5.240445011744577775e-01 3.812936971850094275e-04
-5.237897386068499639e-01 3.557565648239631407e-04
-5.238916436338929561e-01 3.274863557114848864e-04
-5.235349760392423724e-01 3.709398975717371301e-04
-5.239425961474145632e-01 3.362865892420501576e-04
-5.237387860933283568e-01 3.240195289877898129e-04
-5.239935486609361703e-01 3.595312759620143185e-04
-5.235859285527638685e-01 3.432777889764583980e-04
-5.235349760392424834e-01 3.417998515758061259e-04
-5.235859285527639795e-01 3.723021749571892264e-04
-5.239935486609361703e-01 3.805781000003020530e-04
-5.240445011744577775e-01 3.602886782956798268e-04
-5.238916436338929561e-01 3.429751415391981426e-04
-5.239425961474145632e-01 3.586999050864344315e-04
-5.242992637420652580e-01 3.331452860395610381e-04
-5.239935486609360593e-01 3.371732293494078114e-04
-5.237897386068500749e-01 3.557565648239631407e-04
-5.237897386068500749e-01 3.483825715316780491e-04
-5.235349760392424834e-01 3.262552742877872117e-04
-5.238916436338931781e-01 3.429751415391981426e-04
-5.234840235257207652e-01 3.624081474004177622e-04
-5.237897386068499639e-01 3.408490851956373852e-04
-5.234840235257209873e-01 3.832970350878918474e-04
-5.237897386068499639e-01 3.252590726514158594e-04
-5.235859285527639795e-01 3.432777889764583980e-04
-5.238916436338929561e-01 3.720231401231926431e-04
-5.236878335798070827e-01 3.678122162546093479e-04
-5.237387860933284678e-01 3.546236374506877577e-04
-5.232802134716348919e-01 3.557565648239632491e-04
-5.234840235257209873e-01 3.832970350878918474e-04
-5.233311659851562769e-01 3.921688889849565341e-04
-5.230254509040270783e-01 3.880427821533800501e-04
-5.228725933634627010e-01 4.142849831992235403e-04
-5.230764034175485744e-01 3.832970350878919016e-04
-5.232292609581130627e-01 3.464770919463546471e-04
-5.234330710121991581e-01 3.461772415293499355e-04
-5.235859285527639795e-01 3.652623607895174435e-04
-5.238406911203715710e-01 3.494614458719752124e-04
-5.236878335798070827e-01 3.748041404446454000e-04
-5.236368810662855866e-01 3.872391027635728759e-04
-5.238916436338929561e-01 3.274863557114848864e-04
-5.240954536879791625e-01 3.387096840120942787e-04
-5.238406911203716820e-01 3.494614458719752666e-04
-5.240954536879790515e-01 3.609725776960605705e-04
-5.235859285527639795e-01 3.507591163075990436e-04
-5.237387860933283568e-01 3.546236374506877577e-04
-5.236878335798070827e-01 3.384029511585852877e-04
-5.235859285527639795e-01 3.278033036256987397e-04
-5.236368810662855866e-01 3.665749185421327536e-04
-5.237387860933285788e-01 3.075776660110829939e-04
-5.235349760392422613e-01 3.417998515758062343e-04
-5.231783084445916776e-01 3.870714595232111572e-04
-5.237897386068499639e-01 3.557565648239631407e-04
-5.236368810662852535e-01 3.130989460632497569e-04
-5.236368810662855866e-01 3.370577129081659133e-04
-5.236878335798068607e-01 3.061817895949270818e-04
-5.241464062015007697e-01 3.393605707965792495e-04
-5.238916436338929561e-01 3.720231401231926974e-04
-5.241973587150221547e-01 3.474871768494863376e-04
-5.238406911203716820e-01 3.848179939822735226e-04
-5.237387860933283568e-01 3.618704761473070510e-04
-5.238916436338931781e-01 3.112276958121582915e-04
-5.239935486609360593e-01 3.873396538803660304e-04
-5.236878335798068607e-01 3.306421631984008346e-04
-5.234330710121993802e-01 3.749772681458936980e-04
-5.233311659851561659e-01 3.647288971474669747e-04
-5.233821184986778841e-01 3.663978206437139762e-04
-5.236878335798070827e-01 3.884105794531004683e-04
-5.234840235257209873e-01 3.551722793714072544e-04
-5.235859285527639795e-01 3.652623607895174977e-04
-5.233821184986777730e-01 3.734162292145121751e-04
-5.235349760392423724e-01 3.778739536920382972e-04
-5.238406911203715710e-01 3.780113374281506163e-04
-5.237897386068499639e-01 3.629807855571263986e-04
-5.239935486609361703e-01 3.666811362249168668e-04
-5.236878335798068607e-01 3.678122162546094021e-04
-5.231783084445917886e-01 3.663978206437139219e-04
-5.234840235257207652e-01 3.624081474004177080e-04
-5.235349760392424834e-01 3.638737285683164803e-04
-5.221083056606395933e-01 4.261774959402485807e-04
-5.196625850116066703e-01 5.647230530271737372e-04
-5.182868671465256094e-01 6.065489593156888921e-04
-5.185416297141329789e-01 5.936787819803665718e-04
-5.185925822276548081e-01 6.158934469835292439e-04
-5.201721101468217423e-01 5.222073371107179311e-04
-5.225668782823333913e-01 4.376877261412949059e-04
-5.235859285527639795e-01 3.432777889764583980e-04
-5.237387860933284678e-01 3.472255851322522181e-04
-5.235349760392424834e-01 3.493128337258237905e-04
-5.238406911203716820e-01 3.848179939822735226e-04
-5.234840235257209873e-01 3.832970350878919016e-04
-5.231273559310700705e-01 3.714993849146947511e-04
-5.237387860933284678e-01 3.546236374506878120e-04
-5.235349760392423724e-01 3.566675946506592449e-04
-5.235859285527639795e-01 3.580841729834058069e-04
-5.234330710121991581e-01 3.535972282430841916e-04
-5.234330710121994912e-01 3.535972282430841916e-04
-5.233821184986778841e-01 3.663978206437139762e-04
-5.236878335798070827e-01 3.748041404446454000e-04
-5.235349760392424834e-01 4.044230383548152552e-04
-5.236368810662854756e-01 3.521257394277324841e-04
-5.235859285527639795e-01 3.432777889764583438e-04
-5.237387860933284678e-01 3.472255851322522181e-04
-5.234330710121991581e-01 3.818380139463322743e-04
-5.238916436338929561e-01 3.924005206317729877e-04
-5.238406911203713490e-01 3.640163961795888021e-04
-5.231783084445917886e-01 3.663978206437139762e-04
-5.232802134716346698e-01 4.036198140498061600e-04
-5.231783084445917886e-01 3.368650974784646391e-04
-5.232802134716348919e-01 3.700640052098968851e-04
-5.234330710121993802e-01 3.885776449601820799e-04
-5.234840235257207652e-01 3.764628797621974335e-04
-5.232292609581132847e-01 4.146921122071432417e-04
-5.237897386068499639e-01 3.408490851956373852e-04
-5.235349760392423724e-01 3.566675946506591907e-04
-5.233821184986777730e-01 3.803051373688068120e-04
-5.240445011744577775e-01 3.880427821533800501e-04
-5.236878335798068607e-01 3.606847781065977135e-04
-5.232802134716348919e-01 3.905436208120116387e-04
-5.233311659851562769e-01 3.854920494891863236e-04
-5.230254509040271893e-01 3.880427821533800501e-04
-5.237387860933284678e-01 3.827887058313561531e-04
-5.235859285527639795e-01 3.792113220173884609e-04
-5.233821184986777730e-01 3.592423217051984104e-04
-5.229744983905055822e-01 3.580841729834058611e-04
-5.233311659851561659e-01 3.854920494891863236e-04
-5.232292609581133958e-01 3.752541063291518590e-04
-5.232802134716348919e-01 3.700640052098968851e-04
-5.231783084445916776e-01 3.937215158532116890e-04
-5.235859285527639795e-01 3.723021749571892264e-04
-5.238916436338929561e-01 3.720231401231926431e-04
-5.235859285527639795e-01 3.652623607895174435e-04
-5.234330710121993802e-01 3.535972282430842458e-04
-5.233821184986777730e-01 4.130297614588040837e-04
-5.235349760392422613e-01 3.566675946506592449e-04
-5.231273559310701815e-01 3.852225688204681639e-04
-5.231273559310701815e-01 4.112975767032041015e-04
-5.232802134716348919e-01 3.770141711133846978e-04
-5.231273559310700705e-01 3.784231893797187401e-04
-5.233821184986778841e-01 3.803051373688068120e-04
-5.231273559310700705e-01 3.572494345066941552e-04
-5.231273559310701815e-01 3.784231893797187401e-04
-5.237387860933285788e-01 3.759453099105275584e-04
-5.235349760392423724e-01 3.778739536920383514e-04
-5.234840235257207652e-01 3.624081474004177080e-04
-5.230254509040270783e-01 3.880427821533800501e-04
-5.237387860933285788e-01 3.618704761473071053e-04
-5.232802134716348919e-01 3.838385109504183212e-04
-5.236878335798068607e-01 3.678122162546093479e-04
-5.233821184986778841e-01 4.002611014251481825e-04
-5.231273559310700705e-01 3.572494345066941552e-04
-5.234330710121994912e-01 4.017178371686340064e-04
-5.229744983905056932e-01 3.792113220173884609e-04
-5.232292609581130627e-01 3.752541063291518048e-04
-5.230764034175485744e-01 4.031049105532384354e-04
-5.228216408499409829e-01 3.861649284259323638e-04
-5.230764034175487964e-01 3.900114541593497795e-04
-5.233821184986778841e-01 3.937215158532116890e-04
-5.233821184986777730e-01 3.519413707364045583e-04
-5.232802134716346698e-01 3.770141711133845894e-04
-5.234330710121991581e-01 4.081293152516333599e-04
-5.234840235257207652e-01 3.900114541593497795e-04
-5.231783084445917886e-01 3.734162292145121751e-04
-5.233821184986777730e-01 3.663978206437139762e-04
-5.228216408499409829e-01 3.724764655781108436e-04
-5.232292609581130627e-01 3.821098815592345707e-04
-5.228725933634627010e-01 4.015562386114018660e-04
-5.229235458769840861e-01 3.838723278317622794e-04
-5.231783084445916776e-01 3.870714595232111572e-04
-5.227706883364194868e-01 3.838385109504183212e-04
-5.228216408499409829e-01 3.793824385470201442e-04
-5.229235458769843081e-01 3.700990807045217686e-04
-5.229744983905056932e-01 4.120228307846364045e-04
-5.229744983905055822e-01 4.056728926357578867e-04
-5.231273559310700705e-01 4.112975767032041015e-04
-5.230254509040270783e-01 4.076201081721819090e-04
-5.232802134716348919e-01 3.905436208120116387e-04
-5.230764034175487964e-01 3.966122182230553657e-04
-5.232802134716346698e-01 3.770141711133845894e-04
-5.226687833093763835e-01 3.989617598973720547e-04
-5.227197358228979907e-01 3.948080095375775607e-04
-5.231273559310704035e-01 3.784231893797187401e-04
-5.229235458769843081e-01 3.838723278317622794e-04
-5.230254509040271893e-01 3.812936971850093733e-04
-5.230764034175485744e-01 3.624081474004177080e-04
-5.229235458769840861e-01 4.036519737099544510e-04
-5.231783084445917886e-01 3.937215158532116890e-04
-5.228216408499410939e-01 3.928303313321508889e-04
-5.229235458769839751e-01 3.838723278317623337e-04
-5.233821184986778841e-01 3.870714595232111572e-04
-5.231273559310701815e-01 4.175619880571625588e-04
-5.231783084445917886e-01 3.803051373688067578e-04
-5.229235458769840861e-01 3.971682245744488160e-04
-5.228725933634624790e-01 3.748041404446454000e-04
-5.228216408499409829e-01 3.793824385470201442e-04
-5.231783084445916776e-01 3.803051373688068120e-04
-5.226687833093766056e-01 4.054168264005950052e-04
-5.226687833093763835e-01 3.924005206317729877e-04
-5.228725933634624790e-01 4.142849831992237030e-04
-5.226687833093766056e-01 3.720231401231926431e-04
-5.228725933634624790e-01 3.748041404446454000e-04
-5.229235458769840861e-01 4.286072618997832304e-04
-5.228216408499409829e-01 3.861649284259323096e-04
-5.226178307958549984e-01 3.899115920519236013e-04
-5.230764034175485744e-01 4.157862473059662531e-04
-5.229235458769839751e-01 4.036519737099544510e-04
-5.228725933634627010e-01 4.015562386114018660e-04
-5.229744983905055822e-01 3.992219665188042861e-04
-5.226687833093763835e-01 4.117707133794876943e-04
-5.229235458769843081e-01 3.700990807045218228e-04
-5.228216408499410939e-01 3.928303313321508889e-04
-5.225159257688118952e-01 4.044230383548152552e-04
-5.227197358228979907e-01 3.948080095375775607e-04
-5.225668782823335023e-01 4.317154483527491831e-04
-5.224140207417687920e-01 3.925658881306352713e-04
-5.226687833093766056e-01 4.054168264005950052e-04
-5.230254509040271893e-01 4.139401766615838645e-04
-5.226178307958548874e-01 4.030082929086070383e-04
-5.227706883364194868e-01 3.905436208120116387e-04
-5.228216408499412049e-01 3.793824385470201442e-04
-5.225668782823333913e-01 4.005204639026645132e-04
-5.229235458769843081e-01 3.630165454493916219e-04
-5.229744983905056932e-01 4.182763803469029306e-04
-5.223121157147256888e-01 4.000340213152895523e-04
-5.226178307958548874e-01 3.693969380104550880e-04
-5.226687833093766056e-01 3.857276906364961685e-04
-5.223121157147257998e-01 4.000340213152894439e-04
-5.222611632012043037e-01 4.036198140498061600e-04
-5.224140207417687920e-01 4.119283048404906227e-04
-5.223630682282474069e-01 4.155364132757143644e-04
-5.225668782823333913e-01 4.069508069449273807e-04
-5.226687833093766056e-01 3.989617598973720547e-04
-5.222611632012044147e-01 3.971355398667792769e-04
-5.222102106876826966e-01 4.134381265354678892e-04
-5.224649732552903991e-01 4.082247208668186031e-04
-5.225159257688121173e-01 4.232433646935367219e-04
-5.222611632012044147e-01 4.345923844652707928e-04
-5.223121157147256888e-01 4.128097052472546767e-04
-5.223630682282472959e-01 4.456816095596214918e-04
-5.224140207417690140e-01 4.364105835128748233e-04
-5.223630682282474069e-01 3.963502982881173084e-04
-5.221592581741613115e-01 4.409968744617101598e-04
-5.223630682282474069e-01 4.155364132757144728e-04
-5.223121157147256888e-01 4.128097052472546767e-04
-5.221083056606395933e-01 4.440768062518761971e-04
-5.222102106876826966e-01 4.378359893229942122e-04
-5.224140207417690140e-01 4.304205851649360809e-04
-5.219554481200751050e-01 4.107606963112715856e-04
-5.225159257688117842e-01 4.293335102521443061e-04
-5.223121157147257998e-01 4.252017018815530919e-04
-5.223630682282472959e-01 4.398178939417233331e-04
-5.226687833093766056e-01 4.117707133794876401e-04
-5.223121157147257998e-01 4.312641934490863901e-04
-5.221592581741612005e-01 4.105078037545544000e-04
-5.222611632012043037e-01 4.463800792730938591e-04
-5.219554481200751050e-01 4.107606963112715856e-04
-5.221592581741613115e-01 3.976581728152257323e-04
-5.221083056606399264e-01 4.381916162850956484e-04
-5.218535430930321128e-01 4.290613111763323727e-04
-5.217006855524674025e-01 4.128097052472546767e-04
-5.224649732552903991e-01 4.207517763045520243e-04
-5.223121157147260218e-01 4.372426349518229033e-04
-5.218535430930322239e-01 4.409968744617101598e-04
-5.221083056606397044e-01 4.074927069788303715e-04
-5.222102106876826966e-01 4.196705871769897817e-04
-5.221592581741613115e-01 4.526178054624466793e-04
-5.219044956065538310e-01 4.440768062518761429e-04
-5.216497330389460174e-01 4.338749388510600461e-04
-5.213440179578168188e-01 4.241930632786160803e-04
-5.220064006335966011e-01 4.441937147194147356e-04
-5.214459229848599220e-01 4.376877261412949059e-04
-5.216497330389460174e-01 4.514691732200293815e-04
-5.218535430930322239e-01 4.468451192005114085e-04
-5.218025905795106167e-01 4.775422226617228975e-04
-5.214968754983813071e-01 4.107922969341833977e-04
-5.217006855524676245e-01 4.372426349518227949e-04
-5.219554481200752161e-01 4.470774577677251904e-04
-5.215987805254244103e-01 4.870164810526900331e-04
-5.217006855524674025e-01 4.715241514806472740e-04
-5.218535430930321128e-01 4.468451192005114085e-04
-5.217006855524676245e-01 4.547065797023160235e-04
-5.213440179578170408e-01 4.760993702459531554e-04
-5.215987805254245213e-01 4.481504568096430878e-04
-5.210892553902093383e-01 4.800364989957812555e-04
-5.214968754983815291e-01 5.120664234747839254e-04
-5.213949704713384259e-01 4.794953687381082737e-04
-5.212930654442954337e-01 4.993346325109229104e-04
-5.212421129307738266e-01 4.634998672888907987e-04
-5.214968754983813071e-01 4.528758462301954446e-04
-5.213949704713383149e-01 4.794953687381082737e-04
-5.214459229848599220e-01 4.774062907974616207e-04
-5.212930654442954337e-01 4.726240460272930271e-04
-5.212421129307738266e-01 5.063305887692295905e-04
-5.213440179578170408e-01 5.026253044666600337e-04
-5.209873503631661240e-01 4.833779857156159055e-04
-5.208854453361233539e-01 5.225055425240639076e-04
-5.205797302549940442e-01 4.838074642416671334e-04
-5.207325877955585325e-01 5.063305887692294820e-04
-5.207325877955585325e-01 5.264408173733133283e-04
-5.202230626603433494e-01 5.214859700206328540e-04
-5.203759202009081708e-01 5.289253769835447179e-04
-5.203759202009081708e-01 5.089133377539806517e-04
-5.201211576333004682e-01 5.228780601282583332e-04
-5.202740151738648455e-01 5.450728337510318258e-04
-5.201721101468218533e-01 5.464998529495471331e-04
-5.198663950656927657e-01 5.254782891132225246e-04
-5.196625850116067813e-01 5.554525110967529263e-04
-5.193568699304776937e-01 5.695752653730262955e-04
-5.187963922817406814e-01 5.882974651653643389e-04
-5.183887721735684906e-01 5.998346648105318648e-04
-5.183378196600471055e-01 6.488397984984618089e-04
-5.175225794437027238e-01 6.126179006152992221e-04
-5.171149593355308660e-01 6.640267934547974859e-04
-5.168601967679229414e-01 6.584318721921877341e-04
-5.166563867138371791e-01 6.850223887761242242e-04
-5.162487666056649882e-01 6.860827369637492170e-04
-5.163506716327077584e-01 7.056325279107252078e-04
-5.158920990110144045e-01 7.383720696056532157e-04
-5.153316213622776143e-01 7.683361971310304636e-04
-5.154335263893208285e-01 7.669834319686760511e-04
-5.154335263893206065e-01 7.498679874303540438e-04
-5.157901939839711902e-01 7.473884476803160839e-04
-5.157901939839714123e-01 7.746793077606806696e-04
-5.159940040380572857e-01 7.672710941266225456e-04
-5.155354314163637097e-01 7.343351482133355073e-04
-5.158411464974926863e-01 7.252280866697086983e-04
-5.156373364434067019e-01 7.219271748644334004e-04
-5.153316213622777253e-01 7.615483420539551681e-04
-5.156373364434067019e-01 7.839901508549252654e-04
-5.149240012541056455e-01 7.823990314083505582e-04
-5.144144761188904624e-01 8.231472783952848912e-04
-5.141087610377611528e-01 8.321810594229664187e-04
-5.132935208214169931e-01 8.655780844224237897e-04
-5.128349481997231951e-01 9.171452433873386731e-04
-5.124782806050727224e-01 9.018882756022715769e-04
-5.121216130104221387e-01 9.500150459753663266e-04
-5.109497051994270622e-01 1.034361123942656837e-03
-5.101344649830827915e-01 1.083397101754635800e-03
-5.084530320368726430e-01 1.142109427396366438e-03
-5.063130264689688076e-01 1.302392492766756959e-03
-5.046825460362801552e-01 1.382307040690402590e-03
-5.022877779007685062e-01 1.505739451830522945e-03
-4.992306270894774634e-01 1.659605572588674803e-03
-4.939825181967612000e-01 1.939544756095808219e-03
-4.852186858710594852e-01 2.435700692703970417e-03
-4.647357754354083936e-01 3.740844572579601034e-03
-4.039494268042351788e-01 7.289613192855324067e-03
3.413260028687477465e+00 3.275697048500726960e-01
8.547999578818656019e+00 3.576682964285590738e-01
9.057320903979768190e+00 3.254738592965574773e-01
9.075816666388080378e+00 3.241374163580938994e-01
9.073065230657917368e+00 3.236040305978754028e-01
9.063740920683478919e+00 3.248747740839134091e-01
8.521300461733376963e+00 3.581001836425712903e-01
3.518375064082373438e+00 3.632921607193663749e-01
-4.402785689450789963e-01 4.935255304471485721e-03
-4.720729373825074959e-01 3.241797364284561972e-03
-4.879701216012215514e-01 2.273966781018542035e-03
-4.982625293325686489e-01 1.681000566259814848e-03
-5.014215851709028504e-01 1.525038606339699197e-03
-4.825182026544189151e-01 3.147838697730995401e-03
-3.997203681819487819e-01 7.173274296237698751e-03
-3.146296706010105471e-01 1.168435681133572421e-02
-3.059167907888307725e-01 1.217756438921175667e-02
-3.077510812756053538e-01 1.207335370941152279e-02
-3.157506258984840719e-01 1.163380566402727988e-02
-3.607416953379861679e-01 9.397216976388100482e-03
-4.564305157314007544e-01 4.984320091994497506e-03
-5.098287499019537039e-01 1.046438603216927592e-03
-5.108987526859055661e-01 1.002043069607261565e-03
-5.043768309551510676e-01 1.466901538051444166e-03
-4.751810407073200904e-01 2.901784787411080917e-03
-4.432847672428487096e-01 4.750006910503582445e-03
-4.408390465938157310e-01 4.820471327229456857e-03
-4.415523817831168985e-01 4.745041560306444660e-03
-4.452209627566662831e-01 4.522594582849670877e-03
-4.675891161926135631e-01 3.433821404541240879e-03
-5.005553924410370836e-01 1.606895583399821402e-03
-5.136501884160676878e-01 8.722260751401597536e-04
-5.133954258484600963e-01 8.933270412086566793e-04
-5.132935208214169931e-01 8.804470492732692976e-04
-5.145163811459334546e-01 8.539829751945005477e-04
-5.159430515245359006e-01 7.512515726973056831e-04
-5.171149593355306440e-01 6.870847735438387078e-04
-5.178282945248318114e-01 6.087919239057023972e-04
-5.186944872546976892e-01 6.001808148298584970e-04
-5.186435347411761931e-01 5.729383018295351564e-04
-5.185925822276548081e-01 5.721901479001838351e-04
-5.193059174169559755e-01 6.005267653246595385e-04
-5.194587749575204638e-01 5.558263015233752113e-04
-5.193568699304773606e-01 5.830891310337719003e-04
-5.198154425521711586e-01 5.499804018927340879e-04
-5.205287777414724371e-01 5.210875469121236010e-04
-5.206306827685156513e-01 4.825985817121508778e-04
-5.208854453361232428e-01 4.917907465156648016e-04
-5.211402079037309454e-01 4.942919067321330630e-04
-5.211402079037307233e-01 4.728162645125483471e-04
-5.213949704713384259e-01 4.794953687381082737e-04
-5.210383028766877311e-01 4.652888011790982242e-04
-5.211402079037309454e-01 4.672931657100050438e-04
-5.212930654442952116e-01 4.670986743878502434e-04
-5.213949704713384259e-01 4.848794962767722446e-04
-5.208854453361230208e-01 4.533342227101119152e-04
-5.211911604172522194e-01 4.483821189894001379e-04
-5.212421129307739376e-01 4.521587027141858619e-04
-5.219044956065538310e-01 4.991266197410086387e-04
-5.215987805254245213e-01 4.423194712765535263e-04
-5.218025905795105057e-01 4.378359893229943206e-04
-5.215478280119029142e-01 4.505481590296927315e-04
-5.222611632012044147e-01 4.162854655524788000e-04
-5.219044956065538310e-01 4.200415941041777583e-04
-5.219554481200752161e-01 4.412322925350435588e-04
-5.221592581741612005e-01 4.468451192005115169e-04
-5.222102106876826966e-01 4.071102641850676720e-04
-5.219044956065534979e-01 4.074927069788303715e-04
-5.219554481200752161e-01 4.353086476368329158e-04
-5.219044956065537200e-01 4.010710522745476693e-04
-5.216497330389460174e-01 4.217378664838709185e-04
-5.222102106876826966e-01 4.318657618729728311e-04
-5.218535430930322239e-01 4.526178054624465166e-04
-5.219044956065537200e-01 4.138147212331345004e-04
-5.219554481200752161e-01 4.043909400144849483e-04
-5.225159257688118952e-01 3.979518522181023604e-04
-5.220573531471182083e-01 4.412322925350435046e-04
-5.223630682282472959e-01 4.278494423213487674e-04
-5.225159257688118952e-01 4.293335102521442519e-04
-5.222611632012043037e-01 4.162854655524786916e-04
-5.223121157147257998e-01 4.431404281804300388e-04
-5.222611632012043037e-01 4.224759236910026017e-04
-5.223121157147257998e-01 4.000340213152895523e-04
-5.227197358228979907e-01 3.881765669469269646e-04
-5.226687833093763835e-01 4.054168264005951136e-04
-5.224140207417689030e-01 3.925658881306353797e-04
-5.221592581741613115e-01 4.229672463442430775e-04
-5.222611632012043037e-01 4.162854655524788000e-04
-5.219554481200751050e-01 3.979192318768682885e-04
-5.220573531471183193e-01 4.412322925350435588e-04
-5.221083056606397044e-01 4.498850154419330172e-04
-5.223121157147256888e-01 4.064720598983445382e-04
-5.221592581741613115e-01 4.105078037545544000e-04
-5.225668782823335023e-01 4.256593838717681383e-04
-5.226178307958549984e-01 4.093995620679527427e-04
-5.227197358228979907e-01 4.264210955577051564e-04
-5.218535430930321128e-01 3.976581728152257865e-04
-5.222102106876828076e-01 4.134381265354677808e-04
-5.223121157147260218e-01 4.252017018815530919e-04
-5.223630682282472959e-01 4.278494423213487674e-04
-5.224649732552903991e-01 4.018147651075927996e-04
-5.225668782823333913e-01 4.132811107968151795e-04
-5.228216408499412049e-01 4.184315216230907286e-04
-5.225668782823335023e-01 4.069508069449273807e-04
-5.227197358228979907e-01 4.077474695588775367e-04
-5.228725933634624790e-01 3.748041404446454000e-04
-5.227706883364194868e-01 4.162854655524788000e-04
-5.225159257688117842e-01 4.353384663612325754e-04
-5.229235458769840861e-01 4.036519737099544510e-04
-5.229744983905055822e-01 3.859968186585187918e-04
-5.227197358228978796e-01 3.814298491969133871e-04
-5.225159257688117842e-01 3.913736825790622639e-04
-5.228725933634627010e-01 4.015562386114018660e-04
-5.226178307958549984e-01 4.030082929086069299e-04
-5.227197358228979907e-01 4.013298913155433642e-04
-5.228725933634624790e-01 3.884105794531004683e-04
-5.227197358228978796e-01 4.202887501091500310e-04
-5.223121157147257998e-01 3.731728140371345318e-04
-5.227197358228979907e-01 3.948080095375775607e-04
-5.228725933634624790e-01 4.142849831992235945e-04
-5.227197358228978796e-01 4.013298913155433642e-04
-5.227706883364194868e-01 3.770141711133846978e-04
-5.230764034175487964e-01 3.900114541593497795e-04
-5.230764034175487964e-01 3.764628797621974335e-04
-5.228725933634627010e-01 3.950380937320035037e-04
-5.227706883364195978e-01 3.971355398667793311e-04
-5.226687833093763835e-01 4.241930632786160803e-04
-5.226178307958548874e-01 3.763594227328736553e-04
-5.228216408499412049e-01 3.793824385470201442e-04
-5.227706883364194868e-01 4.036198140498062142e-04
-5.226178307958548874e-01 3.899115920519236013e-04
-5.226687833093763835e-01 3.720231401231926431e-04
-5.227706883364195978e-01 4.036198140498062142e-04
-5.229235458769843081e-01 3.700990807045217686e-04
-5.228725933634627010e-01 3.884105794531004683e-04
-5.217006855524676245e-01 4.603807021291190940e-04
-5.206816352820369254e-01 4.972505890569560699e-04
-5.208344928226017467e-01 5.574819728882794570e-04
-5.204268727144295559e-01 5.329106801246032751e-04
-5.207835403090803617e-01 5.101361989589588012e-04
-5.211911604172523305e-01 4.977724179224095194e-04
-5.220064006335966011e-01 4.383100944855262515e-04
-5.227706883364195978e-01 4.036198140498062142e-04
-5.226687833093766056e-01 4.054168264005951136e-04
-5.229235458769843081e-01 3.838723278317622794e-04
-5.229744983905055822e-01 4.056728926357578324e-04
-5.229235458769840861e-01 3.838723278317623337e-04
-5.231273559310701815e-01 4.112975767032041015e-04
-5.232802134716348919e-01 3.838385109504183755e-04
-5.231273559310701815e-01 3.784231893797186858e-04
-5.230764034175485744e-01 3.832970350878919016e-04
-5.232802134716346698e-01 3.905436208120115845e-04
-5.235349760392424834e-01 3.778739536920383514e-04
-5.231273559310701815e-01 3.919039994653821250e-04
-5.233311659851564990e-01 4.051926356985513272e-04
-5.231783084445917886e-01 3.870714595232111572e-04
-5.229235458769839751e-01 3.557930508057856583e-04
-5.228216408499410939e-01 3.793824385470201985e-04
-5.228725933634627010e-01 3.884105794531004141e-04
-5.232292609581130627e-01 3.682707252125376690e-04
-5.228725933634624790e-01 3.884105794531004683e-04
-5.229744983905055822e-01 3.859968186585187918e-04
-5.228725933634627010e-01 3.816679983477411502e-04
-5.234330710121993802e-01 3.885776449601821341e-04
-5.229744983905056932e-01 3.580841729834059154e-04
-5.233821184986778841e-01 3.937215158532116890e-04
-5.228725933634624790e-01 3.884105794531005768e-04
-5.229744983905055822e-01 4.182763803469029306e-04
-5.231273559310701815e-01 3.984734145025037094e-04
-5.234330710121991581e-01 3.818380139463322743e-04
-5.230254509040270783e-01 3.674238002312450063e-04
-5.234840235257207652e-01 3.477858978819570765e-04
-5.226687833093766056e-01 3.577940500490146662e-04
-5.229744983905055822e-01 4.056728926357578867e-04
-5.231273559310704035e-01 3.852225688204682181e-04
-5.229744983905056932e-01 4.244378018325287616e-04
-5.229235458769839751e-01 3.905768571527221274e-04
-5.228216408499409829e-01 3.724764655781108436e-04
-5.230764034175485744e-01 3.900114541593496711e-04
-5.230254509040271893e-01 3.946764726325315822e-04
-5.229235458769843081e-01 3.971682245744488160e-04
-5.231783084445916776e-01 4.066955453190933159e-04
-5.233311659851564990e-01 3.575399993652255901e-04
-5.234330710121993802e-01 4.144416186100148146e-04
-5.229744983905056932e-01 3.926650752012703907e-04
-5.232292609581133958e-01 3.752541063291518590e-04
-5.232292609581132847e-01 3.954650377996215692e-04
-5.229744983905056932e-01 3.652623607895174977e-04
-5.234330710121991581e-01 3.885776449601821341e-04
-5.231273559310701815e-01 3.852225688204682181e-04
-5.229235458769840861e-01 3.770486000592683322e-04
-5.229744983905055822e-01 3.992219665188042861e-04
-5.234840235257209873e-01 3.764628797621973793e-04
-5.234840235257209873e-01 4.031049105532384354e-04
-5.236878335798070827e-01 3.950380937320035037e-04
-5.231273559310704035e-01 3.784231893797187401e-04
-5.231783084445916776e-01 3.734162292145121751e-04
-5.231273559310701815e-01 3.984734145025037094e-04
-5.229235458769840861e-01 4.100332098114293751e-04
-5.229744983905055822e-01 3.926650752012703907e-04
-5.229235458769839751e-01 3.838723278317623337e-04
-5.230764034175485744e-01 4.031049105532384354e-04
-5.230254509040271893e-01 3.880427821533800501e-04
-5.229744983905056932e-01 3.652623607895174435e-04
-5.230764034175487964e-01 3.900114541593497253e-04
-5.228725933634627010e-01 4.079702563129559523e-04
-5.229235458769840861e-01 3.905768571527221816e-04
-5.233821184986777730e-01 4.130297614588040837e-04
-5.228725933634624790e-01 3.884105794531005225e-04
-5.231273559310701815e-01 3.984734145025037094e-04
-5.230764034175487964e-01 3.624081474004177622e-04
-5.232292609581130627e-01 3.752541063291518048e-04
-5.235859285527639795e-01 3.859968186585186834e-04
-5.233311659851561659e-01 3.921688889849565341e-04
-5.229744983905056932e-01 3.859968186585187918e-04
-5.234840235257209873e-01 3.551722793714072544e-04
-5.230764034175487964e-01 3.764628797621974335e-04
-5.232292609581132847e-01 3.682707252125376690e-04
-5.230254509040271893e-01 4.012004926691633807e-04
-5.228216408499410939e-01 3.861649284259323096e-04
-5.229744983905056932e-01 3.926650752012703365e-04
-5.227197358228978796e-01 3.881765669469268562e-04
-5.231273559310701815e-01 3.984734145025038178e-04
-5.231783084445917886e-01 3.734162292145121751e-04
-5.229235458769843081e-01 3.838723278317622794e-04
-5.232802134716348919e-01 3.971355398667792769e-04
-5.231273559310701815e-01 3.784231893797187401e-04
-5.232802134716346698e-01 3.838385109504182670e-04
-5.230254509040271893e-01 4.012004926691633807e-04
-5.231273559310701815e-01 3.714993849146946969e-04
-5.228725933634627010e-01 3.606847781065976592e-04
-5.230764034175485744e-01 3.966122182230552573e-04
-5.228725933634627010e-01 4.079702563129559523e-04
-5.230254509040271893e-01 3.946764726325315822e-04
-5.228216408499412049e-01 3.993845095679717178e-04
-5.230764034175485744e-01 4.157862473059663615e-04
-5.231783084445916776e-01 3.734162292145121751e-04
-5.231273559310701815e-01 4.049362657673502390e-04
-5.234840235257207652e-01 3.695023444722980851e-04
-5.231273559310704035e-01 3.644440639160893359e-04
-5.228725933634627010e-01 3.606847781065976592e-04
-5.228216408499409829e-01 3.582653805113156795e-04
-5.231273559310704035e-01 3.984734145025037094e-04
-5.231273559310704035e-01 3.984734145025037094e-04
-5.226178307958551095e-01 4.030082929086070383e-04
-5.229744983905056932e-01 3.723021749571892806e-04
-5.227706883364194868e-01 3.971355398667793311e-04
-5.228725933634624790e-01 4.142849831992235945e-04
-5.231273559310701815e-01 4.175619880571625588e-04
-5.226687833093766056e-01 3.989617598973720547e-04
-5.224649732552903991e-01 4.018147651075927996e-04
-5.232292609581130627e-01 3.888448004712602457e-04
-5.231273559310701815e-01 3.852225688204682181e-04
-5.231783084445916776e-01 4.002611014251482367e-04
-5.233311659851564990e-01 3.921688889849564257e-04
-5.232292609581132847e-01 4.019762597345495842e-04
-5.230254509040270783e-01 3.744229777199734651e-04
-5.230254509040270783e-01 4.139401766615838645e-04
-5.228216408499410939e-01 3.793824385470201442e-04
-5.228216408499410939e-01 3.928303313321507804e-04
-5.226687833093763835e-01 3.857276906364962227e-04
-5.229235458769839751e-01 3.838723278317623337e-04
-5.229744983905056932e-01 4.056728926357578867e-04
-5.232802134716346698e-01 4.036198140498061600e-04
-5.228725933634627010e-01 4.205048924479985696e-04
-5.229744983905056932e-01 3.926650752012703365e-04
-5.231783084445916776e-01 3.803051373688068120e-04
-5.230254509040270783e-01 3.674238002312450063e-04
-5.217006855524676245e-01 4.547065797023160235e-04
-5.194078224439989677e-01 5.741830587470341755e-04
-5.183378196600472165e-01 6.201990513031113792e-04
-5.182359146330038913e-01 6.140570657728231614e-04
-5.184397246870902087e-01 6.219546900618842366e-04
-5.190511548493484950e-01 5.817518711179385602e-04
-5.218025905795107278e-01 4.720744190870509310e-04
-5.227706883364195978e-01 3.838385109504183755e-04
-5.225159257688117842e-01 3.913736825790622639e-04
-5.228725933634624790e-01 3.950380937320035579e-04
-5.224649732552903991e-01 3.886778497957224304e-04
-5.226687833093766056e-01 3.857276906364961685e-04
-5.228725933634627010e-01 4.015562386114018660e-04
-5.228216408499409829e-01 3.861649284259323096e-04
-5.228725933634627010e-01 4.079702563129559523e-04
-5.228725933634624790e-01 4.079702563129560607e-04
-5.229235458769843081e-01 3.905768571527220732e-04
-5.227706883364195978e-01 4.100015506823383865e-04
-5.229744983905056932e-01 3.859968186585187376e-04
-5.227197358228978796e-01 4.140655940789933834e-04
-5.226687833093763835e-01 4.362618359085972401e-04
-5.227197358228982127e-01 4.077474695588775909e-04
-5.223630682282472959e-01 3.963502982881173084e-04
-5.224140207417687920e-01 4.055768867433625431e-04
-5.227706883364194868e-01 4.100015506823382781e-04
-5.227197358228978796e-01 4.077474695588775367e-04
-5.225159257688121173e-01 4.107922969341833434e-04
-5.228216408499412049e-01 3.993845095679717178e-04
-5.226687833093763835e-01 3.720231401231926431e-04
-5.227706883364194868e-01 4.036198140498062142e-04
-5.227706883364194868e-01 4.224759236910027643e-04
-5.224649732552905101e-01 3.819399869789811045e-04
-5.228216408499409829e-01 4.058328519860993598e-04
-5.227197358228978796e-01 3.948080095375775607e-04
-5.226178307958549984e-01 4.340245044864622930e-04
-5.224140207417689030e-01 3.791086150262885403e-04
-5.224140207417690140e-01 4.119283048404906227e-04
-5.221083056606397044e-01 4.138147212331345004e-04
-5.223121157147256888e-01 3.868366369322296088e-04
-5.221083056606395933e-01 4.138147212331344462e-04
-5.217516380659890096e-01 4.285769748445287337e-04
-5.194078224439990787e-01 5.367938587628632652e-04
-5.168092442544016674e-01 7.096132247089256178e-04
-5.165544816867939648e-01 7.106186149620544699e-04
-5.165544816867941869e-01 7.106186149620533857e-04
-5.166054342003155719e-01 7.412496295673703809e-04
-5.187963922817409035e-01 6.267573397534945741e-04
-5.215478280119030252e-01 4.619288669716250378e-04
-5.218535430930321128e-01 4.229672463442430775e-04
-5.217516380659890096e-01 4.100015506823382781e-04
-5.219554481200751050e-01 4.170331724244998386e-04
-5.217006855524677356e-01 4.064720598983445382e-04
-5.217006855524676245e-01 4.489607514652664620e-04
-5.213949704713383149e-01 4.848794962767722446e-04
-5.212930654442952116e-01 4.941080427968122567e-04
-5.214459229848599220e-01 4.719369123353973905e-04
-5.211911604172522194e-01 5.080964618858959400e-04
-5.217006855524676245e-01 4.824102610498539993e-04
-5.219044956065537200e-01 4.556191879053275717e-04
-5.220064006335966011e-01 4.557331354344083124e-04
-5.219044956065534979e-01 4.724042719879616116e-04
-5.221592581741613115e-01 4.750075229877195925e-04
-5.219044956065537200e-01 4.498850154419331256e-04
-5.218025905795105057e-01 4.552771742042543458e-04
-5.213949704713383149e-01 4.516129120161256508e-04
-5.212930654442952116e-01 4.384285406691464278e-04
-5.211402079037307233e-01 4.672931657100048812e-04
-5.211402079037309454e-01 4.782755871418925163e-04
-5.206306827685155403e-01 5.087857873527808347e-04
-5.208344928226017467e-01 5.087857873527807263e-04
-5.208854453361230208e-01 4.811169336261103611e-04
-5.202740151738649566e-01 5.256758744893020143e-04
-5.205797302549939332e-01 5.677491136209941117e-04
-5.200702051197788611e-01 5.477335956134517974e-04
-5.187963922817409035e-01 5.970582400877163382e-04
-5.169621017949661557e-01 7.004627186867507394e-04
-4.157704099412278254e-01 7.885426203264076644e-03
1.977488053713944427e-01 4.624499193167948274e-02
7.389154514834579413e-01 7.281242382469824137e-02
8.619657716379289791e-01 8.078609892000705728e-02
8.533547968527919192e-01 8.032308648744702906e-02
8.454062047434349747e-01 7.987081259530695587e-02
6.560666644974665340e-01 6.813413451127700582e-02
-3.296417585404810835e-02 3.368758714403634336e-02
-5.069754091447485900e-01 1.693548420060371051e-03
-5.161468615786217740e-01 7.073963363875005383e-04
-5.175225794437029458e-01 6.496395520357257578e-04
-5.175225794437027238e-01 6.536236415839866620e-04
-5.183378196600471055e-01 6.159988197788705258e-04
-5.180830570924395140e-01 6.022535369581680014e-04
-5.185416297141332009e-01 6.023612958269609517e-04
-5.186944872546976892e-01 6.001808148298549191e-04
-5.186944872546976892e-01 6.214326969442809283e-04
-5.185925822276548081e-01 5.721901479001875214e-04
-5.186944872546978003e-01 6.130203604243490397e-04
-5.186435347411760821e-01 5.774518291352391834e-04
-5.186944872546978003e-01 5.914662931674037833e-04
-5.185925822276545860e-01 5.767095305458029390e-04
-5.186435347411761931e-01 6.165885746480636708e-04
-5.184397246870902087e-01 6.050275757489827298e-04
-5.183887721735684906e-01 6.084293382513756513e-04
-5.180321045789179069e-01 6.096442159706551029e-04
-5.182359146330038913e-01 6.469966137253768852e-04
-5.179811520653965218e-01 6.654913233104531051e-04
-5.173697219031383465e-01 6.448865416538178321e-04
-5.167582917408799492e-01 6.661152093777849680e-04
-5.169111492814447706e-01 7.060187375409126631e-04
-5.156882889569281980e-01 7.798231841037938598e-04
-5.144654286324119585e-01 8.135825743989213077e-04
-5.133954258484600963e-01 8.874956721122487496e-04
-5.120197079833788134e-01 9.692234211907277625e-04
-5.108987526859056771e-01 1.014914725328953807e-03
-5.085039845503941391e-01 1.156015854966607314e-03
-5.046315935227585481e-01 1.355940110449662794e-03
-4.961734762781863650e-01 1.917676893242151789e-03
-3.705245779341180268e-01 1.518485009361669226e-02
4.175662488509981785e+00 3.243774710506597270e-01
7.999495770759491364e+00 3.885546297386470171e-01
8.316369452349825053e+00 3.721231120443566076e-01
8.305210851888611856e+00 3.728410570243149147e-01
8.285033656534089630e+00 3.743248763101297838e-01
7.535827897713659240e+00 3.955945820622272513e-01
1.817478257706993450e+00 1.679645937302525760e-01
-4.693215016523454852e-01 3.741607898376490045e-03
-4.943901383049332243e-01 1.935095699847405246e-03
-5.039692108469786547e-01 1.390583617431272482e-03
-5.085039845503941391e-01 1.137907781319559683e-03
-5.112554202805560388e-01 9.981882198285471890e-04
-5.126820906591588178e-01 9.173009184110603263e-04
-5.145163811459334546e-01 8.166878930792282687e-04
-5.155354314163634877e-01 7.586793333021234816e-04
-5.167073392273586752e-01 7.057245017550271967e-04
-5.171149593355308660e-01 6.832958135152545059e-04
-5.174206744166598426e-01 6.544968866515133484e-04
-5.178282945248320335e-01 6.379450035003456348e-04
-5.185416297141332009e-01 6.599481589237431341e-04
-5.186944872546978003e-01 5.870605238685935043e-04
-5.190511548493484950e-01 5.589934285907241420e-04
-5.192549649034344794e-01 5.738438473635279653e-04
-5.196116324980850631e-01 5.414169108765570912e-04
-5.195606799845634560e-01 5.695752653730262955e-04
-5.195606799845635670e-01 5.557328774868259018e-04
-5.197135375251282774e-01 5.362131747106985017e-04
-5.194587749575204638e-01 5.368180403003110441e-04
-5.191021073628699911e-01 5.593416460471517396e-04
-5.192040123899129833e-01 5.958394861214814193e-04
-5.187963922817409035e-01 5.794042397008787723e-04
-5.184397246870902087e-01 5.920147089487940665e-04
-5.184397246870900977e-01 5.963838804663077441e-04
-5.188473447952623996e-01 5.524530831047667250e-04
-5.193059174169559755e-01 5.785073979904570198e-04
-5.200192526062572540e-01 5.482784039605219590e-04
-5.204778252279510520e-01 5.221078974569343502e-04
-5.206816352820369254e-01 4.866965315068989351e-04
-5.206306827685155403e-01 4.984760203616070157e-04
-5.210383028766877311e-01 4.817370862904870568e-04
-5.212930654442954337e-01 4.501157848930885212e-04
-5.211911604172524415e-01 4.925292506806066032e-04
-5.213440179578170408e-01 4.362618359085972401e-04
-5.216497330389460174e-01 4.514691732200293815e-04
-5.219554481200751050e-01 4.170331724244997302e-04
-5.223630682282472959e-01 4.278494423213487674e-04
-5.224140207417689030e-01 4.181832679544724980e-04
-5.225668782823335023e-01 4.132811107968152879e-04
-5.222611632012044147e-01 4.224759236910027101e-04
-5.223121157147257998e-01 4.064720598983445382e-04
-5.226687833093763835e-01 4.180280345447828089e-04
-5.221592581741612005e-01 4.167840858426694116e-04
-5.221592581741613115e-01 4.290613111763323727e-04
-5.222611632012044147e-01 3.905436208120116387e-04
-5.224649732552903991e-01 3.953008831132914379e-04
-5.226178307958549984e-01 3.899115920519236013e-04
-5.225159257688117842e-01 4.107922969341833977e-04
-5.225159257688118952e-01 3.979518522181024688e-04
-5.231783084445917886e-01 3.937215158532116890e-04
-5.229235458769839751e-01 3.630165454493916762e-04
-5.228725933634624790e-01 3.606847781065977135e-04
-5.229744983905055822e-01 3.992219665188042861e-04
-5.228216408499412049e-01 3.993845095679717178e-04
-5.233311659851562769e-01 3.786975085091679296e-04
-5.230764034175485744e-01 4.157862473059663615e-04
-5.225668782823335023e-01 4.195159041201792474e-04
-5.229744983905055822e-01 4.056728926357578867e-04
-5.226687833093766056e-01 3.649779438798990980e-04
-5.229744983905056932e-01 4.244378018325287616e-04
-5.232292609581132847e-01 4.146921122071432417e-04
-5.231783084445916776e-01 3.592423217051984104e-04
-5.232292609581130627e-01 3.752541063291518048e-04
-5.228725933634627010e-01 4.079702563129559523e-04
-5.232292609581133958e-01 3.682707252125377233e-04
-5.236368810662854756e-01 3.804757619623292428e-04
-5.232292609581133958e-01 3.888448004712602999e-04
-5.230764034175485744e-01 4.219840289834440395e-04
-5.161978140921436031e-01 8.855189178452795582e-04
-5.053449287120599376e-01 1.785309473661458477e-03
-5.047844510633231474e-01 1.888380166581317150e-03
-5.041730209010649721e-01 1.868644793144498247e-03
-5.053958812255814337e-01 1.784967709004089964e-03
-5.123254230645081231e-01 1.261524967149074781e-03
-5.211402079037307233e-01 4.890114229673636322e-04
-5.232802134716346698e-01 3.905436208120115845e-04
-5.232802134716348919e-01 3.483825715316781033e-04
-5.230254509040270783e-01 3.744229777199734651e-04
-5.230764034175487964e-01 3.624081474004177080e-04
-5.233821184986778841e-01 3.803051373688068120e-04
-5.232292609581130627e-01 3.821098815592345707e-04
-5.233821184986777730e-01 3.519413707364045583e-04
-5.231273559310700705e-01 3.424069565863242185e-04
-5.237897386068500749e-01 3.770141711133845894e-04
-5.233821184986778841e-01 3.592423217051983562e-04
-5.236368810662855866e-01 3.665749185421326994e-04
-5.230254509040273003e-01 4.012004926691633807e-04
-5.235349760392422613e-01 3.913736825790622639e-04
-5.231783084445917886e-01 3.870714595232111572e-04
-5.232292609581133958e-01 3.888448004712602999e-04
-5.233311659851561659e-01 3.786975085091679838e-04
-5.231783084445916776e-01 3.870714595232111572e-04
-5.232802134716346698e-01 3.557565648239631407e-04
-5.236368810662855866e-01 3.446740766277694512e-04
-5.237387860933285788e-01 3.827887058313561531e-04
-5.238916436338929561e-01 3.720231401231926431e-04
-5.239425961474146742e-01 3.362865892420502118e-04
-5.232802134716346698e-01 3.905436208120115845e-04
-5.233821184986778841e-01 3.937215158532116890e-04
-5.236878335798068607e-01 3.384029511585852877e-04
-5.236878335798068607e-01 3.678122162546093479e-04
-5.231273559310700705e-01 3.572494345066940468e-04
-5.236878335798068607e-01 3.534136271983350018e-04
-5.236878335798070827e-01 3.534136271983350018e-04
-5.238406911203716820e-01 3.568131435629206530e-04
-5.235349760392423724e-01 3.566675946506592449e-04
-5.237387860933285788e-01 3.472255851322522181e-04
-5.232802134716346698e-01 3.408490851956373852e-04
-5.239425961474145632e-01 3.728944306981010694e-04
-5.238406911203716820e-01 3.342733426617917392e-04
-5.236368810662852535e-01 3.665749185421326452e-04
