# V, V_err
-5.595584030989571023e-01 2.460009304094030211e-04
-5.593545930448710068e-01 2.395851986273334435e-04
-5.591507829907849114e-01 2.312031709933367609e-04
-5.592017355043065185e-01 2.334937500606389603e-04
-5.590488779637419192e-01 2.262085026680307753e-04
-5.593036405313495107e-01 2.376813242123630417e-04
-5.592017355043065185e-01 2.334937500606389603e-04
-5.590488779637419192e-01 2.262085026680307753e-04
-5.592017355043065185e-01 2.334937500606389603e-04
-5.594564980719141101e-01 2.430280002945377010e-04
-5.595074505854356062e-01 2.445720649033091562e-04
-5.596093556124785984e-01 2.473165935007842460e-04
-5.591507829907849114e-01 2.312031709933367609e-04
-5.591507829907849114e-01 2.312031709933367609e-04
-5.594055455583926140e-01 2.413665257457460033e-04
-5.594055455583926140e-01 2.413665257457460846e-04
-5.592017355043065185e-01 2.334937500606389603e-04
-5.592526880178280146e-01 2.356519322744944167e-04
-5.593036405313495107e-01 2.376813242123630417e-04
-5.589469729366988160e-01 2.206308554815440367e-04
-5.593545930448710068e-01 2.395851986273334435e-04
-5.594055455583926140e-01 2.413665257457460575e-04
-5.591507829907849114e-01 2.312031709933367609e-04
-5.592017355043065185e-01 2.334937500606389603e-04
-5.598131656665646938e-01 2.514804651024825670e-04
-5.594564980719141101e-01 2.430280002945377010e-04
-5.593545930448710068e-01 2.395851986273333893e-04
-5.594564980719141101e-01 2.430280002945377010e-04
-5.592526880178280146e-01 2.356519322744944167e-04
-5.600679282341723964e-01 2.543035815259971641e-04
-5.596093556124785984e-01 2.473165935007842460e-04
-5.597112606395217016e-01 2.496153184799823101e-04
-5.594564980719141101e-01 2.430280002945377010e-04
-5.592017355043065185e-01 2.334937500606389603e-04
-5.592017355043065185e-01 2.334937500606389603e-04
-5.590998304772634153e-01 2.287762183110056185e-04
-5.597622131530431977e-01 2.506014312815343925e-04
-5.592526880178280146e-01 2.356519322744944167e-04
-5.593036405313495107e-01 2.376813242123630688e-04
-5.597622131530431977e-01 2.506014312815343925e-04
-5.590998304772634153e-01 2.287762183110056728e-04
-5.598131656665646938e-01 2.514804651024825670e-04
-5.600169757206507892e-01 2.539460188161220657e-04
-5.596093556124785984e-01 2.473165935007842460e-04
-5.597622131530431977e-01 2.506014312815343925e-04
-5.596603081260002055e-01 2.485208520560985412e-04
-5.597622131530431977e-01 2.506014312815343925e-04
-5.597112606395217016e-01 2.496153184799823101e-04
-5.595584030989571023e-01 2.460009304094029669e-04
-5.598641181800863009e-01 2.522535393672109679e-04
-5.592017355043065185e-01 2.334937500606389603e-04
-5.589469729366988160e-01 2.206308554815439825e-04
-5.593036405313495107e-01 2.376813242123630417e-04
-5.599150706936077970e-01 2.529216256980133934e-04
-5.590998304772634153e-01 2.287762183110056185e-04
-5.596093556124785984e-01 2.473165935007842460e-04
-5.589469729366988160e-01 2.206308554815440367e-04
-5.595584030989571023e-01 2.460009304094029669e-04
-5.588960204231773199e-01 2.176095896027927597e-04
-5.596603081260002055e-01 2.485208520560984870e-04
-5.600169757206507892e-01 2.539460188161220115e-04
-5.595074505854356062e-01 2.445720649033091562e-04
-5.593036405313495107e-01 2.376813242123630417e-04
-5.594055455583926140e-01 2.413665257457460846e-04
-5.593036405313495107e-01 2.376813242123630688e-04
-5.591507829907849114e-01 2.312031709933367609e-04
-5.590998304772634153e-01 2.287762183110056728e-04
-5.587431628826127206e-01 2.075337845767052871e-04
-5.594055455583926140e-01 2.413665257457460575e-04
-5.593036405313495107e-01 2.376813242123630417e-04
-5.595074505854356062e-01 2.445720649033091562e-04
-5.594055455583926140e-01 2.413665257457460846e-04
-5.595074505854356062e-01 2.445720649033091562e-04
-5.596093556124785984e-01 2.473165935007842460e-04
-5.595584030989571023e-01 2.460009304094029669e-04
-5.594564980719141101e-01 2.430280002945377010e-04
-5.594055455583926140e-01 2.413665257457460846e-04
-5.595074505854356062e-01 2.445720649033092105e-04
-5.596603081260002055e-01 2.485208520560984870e-04
-5.595074505854356062e-01 2.445720649033091562e-04
-5.594564980719141101e-01 2.430280002945377010e-04
-5.595074505854356062e-01 2.445720649033091562e-04
-5.593036405313495107e-01 2.376813242123630688e-04
-5.590998304772634153e-01 2.287762183110056185e-04
-5.594564980719141101e-01 2.430280002945377010e-04
-5.591507829907849114e-01 2.312031709933367609e-04
-5.589469729366988160e-01 2.206308554815440367e-04
-5.592017355043065185e-01 2.334937500606389603e-04
-5.592017355043065185e-01 2.334937500606389603e-04
-5.594055455583926140e-01 2.413665257457460846e-04
-5.594055455583926140e-01 2.413665257457460575e-04
-5.592017355043065185e-01 2.334937500606389603e-04
-5.594055455583926140e-01 2.413665257457460846e-04
-5.597622131530431977e-01 2.506014312815343925e-04
-5.594564980719141101e-01 2.430280002945377010e-04
-5.596603081260002055e-01 2.485208520560984870e-04
-5.592017355043065185e-01 2.334937500606389603e-04
-5.588960204231773199e-01 2.176095896027927055e-04
-5.589469729366988160e-01 2.206308554815439825e-04
-5.593036405313495107e-01 2.376813242123630417e-04
-5.589469729366988160e-01 2.206308554815440367e-04
-5.587941153961343277e-01 2.110689038257460362e-04
-5.590998304772634153e-01 2.287762183110056185e-04
-5.590998304772634153e-01 2.287762183110056728e-04
-5.592017355043065185e-01 2.334937500606389603e-04
-5.597112606395217016e-01 2.496153184799823101e-04
-5.594564980719141101e-01 2.430280002945377010e-04
-5.596093556124785984e-01 2.473165935007842460e-04
-5.594055455583926140e-01 2.413665257457460846e-04
-5.598131656665646938e-01 2.514804651024825670e-04
-5.596093556124785984e-01 2.473165935007842460e-04
-5.596603081260002055e-01 2.485208520560984870e-04
-5.594564980719141101e-01 2.430280002945377010e-04
-5.588960204231773199e-01 2.176095896027927597e-04
-5.589469729366988160e-01 2.206308554815440367e-04
-5.591507829907849114e-01 2.312031709933367609e-04
-5.591507829907849114e-01 2.312031709933367609e-04
-5.588960204231773199e-01 2.176095896027927597e-04
-5.586922103690912245e-01 2.038100540860909545e-04
-5.589979254502204231e-01 2.234951724786395663e-04
-5.591507829907849114e-01 2.312031709933367609e-04
-5.596093556124785984e-01 2.473165935007842460e-04
-5.595074505854356062e-01 2.445720649033091562e-04
-5.592526880178280146e-01 2.356519322744944167e-04
-5.593545930448710068e-01 2.395851986273333893e-04
-5.595584030989571023e-01 2.460009304094029669e-04
-5.593545930448710068e-01 2.395851986273333893e-04
-5.595584030989571023e-01 2.460009304094029669e-04
-5.590488779637419192e-01 2.262085026680307753e-04
-5.591507829907849114e-01 2.312031709933367609e-04
-5.591507829907849114e-01 2.312031709933367609e-04
-5.592526880178280146e-01 2.356519322744944167e-04
-5.589979254502204231e-01 2.234951724786395121e-04
-5.592526880178280146e-01 2.356519322744944167e-04
-5.593545930448710068e-01 2.395851986273333893e-04
-5.591507829907849114e-01 2.312031709933367609e-04
-5.592017355043065185e-01 2.334937500606389603e-04
-5.593545930448710068e-01 2.395851986273333893e-04
-5.590488779637419192e-01 2.262085026680307753e-04
-5.595074505854356062e-01 2.445720649033091562e-04
-5.593545930448710068e-01 2.395851986273333893e-04
-5.591507829907849114e-01 2.312031709933367609e-04
-5.592526880178280146e-01 2.356519322744944167e-04
-5.595074505854356062e-01 2.445720649033091562e-04
-5.594055455583926140e-01 2.413665257457460846e-04
-5.592526880178280146e-01 2.356519322744944167e-04
-5.593545930448710068e-01 2.395851986273333893e-04
-5.594564980719141101e-01 2.430280002945377010e-04
-5.588960204231773199e-01 2.176095896027927597e-04
-5.592526880178280146e-01 2.356519322744944167e-04
-5.591507829907849114e-01 2.312031709933367609e-04
-5.594564980719141101e-01 2.430280002945377010e-04
-5.594055455583926140e-01 2.413665257457460846e-04
-5.595074505854356062e-01 2.445720649033091562e-04
-5.594564980719141101e-01 2.430280002945377010e-04
-5.590998304772634153e-01 2.287762183110056728e-04
-5.593036405313495107e-01 2.376813242123630417e-04
-5.595074505854356062e-01 2.445720649033091562e-04
-5.593545930448710068e-01 2.395851986273333351e-04
-5.593036405313495107e-01 2.376813242123630417e-04
-5.590998304772634153e-01 2.287762183110056728e-04
-5.594055455583926140e-01 2.413665257457460846e-04
-5.591507829907849114e-01 2.312031709933367609e-04
-5.591507829907849114e-01 2.312031709933367609e-04
-5.588960204231773199e-01 2.176095896027927055e-04
-5.593036405313495107e-01 2.376813242123630688e-04
-5.589979254502204231e-01 2.234951724786395121e-04
-5.592526880178280146e-01 2.356519322744944167e-04
-5.594564980719141101e-01 2.430280002945377010e-04
-5.598131656665646938e-01 2.514804651024825670e-04
-5.595584030989571023e-01 2.460009304094029669e-04
-5.595074505854356062e-01 2.445720649033091562e-04
-5.593036405313495107e-01 2.376813242123630688e-04
-5.593545930448710068e-01 2.395851986273333893e-04
-5.595074505854356062e-01 2.445720649033091562e-04
-5.595584030989571023e-01 2.460009304094029669e-04
-5.590488779637419192e-01 2.262085026680307753e-04
-5.589469729366988160e-01 2.206308554815440367e-04
-5.589979254502204231e-01 2.234951724786395121e-04
-5.589979254502204231e-01 2.234951724786395663e-04
-5.590488779637419192e-01 2.262085026680307753e-04
-5.589469729366988160e-01 2.206308554815440367e-04
-5.592017355043065185e-01 2.334937500606389603e-04
-5.590998304772634153e-01 2.287762183110056728e-04
-5.595584030989571023e-01 2.460009304094030211e-04
-5.594055455583926140e-01 2.413665257457460846e-04
-5.595074505854356062e-01 2.445720649033091562e-04
-5.593545930448710068e-01 2.395851986273333893e-04
-5.597112606395217016e-01 2.496153184799823101e-04
-5.594055455583926140e-01 2.413665257457460575e-04
-5.594564980719141101e-01 2.430280002945377010e-04
-5.595074505854356062e-01 2.445720649033091562e-04
-5.589979254502204231e-01 2.234951724786395121e-04
-5.592017355043065185e-01 2.334937500606389603e-04
-5.586412578555697284e-01 1.998871716237366446e-04
-5.592017355043065185e-01 2.334937500606389603e-04
-5.588960204231773199e-01 2.176095896027927597e-04
-5.593036405313495107e-01 2.376813242123630417e-04
-5.591507829907849114e-01 2.312031709933367609e-04
-5.586922103690912245e-01 2.038100540860910087e-04
-5.594564980719141101e-01 2.430280002945377010e-04
-5.596603081260002055e-01 2.485208520560984870e-04
-5.593036405313495107e-01 2.376813242123630688e-04
-5.597112606395217016e-01 2.496153184799822559e-04
-5.596093556124785984e-01 2.473165935007842460e-04
-5.594055455583926140e-01 2.413665257457460575e-04
-5.594055455583926140e-01 2.413665257457460846e-04
-5.594564980719141101e-01 2.430280002945377010e-04
-5.588960204231773199e-01 2.176095896027927597e-04
-5.588960204231773199e-01 2.176095896027927597e-04
-5.589979254502204231e-01 2.234951724786395121e-04
-5.590488779637419192e-01 2.262085026680307753e-04
-5.592017355043065185e-01 2.334937500606389603e-04
-5.590998304772634153e-01 2.287762183110056185e-04
-5.593545930448710068e-01 2.395851986273333893e-04
-5.595584030989571023e-01 2.460009304094030211e-04
-5.594564980719141101e-01 2.430280002945377010e-04
-5.594055455583926140e-01 2.413665257457460846e-04
-5.593036405313495107e-01 2.376813242123629875e-04
-5.594564980719141101e-01 2.430280002945377010e-04
-5.596093556124785984e-01 2.473165935007842460e-04
-5.596603081260002055e-01 2.485208520560984870e-04
-5.595074505854356062e-01 2.445720649033091562e-04
-5.591507829907849114e-01 2.312031709933367609e-04
-5.592526880178280146e-01 2.356519322744944438e-04
-5.593036405313495107e-01 2.376813242123629875e-04
-5.591507829907849114e-01 2.312031709933367609e-04
-5.592526880178280146e-01 2.356519322744944167e-04
-5.593545930448710068e-01 2.395851986273333893e-04
-5.592017355043065185e-01 2.334937500606389603e-04
-5.592017355043065185e-01 2.334937500606389603e-04
-5.594564980719141101e-01 2.430280002945377010e-04
-5.602717382882584918e-01 2.547116099978215904e-04
-5.597622131530431977e-01 2.506014312815343383e-04
-5.597112606395217016e-01 2.496153184799823101e-04
-5.591507829907849114e-01 2.312031709933367609e-04
-5.594564980719141101e-01 2.430280002945377010e-04
-5.597622131530431977e-01 2.506014312815343383e-04
-5.600169757206507892e-01 2.539460188161220115e-04
-5.599150706936077970e-01 2.529216256980133934e-04
-5.594055455583926140e-01 2.413665257457460846e-04
-5.590998304772634153e-01 2.287762183110056728e-04
-5.595584030989571023e-01 2.460009304094029669e-04
-5.593036405313495107e-01 2.376813242123630417e-04
-5.592017355043065185e-01 2.334937500606389603e-04
-5.590998304772634153e-01 2.287762183110056728e-04
-5.595584030989571023e-01 2.460009304094029669e-04
-5.592017355043065185e-01 2.334937500606389603e-04
-5.592526880178280146e-01 2.356519322744944167e-04
-5.594055455583926140e-01 2.413665257457460846e-04
-5.594564980719141101e-01 2.430280002945377010e-04
-5.594564980719141101e-01 2.430280002945377010e-04
-5.597112606395217016e-01 2.496153184799823101e-04
-5.594055455583926140e-01 2.413665257457460575e-04
-5.595074505854356062e-01 2.445720649033091562e-04
-5.593545930448710068e-01 2.395851986273333893e-04
-5.595074505854356062e-01 2.445720649033091562e-04
-5.589469729366988160e-01 2.206308554815440367e-04
-5.589469729366988160e-01 2.206308554815440367e-04
-5.590998304772634153e-01 2.287762183110056728e-04
-5.585903053420482323e-01 1.957531645726723649e-04
-5.591507829907849114e-01 2.312031709933367609e-04
-5.590488779637419192e-01 2.262085026680307753e-04
-5.590488779637419192e-01 2.262085026680307753e-04
-5.595074505854356062e-01 2.445720649033091562e-04
-5.594564980719141101e-01 2.430280002945377010e-04
-5.594055455583926140e-01 2.413665257457460575e-04
-5.595584030989571023e-01 2.460009304094030211e-04
-5.596093556124785984e-01 2.473165935007842460e-04
-5.591507829907849114e-01 2.312031709933367609e-04
-5.592526880178280146e-01 2.356519322744944167e-04
-5.589979254502204231e-01 2.234951724786395121e-04
-5.589469729366988160e-01 2.206308554815440367e-04
-5.590488779637419192e-01 2.262085026680307753e-04
-5.590488779637419192e-01 2.262085026680307211e-04
-5.590998304772634153e-01 2.287762183110056185e-04
-5.585903053420482323e-01 1.957531645726723107e-04
-5.589469729366988160e-01 2.206308554815440367e-04
-5.588450679096558238e-01 2.144247406690528697e-04
-5.592526880178280146e-01 2.356519322744944438e-04
-5.596093556124785984e-01 2.473165935007842460e-04
-5.593036405313495107e-01 2.376813242123630688e-04
-5.595584030989571023e-01 2.460009304094029669e-04
-5.595584030989571023e-01 2.460009304094029669e-04
-5.594055455583926140e-01 2.413665257457460575e-04
-5.596093556124785984e-01 2.473165935007842460e-04
-5.595074505854356062e-01 2.445720649033091562e-04
-5.591507829907849114e-01 2.312031709933367609e-04
-5.594564980719141101e-01 2.430280002945377010e-04
-5.589469729366988160e-01 2.206308554815439825e-04
-5.593036405313495107e-01 2.376813242123630417e-04
-5.590998304772634153e-01 2.287762183110056728e-04
-5.588960204231773199e-01 2.176095896027927597e-04
-5.589469729366988160e-01 2.206308554815440367e-04
-5.590998304772634153e-01 2.287762183110056185e-04
-5.593545930448710068e-01 2.395851986273333893e-04
-5.596093556124785984e-01 2.473165935007842460e-04
-5.593545930448710068e-01 2.395851986273333893e-04
-5.593545930448710068e-01 2.395851986273333893e-04
-5.593036405313495107e-01 2.376813242123630417e-04
-5.596093556124785984e-01 2.473165935007842460e-04
-5.594564980719141101e-01 2.430280002945377010e-04
-5.596603081260002055e-01 2.485208520560984870e-04
-5.590998304772634153e-01 2.287762183110056728e-04
-5.589469729366988160e-01 2.206308554815440367e-04
-5.591507829907849114e-01 2.312031709933367609e-04
-5.592526880178280146e-01 2.356519322744944167e-04
-5.588960204231773199e-01 2.176095896027927055e-04
-5.587431628826127206e-01 2.075337845767052871e-04
-5.592017355043065185e-01 2.334937500606389603e-04
-5.594055455583926140e-01 2.413665257457460033e-04
-5.595074505854356062e-01 2.445720649033091562e-04
-5.595074505854356062e-01 2.445720649033091562e-04
-5.593036405313495107e-01 2.376813242123629875e-04
-5.592526880178280146e-01 2.356519322744944167e-04
-5.595074505854356062e-01 2.445720649033091562e-04
-5.593545930448710068e-01 2.395851986273333893e-04
-5.594564980719141101e-01 2.430280002945377010e-04
-5.595584030989571023e-01 2.460009304094029669e-04
-5.593036405313495107e-01 2.376813242123630688e-04
-5.590998304772634153e-01 2.287762183110056728e-04
-5.588450679096558238e-01 2.144247406690528697e-04
-5.586922103690912245e-01 2.038100540860909545e-04
-5.591507829907849114e-01 2.312031709933367609e-04
-5.592017355043065185e-01 2.334937500606389603e-04
-5.592017355043065185e-01 2.334937500606389603e-04
-5.591507829907849114e-01 2.312031709933367338e-04
-5.586922103690912245e-01 2.038100540860910087e-04
-5.578260176392253467e-01 2.438811069120105945e-04
-5.571126824499240682e-01 2.961827142969332112e-04
-5.570617299364024610e-01 2.995383821759788697e-04
-5.569088723958379727e-01 2.732024171418099764e-04
-5.573164925040101636e-01 2.905187036949131844e-04
-5.583355427744405297e-01 1.858894064240411588e-04
-5.590488779637419192e-01 2.262085026680307753e-04
-5.592526880178280146e-01 2.356519322744944167e-04
-5.588960204231773199e-01 2.176095896027927868e-04
-5.589469729366988160e-01 2.206308554815440367e-04
-5.592017355043065185e-01 2.334937500606389603e-04
-5.592017355043065185e-01 2.334937500606389603e-04
-5.590488779637419192e-01 2.262085026680307753e-04
-5.595584030989571023e-01 2.460009304094030211e-04
-5.589469729366988160e-01 2.206308554815440367e-04
-5.595584030989571023e-01 2.460009304094029669e-04
-5.589469729366988160e-01 2.206308554815440367e-04
-5.585393528285266251e-01 2.045094511173823986e-04
-5.584374478014836329e-01 2.085321488936323563e-04
-5.582336377473975375e-01 1.892115946898593700e-04
-5.580807802068329382e-01 1.862382327890554218e-04
-5.580807802068329382e-01 1.717334041008576791e-04
-5.584884003150051290e-01 1.867950000485111791e-04
-5.592526880178280146e-01 2.356519322744944167e-04
-5.589469729366988160e-01 2.206308554815440367e-04
-5.592017355043065185e-01 2.334937500606390146e-04
-5.588450679096558238e-01 2.144247406690528697e-04
-5.587941153961343277e-01 2.110689038257460904e-04
-5.591507829907849114e-01 2.312031709933367609e-04
-5.588960204231773199e-01 2.176095896027927055e-04
-5.588450679096558238e-01 2.144247406690528697e-04
-5.596093556124785984e-01 2.473165935007842460e-04
-5.594564980719141101e-01 2.430280002945377010e-04
-5.593036405313495107e-01 2.376813242123630417e-04
-5.592526880178280146e-01 2.356519322744944167e-04
-5.595584030989571023e-01 2.460009304094029669e-04
-5.591507829907849114e-01 2.312031709933367609e-04
-5.595584030989571023e-01 2.460009304094030211e-04
-5.590998304772634153e-01 2.287762183110056185e-04
-5.591507829907849114e-01 2.312031709933367609e-04
-5.591507829907849114e-01 2.312031709933367609e-04
-5.586922103690912245e-01 2.038100540860909545e-04
-5.586412578555697284e-01 1.998871716237366446e-04
-5.594055455583926140e-01 2.413665257457460846e-04
-5.590488779637419192e-01 2.262085026680307753e-04
-5.590998304772634153e-01 2.287762183110056185e-04
-5.593036405313495107e-01 2.376813242123630417e-04
-5.594055455583926140e-01 2.413665257457460846e-04
-5.597112606395217016e-01 2.496153184799823101e-04
-5.593545930448710068e-01 2.395851986273333893e-04
-5.593545930448710068e-01 2.395851986273333893e-04
-5.596093556124785984e-01 2.473165935007842460e-04
-5.594564980719141101e-01 2.430280002945377010e-04
-5.597112606395217016e-01 2.496153184799823101e-04
-5.593036405313495107e-01 2.376813242123630688e-04
-5.592017355043065185e-01 2.334937500606389603e-04
-5.588960204231773199e-01 2.176095896027927055e-04
-5.589469729366988160e-01 2.206308554815440367e-04
-5.589979254502204231e-01 2.234951724786395121e-04
-5.592017355043065185e-01 2.334937500606389603e-04
-5.590998304772634153e-01 2.287762183110056185e-04
-5.590998304772634153e-01 2.287762183110056728e-04
-5.592526880178280146e-01 2.356519322744944167e-04
-5.595074505854356062e-01 2.445720649033091562e-04
-5.595074505854356062e-01 2.445720649033091562e-04
-5.596603081260002055e-01 2.485208520560984870e-04
-5.597622131530431977e-01 2.506014312815343383e-04
-5.592017355043065185e-01 2.334937500606389603e-04
-5.595074505854356062e-01 2.445720649033091562e-04
-5.593036405313495107e-01 2.376813242123630417e-04
-5.588960204231773199e-01 2.176095896027927055e-04
-5.589469729366988160e-01 2.206308554815440367e-04
-5.589979254502204231e-01 2.234951724786395121e-04
-5.588450679096558238e-01 2.144247406690528697e-04
-5.587431628826127206e-01 2.075337845767052871e-04
-5.593545930448710068e-01 2.395851986273333893e-04
-5.588960204231773199e-01 2.176095896027927597e-04
-5.589979254502204231e-01 2.234951724786395663e-04
-5.595074505854356062e-01 2.445720649033091562e-04
-5.596093556124785984e-01 2.473165935007842460e-04
-5.592017355043065185e-01 2.334937500606389603e-04
-5.592526880178280146e-01 2.356519322744944167e-04
-5.593036405313495107e-01 2.376813242123630417e-04
-5.591507829907849114e-01 2.312031709933367609e-04
-5.590488779637419192e-01 2.262085026680307753e-04
-5.593036405313495107e-01 2.376813242123630688e-04
-5.590998304772634153e-01 2.287762183110056185e-04
-5.589979254502204231e-01 2.234951724786395663e-04
-5.591507829907849114e-01 2.312031709933367609e-04
-5.593036405313495107e-01 2.376813242123630417e-04
-5.589469729366988160e-01 2.206308554815440367e-04
-5.594055455583926140e-01 2.413665257457460846e-04
-5.593036405313495107e-01 2.376813242123630688e-04
-5.593545930448710068e-01 2.395851986273333893e-04
-5.590998304772634153e-01 2.287762183110056728e-04
-5.597622131530431977e-01 2.506014312815343383e-04
-5.596603081260002055e-01 2.485208520560984870e-04
-5.594564980719141101e-01 2.430280002945377010e-04
-5.592526880178280146e-01 2.356519322744944167e-04
-5.596093556124785984e-01 2.473165935007842460e-04
-5.593545930448710068e-01 2.395851986273333893e-04
-5.593545930448710068e-01 2.395851986273333893e-04
-5.590998304772634153e-01 2.287762183110056728e-04
-5.588960204231773199e-01 2.176095896027927055e-04
-5.591507829907849114e-01 2.312031709933367609e-04
-5.589469729366988160e-01 2.206308554815440367e-04
-5.589979254502204231e-01 2.234951724786395121e-04
-5.590488779637419192e-01 2.262085026680307753e-04
-5.591507829907849114e-01 2.312031709933367609e-04
-5.590998304772634153e-01 2.287762183110056728e-04
-5.593545930448710068e-01 2.395851986273333893e-04
-5.594055455583926140e-01 2.413665257457460846e-04
-5.594055455583926140e-01 2.413665257457460846e-04
-5.595584030989571023e-01 2.460009304094029669e-04
-5.595584030989571023e-01 2.460009304094030211e-04
-5.593036405313495107e-01 2.376813242123630417e-04
-5.594564980719141101e-01 2.430280002945377010e-04
-5.588450679096558238e-01 2.144247406690528697e-04
-5.589979254502204231e-01 2.234951724786395663e-04
-5.588960204231773199e-01 2.176095896027927868e-04
-5.591507829907849114e-01 2.312031709933367609e-04
-5.591507829907849114e-01 2.312031709933367609e-04
-5.588450679096558238e-01 2.144247406690528697e-04
-5.590998304772634153e-01 2.287762183110056185e-04
-5.590488779637419192e-01 2.262085026680307753e-04
-5.594055455583926140e-01 2.413665257457460846e-04
-5.594055455583926140e-01 2.413665257457460846e-04
-5.593545930448710068e-01 2.395851986273333893e-04
-5.595584030989571023e-01 2.460009304094029669e-04
-5.595074505854356062e-01 2.445720649033091562e-04
-5.595584030989571023e-01 2.460009304094029669e-04
-5.592526880178280146e-01 2.356519322744944167e-04
-5.594055455583926140e-01 2.413665257457460575e-04
-5.592017355043065185e-01 2.334937500606389603e-04
-5.588450679096558238e-01 2.144247406690528697e-04
-5.593545930448710068e-01 2.395851986273333893e-04
-5.589979254502204231e-01 2.234951724786395121e-04
-5.595584030989571023e-01 2.460009304094030211e-04
-5.588450679096558238e-01 2.144247406690528697e-04
-5.593036405313495107e-01 2.376813242123630688e-04
-5.593036405313495107e-01 2.376813242123630417e-04
-5.593545930448710068e-01 2.395851986273333893e-04
-5.595584030989571023e-01 2.460009304094029669e-04
-5.596093556124785984e-01 2.473165935007842460e-04
-5.600169757206507892e-01 2.539460188161220657e-04
-5.597622131530431977e-01 2.506014312815343925e-04
-5.595584030989571023e-01 2.460009304094029669e-04
-5.595074505854356062e-01 2.445720649033091562e-04
-5.597622131530431977e-01 2.506014312815343383e-04
-5.590998304772634153e-01 2.287762183110056728e-04
-5.595074505854356062e-01 2.445720649033091562e-04
-5.590998304772634153e-01 2.287762183110056728e-04
-5.590488779637419192e-01 2.262085026680307753e-04
-5.593036405313495107e-01 2.376813242123630688e-04
-5.588960204231773199e-01 2.176095896027927597e-04
-5.589979254502204231e-01 2.234951724786395663e-04
-5.592526880178280146e-01 2.356519322744944167e-04
-5.598641181800863009e-01 2.522535393672110764e-04
-5.594055455583926140e-01 2.413665257457460846e-04
-5.594564980719141101e-01 2.430280002945377010e-04
-5.594055455583926140e-01 2.413665257457460033e-04
-5.592017355043065185e-01 2.334937500606389603e-04
-5.596603081260002055e-01 2.485208520560984870e-04
-5.593545930448710068e-01 2.395851986273333893e-04
-5.594564980719141101e-01 2.430280002945377010e-04
-5.592526880178280146e-01 2.356519322744944438e-04
-5.590998304772634153e-01 2.287762183110056185e-04
-5.589979254502204231e-01 2.234951724786395663e-04
-5.592017355043065185e-01 2.334937500606389603e-04
-5.589979254502204231e-01 2.234951724786395121e-04
-5.594055455583926140e-01 2.413665257457460846e-04
-5.585903053420482323e-01 1.957531645726723649e-04
-5.593545930448710068e-01 2.395851986273333893e-04
-5.594564980719141101e-01 2.430280002945377010e-04
-5.594564980719141101e-01 2.430280002945377010e-04
-5.595074505854356062e-01 2.445720649033091562e-04
-5.595584030989571023e-01 2.460009304094029669e-04
-5.595584030989571023e-01 2.460009304094029669e-04
-5.593036405313495107e-01 2.376813242123630417e-04
-5.596093556124785984e-01 2.473165935007842460e-04
-5.594564980719141101e-01 2.430280002945377010e-04
-5.591507829907849114e-01 2.312031709933367609e-04
-5.591507829907849114e-01 2.312031709933367609e-04
-5.593036405313495107e-01 2.376813242123630417e-04
-5.587431628826127206e-01 2.075337845767052871e-04
-5.592526880178280146e-01 2.356519322744944167e-04
-5.589979254502204231e-01 2.234951724786395663e-04
-5.590998304772634153e-01 2.287762183110056185e-04
-5.593545930448710068e-01 2.395851986273333893e-04
-5.594055455583926140e-01 2.413665257457460575e-04
-5.593036405313495107e-01 2.376813242123630417e-04
-5.596093556124785984e-01 2.473165935007842460e-04
-5.596093556124785984e-01 2.473165935007842460e-04
-5.595074505854356062e-01 2.445720649033091562e-04
-5.596093556124785984e-01 2.473165935007842460e-04
-5.594055455583926140e-01 2.413665257457460846e-04
-5.589979254502204231e-01 2.234951724786395663e-04
-5.589469729366988160e-01 2.206308554815440367e-04
-5.590998304772634153e-01 2.287762183110056185e-04
-5.591507829907849114e-01 2.312031709933367609e-04
-5.588450679096558238e-01 2.144247406690528697e-04
-5.590998304772634153e-01 2.287762183110056728e-04
-5.592017355043065185e-01 2.334937500606389603e-04
-5.590488779637419192e-01 2.262085026680307753e-04
-5.597112606395217016e-01 2.496153184799823101e-04
-5.590488779637419192e-01 2.262085026680307753e-04
-5.595074505854356062e-01 2.445720649033091562e-04
-5.593545930448710068e-01 2.395851986273333893e-04
-5.594055455583926140e-01 2.413665257457460575e-04
-5.594564980719141101e-01 2.430280002945377010e-04
-5.599150706936077970e-01 2.529216256980133934e-04
-5.594055455583926140e-01 2.413665257457460846e-04
-5.588450679096558238e-01 2.144247406690528697e-04
-5.590488779637419192e-01 2.262085026680307753e-04
-5.593545930448710068e-01 2.395851986273333893e-04
-5.590488779637419192e-01 2.262085026680307753e-04
-5.588960204231773199e-01 2.176095896027927597e-04
-5.588960204231773199e-01 2.176095896027927055e-04
-5.590488779637419192e-01 2.262085026680307753e-04
-5.591507829907849114e-01 2.312031709933367609e-04
-5.595074505854356062e-01 2.445720649033091562e-04
-5.594055455583926140e-01 2.413665257457460846e-04
-5.593545930448710068e-01 2.395851986273333893e-04
-5.595584030989571023e-01 2.460009304094030211e-04
-5.595584030989571023e-01 2.460009304094029669e-04
-5.592526880178280146e-01 2.356519322744944167e-04
-5.595074505854356062e-01 2.445720649033091562e-04
-5.587941153961343277e-01 2.110689038257460362e-04
-5.592017355043065185e-01 2.334937500606389603e-04
-5.590488779637419192e-01 2.262085026680307753e-04
-5.591507829907849114e-01 2.312031709933367609e-04
-5.588960204231773199e-01 2.176095896027927597e-04
-5.588960204231773199e-01 2.176095896027927597e-04
-5.589469729366988160e-01 2.206308554815440367e-04
-5.590488779637419192e-01 2.262085026680307753e-04
-5.598641181800863009e-01 2.522535393672110222e-04
-5.593545930448710068e-01 2.395851986273333893e-04
-5.594055455583926140e-01 2.413665257457460575e-04
-5.594564980719141101e-01 2.430280002945377010e-04
-5.593545930448710068e-01 2.395851986273333893e-04
-5.597622131530431977e-01 2.506014312815343925e-04
-5.593545930448710068e-01 2.395851986273333893e-04
-5.592526880178280146e-01 2.356519322744944167e-04
-5.592017355043065185e-01 2.334937500606389603e-04
-5.588960204231773199e-01 2.176095896027927597e-04
-5.590488779637419192e-01 2.262085026680307753e-04
-5.592017355043065185e-01 2.334937500606389603e-04
-5.587941153961343277e-01 2.110689038257460904e-04
-5.589979254502204231e-01 2.234951724786395121e-04
-5.588960204231773199e-01 2.176095896027927597e-04
-5.590488779637419192e-01 2.262085026680307753e-04
-5.592017355043065185e-01 2.334937500606389603e-04
-5.594055455583926140e-01 2.413665257457460846e-04
-5.593036405313495107e-01 2.376813242123630417e-04
-5.591507829907849114e-01 2.312031709933367609e-04
-5.597622131530431977e-01 2.506014312815343383e-04
-5.594564980719141101e-01 2.430280002945377010e-04
-5.591507829907849114e-01 2.312031709933367609e-04
-5.593545930448710068e-01 2.395851986273333893e-04
-5.589979254502204231e-01 2.234951724786395121e-04
-5.591507829907849114e-01 2.312031709933367609e-04
-5.592017355043065185e-01 2.334937500606390146e-04
-5.588450679096558238e-01 2.144247406690528697e-04
-5.586412578555697284e-01 1.998871716237366988e-04
-5.592017355043065185e-01 2.334937500606389603e-04
-5.591507829907849114e-01 2.312031709933367609e-04
-5.589469729366988160e-01 2.206308554815440367e-04
-5.595074505854356062e-01 2.445720649033091562e-04
-5.593545930448710068e-01 2.395851986273333893e-04
-5.592526880178280146e-01 2.356519322744944167e-04
-5.596603081260002055e-01 2.485208520560984870e-04
-5.594564980719141101e-01 2.430280002945377010e-04
-5.594564980719141101e-01 2.430280002945377010e-04
-5.598131656665646938e-01 2.514804651024825670e-04
-5.594564980719141101e-01 2.430280002945377010e-04
-5.588960204231773199e-01 2.176095896027927597e-04
-5.589979254502204231e-01 2.234951724786395121e-04
-5.589979254502204231e-01 2.234951724786395121e-04
-5.590488779637419192e-01 2.262085026680307211e-04
-5.590488779637419192e-01 2.262085026680307753e-04
-5.589469729366988160e-01 2.206308554815440367e-04
-5.596093556124785984e-01 2.473165935007842460e-04
-5.589979254502204231e-01 2.234951724786395663e-04
-5.596603081260002055e-01 2.485208520560984870e-04
-5.593545930448710068e-01 2.395851986273333893e-04
-5.593036405313495107e-01 2.376813242123630417e-04
-5.593036405313495107e-01 2.376813242123630417e-04
-5.590488779637419192e-01 2.262085026680307753e-04
-5.596093556124785984e-01 2.473165935007842460e-04
-5.594055455583926140e-01 2.413665257457460846e-04
-5.597112606395217016e-01 2.496153184799822559e-04
-5.591507829907849114e-01 2.312031709933367609e-04
-5.588450679096558238e-01 2.144247406690528697e-04
-5.590488779637419192e-01 2.262085026680307753e-04
-5.592526880178280146e-01 2.356519322744944167e-04
-5.587431628826127206e-01 2.075337845767052871e-04
-5.591507829907849114e-01 2.312031709933367609e-04
-5.592017355043065185e-01 2.334937500606389603e-04
-5.588450679096558238e-01 2.144247406690528697e-04
-5.594055455583926140e-01 2.413665257457460575e-04
-5.593036405313495107e-01 2.376813242123630688e-04
-5.595584030989571023e-01 2.460009304094029669e-04
-5.595074505854356062e-01 2.445720649033091562e-04
-5.593036405313495107e-01 2.376813242123629875e-04
-5.589979254502204231e-01 2.234951724786395121e-04
-5.594564980719141101e-01 2.430280002945377010e-04
-5.596603081260002055e-01 2.485208520560984870e-04
-5.589469729366988160e-01 2.206308554815440367e-04
-5.591507829907849114e-01 2.312031709933367609e-04
-5.590998304772634153e-01 2.287762183110056185e-04
-5.594055455583926140e-01 2.413665257457460846e-04
-5.589979254502204231e-01 2.234951724786395121e-04
-5.592526880178280146e-01 2.356519322744944167e-04
-5.590998304772634153e-01 2.287762183110056728e-04
-5.590488779637419192e-01 2.262085026680307753e-04
-5.592017355043065185e-01 2.334937500606389603e-04
-5.593036405313495107e-01 2.376813242123630417e-04
-5.593545930448710068e-01 2.395851986273333893e-04
-5.599150706936077970e-01 2.529216256980133934e-04
-5.593036405313495107e-01 2.483641059969503078e-04
-5.596093556124785984e-01 2.473165935007842460e-04
-5.590998304772634153e-01 2.287762183110056728e-04
-5.592526880178280146e-01 2.356519322744944167e-04
-5.589979254502204231e-01 2.234951724786395663e-04
-5.592017355043065185e-01 2.334937500606390146e-04
-5.590488779637419192e-01 2.262085026680307753e-04
-5.589469729366988160e-01 2.206308554815440367e-04
-5.593036405313495107e-01 2.376813242123630417e-04
-5.589469729366988160e-01 2.206308554815440367e-04
-5.591507829907849114e-01 2.312031709933367609e-04
-5.593545930448710068e-01 2.395851986273333893e-04
-5.596093556124785984e-01 2.473165935007842460e-04
-5.595584030989571023e-01 2.460009304094029669e-04
-5.594055455583926140e-01 2.413665257457460575e-04
-5.594055455583926140e-01 2.413665257457460846e-04
-5.593545930448710068e-01 2.395851986273333893e-04
-5.594055455583926140e-01 2.413665257457460846e-04
-5.594055455583926140e-01 2.413665257457460846e-04
-5.597112606395217016e-01 2.496153184799823101e-04
-5.590488779637419192e-01 2.262085026680307753e-04
-5.588450679096558238e-01 2.144247406690528697e-04
-5.590488779637419192e-01 2.262085026680307753e-04
-5.593545930448710068e-01 2.395851986273333893e-04
-5.589469729366988160e-01 2.206308554815440367e-04
-5.590998304772634153e-01 2.287762183110056728e-04
-5.589979254502204231e-01 2.234951724786395121e-04
-5.592017355043065185e-01 2.334937500606389603e-04
-5.595074505854356062e-01 2.445720649033091562e-04
-5.594055455583926140e-01 2.413665257457460846e-04
-5.595074505854356062e-01 2.445720649033091562e-04
-5.590488779637419192e-01 2.262085026680307753e-04
-5.591507829907849114e-01 2.312031709933367609e-04
-5.589979254502204231e-01 2.234951724786395121e-04
-5.594055455583926140e-01 2.413665257457460846e-04
-5.591507829907849114e-01 2.312031709933367609e-04
-5.590488779637419192e-01 2.262085026680307753e-04
-5.592017355043065185e-01 2.334937500606389603e-04
-5.591507829907849114e-01 2.312031709933367338e-04
-5.590998304772634153e-01 2.287762183110056185e-04
-5.593545930448710068e-01 2.395851986273333893e-04
-5.590998304772634153e-01 2.287762183110056728e-04
-5.592017355043065185e-01 2.334937500606389603e-04
-5.595074505854356062e-01 2.445720649033092105e-04
-5.594564980719141101e-01 2.430280002945377010e-04
-5.591507829907849114e-01 2.312031709933367609e-04
-5.594055455583926140e-01 2.413665257457460846e-04
-5.590998304772634153e-01 2.287762183110056185e-04
-5.592017355043065185e-01 2.334937500606389603e-04
-5.595584030989571023e-01 2.460009304094029669e-04
-5.592526880178280146e-01 2.356519322744944167e-04
-5.593545930448710068e-01 2.395851986273333893e-04
-5.588450679096558238e-01 2.144247406690528697e-04
-5.593036405313495107e-01 2.376813242123630417e-04
-5.590488779637419192e-01 2.262085026680307753e-04
-5.590488779637419192e-01 2.262085026680307753e-04
-5.594055455583926140e-01 2.413665257457460846e-04
-5.588960204231773199e-01 2.176095896027927597e-04
-5.591507829907849114e-01 2.312031709933367609e-04
-5.595584030989571023e-01 2.460009304094029669e-04
-5.593036405313495107e-01 2.376813242123630417e-04
-5.592017355043065185e-01 2.334937500606389603e-04
-5.591507829907849114e-01 2.312031709933367609e-04
-5.595074505854356062e-01 2.445720649033091562e-04
-5.590998304772634153e-01 2.287762183110056728e-04
-5.592526880178280146e-01 2.356519322744944167e-04
-5.595584030989571023e-01 2.460009304094029669e-04
-5.589469729366988160e-01 2.206308554815439825e-04
-5.590488779637419192e-01 2.262085026680307753e-04
-5.590488779637419192e-01 2.262085026680307753e-04
-5.590998304772634153e-01 2.287762183110056185e-04
-5.586922103690912245e-01 2.038100540860909545e-04
-5.588960204231773199e-01 2.176095896027927597e-04
-5.590998304772634153e-01 2.287762183110056728e-04
-5.591507829907849114e-01 2.312031709933367609e-04
-5.593545930448710068e-01 2.395851986273333893e-04
-5.595584030989571023e-01 2.460009304094030211e-04
-5.593036405313495107e-01 2.376813242123629875e-04
-5.592526880178280146e-01 2.356519322744944167e-04
-5.590998304772634153e-01 2.287762183110056185e-04
-5.590488779637419192e-01 2.262085026680307211e-04
-5.592526880178280146e-01 2.356519322744944167e-04
-5.592526880178280146e-01 2.356519322744944167e-04
-5.589469729366988160e-01 2.206308554815440367e-04
-5.589469729366988160e-01 2.206308554815440367e-04
-5.586922103690912245e-01 2.038100540860909545e-04
-5.587941153961343277e-01 2.110689038257460362e-04
-5.590488779637419192e-01 2.262085026680307753e-04
-5.590998304772634153e-01 2.287762183110056728e-04
-5.588450679096558238e-01 2.144247406690528697e-04
-5.589979254502204231e-01 2.234951724786395121e-04
-5.596603081260002055e-01 2.485208520560985412e-04
-5.593036405313495107e-01 2.376813242123630417e-04
-5.593036405313495107e-01 2.376813242123630688e-04
-5.591507829907849114e-01 2.312031709933367609e-04
-5.596093556124785984e-01 2.473165935007842460e-04
-5.591507829907849114e-01 2.312031709933367609e-04
-5.595074505854356062e-01 2.445720649033091562e-04
-5.591507829907849114e-01 2.312031709933367609e-04
-5.592017355043065185e-01 2.334937500606389603e-04
-5.590488779637419192e-01 2.262085026680307753e-04
-5.590488779637419192e-01 2.262085026680307753e-04
-5.585903053420482323e-01 1.957531645726723649e-04
-5.591507829907849114e-01 2.312031709933367609e-04
-5.587941153961343277e-01 2.110689038257460904e-04
-5.592526880178280146e-01 2.464227068535382054e-04
-5.595584030989571023e-01 2.460009304094029669e-04
-5.594564980719141101e-01 2.430280002945377010e-04
-5.594564980719141101e-01 2.430280002945377010e-04
-5.593545930448710068e-01 2.395851986273333893e-04
-5.594564980719141101e-01 2.430280002945377010e-04
-5.592526880178280146e-01 2.356519322744944167e-04
-5.590998304772634153e-01 2.287762183110056728e-04
-5.591507829907849114e-01 2.312031709933367609e-04
-5.588450679096558238e-01 2.144247406690528155e-04
-5.590488779637419192e-01 2.262085026680307753e-04
-5.589979254502204231e-01 2.234951724786395121e-04
-5.590488779637419192e-01 2.262085026680307753e-04
-5.589979254502204231e-01 2.234951724786395121e-04
-5.588450679096558238e-01 2.144247406690528697e-04
-5.590488779637419192e-01 2.262085026680307753e-04
-5.587431628826127206e-01 2.075337845767052871e-04
-5.595584030989571023e-01 2.460009304094029669e-04
-5.592526880178280146e-01 2.356519322744944167e-04
-5.594055455583926140e-01 2.413665257457460846e-04
-5.590488779637419192e-01 2.262085026680307753e-04
-5.592526880178280146e-01 2.356519322744944167e-04
-5.589979254502204231e-01 2.234951724786395121e-04
-5.593545930448710068e-01 2.395851986273333893e-04
-5.595074505854356062e-01 2.445720649033091562e-04
-5.590488779637419192e-01 2.262085026680307753e-04
-5.588960204231773199e-01 2.176095896027927597e-04
-5.587941153961343277e-01 2.110689038257460362e-04
-5.589979254502204231e-01 2.234951724786395663e-04
-5.594564980719141101e-01 2.430280002945377010e-04
-5.589979254502204231e-01 2.234951724786395121e-04
-5.589469729366988160e-01 2.206308554815440367e-04
-5.587431628826127206e-01 2.075337845767052871e-04
-5.594055455583926140e-01 2.413665257457460846e-04
-5.593036405313495107e-01 2.376813242123630417e-04
-5.593036405313495107e-01 2.376813242123630688e-04
-5.594564980719141101e-01 2.430280002945377010e-04
-5.596093556124785984e-01 2.473165935007842460e-04
-5.590998304772634153e-01 2.287762183110056185e-04
-5.590998304772634153e-01 2.287762183110056728e-04
-5.593036405313495107e-01 2.376813242123630417e-04
-5.592017355043065185e-01 2.334937500606389603e-04
-5.589469729366988160e-01 2.206308554815440367e-04
-5.589979254502204231e-01 2.234951724786395121e-04
-5.587941153961343277e-01 2.110689038257460904e-04
-5.589469729366988160e-01 2.206308554815439825e-04
-5.592017355043065185e-01 2.334937500606389603e-04
-5.588450679096558238e-01 2.144247406690528155e-04
-5.589979254502204231e-01 2.234951724786395121e-04
-5.594055455583926140e-01 2.413665257457460575e-04
-5.592017355043065185e-01 2.334937500606390146e-04
-5.594564980719141101e-01 2.430280002945377010e-04
-5.596603081260002055e-01 2.485208520560984870e-04
-5.594055455583926140e-01 2.413665257457460846e-04
-5.595074505854356062e-01 2.445720649033091562e-04
-5.593545930448710068e-01 2.395851986273333893e-04
-5.593036405313495107e-01 2.376813242123630688e-04
-5.589979254502204231e-01 2.234951724786395121e-04
-5.590998304772634153e-01 2.287762183110056728e-04
-5.594055455583926140e-01 2.413665257457460846e-04
-5.587431628826127206e-01 2.075337845767052871e-04
-5.590488779637419192e-01 2.262085026680307753e-04
-5.588450679096558238e-01 2.144247406690528697e-04
-5.591507829907849114e-01 2.312031709933367609e-04
-5.592017355043065185e-01 2.334937500606389603e-04
-5.594055455583926140e-01 2.413665257457460846e-04
-5.594564980719141101e-01 2.430280002945377010e-04
-5.596093556124785984e-01 2.473165935007842460e-04
-5.595074505854356062e-01 2.445720649033091562e-04
-5.593036405313495107e-01 2.376813242123630417e-04
-5.593036405313495107e-01 2.376813242123630688e-04
-5.591507829907849114e-01 2.312031709933367609e-04
-5.595074505854356062e-01 2.445720649033091562e-04
-5.586412578555697284e-01 1.998871716237366446e-04
-5.587431628826127206e-01 2.075337845767052871e-04
-5.587431628826127206e-01 2.075337845767052871e-04
-5.587431628826127206e-01 2.075337845767052871e-04
-5.588450679096558238e-01 2.144247406690528697e-04
-5.592017355043065185e-01 2.334937500606389603e-04
-5.587431628826127206e-01 2.075337845767052871e-04
-5.588960204231773199e-01 2.176095896027927597e-04
-5.592017355043065185e-01 2.334937500606389603e-04
-5.593036405313495107e-01 2.376813242123630417e-04
-5.595074505854356062e-01 2.445720649033091562e-04
-5.594564980719141101e-01 2.430280002945377010e-04
-5.593036405313495107e-01 2.376813242123630688e-04
-5.593036405313495107e-01 2.376813242123630417e-04
-5.597112606395217016e-01 2.496153184799822559e-04
-5.587431628826127206e-01 2.075337845767052871e-04
-5.590488779637419192e-01 2.262085026680307753e-04
-5.590488779637419192e-01 2.262085026680307753e-04
-5.588450679096558238e-01 2.144247406690528697e-04
-5.593036405313495107e-01 2.376813242123630417e-04
-5.588450679096558238e-01 2.144247406690528155e-04
-5.590488779637419192e-01 2.262085026680307753e-04
-5.590488779637419192e-01 2.262085026680307753e-04
-5.592017355043065185e-01 2.334937500606389603e-04
-5.594055455583926140e-01 2.413665257457460575e-04
-5.592526880178280146e-01 2.356519322744944167e-04
-5.592526880178280146e-01 2.356519322744944167e-04
-5.592017355043065185e-01 2.334937500606389603e-04
-5.596093556124785984e-01 2.473165935007842460e-04
-5.593036405313495107e-01 2.376813242123630688e-04
-5.593036405313495107e-01 2.376813242123630417e-04
-5.590488779637419192e-01 2.262085026680307753e-04
-5.593036405313495107e-01 2.376813242123630688e-04
-5.589469729366988160e-01 2.206308554815440367e-04
-5.589979254502204231e-01 2.234951724786395663e-04
-5.589979254502204231e-01 2.234951724786395121e-04
-5.592526880178280146e-01 2.356519322744944167e-04
-5.587941153961343277e-01 2.110689038257460904e-04
-5.589469729366988160e-01 2.206308554815440367e-04
-5.594564980719141101e-01 2.430280002945377010e-04
-5.591507829907849114e-01 2.312031709933367609e-04
-5.595584030989571023e-01 2.460009304094029669e-04
-5.594055455583926140e-01 2.413665257457460846e-04
-5.594055455583926140e-01 2.413665257457460846e-04
-5.593036405313495107e-01 2.376813242123630688e-04
-5.595584030989571023e-01 2.460009304094029669e-04
-5.590998304772634153e-01 2.287762183110056728e-04
-5.587941153961343277e-01 2.110689038257460904e-04
-5.590488779637419192e-01 2.262085026680307753e-04
-5.589979254502204231e-01 2.234951724786395663e-04
-5.590488779637419192e-01 2.262085026680307753e-04
-5.587941153961343277e-01 2.110689038257460904e-04
-5.590488779637419192e-01 2.262085026680307753e-04
-5.588960204231773199e-01 2.176095896027927597e-04
-5.589979254502204231e-01 2.234951724786395121e-04
-5.591507829907849114e-01 2.312031709933367609e-04
-5.592017355043065185e-01 2.334937500606389603e-04
-5.590998304772634153e-01 2.287762183110056185e-04
-5.592526880178280146e-01 2.356519322744944167e-04
-5.592017355043065185e-01 2.334937500606389603e-04
-5.595584030989571023e-01 2.460009304094029669e-04
-5.589979254502204231e-01 2.234951724786395121e-04
-5.592526880178280146e-01 2.356519322744944167e-04
-5.589979254502204231e-01 2.234951724786395663e-04
-5.593545930448710068e-01 2.395851986273333893e-04
-5.592526880178280146e-01 2.356519322744944167e-04
-5.589469729366988160e-01 2.206308554815440367e-04
-5.592526880178280146e-01 2.356519322744944438e-04
-5.587431628826127206e-01 2.075337845767052871e-04
-5.591507829907849114e-01 2.312031709933367609e-04
-5.590488779637419192e-01 2.262085026680308295e-04
-5.593545930448710068e-01 2.395851986273333893e-04
-5.592017355043065185e-01 2.334937500606389603e-04
-5.595074505854356062e-01 2.445720649033091562e-04
-5.595074505854356062e-01 2.445720649033091562e-04
-5.595074505854356062e-01 2.445720649033091562e-04
-5.592017355043065185e-01 2.334937500606389603e-04
-5.595584030989571023e-01 2.460009304094030211e-04
-5.590488779637419192e-01 2.262085026680307753e-04
-5.589469729366988160e-01 2.206308554815440367e-04
-5.590488779637419192e-01 2.262085026680307753e-04
-5.588960204231773199e-01 2.176095896027927055e-04
-5.585903053420482323e-01 1.957531645726723649e-04
-5.590488779637419192e-01 2.262085026680307753e-04
-5.594055455583926140e-01 2.413665257457460575e-04
-5.590488779637419192e-01 2.262085026680307753e-04
-5.592017355043065185e-01 2.334937500606389603e-04
-5.593545930448710068e-01 2.395851986273333893e-04
-5.591507829907849114e-01 2.312031709933367609e-04
-5.594055455583926140e-01 2.413665257457460846e-04
-5.590998304772634153e-01 2.287762183110056185e-04
-5.596093556124785984e-01 2.473165935007842460e-04
-5.593545930448710068e-01 2.395851986273334435e-04
-5.593036405313495107e-01 2.376813242123630688e-04
-5.589979254502204231e-01 2.234951724786395121e-04
-5.589469729366988160e-01 2.206308554815440367e-04
-5.589979254502204231e-01 2.234951724786395121e-04
-5.586922103690912245e-01 2.038100540860909545e-04
-5.592526880178280146e-01 2.356519322744944167e-04
-5.588960204231773199e-01 2.176095896027927597e-04
-5.590488779637419192e-01 2.262085026680307753e-04
-5.588450679096558238e-01 2.144247406690528697e-04
-5.594564980719141101e-01 2.430280002945377010e-04
-5.594055455583926140e-01 2.413665257457460575e-04
-5.589979254502204231e-01 2.234951724786395663e-04
-5.593036405313495107e-01 2.376813242123630688e-04
-5.593036405313495107e-01 2.376813242123630417e-04
-5.589469729366988160e-01 2.206308554815440367e-04
-5.594055455583926140e-01 2.413665257457460846e-04
-5.593036405313495107e-01 2.376813242123630417e-04
-5.593545930448710068e-01 2.395851986273333893e-04
-5.586922103690912245e-01 2.038100540860909545e-04
-5.590998304772634153e-01 2.287762183110056728e-04
-5.586922103690912245e-01 2.038100540860910087e-04
-5.588960204231773199e-01 2.176095896027927055e-04
-5.587941153961343277e-01 2.110689038257460904e-04
-5.587941153961343277e-01 2.110689038257460904e-04
-5.587431628826127206e-01 2.075337845767052871e-04
-5.591507829907849114e-01 2.312031709933367609e-04
-5.594055455583926140e-01 2.413665257457460575e-04
-5.591507829907849114e-01 2.312031709933367609e-04
-5.589979254502204231e-01 2.234951724786395121e-04
-5.589979254502204231e-01 2.234951724786395663e-04
-5.590998304772634153e-01 2.287762183110056185e-04
-5.590488779637419192e-01 2.262085026680307753e-04
-5.591507829907849114e-01 2.312031709933367609e-04
-5.588960204231773199e-01 2.176095896027927597e-04
-5.586922103690912245e-01 2.038100540860910087e-04
-5.586412578555697284e-01 1.998871716237366446e-04
-5.584374478014836329e-01 2.085321488936323563e-04
-5.573164925040101636e-01 2.192142703345731597e-04
-5.155863839298854279e-01 2.851174453033218301e-03
-4.232604294288912494e-01 7.611486961831469278e-03
-3.734798237183661329e-01 1.052348277984685790e-02
-3.702698153665104353e-01 1.076933656495335581e-02
-3.690979075555156919e-01 1.083924042667912084e-02
-3.947779743703614397e-01 9.407179476780373750e-03
-4.688629290306516317e-01 6.026739029758237248e-03
-5.286302273913946470e-01 2.107611781863283872e-03
-5.571636349634455643e-01 2.443596705385364621e-04
-5.586922103690912245e-01 2.161732069774079286e-04
-5.590998304772634153e-01 2.287762183110056728e-04
-5.583864952879621368e-01 1.767986141215420687e-04
-5.588960204231773199e-01 2.176095896027927055e-04
-5.587941153961343277e-01 2.110689038257460904e-04
-5.586922103690912245e-01 2.038100540860909545e-04
-5.589979254502204231e-01 2.234951724786395121e-04
-5.586922103690912245e-01 2.161732069774079286e-04
-5.588960204231773199e-01 2.176095896027927868e-04
-5.586412578555697284e-01 1.998871716237366988e-04
-5.589469729366988160e-01 2.206308554815440367e-04
-5.592526880178280146e-01 2.356519322744944167e-04
-5.588960204231773199e-01 2.176095896027927597e-04
-5.592017355043065185e-01 2.334937500606389603e-04
-5.589979254502204231e-01 2.234951724786395121e-04
-5.587431628826127206e-01 2.075337845767052871e-04
-5.587431628826127206e-01 2.075337845767052871e-04
-5.585393528285266251e-01 2.168327301508122076e-04
-5.261845067423616129e-01 2.699406269537207338e-03
-4.455776303513169778e-01 6.533058085276863269e-03
-3.794922203139055039e-01 1.034535673812154132e-02
-3.621683657165888359e-01 1.120553511218262688e-02
-3.611493154461583033e-01 1.133742201817495958e-02
-3.669579019876117454e-01 1.092768212283638449e-02
-4.346228399441903201e-01 7.206629200723844650e-03
-5.177263894977892633e-01 2.714119443744659153e-03
-5.575712550716177551e-01 2.596079315868806314e-04
-5.586412578555697284e-01 1.998871716237366446e-04
-5.585393528285266251e-01 1.913943529156779952e-04
-5.590488779637419192e-01 2.262085026680307753e-04
-5.590488779637419192e-01 2.262085026680307753e-04
-5.592017355043065185e-01 2.334937500606389603e-04
-5.592526880178280146e-01 2.356519322744944167e-04
-5.589469729366988160e-01 2.206308554815440367e-04
-5.587941153961343277e-01 2.110689038257460362e-04
-5.590488779637419192e-01 2.262085026680307753e-04
-5.588960204231773199e-01 2.176095896027927597e-04
-5.592526880178280146e-01 2.356519322744944438e-04
-5.589979254502204231e-01 2.234951724786395663e-04
-5.592017355043065185e-01 2.334937500606389332e-04
-5.588960204231773199e-01 2.176095896027927597e-04
-5.591507829907849114e-01 2.312031709933367338e-04
-5.591507829907849114e-01 2.312031709933367609e-04
-5.592526880178280146e-01 2.356519322744944167e-04
-5.593036405313495107e-01 2.376813242123630688e-04
-5.591507829907849114e-01 2.312031709933367609e-04
-5.594055455583926140e-01 2.413665257457460846e-04
-5.593545930448710068e-01 2.395851986273333893e-04
-5.592526880178280146e-01 2.356519322744944167e-04
-5.591507829907849114e-01 2.312031709933367609e-04
-5.586922103690912245e-01 2.038100540860909545e-04
-5.588450679096558238e-01 2.144247406690528697e-04
-5.588960204231773199e-01 2.176095896027927597e-04
-5.588960204231773199e-01 2.176095896027927597e-04
-5.588450679096558238e-01 2.144247406690528697e-04
-5.585903053420482323e-01 1.957531645726723649e-04
-5.589469729366988160e-01 2.206308554815440367e-04
-5.593545930448710068e-01 2.395851986273333893e-04
-5.588960204231773199e-01 2.176095896027927597e-04
-5.594564980719141101e-01 2.430280002945377010e-04
-5.592017355043065185e-01 2.334937500606389603e-04
-5.592017355043065185e-01 2.334937500606389603e-04
-5.593036405313495107e-01 2.376813242123630417e-04
-5.596093556124785984e-01 2.473165935007842460e-04
-5.594564980719141101e-01 2.430280002945377010e-04
-5.592526880178280146e-01 2.356519322744944167e-04
-5.588960204231773199e-01 2.176095896027927868e-04
-5.588450679096558238e-01 2.144247406690528697e-04
-5.586922103690912245e-01 2.038100540860909545e-04
-5.584884003150051290e-01 1.867950000485111791e-04
-5.583355427744405297e-01 1.713550528941601772e-04
-5.585393528285266251e-01 1.913943529156779952e-04
-5.587431628826127206e-01 2.075337845767052871e-04
-5.590998304772634153e-01 2.287762183110056728e-04
-5.592017355043065185e-01 2.334937500606389603e-04
-5.594564980719141101e-01 2.430280002945377010e-04
-5.598131656665646938e-01 2.514804651024825670e-04
-5.590998304772634153e-01 2.287762183110056728e-04
-5.593545930448710068e-01 2.395851986273333893e-04
-5.595074505854356062e-01 2.445720649033091562e-04
-5.590998304772634153e-01 2.287762183110056728e-04
-5.589469729366988160e-01 2.206308554815440638e-04
-5.590488779637419192e-01 2.262085026680307753e-04
-5.588960204231773199e-01 2.176095896027927597e-04
-5.592017355043065185e-01 2.334937500606389332e-04
-5.590998304772634153e-01 2.287762183110056728e-04
-5.587941153961343277e-01 2.110689038257460362e-04
-5.585903053420482323e-01 1.957531645726723107e-04
-5.589469729366988160e-01 2.206308554815440367e-04
-5.593545930448710068e-01 2.395851986273333893e-04
-5.590998304772634153e-01 2.287762183110056728e-04
-5.594564980719141101e-01 2.430280002945377010e-04
-5.590998304772634153e-01 2.287762183110056185e-04
-5.588960204231773199e-01 2.176095896027927597e-04
-5.591507829907849114e-01 2.312031709933367609e-04
-5.595074505854356062e-01 2.445720649033091562e-04
-5.590488779637419192e-01 2.262085026680307753e-04
-5.589979254502204231e-01 2.234951724786395121e-04
-5.591507829907849114e-01 2.312031709933367609e-04
-5.589469729366988160e-01 2.206308554815440367e-04
-5.590998304772634153e-01 2.287762183110056728e-04
-5.588960204231773199e-01 2.176095896027927597e-04
-5.588960204231773199e-01 2.176095896027927597e-04
-5.586922103690912245e-01 2.038100540860910087e-04
-5.592017355043065185e-01 2.334937500606389603e-04
-5.593036405313495107e-01 2.376813242123630688e-04
-5.594564980719141101e-01 2.430280002945377010e-04
-5.590998304772634153e-01 2.287762183110056728e-04
-5.594055455583926140e-01 2.413665257457460846e-04
-5.592017355043065185e-01 2.334937500606389603e-04
-5.592526880178280146e-01 2.356519322744944167e-04
-5.592526880178280146e-01 2.356519322744944167e-04
-5.589469729366988160e-01 2.206308554815440367e-04
-5.585903053420482323e-01 1.957531645726723649e-04
-5.595074505854356062e-01 2.445720649033091562e-04
-5.590998304772634153e-01 2.287762183110056185e-04
-5.589979254502204231e-01 2.234951724786395121e-04
-5.591507829907849114e-01 2.312031709933367609e-04
-5.586922103690912245e-01 2.038100540860910087e-04
-5.587431628826127206e-01 2.075337845767052871e-04
-5.596093556124785984e-01 2.473165935007842460e-04
-5.592017355043065185e-01 2.334937500606389603e-04
-5.589979254502204231e-01 2.234951724786395663e-04
-5.589979254502204231e-01 2.234951724786395663e-04
-5.589979254502204231e-01 2.234951724786395121e-04
-5.592526880178280146e-01 2.356519322744944167e-04
-5.593036405313495107e-01 2.376813242123630417e-04
-5.590998304772634153e-01 2.287762183110056185e-04
-5.587941153961343277e-01 2.110689038257460904e-04
-5.592526880178280146e-01 2.356519322744944438e-04
-5.591507829907849114e-01 2.312031709933367609e-04
-5.588450679096558238e-01 2.144247406690528697e-04
-5.590488779637419192e-01 2.262085026680307753e-04
-5.590998304772634153e-01 2.287762183110056185e-04
-5.588960204231773199e-01 2.176095896027927597e-04
-5.591507829907849114e-01 2.312031709933367609e-04
-5.592017355043065185e-01 2.334937500606389603e-04
-5.593036405313495107e-01 2.376813242123630417e-04
-5.592526880178280146e-01 2.356519322744944167e-04
-5.593545930448710068e-01 2.395851986273333893e-04
-5.593545930448710068e-01 2.395851986273334435e-04
-5.596603081260002055e-01 2.485208520560984870e-04
-5.595074505854356062e-01 2.445720649033091562e-04
-5.586922103690912245e-01 2.038100540860909545e-04
-5.586922103690912245e-01 2.038100540860909545e-04
-5.587431628826127206e-01 2.075337845767052871e-04
-5.589979254502204231e-01 2.234951724786395663e-04
-5.589469729366988160e-01 2.206308554815440367e-04
-5.587431628826127206e-01 2.075337845767052871e-04
-5.588960204231773199e-01 2.176095896027927597e-04
-5.587941153961343277e-01 2.110689038257460904e-04
-5.588960204231773199e-01 2.176095896027927597e-04
-5.588960204231773199e-01 2.176095896027927055e-04
-5.591507829907849114e-01 2.312031709933367609e-04
-5.593545930448710068e-01 2.395851986273334435e-04
-5.591507829907849114e-01 2.312031709933367338e-04
-5.592017355043065185e-01 2.334937500606389603e-04
-5.598131656665646938e-01 2.514804651024825670e-04
-5.596093556124785984e-01 2.473165935007842460e-04
-5.592526880178280146e-01 2.356519322744944167e-04
-5.588960204231773199e-01 2.176095896027927597e-04
-5.587941153961343277e-01 2.110689038257460362e-04
-5.589469729366988160e-01 2.206308554815440367e-04
-5.588960204231773199e-01 2.176095896027927597e-04
-5.588960204231773199e-01 2.176095896027927055e-04
-5.586412578555697284e-01 1.998871716237366446e-04
-5.587941153961343277e-01 2.110689038257460362e-04
-5.590998304772634153e-01 2.287762183110056728e-04
-5.595074505854356062e-01 2.445720649033091562e-04
-5.595074505854356062e-01 2.445720649033091562e-04
-5.592526880178280146e-01 2.356519322744944167e-04
-5.592017355043065185e-01 2.334937500606389603e-04
-5.590488779637419192e-01 2.262085026680307753e-04
-5.592017355043065185e-01 2.334937500606389603e-04
-5.593545930448710068e-01 2.395851986273333893e-04
-5.592526880178280146e-01 2.356519322744944167e-04
-5.588450679096558238e-01 2.144247406690528697e-04
-5.589469729366988160e-01 2.206308554815440367e-04
-5.589979254502204231e-01 2.234951724786395121e-04
-5.590998304772634153e-01 2.287762183110056728e-04
-5.587431628826127206e-01 2.075337845767052871e-04
-5.589469729366988160e-01 2.206308554815440367e-04
-5.585393528285266251e-01 1.913943529156779952e-04
-5.589469729366988160e-01 2.206308554815440367e-04
-5.589979254502204231e-01 2.234951724786395663e-04
-5.590488779637419192e-01 2.262085026680307753e-04
-5.594564980719141101e-01 2.430280002945377010e-04
-5.589979254502204231e-01 2.234951724786395121e-04
-5.597622131530431977e-01 2.506014312815343925e-04
-5.592526880178280146e-01 2.464227068535382054e-04
-5.590998304772634153e-01 2.287762183110056185e-04
-5.587941153961343277e-01 2.110689038257460904e-04
-5.592526880178280146e-01 2.356519322744944167e-04
-5.588450679096558238e-01 2.144247406690528697e-04
-5.590488779637419192e-01 2.262085026680307753e-04
-5.587941153961343277e-01 2.110689038257460362e-04
-5.589469729366988160e-01 2.206308554815440367e-04
-5.588450679096558238e-01 2.144247406690528697e-04
-5.589469729366988160e-01 2.206308554815440367e-04
-5.593036405313495107e-01 2.376813242123630417e-04
-5.596093556124785984e-01 2.473165935007842460e-04
-5.596093556124785984e-01 2.473165935007842460e-04
-5.597112606395217016e-01 2.496153184799823101e-04
-5.590488779637419192e-01 2.262085026680307753e-04
-5.592017355043065185e-01 2.334937500606389603e-04
-5.590998304772634153e-01 2.287762183110056728e-04
-5.592017355043065185e-01 2.334937500606389603e-04
-5.589469729366988160e-01 2.206308554815440367e-04
-5.591507829907849114e-01 2.312031709933367609e-04
-5.593545930448710068e-01 2.395851986273333893e-04
-5.586412578555697284e-01 1.998871716237366988e-04
-5.588450679096558238e-01 2.144247406690528697e-04
-5.588960204231773199e-01 2.176095896027927868e-04
-5.586412578555697284e-01 1.998871716237366988e-04
-5.590998304772634153e-01 2.287762183110056728e-04
-5.593036405313495107e-01 2.376813242123629875e-04
-5.593545930448710068e-01 2.395851986273333893e-04
-5.592526880178280146e-01 2.356519322744944438e-04
-5.594055455583926140e-01 2.413665257457460846e-04
-5.592017355043065185e-01 2.334937500606389603e-04
-5.593545930448710068e-01 2.395851986273333893e-04
-5.591507829907849114e-01 2.312031709933367609e-04
-5.587941153961343277e-01 2.110689038257460904e-04
-5.587941153961343277e-01 2.110689038257460362e-04
-5.587941153961343277e-01 2.110689038257460362e-04
-5.590488779637419192e-01 2.262085026680307753e-04
-5.587431628826127206e-01 2.075337845767052871e-04
-5.588960204231773199e-01 2.176095896027927597e-04
-5.586412578555697284e-01 1.998871716237366988e-04
-5.589469729366988160e-01 2.206308554815440367e-04
-5.586922103690912245e-01 2.038100540860909545e-04
-5.590998304772634153e-01 2.287762183110056185e-04
-5.595584030989571023e-01 2.460009304094030211e-04
-5.591507829907849114e-01 2.312031709933367609e-04
-5.592017355043065185e-01 2.334937500606389603e-04
-5.588960204231773199e-01 2.176095896027927597e-04
-5.593545930448710068e-01 2.395851986273333893e-04
-5.592017355043065185e-01 2.334937500606389603e-04
-5.590998304772634153e-01 2.287762183110056728e-04
-5.590488779637419192e-01 2.262085026680307753e-04
-5.588960204231773199e-01 2.176095896027927055e-04
-5.585903053420482323e-01 1.957531645726723107e-04
-5.592017355043065185e-01 2.334937500606389603e-04
-5.589979254502204231e-01 2.234951724786395121e-04
-5.590488779637419192e-01 2.262085026680307753e-04
-5.588450679096558238e-01 2.144247406690528697e-04
-5.593036405313495107e-01 2.376813242123630688e-04
-5.590488779637419192e-01 2.262085026680307753e-04
-5.590998304772634153e-01 2.287762183110056185e-04
-5.589469729366988160e-01 2.206308554815439825e-04
-5.592526880178280146e-01 2.356519322744944167e-04
-5.592017355043065185e-01 2.334937500606389603e-04
-5.593036405313495107e-01 2.376813242123629875e-04
-5.593036405313495107e-01 2.376813242123630417e-04
-5.590998304772634153e-01 2.287762183110056728e-04
-5.591507829907849114e-01 2.312031709933367338e-04
-5.590488779637419192e-01 2.262085026680307753e-04
-5.588960204231773199e-01 2.176095896027927597e-04
-5.588450679096558238e-01 2.144247406690528697e-04
-5.592017355043065185e-01 2.334937500606390146e-04
-5.585393528285266251e-01 1.913943529156779952e-04
-5.587431628826127206e-01 2.075337845767052871e-04
-5.591507829907849114e-01 2.312031709933367609e-04
-5.592526880178280146e-01 2.356519322744944167e-04
-5.592017355043065185e-01 2.334937500606390146e-04
-5.593545930448710068e-01 2.395851986273333893e-04
-5.592526880178280146e-01 2.356519322744944167e-04
-5.593545930448710068e-01 2.395851986273333893e-04
-5.592526880178280146e-01 2.356519322744944438e-04
-5.595584030989571023e-01 2.460009304094029669e-04
-5.588450679096558238e-01 2.144247406690528697e-04
-5.588960204231773199e-01 2.176095896027927597e-04
-5.589979254502204231e-01 2.234951724786395121e-04
-5.587431628826127206e-01 2.075337845767052871e-04
-5.592526880178280146e-01 2.356519322744944167e-04
-5.588450679096558238e-01 2.144247406690528697e-04
-5.586412578555697284e-01 1.998871716237366988e-04
-5.587431628826127206e-01 2.075337845767052871e-04
-5.592017355043065185e-01 2.334937500606389603e-04
-5.592526880178280146e-01 2.356519322744944167e-04
-5.592017355043065185e-01 2.334937500606389603e-04
-5.593545930448710068e-01 2.395851986273333351e-04
-5.593036405313495107e-01 2.376813242123630417e-04
-5.592526880178280146e-01 2.356519322744944167e-04
-5.589979254502204231e-01 2.234951724786395121e-04
-5.592526880178280146e-01 2.356519322744944167e-04
-5.588960204231773199e-01 2.176095896027927597e-04
-5.592526880178280146e-01 2.356519322744944438e-04
-5.587431628826127206e-01 2.075337845767052871e-04
-5.590488779637419192e-01 2.262085026680307753e-04
-5.586412578555697284e-01 1.998871716237366988e-04
-5.588960204231773199e-01 2.176095896027927055e-04
-5.587431628826127206e-01 2.075337845767052871e-04
-5.589979254502204231e-01 2.234951724786395121e-04
-5.593036405313495107e-01 2.376813242123630417e-04
-5.592017355043065185e-01 2.334937500606389603e-04
-5.590998304772634153e-01 2.287762183110056728e-04
-5.590488779637419192e-01 2.262085026680307753e-04
-5.590488779637419192e-01 2.262085026680307753e-04
-5.592017355043065185e-01 2.334937500606389603e-04
-5.587941153961343277e-01 2.110689038257460904e-04
-5.590488779637419192e-01 2.262085026680307753e-04
-5.585393528285266251e-01 1.913943529156780224e-04
-5.588450679096558238e-01 2.144247406690528697e-04
-5.587941153961343277e-01 2.110689038257460362e-04
-5.586922103690912245e-01 2.038100540860910087e-04
-5.590488779637419192e-01 2.262085026680307753e-04
-5.591507829907849114e-01 2.312031709933367609e-04
-5.588960204231773199e-01 2.176095896027927055e-04
-5.589979254502204231e-01 2.234951724786395121e-04
-5.594055455583926140e-01 2.413665257457460846e-04
-5.593036405313495107e-01 2.376813242123630688e-04
-5.593036405313495107e-01 2.376813242123630417e-04
-5.590488779637419192e-01 2.262085026680307211e-04
-5.589979254502204231e-01 2.234951724786395121e-04
-5.590998304772634153e-01 2.287762183110056185e-04
-5.587941153961343277e-01 2.110689038257460904e-04
-5.591507829907849114e-01 2.312031709933367609e-04
-5.588450679096558238e-01 2.144247406690528697e-04
-5.589979254502204231e-01 2.234951724786395121e-04
-5.589979254502204231e-01 2.234951724786395663e-04
-5.587941153961343277e-01 2.110689038257460904e-04
-5.584884003150051290e-01 1.867950000485111791e-04
-5.588450679096558238e-01 2.144247406690528697e-04
-5.586922103690912245e-01 2.038100540860909545e-04
-5.587431628826127206e-01 2.075337845767052871e-04
-5.594564980719141101e-01 2.430280002945377010e-04
-5.596093556124785984e-01 2.473165935007842460e-04
-5.590488779637419192e-01 2.262085026680307753e-04
-5.592017355043065185e-01 2.334937500606389603e-04
-5.591507829907849114e-01 2.312031709933367609e-04
-5.593545930448710068e-01 2.395851986273333893e-04
-5.594564980719141101e-01 2.430280002945377010e-04
-5.590998304772634153e-01 2.287762183110056728e-04
-5.590488779637419192e-01 2.262085026680307753e-04
-5.588450679096558238e-01 2.144247406690528697e-04
-5.588960204231773199e-01 2.176095896027927055e-04
-5.589469729366988160e-01 2.206308554815439825e-04
-5.588960204231773199e-01 2.176095896027927055e-04
-5.584884003150051290e-01 1.867950000485111791e-04
-5.587431628826127206e-01 2.075337845767052871e-04
-5.589469729366988160e-01 2.206308554815440367e-04
-5.593545930448710068e-01 2.395851986273333893e-04
-5.593036405313495107e-01 2.376813242123630688e-04
-5.594055455583926140e-01 2.413665257457460575e-04
-5.594564980719141101e-01 2.430280002945377010e-04
-5.586922103690912245e-01 2.038100540860909545e-04
-5.593036405313495107e-01 2.376813242123630417e-04
-5.591507829907849114e-01 2.312031709933367609e-04
-5.590998304772634153e-01 2.287762183110056728e-04
-5.584374478014836329e-01 1.819368642841582401e-04
-5.586412578555697284e-01 1.998871716237366988e-04
-5.585903053420482323e-01 1.957531645726723649e-04
-5.587941153961343277e-01 2.110689038257460362e-04
-5.586922103690912245e-01 2.038100540860910087e-04
-5.588960204231773199e-01 2.176095896027927597e-04
-5.585903053420482323e-01 1.957531645726723649e-04
-5.594055455583926140e-01 2.413665257457460575e-04
-5.589469729366988160e-01 2.206308554815440367e-04
-5.587941153961343277e-01 2.110689038257460904e-04
-5.590998304772634153e-01 2.287762183110056185e-04
-5.588960204231773199e-01 2.176095896027927597e-04
-5.591507829907849114e-01 2.312031709933367609e-04
-5.589469729366988160e-01 2.320997450641423961e-04
-5.593036405313495107e-01 2.376813242123630417e-04
-5.585393528285266251e-01 1.913943529156780224e-04
-5.587431628826127206e-01 2.196874803193214385e-04
-5.586922103690912245e-01 2.038100540860909545e-04
-5.586922103690912245e-01 2.038100540860909545e-04
-5.584374478014836329e-01 1.819368642841582672e-04
-5.588960204231773199e-01 2.176095896027927597e-04
-5.586922103690912245e-01 2.038100540860909545e-04
-5.587431628826127206e-01 2.075337845767052871e-04
-5.590488779637419192e-01 2.262085026680307753e-04
-5.586412578555697284e-01 1.998871716237366446e-04
-5.589979254502204231e-01 2.234951724786395663e-04
-5.592526880178280146e-01 2.356519322744944167e-04
-5.587431628826127206e-01 2.075337845767052871e-04
-5.589469729366988160e-01 2.206308554815440367e-04
-5.589979254502204231e-01 2.234951724786395121e-04
-5.590488779637419192e-01 2.262085026680307753e-04
-5.585903053420482323e-01 2.085943880082531470e-04
-5.588450679096558238e-01 2.144247406690528155e-04
-5.583864952879621368e-01 1.767986141215420416e-04
-5.586412578555697284e-01 1.998871716237366988e-04
-5.582336377473975375e-01 1.594251957139641992e-04
-5.587431628826127206e-01 2.075337845767052871e-04
-5.589469729366988160e-01 2.206308554815440367e-04
-5.585903053420482323e-01 1.957531645726723649e-04
-5.587431628826127206e-01 2.075337845767052871e-04
-5.588960204231773199e-01 2.176095896027927597e-04
-5.585903053420482323e-01 1.957531645726723107e-04
-5.588450679096558238e-01 2.144247406690528697e-04
-5.588960204231773199e-01 2.176095896027927597e-04
-5.585903053420482323e-01 2.085943880082531470e-04
-5.585393528285266251e-01 2.045094511173823986e-04
-5.584884003150051290e-01 2.002116113302252907e-04
-5.583864952879621368e-01 1.767986141215420416e-04
-5.586412578555697284e-01 1.998871716237366988e-04
-5.583355427744405297e-01 1.858894064240411588e-04
-5.583355427744405297e-01 1.858894064240411588e-04
-5.583864952879621368e-01 2.040646576258166257e-04
-5.583355427744405297e-01 1.713550528941602043e-04
-5.585393528285266251e-01 2.045094511173823986e-04
-5.584884003150051290e-01 1.867950000485111520e-04
-5.584884003150051290e-01 2.002116113302252636e-04
-5.583355427744405297e-01 1.993669699047569881e-04
-5.583864952879621368e-01 1.767986141215420416e-04
-5.586922103690912245e-01 2.038100540860910087e-04
-5.586922103690912245e-01 2.038100540860909545e-04
-5.587941153961343277e-01 2.110689038257460904e-04
-5.585903053420482323e-01 1.957531645726723649e-04
-5.583864952879621368e-01 1.767986141215420416e-04
-5.582845902609190336e-01 1.655760706646335566e-04
-5.583864952879621368e-01 2.040646576258166257e-04
-5.586922103690912245e-01 2.038100540860909545e-04
-5.582336377473975375e-01 1.892115946898593700e-04
-5.580807802068329382e-01 2.241910594947000689e-04
-5.582336377473975375e-01 2.149084970440290462e-04
-5.577241126121823545e-01 1.836412280991140994e-04
-5.582336377473975375e-01 2.149084970440290462e-04
-5.581826852338760414e-01 2.220968573597074220e-04
-5.580298276933114421e-01 2.192142703345732681e-04
-5.576222075851392512e-01 2.547116099978215904e-04
-5.571636349634455643e-01 2.926999059229633791e-04
-5.561445846930150871e-01 3.099320400732319641e-04
-5.552274394496277132e-01 3.707998938311125306e-04
-5.532402914222882551e-01 4.594492992089850743e-04
-5.491131378270455166e-01 7.273192444150912818e-04
-4.524562196767222266e-01 9.709194978233253934e-03
4.214812922443887389e-01 5.886923207187431256e-02
1.592828625590611669e+00 1.229108299506199431e-01
2.255822731532629799e+00 1.617069893089686516e-01
2.307335722702886116e+00 1.638478559190445494e-01
2.332506264382516736e+00 1.647006224774120176e-01
2.175012045087499235e+00 1.550940257266772981e-01
1.196061402798535456e+00 9.893439710023375910e-02
9.395853532805822916e-02 4.332635138695200422e-02
-5.140578085242398787e-01 2.163316759118611050e-03
-5.446293166371520833e-01 5.999428581456628298e-04
-5.527307662870730720e-01 3.706248147837009114e-04
-5.548198193414555224e-01 2.820395372118805451e-04
-5.560426796659720949e-01 2.684573777796173707e-04
-5.567050623417518773e-01 2.464227068535381512e-04
-5.572655399904885565e-01 2.354866204812454053e-04
-5.574693500445746519e-01 2.152102925824680405e-04
-5.580298276933114421e-01 1.940882834734634552e-04
-5.578260176392253467e-01 1.830748698402322346e-04
-5.579279226662684499e-01 1.670589875380259213e-04
-5.579279226662684499e-01 2.320997450641423419e-04
-5.581317327203545453e-01 1.626494896459873920e-04
-5.582336377473975375e-01 2.024681328836751737e-04
-5.582845902609190336e-01 1.805761679875327117e-04
-5.584374478014836329e-01 1.819368642841582401e-04
-5.586412578555697284e-01 1.998871716237366988e-04
-5.587431628826127206e-01 2.075337845767052871e-04
-5.584374478014836329e-01 1.956868412895310778e-04
-5.583864952879621368e-01 1.767986141215420687e-04
-5.585393528285266251e-01 1.913943529156779952e-04
-5.583864952879621368e-01 1.767986141215420687e-04
-5.583355427744405297e-01 1.713550528941602043e-04
-5.582336377473975375e-01 1.892115946898593700e-04
-5.582845902609190336e-01 1.655760706646335566e-04
-5.581826852338760414e-01 1.528575405645682362e-04
-5.582845902609190336e-01 1.805761679875327117e-04
-5.582845902609190336e-01 1.944224002356301499e-04
-5.583864952879621368e-01 1.909190069731661100e-04
-5.582845902609190336e-01 1.805761679875327117e-04
-5.584374478014836329e-01 1.819368642841582672e-04
-5.583864952879621368e-01 1.767986141215420416e-04
-5.585393528285266251e-01 1.913943529156779952e-04
-5.585903053420482323e-01 1.957531645726723107e-04
-5.587431628826127206e-01 2.075337845767052871e-04
-5.587431628826127206e-01 2.075337845767052871e-04
-5.586922103690912245e-01 2.038100540860910087e-04
-5.586412578555697284e-01 1.998871716237366446e-04
-5.586412578555697284e-01 1.998871716237366988e-04
-5.586412578555697284e-01 1.998871716237366446e-04
-5.586922103690912245e-01 2.038100540860909545e-04
-5.589469729366988160e-01 2.206308554815440367e-04
-5.584884003150051290e-01 1.867950000485111791e-04
-5.587941153961343277e-01 2.110689038257460904e-04
-5.586922103690912245e-01 2.038100540860910087e-04
-5.589979254502204231e-01 2.234951724786395121e-04
-5.590998304772634153e-01 2.287762183110056185e-04
-5.589979254502204231e-01 2.234951724786395121e-04
-5.588960204231773199e-01 2.176095896027927597e-04
-5.592526880178280146e-01 2.356519322744944167e-04
-5.593545930448710068e-01 2.395851986273333893e-04
-5.590998304772634153e-01 2.287762183110056185e-04
-5.589979254502204231e-01 2.234951724786395663e-04
-5.592017355043065185e-01 2.334937500606389603e-04
-5.586922103690912245e-01 2.038100540860909545e-04
-5.587941153961343277e-01 2.110689038257460904e-04
-5.587941153961343277e-01 2.110689038257460904e-04
-5.586922103690912245e-01 2.038100540860909545e-04
-5.587431628826127206e-01 2.075337845767052871e-04
-5.587431628826127206e-01 2.075337845767052871e-04
-5.587941153961343277e-01 2.110689038257460904e-04
-5.587431628826127206e-01 2.075337845767052871e-04
-5.591507829907849114e-01 2.312031709933368151e-04
-5.590488779637419192e-01 2.262085026680307753e-04
-5.589979254502204231e-01 2.234951724786395663e-04
-5.590998304772634153e-01 2.287762183110056185e-04
-5.587431628826127206e-01 2.075337845767052871e-04
-5.592526880178280146e-01 2.356519322744944167e-04
-5.590488779637419192e-01 2.262085026680307753e-04
-5.587941153961343277e-01 2.110689038257460904e-04
-5.589979254502204231e-01 2.234951724786395121e-04
-5.585393528285266251e-01 1.913943529156780224e-04
-5.589979254502204231e-01 2.234951724786395121e-04
-5.587431628826127206e-01 2.075337845767052871e-04
-5.586922103690912245e-01 2.038100540860910087e-04
-5.589469729366988160e-01 2.206308554815440367e-04
-5.587941153961343277e-01 2.110689038257460904e-04
-5.591507829907849114e-01 2.312031709933368151e-04
-5.590488779637419192e-01 2.262085026680307753e-04
-5.594055455583926140e-01 2.413665257457460846e-04
-5.592526880178280146e-01 2.356519322744944167e-04
-5.587941153961343277e-01 2.110689038257460904e-04
-5.594564980719141101e-01 2.430280002945377010e-04
-5.591507829907849114e-01 2.312031709933367338e-04
-5.589979254502204231e-01 2.234951724786395121e-04
-5.590488779637419192e-01 2.262085026680307753e-04
-5.587431628826127206e-01 2.075337845767052871e-04
-5.586922103690912245e-01 2.038100540860910087e-04
-5.588960204231773199e-01 2.176095896027927597e-04
-5.589979254502204231e-01 2.234951724786395663e-04
-5.589979254502204231e-01 2.234951724786395121e-04
-5.589979254502204231e-01 2.234951724786395663e-04
-5.588450679096558238e-01 2.144247406690528697e-04
-5.591507829907849114e-01 2.312031709933367609e-04
-5.590488779637419192e-01 2.262085026680307753e-04
-5.595584030989571023e-01 2.460009304094030211e-04
-5.594055455583926140e-01 2.413665257457460033e-04
-5.592526880178280146e-01 2.356519322744944167e-04
-5.595584030989571023e-01 2.460009304094029669e-04
-5.590998304772634153e-01 2.287762183110056728e-04
-5.587941153961343277e-01 2.110689038257460904e-04
-5.586922103690912245e-01 2.038100540860910087e-04
-5.592017355043065185e-01 2.334937500606389603e-04
-5.588960204231773199e-01 2.176095896027927597e-04
-5.586412578555697284e-01 1.998871716237366988e-04
-5.587431628826127206e-01 2.075337845767052871e-04
-5.587941153961343277e-01 2.110689038257460904e-04
-5.588450679096558238e-01 2.144247406690528697e-04
-5.589979254502204231e-01 2.234951724786395663e-04
-5.590998304772634153e-01 2.287762183110056185e-04
-5.593545930448710068e-01 2.395851986273333893e-04
-5.589979254502204231e-01 2.234951724786395121e-04
-5.592017355043065185e-01 2.334937500606389603e-04
-5.593545930448710068e-01 2.395851986273333893e-04
-5.593545930448710068e-01 2.395851986273333351e-04
-5.590998304772634153e-01 2.287762183110056728e-04
-5.590998304772634153e-01 2.287762183110056185e-04
-5.588450679096558238e-01 2.144247406690528697e-04
-5.585903053420482323e-01 1.957531645726723107e-04
-5.587941153961343277e-01 2.110689038257460904e-04
-5.586922103690912245e-01 2.038100540860910087e-04
-5.587431628826127206e-01 2.075337845767052871e-04
-5.584884003150051290e-01 1.867950000485111520e-04
-5.590488779637419192e-01 2.262085026680307753e-04
-5.592526880178280146e-01 2.356519322744944167e-04
-5.590488779637419192e-01 2.262085026680308295e-04
-5.592017355043065185e-01 2.334937500606389603e-04
-5.595584030989571023e-01 2.460009304094030211e-04
-5.590488779637419192e-01 2.262085026680307753e-04
-5.593036405313495107e-01 2.376813242123630417e-04
-5.591507829907849114e-01 2.312031709933367609e-04
-5.587941153961343277e-01 2.110689038257460904e-04
-5.590488779637419192e-01 2.262085026680307753e-04
-5.592017355043065185e-01 2.334937500606389603e-04
-5.587431628826127206e-01 2.075337845767052871e-04
-5.589979254502204231e-01 2.234951724786395121e-04
-5.586922103690912245e-01 2.038100540860909545e-04
-5.588450679096558238e-01 2.144247406690528697e-04
-5.586922103690912245e-01 2.038100540860910087e-04
-5.587431628826127206e-01 2.075337845767052871e-04
-5.590488779637419192e-01 2.374080957921073068e-04
-5.588960204231773199e-01 2.176095896027927055e-04
-5.593036405313495107e-01 2.376813242123630417e-04
-5.591507829907849114e-01 2.312031709933367609e-04
-5.595584030989571023e-01 2.460009304094029669e-04
-5.590998304772634153e-01 2.287762183110056728e-04
-5.594564980719141101e-01 2.430280002945377010e-04
-5.590998304772634153e-01 2.287762183110056185e-04
-5.589469729366988160e-01 2.206308554815440367e-04
-5.586922103690912245e-01 2.038100540860909545e-04
-5.587431628826127206e-01 2.075337845767052871e-04
-5.586922103690912245e-01 2.038100540860910087e-04
-5.589469729366988160e-01 2.206308554815440367e-04
-5.589979254502204231e-01 2.234951724786395663e-04
-5.589469729366988160e-01 2.206308554815439825e-04
-5.593545930448710068e-01 2.395851986273333893e-04
-5.592526880178280146e-01 2.356519322744944167e-04
-5.596093556124785984e-01 2.473165935007842460e-04
-5.593036405313495107e-01 2.376813242123630688e-04
-5.590998304772634153e-01 2.287762183110056185e-04
-5.590998304772634153e-01 2.287762183110056185e-04
-5.592526880178280146e-01 2.356519322744944167e-04
-5.592526880178280146e-01 2.356519322744944167e-04
-5.595584030989571023e-01 2.460009304094030211e-04
-5.589979254502204231e-01 2.234951724786395121e-04
-5.590998304772634153e-01 2.287762183110056728e-04
-5.587431628826127206e-01 2.075337845767052871e-04
-5.591507829907849114e-01 2.312031709933367609e-04
-5.587941153961343277e-01 2.110689038257460362e-04
-5.588450679096558238e-01 2.144247406690528697e-04
-5.589979254502204231e-01 2.234951724786395121e-04
-5.590998304772634153e-01 2.287762183110056728e-04
-5.590998304772634153e-01 2.287762183110056185e-04
-5.593036405313495107e-01 2.376813242123630688e-04
-5.592526880178280146e-01 2.356519322744944167e-04
-5.592526880178280146e-01 2.356519322744944438e-04
-5.589469729366988160e-01 2.206308554815440367e-04
-5.594055455583926140e-01 2.413665257457460846e-04
-5.591507829907849114e-01 2.312031709933367609e-04
-5.589979254502204231e-01 2.234951724786395121e-04
-5.592017355043065185e-01 2.334937500606389603e-04
-5.590488779637419192e-01 2.262085026680307753e-04
-5.586412578555697284e-01 1.998871716237366988e-04
-5.588450679096558238e-01 2.144247406690528697e-04
-5.587941153961343277e-01 2.110689038257460904e-04
-5.587941153961343277e-01 2.110689038257460904e-04
-5.587431628826127206e-01 2.075337845767052871e-04
-5.593545930448710068e-01 2.395851986273333893e-04
-5.589979254502204231e-01 2.234951724786395121e-04
-5.593036405313495107e-01 2.376813242123630688e-04
-5.594564980719141101e-01 2.430280002945377010e-04
-5.591507829907849114e-01 2.312031709933367609e-04
-5.593036405313495107e-01 2.376813242123630688e-04
-5.590488779637419192e-01 2.262085026680307753e-04
-5.590488779637419192e-01 2.262085026680307753e-04
-5.590998304772634153e-01 2.287762183110056185e-04
-5.586922103690912245e-01 2.038100540860909545e-04
-5.587941153961343277e-01 2.110689038257460904e-04
-5.588450679096558238e-01 2.144247406690528697e-04
-5.589469729366988160e-01 2.206308554815440367e-04
-5.589979254502204231e-01 2.234951724786395121e-04
-5.585393528285266251e-01 1.913943529156780224e-04
-5.587941153961343277e-01 2.230300415426674020e-04
-5.589469729366988160e-01 2.206308554815440367e-04
-5.591507829907849114e-01 2.312031709933367338e-04
-5.592017355043065185e-01 2.334937500606389603e-04
-5.593545930448710068e-01 2.395851986273333893e-04
-5.591507829907849114e-01 2.312031709933367609e-04
-5.593545930448710068e-01 2.395851986273333893e-04
-5.590488779637419192e-01 2.262085026680307753e-04
-5.593545930448710068e-01 2.395851986273333893e-04
-5.587431628826127206e-01 2.196874803193213843e-04
-5.589469729366988160e-01 2.206308554815440367e-04
-5.587431628826127206e-01 2.075337845767052871e-04
-5.587941153961343277e-01 2.110689038257460904e-04
-5.590998304772634153e-01 2.287762183110056185e-04
-5.589979254502204231e-01 2.234951724786395121e-04
-5.588450679096558238e-01 2.144247406690528697e-04
-5.592526880178280146e-01 2.356519322744944167e-04
-5.590488779637419192e-01 2.262085026680307753e-04
-5.592526880178280146e-01 2.356519322744944167e-04
-5.592017355043065185e-01 2.334937500606389332e-04
-5.593545930448710068e-01 2.395851986273333893e-04
-5.592017355043065185e-01 2.334937500606389603e-04
-5.589469729366988160e-01 2.206308554815440367e-04
-5.587941153961343277e-01 2.110689038257460362e-04
-5.591507829907849114e-01 2.312031709933367609e-04
-5.586412578555697284e-01 1.998871716237366446e-04
-5.588960204231773199e-01 2.176095896027927597e-04
-5.589979254502204231e-01 2.234951724786395121e-04
-5.588450679096558238e-01 2.144247406690528697e-04
-5.586412578555697284e-01 1.998871716237366988e-04
-5.586922103690912245e-01 2.038100540860909545e-04
-5.587941153961343277e-01 2.110689038257460904e-04
-5.588450679096558238e-01 2.144247406690528697e-04
-5.592526880178280146e-01 2.356519322744944167e-04
-5.590998304772634153e-01 2.287762183110056185e-04
-5.593545930448710068e-01 2.395851986273333893e-04
-5.594564980719141101e-01 2.430280002945377010e-04
-5.594564980719141101e-01 2.430280002945377010e-04
-5.592017355043065185e-01 2.334937500606390146e-04
-5.593036405313495107e-01 2.376813242123630417e-04
-5.589979254502204231e-01 2.234951724786395663e-04
-5.589469729366988160e-01 2.206308554815440367e-04
-5.587941153961343277e-01 2.110689038257460362e-04
-5.588960204231773199e-01 2.176095896027927597e-04
-5.589979254502204231e-01 2.234951724786395121e-04
-5.589979254502204231e-01 2.234951724786395663e-04
-5.588960204231773199e-01 2.176095896027927597e-04
-5.587941153961343277e-01 2.110689038257460904e-04
-5.592017355043065185e-01 2.334937500606390146e-04
-5.593545930448710068e-01 2.395851986273333893e-04
-5.595074505854356062e-01 2.445720649033091562e-04
-5.592526880178280146e-01 2.356519322744944167e-04
-5.593036405313495107e-01 2.376813242123630688e-04
-5.593545930448710068e-01 2.395851986273333893e-04
-5.592526880178280146e-01 2.356519322744944167e-04
-5.589979254502204231e-01 2.234951724786395121e-04
-5.591507829907849114e-01 2.312031709933367609e-04
-5.588450679096558238e-01 2.144247406690528697e-04
-5.590998304772634153e-01 2.287762183110056728e-04
-5.589979254502204231e-01 2.234951724786395663e-04
-5.588960204231773199e-01 2.176095896027927597e-04
-5.589469729366988160e-01 2.206308554815440367e-04
-5.592017355043065185e-01 2.334937500606389603e-04
-5.589979254502204231e-01 2.234951724786395121e-04
-5.595074505854356062e-01 2.445720649033091562e-04
-5.590998304772634153e-01 2.287762183110056728e-04
-5.594055455583926140e-01 2.413665257457460575e-04
-5.592526880178280146e-01 2.356519322744944167e-04
-5.587941153961343277e-01 2.110689038257460904e-04
-5.594564980719141101e-01 2.430280002945377010e-04
-5.595584030989571023e-01 2.460009304094029669e-04
-5.593545930448710068e-01 2.395851986273333893e-04
-5.588960204231773199e-01 2.176095896027927597e-04
-5.594055455583926140e-01 2.413665257457460575e-04
-5.588450679096558238e-01 2.144247406690528697e-04
-5.589469729366988160e-01 2.206308554815440367e-04
-5.591507829907849114e-01 2.312031709933367609e-04
-5.593545930448710068e-01 2.395851986273333893e-04
-5.588960204231773199e-01 2.176095896027927597e-04
-5.589979254502204231e-01 2.234951724786395121e-04
-5.594055455583926140e-01 2.413665257457460846e-04
-5.594055455583926140e-01 2.413665257457460846e-04
-5.591507829907849114e-01 2.312031709933367609e-04
-5.592526880178280146e-01 2.356519322744944167e-04
-5.593545930448710068e-01 2.395851986273333893e-04
-5.589979254502204231e-01 2.234951724786395121e-04
-5.593036405313495107e-01 2.376813242123630417e-04
-5.592526880178280146e-01 2.356519322744944167e-04
-5.586412578555697284e-01 1.998871716237366446e-04
-5.586412578555697284e-01 1.998871716237366988e-04
-5.589469729366988160e-01 2.206308554815440367e-04
-5.588450679096558238e-01 2.144247406690528697e-04
-5.587431628826127206e-01 2.075337845767052871e-04
-5.589469729366988160e-01 2.206308554815439825e-04
-5.588960204231773199e-01 2.176095896027927597e-04
-5.590998304772634153e-01 2.287762183110056728e-04
-5.596093556124785984e-01 2.473165935007842460e-04
-5.596603081260002055e-01 2.485208520560984870e-04
-5.589979254502204231e-01 2.234951724786395121e-04
-5.594055455583926140e-01 2.413665257457460846e-04
-5.591507829907849114e-01 2.312031709933367609e-04
-5.591507829907849114e-01 2.312031709933367609e-04
-5.587941153961343277e-01 2.110689038257460362e-04
-5.594055455583926140e-01 2.413665257457460846e-04
-5.590488779637419192e-01 2.262085026680307753e-04
-5.590998304772634153e-01 2.287762183110056728e-04
-5.589979254502204231e-01 2.234951724786395121e-04
-5.589469729366988160e-01 2.206308554815440367e-04
-5.589469729366988160e-01 2.206308554815440367e-04
-5.588450679096558238e-01 2.144247406690528697e-04
-5.586922103690912245e-01 2.038100540860910087e-04
-5.592017355043065185e-01 2.334937500606389603e-04
-5.591507829907849114e-01 2.312031709933367609e-04
-5.589469729366988160e-01 2.206308554815440367e-04
-5.595074505854356062e-01 2.445720649033091562e-04
-5.590998304772634153e-01 2.287762183110056185e-04
-5.593036405313495107e-01 2.376813242123630417e-04
-5.591507829907849114e-01 2.312031709933367609e-04
-5.590488779637419192e-01 2.262085026680307753e-04
-5.591507829907849114e-01 2.312031709933367609e-04
-5.588960204231773199e-01 2.176095896027927597e-04
-5.589469729366988160e-01 2.206308554815440367e-04
-5.590488779637419192e-01 2.262085026680307753e-04
-5.588450679096558238e-01 2.144247406690528697e-04
-5.586412578555697284e-01 1.998871716237366988e-04
-5.590488779637419192e-01 2.262085026680307753e-04
-5.589469729366988160e-01 2.206308554815440367e-04
-5.592017355043065185e-01 2.334937500606389603e-04
-5.588450679096558238e-01 2.144247406690528697e-04
-5.594564980719141101e-01 2.430280002945377010e-04
-5.591507829907849114e-01 2.312031709933367609e-04
-5.590998304772634153e-01 2.287762183110056728e-04
-5.592526880178280146e-01 2.356519322744944167e-04
-5.589469729366988160e-01 2.206308554815440367e-04
-5.588960204231773199e-01 2.176095896027927597e-04
-5.589469729366988160e-01 2.206308554815440367e-04
-5.588450679096558238e-01 2.262085026680307753e-04
-5.589979254502204231e-01 2.234951724786395121e-04
-5.590488779637419192e-01 2.262085026680307753e-04
-5.587431628826127206e-01 2.075337845767052871e-04
-5.588960204231773199e-01 2.176095896027927597e-04
-5.586922103690912245e-01 2.038100540860910087e-04
-5.590998304772634153e-01 2.287762183110056185e-04
-5.592526880178280146e-01 2.356519322744944167e-04
-5.592526880178280146e-01 2.356519322744944167e-04
-5.592017355043065185e-01 2.334937500606389603e-04
-5.590998304772634153e-01 2.287762183110056185e-04
-5.594055455583926140e-01 2.413665257457460846e-04
-5.593545930448710068e-01 2.395851986273333893e-04
-5.590488779637419192e-01 2.262085026680308295e-04
-5.591507829907849114e-01 2.312031709933367609e-04
-5.591507829907849114e-01 2.312031709933367609e-04
-5.589469729366988160e-01 2.206308554815440367e-04
-5.586922103690912245e-01 2.038100540860909545e-04
-5.585903053420482323e-01 1.957531645726723649e-04
-5.586412578555697284e-01 1.998871716237366446e-04
-5.584884003150051290e-01 2.002116113302252636e-04
-5.584884003150051290e-01 1.867950000485111791e-04
-5.586922103690912245e-01 2.038100540860909545e-04
-5.591507829907849114e-01 2.312031709933367609e-04
-5.593036405313495107e-01 2.376813242123630417e-04
-5.593545930448710068e-01 2.395851986273333893e-04
-5.592017355043065185e-01 2.334937500606389603e-04
-5.593545930448710068e-01 2.395851986273333893e-04
-5.589469729366988160e-01 2.206308554815440367e-04
-5.591507829907849114e-01 2.312031709933367609e-04
-5.594055455583926140e-01 2.413665257457460846e-04
-5.592526880178280146e-01 2.356519322744944167e-04
-5.589469729366988160e-01 2.206308554815439825e-04
-5.593036405313495107e-01 2.376813242123630417e-04
-5.589979254502204231e-01 2.234951724786395663e-04
-5.586412578555697284e-01 1.998871716237366988e-04
-5.596603081260002055e-01 2.485208520560984870e-04
-5.591507829907849114e-01 2.312031709933367609e-04
-5.589979254502204231e-01 2.234951724786395121e-04
-5.589469729366988160e-01 2.206308554815440367e-04
-5.589469729366988160e-01 2.206308554815440367e-04
-5.596603081260002055e-01 2.485208520560984870e-04
-5.593545930448710068e-01 2.395851986273333893e-04
-5.589469729366988160e-01 2.206308554815440367e-04
-5.589469729366988160e-01 2.206308554815439825e-04
-5.592017355043065185e-01 2.334937500606389603e-04
-5.587431628826127206e-01 2.196874803193213843e-04
-5.589979254502204231e-01 2.234951724786395121e-04
-5.589469729366988160e-01 2.206308554815440367e-04
-5.587941153961343277e-01 2.110689038257460904e-04
-5.588450679096558238e-01 2.144247406690528697e-04
-5.587941153961343277e-01 2.110689038257460904e-04
-5.589979254502204231e-01 2.234951724786395121e-04
-5.585903053420482323e-01 1.957531645726723649e-04
-5.594564980719141101e-01 2.430280002945377010e-04
-5.589469729366988160e-01 2.206308554815440367e-04
-5.589469729366988160e-01 2.206308554815440367e-04
-5.595584030989571023e-01 2.460009304094029669e-04
-5.591507829907849114e-01 2.312031709933367609e-04
-5.588960204231773199e-01 2.176095896027927597e-04
-5.592017355043065185e-01 2.334937500606389603e-04
-5.589979254502204231e-01 2.234951724786395121e-04
-5.588960204231773199e-01 2.176095896027927597e-04
-5.586922103690912245e-01 2.038100540860910087e-04
-5.592017355043065185e-01 2.334937500606389603e-04
-5.588960204231773199e-01 2.176095896027927597e-04
-5.588450679096558238e-01 2.144247406690528697e-04
-5.585903053420482323e-01 1.957531645726723107e-04
-5.587941153961343277e-01 2.110689038257460904e-04
-5.589469729366988160e-01 2.206308554815440367e-04
-5.593545930448710068e-01 2.395851986273333893e-04
-5.589469729366988160e-01 2.206308554815440367e-04
-5.592526880178280146e-01 2.356519322744944167e-04
-5.594055455583926140e-01 2.413665257457460846e-04
-5.588960204231773199e-01 2.176095896027927055e-04
-5.593036405313495107e-01 2.376813242123630417e-04
-5.591507829907849114e-01 2.312031709933367609e-04
-5.594055455583926140e-01 2.413665257457460575e-04
-5.587941153961343277e-01 2.110689038257460904e-04
-5.589469729366988160e-01 2.206308554815440367e-04
-5.589979254502204231e-01 2.234951724786395121e-04
-5.590488779637419192e-01 2.262085026680307753e-04
-5.588450679096558238e-01 2.144247406690528697e-04
-5.587431628826127206e-01 2.075337845767052871e-04
-5.589469729366988160e-01 2.206308554815440367e-04
-5.587941153961343277e-01 2.110689038257460362e-04
-5.588450679096558238e-01 2.144247406690528697e-04
-5.589979254502204231e-01 2.234951724786395121e-04
-5.592017355043065185e-01 2.334937500606389603e-04
-5.587431628826127206e-01 2.075337845767052871e-04
-5.590488779637419192e-01 2.262085026680307753e-04
-5.592526880178280146e-01 2.356519322744944438e-04
-5.592526880178280146e-01 2.356519322744944167e-04
-5.587941153961343277e-01 2.110689038257460362e-04
-5.585903053420482323e-01 1.957531645726723649e-04
-5.590488779637419192e-01 2.262085026680307753e-04
-5.590488779637419192e-01 2.262085026680307753e-04
-5.589469729366988160e-01 2.206308554815440367e-04
-5.590488779637419192e-01 2.262085026680307753e-04
-5.587941153961343277e-01 2.110689038257460904e-04
-5.590488779637419192e-01 2.262085026680307753e-04
-5.589469729366988160e-01 2.206308554815440367e-04
-5.589469729366988160e-01 2.206308554815440367e-04
-5.589979254502204231e-01 2.234951724786395663e-04
-5.591507829907849114e-01 2.312031709933367609e-04
-5.588960204231773199e-01 2.176095896027927868e-04
-5.588960204231773199e-01 2.176095896027927597e-04
-5.589469729366988160e-01 2.206308554815440367e-04
-5.589469729366988160e-01 2.206308554815440367e-04
-5.590488779637419192e-01 2.262085026680307753e-04
-5.588960204231773199e-01 2.292296899518423867e-04
-5.584884003150051290e-01 2.002116113302252907e-04
-5.586922103690912245e-01 2.038100540860909545e-04
-5.589469729366988160e-01 2.206308554815440367e-04
-5.586412578555697284e-01 1.998871716237366446e-04
-5.588960204231773199e-01 2.176095896027927597e-04
-5.592017355043065185e-01 2.334937500606389603e-04
-5.592526880178280146e-01 2.356519322744944167e-04
-5.589979254502204231e-01 2.234951724786395121e-04
-5.594055455583926140e-01 2.413665257457460033e-04
-5.589979254502204231e-01 2.234951724786395121e-04
-5.590998304772634153e-01 2.287762183110056185e-04
-5.593545930448710068e-01 2.395851986273333893e-04
-5.588960204231773199e-01 2.176095896027927597e-04
-5.595584030989571023e-01 2.460009304094029669e-04
-5.589469729366988160e-01 2.206308554815440367e-04
-5.589469729366988160e-01 2.206308554815440367e-04
-5.586412578555697284e-01 1.998871716237366988e-04
-5.588960204231773199e-01 2.176095896027927055e-04
-5.586922103690912245e-01 2.038100540860909545e-04
-5.590488779637419192e-01 2.262085026680307753e-04
-5.589469729366988160e-01 2.206308554815440367e-04
-5.588960204231773199e-01 2.176095896027927055e-04
-5.589979254502204231e-01 2.234951724786395121e-04
-5.590488779637419192e-01 2.262085026680307753e-04
-5.592017355043065185e-01 2.334937500606389603e-04
-5.590998304772634153e-01 2.287762183110056728e-04
-5.590488779637419192e-01 2.262085026680307753e-04
-5.594055455583926140e-01 2.413665257457460846e-04
-5.594055455583926140e-01 2.413665257457460846e-04
-5.587941153961343277e-01 2.110689038257460362e-04
-5.591507829907849114e-01 2.312031709933367609e-04
-5.589469729366988160e-01 2.206308554815440367e-04
-5.588450679096558238e-01 2.144247406690528697e-04
-5.587941153961343277e-01 2.110689038257460904e-04
-5.589469729366988160e-01 2.206308554815440367e-04
-5.588450679096558238e-01 2.144247406690528697e-04
-5.586922103690912245e-01 2.038100540860910087e-04
-5.590488779637419192e-01 2.262085026680307753e-04
-5.589979254502204231e-01 2.234951724786395121e-04
-5.592017355043065185e-01 2.334937500606390146e-04
-5.589979254502204231e-01 2.234951724786395663e-04
-5.593036405313495107e-01 2.376813242123630417e-04
-5.592017355043065185e-01 2.334937500606389603e-04
-5.594564980719141101e-01 2.430280002945377010e-04
-5.593545930448710068e-01 2.395851986273333893e-04
-5.589469729366988160e-01 2.206308554815440367e-04
-5.590998304772634153e-01 2.287762183110056185e-04
-5.588960204231773199e-01 2.176095896027927597e-04
-5.589469729366988160e-01 2.206308554815439825e-04
-5.586922103690912245e-01 2.038100540860910087e-04
-5.590998304772634153e-01 2.287762183110056728e-04
-5.588450679096558238e-01 2.144247406690528697e-04
-5.590998304772634153e-01 2.287762183110056728e-04
-5.589979254502204231e-01 2.234951724786395121e-04
-5.587941153961343277e-01 2.110689038257460362e-04
-5.592526880178280146e-01 2.356519322744944167e-04
-5.590998304772634153e-01 2.287762183110056728e-04
-5.592017355043065185e-01 2.334937500606389603e-04
-5.590488779637419192e-01 2.262085026680307753e-04
-5.589979254502204231e-01 2.234951724786395121e-04
-5.593545930448710068e-01 2.395851986273333893e-04
-5.592017355043065185e-01 2.334937500606389603e-04
-5.586412578555697284e-01 1.998871716237366446e-04
-5.587941153961343277e-01 2.110689038257460362e-04
-5.593036405313495107e-01 2.376813242123630688e-04
-5.588960204231773199e-01 2.176095896027927597e-04
-5.589469729366988160e-01 2.206308554815440367e-04
-5.589979254502204231e-01 2.234951724786395121e-04
-5.588450679096558238e-01 2.144247406690528697e-04
-5.589469729366988160e-01 2.206308554815440367e-04
-5.592526880178280146e-01 2.356519322744944167e-04
-5.592526880178280146e-01 2.356519322744944167e-04
-5.592526880178280146e-01 2.356519322744944167e-04
-5.593545930448710068e-01 2.395851986273333893e-04
-5.590488779637419192e-01 2.262085026680307753e-04
-5.593545930448710068e-01 2.395851986273333893e-04
-5.592526880178280146e-01 2.356519322744944167e-04
-5.593036405313495107e-01 2.376813242123630417e-04
-5.587431628826127206e-01 2.075337845767052871e-04
-5.589979254502204231e-01 2.234951724786395663e-04
-5.592017355043065185e-01 2.334937500606389603e-04
-5.591507829907849114e-01 2.312031709933367609e-04
-5.589469729366988160e-01 2.206308554815440367e-04
-5.588960204231773199e-01 2.176095896027927597e-04
-5.588960204231773199e-01 2.292296899518423867e-04
-5.589469729366988160e-01 2.206308554815440367e-04
-5.592526880178280146e-01 2.356519322744944167e-04
-5.590998304772634153e-01 2.287762183110056185e-04
-5.587941153961343277e-01 2.110689038257460904e-04
-5.589979254502204231e-01 2.234951724786395121e-04
-5.592017355043065185e-01 2.334937500606389603e-04
-5.594564980719141101e-01 2.430280002945377010e-04
-5.589979254502204231e-01 2.234951724786395121e-04
-5.589979254502204231e-01 2.234951724786395121e-04
-5.586922103690912245e-01 2.038100540860910087e-04
-5.586412578555697284e-01 1.998871716237366446e-04
-5.587941153961343277e-01 2.110689038257460904e-04
-5.589469729366988160e-01 2.206308554815440367e-04
-5.588450679096558238e-01 2.144247406690528697e-04
-5.586412578555697284e-01 1.998871716237366988e-04
-5.586922103690912245e-01 2.038100540860910087e-04
-5.584884003150051290e-01 1.867950000485111791e-04
-5.589469729366988160e-01 2.206308554815440367e-04
-5.591507829907849114e-01 2.312031709933367609e-04
-5.591507829907849114e-01 2.312031709933367609e-04
-5.590488779637419192e-01 2.262085026680307753e-04
-5.593545930448710068e-01 2.395851986273333893e-04
-5.589979254502204231e-01 2.234951724786395663e-04
-5.592017355043065185e-01 2.334937500606389603e-04
-5.589469729366988160e-01 2.206308554815440367e-04
-5.588450679096558238e-01 2.144247406690528697e-04
-5.586922103690912245e-01 2.038100540860909545e-04
-5.586412578555697284e-01 1.998871716237366446e-04
-5.589469729366988160e-01 2.206308554815440367e-04
-5.589469729366988160e-01 2.206308554815440367e-04
-5.584884003150051290e-01 1.867950000485111520e-04
-5.589469729366988160e-01 2.206308554815440367e-04
-5.589979254502204231e-01 2.234951724786395663e-04
-5.595584030989571023e-01 2.460009304094029669e-04
-5.592526880178280146e-01 2.356519322744944438e-04
-5.594055455583926140e-01 2.413665257457460846e-04
-5.592526880178280146e-01 2.356519322744944167e-04
-5.590488779637419192e-01 2.262085026680307753e-04
-5.589979254502204231e-01 2.234951724786395663e-04
-5.587431628826127206e-01 2.075337845767052871e-04
-5.590488779637419192e-01 2.262085026680307753e-04
-5.588450679096558238e-01 2.144247406690528697e-04
-5.586922103690912245e-01 2.038100540860909545e-04
-5.588960204231773199e-01 2.176095896027927055e-04
-5.588960204231773199e-01 2.176095896027927868e-04
-5.589469729366988160e-01 2.206308554815440367e-04
-5.589979254502204231e-01 2.234951724786395663e-04
-5.585903053420482323e-01 1.957531645726723649e-04
-5.589469729366988160e-01 2.206308554815440367e-04
-5.593545930448710068e-01 2.395851986273333893e-04
-5.593545930448710068e-01 2.395851986273333893e-04
-5.591507829907849114e-01 2.312031709933367609e-04
-5.595074505854356062e-01 2.445720649033091562e-04
-5.594564980719141101e-01 2.430280002945377010e-04
-5.593545930448710068e-01 2.395851986273333893e-04
-5.594055455583926140e-01 2.413665257457460846e-04
-5.589469729366988160e-01 2.206308554815440367e-04
-5.590998304772634153e-01 2.287762183110056728e-04
-5.588960204231773199e-01 2.176095896027927597e-04
-5.591507829907849114e-01 2.312031709933367609e-04
-5.589469729366988160e-01 2.206308554815440367e-04
-5.588960204231773199e-01 2.176095896027927868e-04
-5.591507829907849114e-01 2.312031709933367609e-04
-5.586922103690912245e-01 2.038100540860909545e-04
-5.595074505854356062e-01 2.445720649033091562e-04
-5.595074505854356062e-01 2.445720649033091562e-04
-5.593545930448710068e-01 2.395851986273333893e-04
-5.594055455583926140e-01 2.413665257457460846e-04
-5.595074505854356062e-01 2.445720649033091562e-04
-5.593036405313495107e-01 2.376813242123630417e-04
-5.589979254502204231e-01 2.234951724786395121e-04
-5.592017355043065185e-01 2.334937500606390146e-04
-5.583864952879621368e-01 1.767986141215420416e-04
-5.591507829907849114e-01 2.312031709933367609e-04
-5.588450679096558238e-01 2.144247406690528697e-04
-5.586412578555697284e-01 1.998871716237366446e-04
-5.587941153961343277e-01 2.110689038257460904e-04
-5.588450679096558238e-01 2.144247406690528697e-04
-5.588960204231773199e-01 2.176095896027927597e-04
-5.590998304772634153e-01 2.287762183110056185e-04
-5.590998304772634153e-01 2.287762183110056999e-04
-5.595074505854356062e-01 2.445720649033091562e-04
-5.593036405313495107e-01 2.376813242123630688e-04
-5.593036405313495107e-01 2.376813242123630417e-04
-5.594564980719141101e-01 2.430280002945377010e-04
-5.593036405313495107e-01 2.376813242123630688e-04
-5.595074505854356062e-01 2.445720649033091562e-04
-5.590488779637419192e-01 2.262085026680307753e-04
-5.587431628826127206e-01 2.075337845767052871e-04
-5.586412578555697284e-01 1.998871716237366988e-04
-5.590998304772634153e-01 2.287762183110056728e-04
-5.589469729366988160e-01 2.206308554815440367e-04
-5.592017355043065185e-01 2.334937500606389603e-04
-5.590488779637419192e-01 2.262085026680307753e-04
-5.589979254502204231e-01 2.234951724786395121e-04
-5.590998304772634153e-01 2.287762183110056728e-04
-5.590998304772634153e-01 2.287762183110056728e-04
-5.594055455583926140e-01 2.413665257457460575e-04
-5.592017355043065185e-01 2.334937500606389603e-04
-5.592017355043065185e-01 2.334937500606389603e-04
-5.590998304772634153e-01 2.287762183110056185e-04
-5.593036405313495107e-01 2.376813242123630417e-04
-5.588450679096558238e-01 2.144247406690528697e-04
-5.592526880178280146e-01 2.356519322744944167e-04
-5.587431628826127206e-01 2.075337845767052871e-04
-5.585903053420482323e-01 1.957531645726723649e-04
-5.589979254502204231e-01 2.234951724786395121e-04
-5.589469729366988160e-01 2.206308554815439825e-04
-5.589469729366988160e-01 2.206308554815440367e-04
-5.587941153961343277e-01 2.110689038257460904e-04
-5.591507829907849114e-01 2.312031709933367609e-04
-5.588450679096558238e-01 2.144247406690528155e-04
-5.593036405313495107e-01 2.376813242123629875e-04
-5.590998304772634153e-01 2.287762183110056728e-04
-5.593036405313495107e-01 2.376813242123630417e-04
-5.594055455583926140e-01 2.413665257457460575e-04
-5.593036405313495107e-01 2.376813242123630688e-04
-5.593036405313495107e-01 2.376813242123630417e-04
-5.594055455583926140e-01 2.413665257457460575e-04
-5.588960204231773199e-01 2.176095896027927597e-04
-5.588960204231773199e-01 2.176095896027927055e-04
-5.588960204231773199e-01 2.176095896027927597e-04
-5.590998304772634153e-01 2.287762183110056728e-04
-5.587431628826127206e-01 2.075337845767052871e-04
-5.587941153961343277e-01 2.110689038257460904e-04
-5.588960204231773199e-01 2.176095896027927055e-04
-5.586922103690912245e-01 2.038100540860910087e-04
-5.588450679096558238e-01 2.262085026680308566e-04
-5.587941153961343277e-01 2.110689038257460904e-04
-5.589469729366988160e-01 2.206308554815440367e-04
-5.589469729366988160e-01 2.206308554815440367e-04
-5.590488779637419192e-01 2.262085026680307753e-04
-5.589979254502204231e-01 2.234951724786395121e-04
-5.594055455583926140e-01 2.413665257457460033e-04
-5.593545930448710068e-01 2.395851986273334435e-04
-5.589469729366988160e-01 2.206308554815440367e-04
-5.587941153961343277e-01 2.110689038257460904e-04
-5.588450679096558238e-01 2.144247406690528697e-04
-5.592526880178280146e-01 2.356519322744944167e-04
-5.593036405313495107e-01 2.376813242123630417e-04
-5.587941153961343277e-01 2.110689038257460904e-04
-5.588450679096558238e-01 2.144247406690528697e-04
-5.590488779637419192e-01 2.262085026680307753e-04
-5.588960204231773199e-01 2.176095896027927597e-04
-5.592017355043065185e-01 2.334937500606389603e-04
-5.588960204231773199e-01 2.176095896027927597e-04
-5.591507829907849114e-01 2.312031709933367609e-04
-5.595584030989571023e-01 2.460009304094030211e-04
-5.590998304772634153e-01 2.287762183110056728e-04
-5.592526880178280146e-01 2.356519322744944438e-04
-5.593036405313495107e-01 2.376813242123630417e-04
-5.587941153961343277e-01 2.110689038257460362e-04
-5.590998304772634153e-01 2.287762183110056185e-04
-5.589469729366988160e-01 2.206308554815440367e-04
-5.587941153961343277e-01 2.110689038257460904e-04
-5.589979254502204231e-01 2.234951724786395121e-04
-5.588450679096558238e-01 2.144247406690528155e-04
-5.587941153961343277e-01 2.110689038257460904e-04
-5.587941153961343277e-01 2.110689038257460904e-04
-5.592526880178280146e-01 2.356519322744944167e-04
-5.590488779637419192e-01 2.262085026680307753e-04
-5.589979254502204231e-01 2.234951724786395663e-04
-5.592526880178280146e-01 2.356519322744944167e-04
-5.593036405313495107e-01 2.376813242123630688e-04
-5.592017355043065185e-01 2.334937500606389603e-04
-5.592017355043065185e-01 2.334937500606389603e-04
-5.591507829907849114e-01 2.312031709933367609e-04
-5.593545930448710068e-01 2.395851986273333893e-04
-5.587431628826127206e-01 2.075337845767052871e-04
-5.588960204231773199e-01 2.176095896027927597e-04
-5.590998304772634153e-01 2.287762183110056728e-04
-5.588450679096558238e-01 2.144247406690528697e-04
-5.589979254502204231e-01 2.234951724786395121e-04
-5.589469729366988160e-01 2.206308554815440367e-04
-5.587431628826127206e-01 2.075337845767052871e-04
-5.592017355043065185e-01 2.334937500606389603e-04
-5.592526880178280146e-01 2.356519322744944167e-04
-5.595074505854356062e-01 2.445720649033091562e-04
-5.590488779637419192e-01 2.262085026680307753e-04
-5.596093556124785984e-01 2.473165935007842460e-04
-5.589979254502204231e-01 2.234951724786395121e-04
-5.592526880178280146e-01 2.356519322744944167e-04
-5.591507829907849114e-01 2.312031709933367609e-04
-5.555331545307568009e-01 3.236988762333540800e-04
-5.490621853135239094e-01 7.158601489096448351e-04
-5.436612188802431023e-01 9.487981905522203160e-04
-5.432535987720709114e-01 9.669036589792987229e-04
-5.429988362044633199e-01 9.567140053640076341e-04
-5.433045512855925185e-01 9.704547934489690057e-04
-5.474826573943571972e-01 7.383720696056228581e-04
-5.547688668279340263e-01 3.322088251961142005e-04
-5.587941153961343277e-01 2.230300415426674020e-04
-5.592526880178280146e-01 2.356519322744944167e-04
-5.593036405313495107e-01 2.376813242123630688e-04
-5.587941153961343277e-01 2.110689038257460904e-04
-5.594564980719141101e-01 2.430280002945377010e-04
-5.592017355043065185e-01 2.334937500606389603e-04
-5.588960204231773199e-01 2.176095896027927597e-04
-5.590998304772634153e-01 2.287762183110056185e-04
-5.589469729366988160e-01 2.206308554815440367e-04
-5.587431628826127206e-01 2.075337845767052871e-04
-5.588450679096558238e-01 2.144247406690528697e-04
-5.587431628826127206e-01 2.075337845767052871e-04
-5.588450679096558238e-01 2.144247406690528697e-04
-5.588450679096558238e-01 2.144247406690528697e-04
-5.589469729366988160e-01 2.206308554815440367e-04
-5.591507829907849114e-01 2.312031709933367609e-04
-5.586412578555697284e-01 1.998871716237366988e-04
-5.590488779637419192e-01 2.262085026680307753e-04
-5.590998304772634153e-01 2.287762183110056185e-04
-5.588960204231773199e-01 2.176095896027927597e-04
-5.590998304772634153e-01 2.287762183110056185e-04
-5.591507829907849114e-01 2.312031709933367609e-04
-5.589469729366988160e-01 2.206308554815439825e-04
-5.590998304772634153e-01 2.287762183110056728e-04
-5.589979254502204231e-01 2.234951724786395663e-04
-5.586922103690912245e-01 2.038100540860910087e-04
-5.588960204231773199e-01 2.176095896027927597e-04
-5.589469729366988160e-01 2.206308554815440367e-04
-5.588450679096558238e-01 2.144247406690528697e-04
-5.585903053420482323e-01 1.957531645726723649e-04
-5.588450679096558238e-01 2.144247406690528697e-04
-5.587431628826127206e-01 2.075337845767052871e-04
-5.594564980719141101e-01 2.430280002945377010e-04
-5.592526880178280146e-01 2.356519322744944167e-04
-5.588450679096558238e-01 2.144247406690528697e-04
-5.592017355043065185e-01 2.334937500606389603e-04
-5.592017355043065185e-01 2.334937500606389603e-04
-5.590998304772634153e-01 2.287762183110056728e-04
-5.590998304772634153e-01 2.287762183110056728e-04
-5.586412578555697284e-01 1.998871716237366988e-04
-5.588960204231773199e-01 2.176095896027927055e-04
-5.588960204231773199e-01 2.176095896027927597e-04
-5.588960204231773199e-01 2.176095896027927055e-04
-5.589469729366988160e-01 2.206308554815440367e-04
-5.587941153961343277e-01 2.110689038257460904e-04
-5.588960204231773199e-01 2.176095896027927597e-04
-5.588450679096558238e-01 2.144247406690528697e-04
-5.590998304772634153e-01 2.287762183110056728e-04
-5.590998304772634153e-01 2.287762183110056185e-04
-5.588450679096558238e-01 2.144247406690528697e-04
-5.589979254502204231e-01 2.234951724786395663e-04
-5.591507829907849114e-01 2.312031709933367609e-04
-5.590488779637419192e-01 2.262085026680307753e-04
-5.592017355043065185e-01 2.334937500606389603e-04
-5.591507829907849114e-01 2.421718884298837068e-04
-5.587941153961343277e-01 2.110689038257460362e-04
-5.588450679096558238e-01 2.144247406690528697e-04
-5.587431628826127206e-01 2.075337845767052871e-04
-5.590488779637419192e-01 2.262085026680307753e-04
-5.590488779637419192e-01 2.262085026680307753e-04
-5.589469729366988160e-01 2.206308554815440367e-04
-5.588450679096558238e-01 2.144247406690528697e-04
-5.587941153961343277e-01 2.110689038257460904e-04
-5.588450679096558238e-01 2.144247406690528697e-04
-5.591507829907849114e-01 2.312031709933367338e-04
-5.591507829907849114e-01 2.312031709933367609e-04
-5.591507829907849114e-01 2.312031709933367609e-04
-5.588960204231773199e-01 2.176095896027927597e-04
-5.590998304772634153e-01 2.287762183110056728e-04
-5.594055455583926140e-01 2.413665257457460575e-04
-5.594055455583926140e-01 2.413665257457460846e-04
-5.590998304772634153e-01 2.287762183110056728e-04
-5.587431628826127206e-01 2.075337845767052871e-04
-5.586412578555697284e-01 1.998871716237366988e-04
-5.588450679096558238e-01 2.144247406690528697e-04
-5.587431628826127206e-01 2.075337845767052871e-04
-5.592017355043065185e-01 2.334937500606389603e-04
-5.589979254502204231e-01 2.234951724786395121e-04
-5.588450679096558238e-01 2.144247406690528697e-04
-5.593545930448710068e-01 2.395851986273333893e-04
-5.592017355043065185e-01 2.334937500606389603e-04
-5.595074505854356062e-01 2.445720649033091562e-04
-5.592017355043065185e-01 2.334937500606389603e-04
-5.591507829907849114e-01 2.312031709933367609e-04
-5.589979254502204231e-01 2.234951724786395121e-04
-5.589979254502204231e-01 2.234951724786395121e-04
-5.587941153961343277e-01 2.110689038257460904e-04
-5.586922103690912245e-01 2.038100540860909545e-04
-5.588960204231773199e-01 2.176095896027927597e-04
-5.588450679096558238e-01 2.144247406690528697e-04
-5.587431628826127206e-01 2.075337845767052871e-04
-5.588960204231773199e-01 2.176095896027927597e-04
-5.586412578555697284e-01 1.998871716237366988e-04
-5.593036405313495107e-01 2.376813242123630417e-04
-5.588450679096558238e-01 2.144247406690528697e-04
-5.590488779637419192e-01 2.262085026680307753e-04
-5.591507829907849114e-01 2.312031709933367609e-04
-5.590488779637419192e-01 2.262085026680307753e-04
-5.591507829907849114e-01 2.312031709933367609e-04
-5.593545930448710068e-01 2.395851986273333893e-04
-5.592017355043065185e-01 2.334937500606389603e-04
-5.592526880178280146e-01 2.356519322744944167e-04
-5.587941153961343277e-01 2.110689038257460362e-04
-5.586412578555697284e-01 1.998871716237367259e-04
-5.589469729366988160e-01 2.206308554815440367e-04
-5.594055455583926140e-01 2.413665257457460846e-04
-5.589469729366988160e-01 2.206308554815440367e-04
-5.586922103690912245e-01 2.038100540860909545e-04
-5.589979254502204231e-01 2.234951724786395121e-04
-5.586922103690912245e-01 2.038100540860909545e-04
-5.589979254502204231e-01 2.234951724786395121e-04
-5.593036405313495107e-01 2.376813242123630417e-04
-5.592526880178280146e-01 2.356519322744944167e-04
-5.589469729366988160e-01 2.206308554815440367e-04
-5.591507829907849114e-01 2.312031709933367609e-04
-5.590998304772634153e-01 2.287762183110056185e-04
-5.589469729366988160e-01 2.206308554815440367e-04
-5.588960204231773199e-01 2.176095896027927597e-04
-5.590488779637419192e-01 2.262085026680307753e-04
-5.590998304772634153e-01 2.287762183110056728e-04
-5.585903053420482323e-01 1.957531645726723649e-04
-5.587941153961343277e-01 2.110689038257460362e-04
-5.588450679096558238e-01 2.144247406690528697e-04
-5.586412578555697284e-01 1.998871716237366988e-04
-5.588450679096558238e-01 2.144247406690528155e-04
-5.590488779637419192e-01 2.262085026680307753e-04
-5.590998304772634153e-01 2.287762183110056728e-04
-5.590998304772634153e-01 2.287762183110056185e-04
-5.587941153961343277e-01 2.110689038257460362e-04
-5.589979254502204231e-01 2.234951724786395121e-04
-5.590998304772634153e-01 2.287762183110056185e-04
-5.590998304772634153e-01 2.287762183110056728e-04
-5.593036405313495107e-01 2.376813242123630417e-04
-5.590488779637419192e-01 2.262085026680307211e-04
-5.589979254502204231e-01 2.234951724786395121e-04
-5.588960204231773199e-01 2.176095896027927597e-04
-5.589469729366988160e-01 2.206308554815440367e-04
-5.588450679096558238e-01 2.144247406690528697e-04
-5.591507829907849114e-01 2.312031709933367609e-04
-5.588960204231773199e-01 2.176095896027927055e-04
-5.588960204231773199e-01 2.176095896027927055e-04
-5.588960204231773199e-01 2.176095896027927597e-04
-5.592017355043065185e-01 2.334937500606389332e-04
-5.590998304772634153e-01 2.287762183110056728e-04
-5.588450679096558238e-01 2.144247406690528697e-04
-5.593545930448710068e-01 2.395851986273333893e-04
-5.593036405313495107e-01 2.376813242123630417e-04
-5.590488779637419192e-01 2.262085026680307753e-04
-5.591507829907849114e-01 2.312031709933367609e-04
-5.592017355043065185e-01 2.334937500606389603e-04
-5.590998304772634153e-01 2.287762183110056728e-04
-5.585393528285266251e-01 1.913943529156779952e-04
-5.586922103690912245e-01 2.038100540860909545e-04
-5.587431628826127206e-01 2.075337845767052871e-04
-5.589469729366988160e-01 2.206308554815440367e-04
-5.588450679096558238e-01 2.144247406690528697e-04
-5.588960204231773199e-01 2.176095896027927597e-04
-5.588960204231773199e-01 2.176095896027927055e-04
-5.592526880178280146e-01 2.356519322744944167e-04
-5.593036405313495107e-01 2.376813242123630417e-04
-5.593036405313495107e-01 2.376813242123630688e-04
-5.592526880178280146e-01 2.356519322744944167e-04
-5.591507829907849114e-01 2.312031709933367609e-04
-5.594055455583926140e-01 2.413665257457460846e-04
-5.587431628826127206e-01 2.075337845767052871e-04
-5.592017355043065185e-01 2.334937500606390146e-04
-5.590488779637419192e-01 2.262085026680307753e-04
-5.586412578555697284e-01 1.998871716237366446e-04
-5.587431628826127206e-01 2.075337845767052871e-04
-5.590488779637419192e-01 2.262085026680307753e-04
-5.587431628826127206e-01 2.075337845767052871e-04
-5.587941153961343277e-01 2.230300415426674020e-04
-5.587941153961343277e-01 2.110689038257460904e-04
-5.589469729366988160e-01 2.206308554815440367e-04
-5.592017355043065185e-01 2.334937500606389603e-04
-5.590998304772634153e-01 2.287762183110056185e-04
-5.591507829907849114e-01 2.312031709933367609e-04
-5.591507829907849114e-01 2.312031709933367609e-04
-5.591507829907849114e-01 2.312031709933367609e-04
-5.590998304772634153e-01 2.287762183110056728e-04
-5.590998304772634153e-01 2.287762183110056185e-04
-5.590998304772634153e-01 2.287762183110056185e-04
-5.587431628826127206e-01 2.075337845767052871e-04
-5.589469729366988160e-01 2.206308554815440367e-04
-5.588960204231773199e-01 2.176095896027927597e-04
-5.589979254502204231e-01 2.234951724786395121e-04
-5.588450679096558238e-01 2.144247406690528697e-04
-5.589979254502204231e-01 2.234951724786395121e-04
-5.591507829907849114e-01 2.312031709933367609e-04
-5.588450679096558238e-01 2.144247406690528697e-04
-5.592526880178280146e-01 2.356519322744944167e-04
-5.592017355043065185e-01 2.334937500606389603e-04
-5.590998304772634153e-01 2.287762183110056185e-04
-5.588960204231773199e-01 2.176095896027927055e-04
-5.590998304772634153e-01 2.287762183110056185e-04
-5.589469729366988160e-01 2.206308554815440367e-04
-5.592017355043065185e-01 2.334937500606389603e-04
-5.588960204231773199e-01 2.176095896027927597e-04
-5.588960204231773199e-01 2.176095896027927597e-04
-5.586922103690912245e-01 2.038100540860910087e-04
-5.588450679096558238e-01 2.144247406690528697e-04
-5.586922103690912245e-01 2.038100540860909545e-04
-5.589979254502204231e-01 2.234951724786395121e-04
-5.590488779637419192e-01 2.262085026680307753e-04
-5.585393528285266251e-01 1.913943529156779952e-04
-5.591507829907849114e-01 2.312031709933367338e-04
-5.594055455583926140e-01 2.413665257457460575e-04
-5.589469729366988160e-01 2.206308554815440367e-04
-5.593545930448710068e-01 2.395851986273333893e-04
-5.589979254502204231e-01 2.234951724786395121e-04
-5.592017355043065185e-01 2.334937500606389603e-04
-5.593545930448710068e-01 2.395851986273334435e-04
-5.589469729366988160e-01 2.206308554815440367e-04
-5.588450679096558238e-01 2.144247406690528697e-04
-5.587941153961343277e-01 2.110689038257460904e-04
-5.584884003150051290e-01 1.867950000485111520e-04
-5.587941153961343277e-01 2.110689038257460904e-04
-5.586922103690912245e-01 2.038100540860909545e-04
-5.592526880178280146e-01 2.356519322744944167e-04
-5.590998304772634153e-01 2.287762183110056185e-04
-5.587431628826127206e-01 2.075337845767052871e-04
-5.590488779637419192e-01 2.262085026680307753e-04
-5.592017355043065185e-01 2.334937500606389603e-04
-5.593036405313495107e-01 2.376813242123630417e-04
-5.590488779637419192e-01 2.262085026680307753e-04
-5.590488779637419192e-01 2.262085026680307753e-04
-5.590998304772634153e-01 2.287762183110056185e-04
-5.588450679096558238e-01 2.144247406690528697e-04
-5.591507829907849114e-01 2.312031709933367609e-04
-5.589979254502204231e-01 2.234951724786395663e-04
-5.588450679096558238e-01 2.144247406690528697e-04
-5.587431628826127206e-01 2.075337845767052871e-04
-5.585903053420482323e-01 1.957531645726723649e-04
-5.588450679096558238e-01 2.144247406690528697e-04
-5.587431628826127206e-01 2.075337845767052871e-04
-5.585903053420482323e-01 1.957531645726723107e-04
-5.587941153961343277e-01 2.110689038257460362e-04
-5.588960204231773199e-01 2.176095896027927597e-04
-5.591507829907849114e-01 2.312031709933367609e-04
-5.589979254502204231e-01 2.234951724786395121e-04
-5.590998304772634153e-01 2.287762183110056728e-04
-5.589979254502204231e-01 2.234951724786395663e-04
-5.591507829907849114e-01 2.312031709933367609e-04
-5.588960204231773199e-01 2.176095896027927597e-04
-5.590998304772634153e-01 2.287762183110056185e-04
-5.589469729366988160e-01 2.206308554815440367e-04
-5.590998304772634153e-01 2.287762183110056185e-04
-5.588450679096558238e-01 2.144247406690528697e-04
-5.586922103690912245e-01 2.038100540860909545e-04
-5.585393528285266251e-01 1.913943529156779952e-04
-5.586922103690912245e-01 2.038100540860909545e-04
-5.587431628826127206e-01 2.075337845767052871e-04
-5.589469729366988160e-01 2.206308554815440367e-04
-5.588450679096558238e-01 2.144247406690528697e-04
-5.590488779637419192e-01 2.262085026680307753e-04
-5.590998304772634153e-01 2.287762183110056728e-04
-5.589979254502204231e-01 2.234951724786395121e-04
-5.591507829907849114e-01 2.312031709933367609e-04
-5.590488779637419192e-01 2.262085026680307753e-04
-5.588450679096558238e-01 2.144247406690528697e-04
-5.590488779637419192e-01 2.262085026680307753e-04
-5.586922103690912245e-01 2.038100540860909545e-04
-5.589979254502204231e-01 2.234951724786395121e-04
-5.588450679096558238e-01 2.144247406690528697e-04
-5.585903053420482323e-01 1.957531645726723107e-04
-5.586412578555697284e-01 1.998871716237367259e-04
-5.586922103690912245e-01 2.038100540860909545e-04
-5.590998304772634153e-01 2.287762183110056185e-04
-5.592017355043065185e-01 2.334937500606389603e-04
-5.594564980719141101e-01 2.430280002945377010e-04
-5.589469729366988160e-01 2.206308554815439825e-04
-5.587431628826127206e-01 2.075337845767052871e-04
-5.588960204231773199e-01 2.176095896027927597e-04
-5.589469729366988160e-01 2.206308554815439825e-04
-5.586922103690912245e-01 2.038100540860909545e-04
-5.590998304772634153e-01 2.287762183110056185e-04
-5.587431628826127206e-01 2.075337845767052871e-04
-5.587941153961343277e-01 2.110689038257460362e-04
-5.588960204231773199e-01 2.176095896027927597e-04
-5.588960204231773199e-01 2.176095896027927055e-04
-5.587431628826127206e-01 2.075337845767052871e-04
-5.589469729366988160e-01 2.206308554815440367e-04
-5.587941153961343277e-01 2.110689038257460904e-04
-5.587941153961343277e-01 2.110689038257460904e-04
-5.591507829907849114e-01 2.312031709933367338e-04
-5.590488779637419192e-01 2.262085026680307753e-04
-5.592017355043065185e-01 2.334937500606389603e-04
-5.588450679096558238e-01 2.144247406690528697e-04
-5.589979254502204231e-01 2.234951724786395121e-04
-5.589469729366988160e-01 2.206308554815440638e-04
-5.590488779637419192e-01 2.262085026680307753e-04
-5.593545930448710068e-01 2.395851986273333893e-04
-5.588960204231773199e-01 2.176095896027927597e-04
-5.588450679096558238e-01 2.144247406690528697e-04
-5.588960204231773199e-01 2.176095896027927597e-04
-5.586412578555697284e-01 1.998871716237366988e-04
-5.587431628826127206e-01 2.075337845767052871e-04
-5.584374478014836329e-01 1.819368642841582401e-04
-5.588450679096558238e-01 2.144247406690528697e-04
-5.590488779637419192e-01 2.262085026680307753e-04
-5.590998304772634153e-01 2.287762183110056185e-04
-5.591507829907849114e-01 2.312031709933367609e-04
-5.587941153961343277e-01 2.110689038257460904e-04
-5.589469729366988160e-01 2.206308554815440367e-04
-5.592017355043065185e-01 2.334937500606389603e-04
-5.593036405313495107e-01 2.376813242123630417e-04
-5.588450679096558238e-01 2.144247406690528697e-04
-5.589979254502204231e-01 2.234951724786395121e-04
-5.589979254502204231e-01 2.234951724786395663e-04
-5.588450679096558238e-01 2.144247406690528697e-04
-5.589469729366988160e-01 2.206308554815440367e-04
-5.588960204231773199e-01 2.176095896027927597e-04
-5.587941153961343277e-01 2.110689038257460362e-04
-5.588450679096558238e-01 2.144247406690528697e-04
-5.587431628826127206e-01 2.075337845767052871e-04
-5.586922103690912245e-01 2.038100540860909545e-04
-5.594055455583926140e-01 2.413665257457460575e-04
-5.591507829907849114e-01 2.312031709933367609e-04
-5.594564980719141101e-01 2.430280002945377010e-04
-5.590998304772634153e-01 2.287762183110056185e-04
-5.592017355043065185e-01 2.334937500606389603e-04
-5.594055455583926140e-01 2.413665257457460575e-04
-5.591507829907849114e-01 2.312031709933367609e-04
-5.586922103690912245e-01 2.038100540860910087e-04
-5.587431628826127206e-01 2.075337845767052871e-04
-5.590488779637419192e-01 2.262085026680307753e-04
-5.587941153961343277e-01 2.110689038257460362e-04
-5.587431628826127206e-01 2.075337845767052871e-04
-5.585393528285266251e-01 1.913943529156780224e-04
-5.588450679096558238e-01 2.144247406690528697e-04
-5.587431628826127206e-01 2.075337845767052871e-04
-5.586412578555697284e-01 1.998871716237366446e-04
-5.589979254502204231e-01 2.234951724786395121e-04
-5.590488779637419192e-01 2.262085026680307753e-04
-5.588960204231773199e-01 2.176095896027927597e-04
-5.592017355043065185e-01 2.334937500606389603e-04
-5.590998304772634153e-01 2.287762183110056728e-04
-5.590488779637419192e-01 2.262085026680307753e-04
-5.589979254502204231e-01 2.234951724786395663e-04
-5.589469729366988160e-01 2.206308554815440367e-04
-5.584374478014836329e-01 1.819368642841582672e-04
-5.584374478014836329e-01 1.956868412895310778e-04
-5.587941153961343277e-01 2.110689038257460362e-04
-5.588960204231773199e-01 2.176095896027927597e-04
-5.587431628826127206e-01 2.075337845767052871e-04
-5.586922103690912245e-01 2.038100540860909545e-04
-5.588450679096558238e-01 2.144247406690528697e-04
-5.587941153961343277e-01 2.110689038257460362e-04
-5.594055455583926140e-01 2.413665257457460846e-04
-5.592017355043065185e-01 2.334937500606389603e-04
-5.590998304772634153e-01 2.287762183110056728e-04
-5.588450679096558238e-01 2.144247406690528697e-04
-5.591507829907849114e-01 2.312031709933367609e-04
-5.591507829907849114e-01 2.312031709933367609e-04
-5.590488779637419192e-01 2.262085026680307753e-04
-5.586922103690912245e-01 2.038100540860909545e-04
-5.586922103690912245e-01 2.038100540860910087e-04
-5.584374478014836329e-01 1.819368642841582672e-04
-5.589979254502204231e-01 2.234951724786395121e-04
-5.583864952879621368e-01 1.767986141215420687e-04
-5.586922103690912245e-01 2.038100540860910087e-04
-5.583864952879621368e-01 1.909190069731661100e-04
-5.588960204231773199e-01 2.176095896027927597e-04
-5.590488779637419192e-01 2.262085026680307753e-04
-5.589979254502204231e-01 2.234951724786395121e-04
-5.588960204231773199e-01 2.176095896027927597e-04
-5.591507829907849114e-01 2.312031709933367609e-04
-5.589469729366988160e-01 2.206308554815440367e-04
-5.589979254502204231e-01 2.234951724786395121e-04
-5.590488779637419192e-01 2.262085026680307753e-04
-5.590488779637419192e-01 2.262085026680307753e-04
-5.587431628826127206e-01 2.075337845767052871e-04
-5.586412578555697284e-01 1.998871716237366988e-04
-5.585903053420482323e-01 1.957531645726723649e-04
-5.588450679096558238e-01 2.144247406690528155e-04
-5.586412578555697284e-01 1.998871716237366988e-04
-5.590488779637419192e-01 2.262085026680307753e-04
-5.586922103690912245e-01 2.038100540860909545e-04
-5.588450679096558238e-01 2.144247406690528697e-04
-5.590488779637419192e-01 2.262085026680308295e-04
-5.586412578555697284e-01 1.998871716237366988e-04
-5.585903053420482323e-01 1.957531645726723649e-04
-5.590998304772634153e-01 2.287762183110056185e-04
-5.591507829907849114e-01 2.312031709933367609e-04
-5.590488779637419192e-01 2.262085026680307753e-04
-5.589469729366988160e-01 2.206308554815440367e-04
-5.590488779637419192e-01 2.262085026680307753e-04
-5.587941153961343277e-01 2.110689038257460904e-04
-5.586922103690912245e-01 2.038100540860909545e-04
-5.587431628826127206e-01 2.075337845767052871e-04
-5.586922103690912245e-01 2.038100540860909545e-04
-5.585393528285266251e-01 1.913943529156780224e-04
-5.585903053420482323e-01 1.957531645726723649e-04
-5.587941153961343277e-01 2.110689038257460904e-04
-5.587431628826127206e-01 2.075337845767052871e-04
-5.587941153961343277e-01 2.110689038257460362e-04
-5.592526880178280146e-01 2.356519322744944167e-04
-5.589979254502204231e-01 2.234951724786395663e-04
-5.588960204231773199e-01 2.176095896027927868e-04
-5.589469729366988160e-01 2.206308554815440367e-04
-5.592526880178280146e-01 2.356519322744944167e-04
-5.590998304772634153e-01 2.287762183110056185e-04
-5.584374478014836329e-01 1.819368642841582672e-04
-5.585393528285266251e-01 1.913943529156780224e-04
-5.587431628826127206e-01 2.075337845767052871e-04
-5.585903053420482323e-01 1.957531645726723649e-04
-5.590488779637419192e-01 2.262085026680307753e-04
-5.586922103690912245e-01 2.038100540860909545e-04
-5.588960204231773199e-01 2.176095896027927597e-04
-5.585903053420482323e-01 1.957531645726723649e-04
-5.587941153961343277e-01 2.230300415426674020e-04
-5.587941153961343277e-01 2.110689038257460904e-04
-5.588450679096558238e-01 2.144247406690528155e-04
-5.591507829907849114e-01 2.312031709933367609e-04
-5.592526880178280146e-01 2.356519322744944167e-04
-5.589469729366988160e-01 2.206308554815439825e-04
-5.592526880178280146e-01 2.356519322744944167e-04
-5.586412578555697284e-01 1.998871716237366446e-04
-5.588960204231773199e-01 2.176095896027927597e-04
-5.586922103690912245e-01 2.038100540860909545e-04
-5.587941153961343277e-01 2.110689038257460362e-04
-5.587941153961343277e-01 2.110689038257460362e-04
-5.587431628826127206e-01 2.075337845767052871e-04
-5.586922103690912245e-01 2.038100540860910087e-04
-5.586412578555697284e-01 1.998871716237366988e-04
-5.589979254502204231e-01 2.234951724786395121e-04
-5.590998304772634153e-01 2.287762183110056728e-04
-5.590488779637419192e-01 2.262085026680307753e-04
-5.588450679096558238e-01 2.144247406690528697e-04
-5.589469729366988160e-01 2.206308554815440367e-04
-5.593545930448710068e-01 2.395851986273333893e-04
-5.591507829907849114e-01 2.312031709933367609e-04
-5.589979254502204231e-01 2.234951724786395663e-04
-5.589979254502204231e-01 2.234951724786395121e-04
-5.589979254502204231e-01 2.234951724786395663e-04
-5.590488779637419192e-01 2.262085026680307753e-04
-5.590488779637419192e-01 2.262085026680307753e-04
-5.589469729366988160e-01 2.206308554815440367e-04
-5.585393528285266251e-01 1.913943529156779952e-04
-5.587431628826127206e-01 2.075337845767052871e-04
-5.587431628826127206e-01 2.075337845767052871e-04
-5.588450679096558238e-01 2.144247406690528697e-04
-5.587941153961343277e-01 2.110689038257460904e-04
-5.595074505854356062e-01 2.445720649033091562e-04
-5.589469729366988160e-01 2.206308554815440367e-04
-5.586922103690912245e-01 2.161732069774079286e-04
-5.585393528285266251e-01 2.045094511173823986e-04
-5.582336377473975375e-01 2.024681328836751737e-04
-5.581826852338760414e-01 2.100825951399503679e-04
-5.579788751797899460e-01 1.881797113664368548e-04
-5.581317327203545453e-01 2.050166049057146334e-04
-5.583864952879621368e-01 1.909190069731661371e-04
-5.585903053420482323e-01 1.957531645726723649e-04
-5.585393528285266251e-01 1.913943529156780224e-04
-5.585393528285266251e-01 1.913943529156779952e-04
-5.585903053420482323e-01 1.957531645726723107e-04
-5.590488779637419192e-01 2.262085026680307753e-04
-5.590488779637419192e-01 2.262085026680307753e-04
-5.588450679096558238e-01 2.144247406690528697e-04
-5.587941153961343277e-01 2.110689038257460904e-04
-5.590998304772634153e-01 2.287762183110056185e-04
-5.591507829907849114e-01 2.312031709933367609e-04
-5.588960204231773199e-01 2.176095896027927597e-04
-5.588450679096558238e-01 2.144247406690528697e-04
-5.588960204231773199e-01 2.176095896027927597e-04
-5.585903053420482323e-01 1.957531645726723107e-04
-5.588450679096558238e-01 2.144247406690528697e-04
-5.588960204231773199e-01 2.176095896027927597e-04
-5.586922103690912245e-01 2.038100540860909545e-04
-5.586412578555697284e-01 1.998871716237366988e-04
-5.587431628826127206e-01 2.075337845767052871e-04
-5.590998304772634153e-01 2.287762183110056185e-04
-5.587941153961343277e-01 2.110689038257460904e-04
-5.588960204231773199e-01 2.176095896027927597e-04
-5.586922103690912245e-01 2.038100540860910087e-04
-5.588960204231773199e-01 2.176095896027927597e-04
-5.589979254502204231e-01 2.234951724786395121e-04
-5.590488779637419192e-01 2.262085026680307211e-04
-5.590998304772634153e-01 2.287762183110056185e-04
-5.586412578555697284e-01 1.998871716237366988e-04
-5.588450679096558238e-01 2.144247406690528697e-04
-5.585903053420482323e-01 1.957531645726723649e-04
-5.586412578555697284e-01 1.998871716237366446e-04
-5.587431628826127206e-01 2.075337845767052871e-04
-5.587941153961343277e-01 2.110689038257460362e-04
-5.588450679096558238e-01 2.144247406690528697e-04
-5.587941153961343277e-01 2.110689038257460904e-04
-5.584374478014836329e-01 1.819368642841582672e-04
-5.587941153961343277e-01 2.110689038257460904e-04
-5.593036405313495107e-01 2.376813242123630417e-04
-5.587941153961343277e-01 2.110689038257460362e-04
-5.584884003150051290e-01 1.867950000485111520e-04
-5.590488779637419192e-01 2.262085026680307753e-04
-5.586922103690912245e-01 2.038100540860909545e-04
-5.590488779637419192e-01 2.374080957921072526e-04
-5.589469729366988160e-01 2.206308554815440367e-04
-5.586922103690912245e-01 2.038100540860910087e-04
-5.585393528285266251e-01 1.913943529156780224e-04
-5.585903053420482323e-01 1.957531645726723649e-04
-5.587431628826127206e-01 2.075337845767052871e-04
-5.585903053420482323e-01 1.957531645726723649e-04
-5.584884003150051290e-01 1.867950000485111791e-04
-5.588450679096558238e-01 2.144247406690528697e-04
-5.586412578555697284e-01 1.998871716237366988e-04
-5.585903053420482323e-01 1.957531645726723649e-04
-5.591507829907849114e-01 2.312031709933367609e-04
-5.590488779637419192e-01 2.262085026680307753e-04
-5.589979254502204231e-01 2.234951724786395663e-04
-5.590998304772634153e-01 2.287762183110056185e-04
-5.589469729366988160e-01 2.206308554815440367e-04
-5.589469729366988160e-01 2.206308554815440367e-04
-5.588450679096558238e-01 2.144247406690528697e-04
-5.589469729366988160e-01 2.206308554815440367e-04
-5.587941153961343277e-01 2.110689038257460362e-04
-5.586412578555697284e-01 1.998871716237366446e-04
-5.586922103690912245e-01 2.038100540860909545e-04
-5.586922103690912245e-01 2.038100540860909545e-04
-5.586412578555697284e-01 1.998871716237367259e-04
-5.582845902609190336e-01 1.805761679875327117e-04
-5.588960204231773199e-01 2.176095896027927868e-04
-5.589979254502204231e-01 2.234951724786395663e-04
-5.591507829907849114e-01 2.312031709933367609e-04
-5.588960204231773199e-01 2.176095896027927597e-04
-5.585903053420482323e-01 1.957531645726723107e-04
-5.590488779637419192e-01 2.262085026680307753e-04
-5.588450679096558238e-01 2.144247406690528697e-04
-5.588450679096558238e-01 2.262085026680308295e-04
-5.588450679096558238e-01 2.144247406690528697e-04
-5.586412578555697284e-01 1.998871716237366446e-04
-5.585903053420482323e-01 1.957531645726723649e-04
-5.586922103690912245e-01 2.038100540860910087e-04
-5.586412578555697284e-01 1.998871716237366446e-04
-5.585903053420482323e-01 1.957531645726723649e-04
-5.585903053420482323e-01 1.957531645726723107e-04
-5.586412578555697284e-01 1.998871716237366988e-04
-5.587431628826127206e-01 2.075337845767052871e-04
-5.584374478014836329e-01 1.819368642841582401e-04
-5.588960204231773199e-01 2.176095896027927597e-04
-5.586922103690912245e-01 2.038100540860909545e-04
-5.586922103690912245e-01 2.038100540860909545e-04
-5.587941153961343277e-01 2.110689038257460362e-04
-5.595584030989571023e-01 2.460009304094029669e-04
-5.589979254502204231e-01 2.234951724786395121e-04
-5.590998304772634153e-01 2.287762183110056185e-04
-5.587941153961343277e-01 2.110689038257460904e-04
-5.585903053420482323e-01 1.957531645726723649e-04
-5.583864952879621368e-01 1.767986141215420416e-04
-5.588450679096558238e-01 2.144247406690528697e-04
-5.587431628826127206e-01 2.075337845767052871e-04
-5.591507829907849114e-01 2.312031709933367609e-04
-5.583355427744405297e-01 1.713550528941602043e-04
-5.587941153961343277e-01 2.110689038257460904e-04
-5.591507829907849114e-01 2.312031709933367338e-04
-5.585903053420482323e-01 1.957531645726723649e-04
-5.593036405313495107e-01 2.376813242123630417e-04
-5.588450679096558238e-01 2.144247406690528697e-04
-5.590998304772634153e-01 2.287762183110056185e-04
-5.587941153961343277e-01 2.110689038257460904e-04
-5.591507829907849114e-01 2.312031709933367338e-04
-5.587431628826127206e-01 2.075337845767052328e-04
-5.584884003150051290e-01 1.867950000485111520e-04
-5.586412578555697284e-01 1.998871716237366988e-04
-5.585393528285266251e-01 2.045094511173823715e-04
-5.585393528285266251e-01 1.913943529156779952e-04
-5.584374478014836329e-01 1.819368642841582401e-04
-5.586922103690912245e-01 2.038100540860910087e-04
-5.587431628826127206e-01 2.075337845767052871e-04
-5.588960204231773199e-01 2.176095896027927055e-04
-5.588450679096558238e-01 2.144247406690528697e-04
-5.591507829907849114e-01 2.312031709933367609e-04
-5.591507829907849114e-01 2.312031709933367609e-04
-5.589979254502204231e-01 2.234951724786395663e-04
-5.587941153961343277e-01 2.110689038257460904e-04
-5.590488779637419192e-01 2.262085026680307753e-04
-5.587431628826127206e-01 2.075337845767052871e-04
-5.588960204231773199e-01 2.176095896027927597e-04
-5.586922103690912245e-01 2.038100540860909545e-04
-5.585393528285266251e-01 2.045094511173823986e-04
-5.582845902609190336e-01 1.655760706646335566e-04
-5.587941153961343277e-01 2.110689038257460904e-04
-5.587941153961343277e-01 2.110689038257460362e-04
-5.588960204231773199e-01 2.176095896027927597e-04
-5.585903053420482323e-01 1.957531645726723649e-04
-5.583864952879621368e-01 1.767986141215420687e-04
-5.588960204231773199e-01 2.176095896027927055e-04
-5.589469729366988160e-01 2.206308554815440367e-04
-5.590488779637419192e-01 2.262085026680307753e-04
-5.587941153961343277e-01 2.110689038257460362e-04
-5.588450679096558238e-01 2.144247406690528697e-04
-5.587431628826127206e-01 2.075337845767052871e-04
-5.587431628826127206e-01 2.196874803193213843e-04
-5.588450679096558238e-01 2.144247406690528697e-04
-5.585393528285266251e-01 1.913943529156780224e-04
-5.586412578555697284e-01 1.998871716237366988e-04
-5.586412578555697284e-01 1.998871716237366988e-04
-5.585903053420482323e-01 1.957531645726723649e-04
-5.584374478014836329e-01 1.819368642841582401e-04
-5.587941153961343277e-01 2.230300415426674020e-04
-5.586922103690912245e-01 2.161732069774079286e-04
-5.583864952879621368e-01 1.767986141215420687e-04
-5.587941153961343277e-01 2.110689038257460362e-04
-5.587941153961343277e-01 2.110689038257460904e-04
-5.590488779637419192e-01 2.262085026680307753e-04
-5.589469729366988160e-01 2.206308554815440367e-04
-5.590488779637419192e-01 2.262085026680307211e-04
-5.589469729366988160e-01 2.206308554815440367e-04
-5.584374478014836329e-01 1.819368642841582401e-04
-5.591507829907849114e-01 2.312031709933367609e-04
-5.586922103690912245e-01 2.038100540860910087e-04
-5.584884003150051290e-01 2.002116113302252907e-04
-5.586412578555697284e-01 2.124787016339733817e-04
-5.584374478014836329e-01 1.819368642841582672e-04
-5.587431628826127206e-01 2.075337845767052871e-04
-5.584884003150051290e-01 1.867950000485111791e-04
-5.585903053420482323e-01 1.957531645726723649e-04
-5.586412578555697284e-01 1.998871716237366988e-04
-5.587941153961343277e-01 2.110689038257460362e-04
-5.585903053420482323e-01 1.957531645726723649e-04
-5.586922103690912245e-01 2.161732069774079286e-04
-5.590998304772634153e-01 2.287762183110056728e-04
-5.588960204231773199e-01 2.176095896027927597e-04
-5.585903053420482323e-01 1.957531645726723107e-04
-5.586922103690912245e-01 2.038100540860909545e-04
-5.586412578555697284e-01 1.998871716237366988e-04
-5.585903053420482323e-01 1.957531645726723649e-04
-5.589469729366988160e-01 2.206308554815440367e-04
-5.584374478014836329e-01 1.819368642841582401e-04
-5.585903053420482323e-01 1.957531645726723649e-04
-5.584884003150051290e-01 1.867950000485111791e-04
-5.585393528285266251e-01 2.045094511173823986e-04
-5.585903053420482323e-01 1.957531645726723107e-04
-5.587941153961343277e-01 2.110689038257460904e-04
-5.586922103690912245e-01 2.038100540860909545e-04
-5.589469729366988160e-01 2.206308554815440367e-04
-5.584884003150051290e-01 1.867950000485111791e-04
-5.589469729366988160e-01 2.206308554815440367e-04
-5.587941153961343277e-01 2.110689038257460362e-04
-5.587941153961343277e-01 2.110689038257460362e-04
-5.586922103690912245e-01 2.038100540860910087e-04
-5.586412578555697284e-01 1.998871716237366988e-04
-5.584884003150051290e-01 2.002116113302252636e-04
-5.584374478014836329e-01 1.819368642841582401e-04
-5.583864952879621368e-01 1.767986141215420687e-04
-5.587431628826127206e-01 2.075337845767052871e-04
-5.584884003150051290e-01 1.867950000485111791e-04
-5.585903053420482323e-01 1.957531645726723649e-04
-5.586412578555697284e-01 1.998871716237366988e-04
-5.588450679096558238e-01 2.144247406690528697e-04
-5.586412578555697284e-01 1.998871716237366988e-04
-5.586922103690912245e-01 2.038100540860909545e-04
-5.585903053420482323e-01 1.957531645726723649e-04
-5.584884003150051290e-01 1.867950000485111791e-04
-5.584374478014836329e-01 1.956868412895310778e-04
-5.587431628826127206e-01 2.196874803193213843e-04
-5.584884003150051290e-01 1.867950000485111249e-04
-5.583355427744405297e-01 1.858894064240411588e-04
-5.583864952879621368e-01 1.767986141215420687e-04
-5.584884003150051290e-01 1.867950000485111520e-04
-5.584884003150051290e-01 1.867950000485111520e-04
-5.585903053420482323e-01 1.957531645726723649e-04
-5.580807802068329382e-01 1.558847164277068326e-04
-5.583864952879621368e-01 1.767986141215420687e-04
-5.584374478014836329e-01 1.819368642841582401e-04
-5.587941153961343277e-01 2.110689038257460362e-04
-5.585393528285266251e-01 1.913943529156779952e-04
-5.585393528285266251e-01 1.913943529156779952e-04
-5.587941153961343277e-01 2.230300415426674562e-04
-5.584374478014836329e-01 1.819368642841582401e-04
-5.585903053420482323e-01 1.957531645726723107e-04
-5.587431628826127206e-01 2.075337845767052871e-04
-5.585903053420482323e-01 2.085943880082530928e-04
-5.585393528285266251e-01 1.913943529156779681e-04
-5.582336377473975375e-01 1.749534518000650963e-04
-5.584884003150051290e-01 1.867950000485111520e-04
-5.584374478014836329e-01 1.819368642841582672e-04
-5.584884003150051290e-01 2.002116113302252907e-04
-5.583864952879621368e-01 1.767986141215420416e-04
-5.584374478014836329e-01 1.819368642841582672e-04
-5.585393528285266251e-01 1.913943529156780495e-04
-5.586412578555697284e-01 1.998871716237366988e-04
-5.585393528285266251e-01 1.913943529156780224e-04
-5.589469729366988160e-01 2.206308554815440367e-04
-5.585393528285266251e-01 2.045094511173823986e-04
-5.583864952879621368e-01 1.767986141215420416e-04
-5.585393528285266251e-01 2.045094511173823986e-04
-5.585393528285266251e-01 2.045094511173823986e-04
-5.581317327203545453e-01 1.778965254028927749e-04
-5.579279226662684499e-01 1.507195675713952692e-04
-5.583355427744405297e-01 1.858894064240411588e-04
-5.580298276933114421e-01 1.802163824777136959e-04
-5.580807802068329382e-01 1.717334041008576791e-04
-5.584884003150051290e-01 2.002116113302252907e-04
-5.581317327203545453e-01 2.050166049057146876e-04
-5.582845902609190336e-01 1.944224002356301499e-04
-5.579788751797899460e-01 1.881797113664368548e-04
-5.583864952879621368e-01 2.498232446455482146e-04
-5.582845902609190336e-01 2.195101461209193641e-04
-5.582336377473975375e-01 2.024681328836751737e-04
-5.582336377473975375e-01 2.149084970440290191e-04
-5.583355427744405297e-01 2.352108426369201662e-04
-5.579279226662684499e-01 2.206308554815440638e-04
-5.579788751797899460e-01 2.370250468689820856e-04
-5.575203025580962590e-01 2.215702140902150194e-04
-5.575712550716177551e-01 2.694227076753932305e-04
-5.576222075851392512e-01 2.836458285831965336e-04
-5.573164925040101636e-01 2.522535393672110764e-04
-5.571636349634455643e-01 2.647570265778528874e-04
-5.573164925040101636e-01 2.623436017737177761e-04
-5.572655399904885565e-01 2.760855256962338011e-04
-5.572655399904885565e-01 2.665162288316488956e-04
-5.572655399904885565e-01 2.942921202404332045e-04
-5.574183975310531558e-01 2.534855542146015285e-04
-5.573164925040101636e-01 2.905187036949131844e-04
-5.572145874769670604e-01 2.607554306791624648e-04
-5.574693500445746519e-01 2.590072182521544223e-04
-5.575712550716177551e-01 2.694227076753932305e-04
-5.575203025580962590e-01 2.438811069120106216e-04
-5.574183975310531558e-01 2.320997450641423419e-04
-5.569088723958379727e-01 2.534855542146015285e-04
-5.570617299364024610e-01 2.525107048324746724e-04
-5.568579198823164766e-01 2.764614081380955125e-04
-5.568579198823164766e-01 2.856977904325137254e-04
-5.565522048011872780e-01 2.934086234396960746e-04
-5.567560148552733734e-01 2.916336003534451978e-04
-5.560936321794935910e-01 3.031139291800301013e-04
-5.559917271524504878e-01 3.061817895949270818e-04
-5.558898221254074956e-01 3.252590726514159136e-04
-5.558898221254074956e-01 3.252590726514159136e-04
-5.552783919631492093e-01 3.178309809556061983e-04
-5.551764869361062171e-01 3.846492955418390853e-04
-5.541574366656757400e-01 3.723021749571892264e-04
-5.533931489628528544e-01 4.709732409624822454e-04
-5.522721936653796071e-01 5.335192898568705874e-04
-5.501321880974761047e-01 6.464346012973531475e-04
-5.462597970698407357e-01 8.710346716675886492e-04
-5.405531155554302858e-01 1.206875652297901289e-03
-5.011668226032952589e-01 4.497750698684891205e-03
7.726460154347043474e-01 9.041661263106393065e-02
4.184120605754554134e+00 3.022486838391864050e-01
6.526152889771220877e+00 3.901927655435420972e-01
6.847510392551448888e+00 3.885766118807555958e-01
6.896526710559146345e+00 3.869442399660748544e-01
6.855204222093196798e+00 3.864005826476129557e-01
5.425680502733431609e+00 3.560887228808843341e-01
1.451078732973743346e+00 1.096577907368808252e-01
-3.931984464511943944e-01 7.949924601868182603e-03
-5.153825738757993324e-01 1.027928287432246408e-03
-5.391264451768278398e-01 7.844701668268964836e-04
-5.475336099078785823e-01 6.464948402837198370e-04
-5.508455232867769391e-01 4.898866237628895712e-04
-5.525269562329869766e-01 4.107606963112627493e-04
-5.498264730163465730e-01 7.184846434103361055e-04
-5.284264173373085516e-01 1.784967709004107311e-03
-5.078925543881359639e-01 2.863200321436738111e-03
-5.043768309551510676e-01 3.026785164918632288e-03
-5.038163533064143884e-01 3.094504335703532338e-03
-5.037654007928926703e-01 3.063242060458973206e-03
-5.105420850912548714e-01 2.717613341615868205e-03
-5.307702329592982604e-01 1.624226756856548019e-03
-5.508455232867771612e-01 7.249595532851850922e-04
-5.558388696118859995e-01 2.928772460821735539e-04
-5.559407746389289917e-01 2.990178980604729381e-04
-5.558388696118859995e-01 3.100995256515589422e-04
-5.498774255298682911e-01 7.434703321579903303e-04
-5.421835959881191602e-01 1.006025090115130870e-03
-5.385659675280909386e-01 1.206563696663212702e-03
-5.379545373658328744e-01 1.209314731659652097e-03
-5.376997747982252829e-01 1.263951018480197327e-03
-5.414702607988178817e-01 1.047641171478928043e-03
-5.508964758002986573e-01 5.721901479001382986e-04
-5.561955372065365832e-01 2.908759355589692259e-04
-5.565012522876657819e-01 3.044812388734120996e-04
-5.565522048011872780e-01 3.021273532421373800e-04
-5.568579198823164766e-01 2.764614081380955125e-04
-5.569598249093594688e-01 2.792644004705848500e-04
-5.573674450175316597e-01 2.866050578493909654e-04
-5.577750651257038506e-01 2.694227076753932305e-04
-5.579279226662684499e-01 2.320997450641423961e-04
-5.580807802068329382e-01 2.241910594947000689e-04
-5.581826852338760414e-01 2.100825951399503679e-04
-5.582336377473975375e-01 1.892115946898593700e-04
-5.581317327203545453e-01 1.919361639158811397e-04
-5.579788751797899460e-01 2.140005567903955524e-04
-5.581317327203545453e-01 2.050166049057146876e-04
-5.584374478014836329e-01 1.956868412895310778e-04
-5.580298276933114421e-01 2.070327970394966917e-04
-5.580807802068329382e-01 1.717334041008576791e-04
-5.584884003150051290e-01 2.002116113302252907e-04
-5.582336377473975375e-01 1.749534518000651234e-04
-5.583864952879621368e-01 1.767986141215420416e-04
-5.586412578555697284e-01 1.998871716237366988e-04
-5.584884003150051290e-01 1.867950000485111520e-04
-5.587431628826127206e-01 2.196874803193213843e-04
-5.587431628826127206e-01 2.075337845767052871e-04
-5.585903053420482323e-01 1.957531645726723649e-04
-5.586922103690912245e-01 2.038100540860909545e-04
-5.586922103690912245e-01 2.038100540860910087e-04
-5.584884003150051290e-01 2.002116113302252907e-04
-5.583355427744405297e-01 1.713550528941602043e-04
-5.583864952879621368e-01 1.767986141215420416e-04
-5.583864952879621368e-01 1.909190069731661100e-04
-5.584374478014836329e-01 1.819368642841582401e-04
-5.586922103690912245e-01 2.161732069774079286e-04
-5.585903053420482323e-01 2.206896825337777200e-04
-5.584884003150051290e-01 1.867950000485111520e-04
-5.584884003150051290e-01 2.002116113302252636e-04
-5.589979254502204231e-01 2.234951724786395121e-04
-5.583864952879621368e-01 1.767986141215420687e-04
-5.586412578555697284e-01 1.998871716237366988e-04
-5.586922103690912245e-01 2.038100540860909545e-04
-5.584374478014836329e-01 1.819368642841582401e-04
-5.584884003150051290e-01 1.867950000485111791e-04
-5.583864952879621368e-01 1.767986141215420687e-04
-5.585393528285266251e-01 1.913943529156779952e-04
-5.585903053420482323e-01 1.957531645726723107e-04
-5.584884003150051290e-01 2.002116113302252636e-04
-5.583355427744405297e-01 1.858894064240411588e-04
-5.587941153961343277e-01 2.110689038257460904e-04
-5.584374478014836329e-01 1.819368642841582401e-04
-5.588960204231773199e-01 2.176095896027927597e-04
-5.582336377473975375e-01 1.749534518000650963e-04
-5.588960204231773199e-01 2.176095896027927597e-04
-5.587431628826127206e-01 2.075337845767052871e-04
-5.588960204231773199e-01 2.176095896027927597e-04
-5.586922103690912245e-01 2.038100540860909545e-04
-5.588450679096558238e-01 2.144247406690528697e-04
-5.588450679096558238e-01 2.144247406690528697e-04
-5.586922103690912245e-01 2.161732069774079286e-04
-5.589979254502204231e-01 2.234951724786395121e-04
-5.585393528285266251e-01 1.913943529156779952e-04
-5.582845902609190336e-01 1.944224002356301499e-04
-5.586412578555697284e-01 1.998871716237366446e-04
-5.584884003150051290e-01 1.867950000485111520e-04
-5.585393528285266251e-01 1.913943529156779952e-04
-5.585393528285266251e-01 1.913943529156780224e-04
-5.584374478014836329e-01 1.819368642841582672e-04
-5.588450679096558238e-01 2.144247406690528155e-04
-5.586412578555697284e-01 1.998871716237366988e-04
-5.587431628826127206e-01 2.075337845767052871e-04
-5.591507829907849114e-01 2.312031709933367609e-04
-5.584374478014836329e-01 1.819368642841582672e-04
-5.589469729366988160e-01 2.206308554815440367e-04
-5.590998304772634153e-01 2.287762183110056185e-04
-5.586412578555697284e-01 1.998871716237366446e-04
-5.582845902609190336e-01 1.655760706646335566e-04
-5.583355427744405297e-01 1.713550528941601772e-04
-5.584884003150051290e-01 1.867950000485111520e-04
-5.583864952879621368e-01 1.767986141215420687e-04
-5.584884003150051290e-01 1.867950000485111791e-04
-5.585393528285266251e-01 2.045094511173823986e-04
-5.585903053420482323e-01 1.957531645726723107e-04
-5.584884003150051290e-01 1.867950000485111520e-04
-5.590488779637419192e-01 2.262085026680307753e-04
-5.592526880178280146e-01 2.356519322744944438e-04
-5.589979254502204231e-01 2.234951724786395121e-04
-5.590998304772634153e-01 2.287762183110056728e-04
-5.587431628826127206e-01 2.075337845767052871e-04
-5.588960204231773199e-01 2.176095896027927055e-04
-5.589469729366988160e-01 2.206308554815440367e-04
-5.590488779637419192e-01 2.262085026680307753e-04
-5.584884003150051290e-01 1.867950000485111791e-04
-5.585393528285266251e-01 1.913943529156779952e-04
-5.587941153961343277e-01 2.110689038257460904e-04
-5.583355427744405297e-01 1.713550528941602043e-04
-5.584884003150051290e-01 1.867950000485111520e-04
-5.582336377473975375e-01 1.594251957139641992e-04
-5.586412578555697284e-01 1.998871716237366988e-04
-5.583864952879621368e-01 1.767986141215420687e-04
-5.587941153961343277e-01 2.110689038257460362e-04
-5.588450679096558238e-01 2.144247406690528697e-04
-5.585903053420482323e-01 1.957531645726723649e-04
-5.588960204231773199e-01 2.176095896027927597e-04
-5.589469729366988160e-01 2.206308554815439825e-04
-5.587941153961343277e-01 2.110689038257460904e-04
-5.588960204231773199e-01 2.176095896027927597e-04
-5.585903053420482323e-01 1.957531645726723649e-04
-5.586922103690912245e-01 2.038100540860909545e-04
-5.584374478014836329e-01 1.819368642841582401e-04
-5.587431628826127206e-01 2.075337845767052871e-04
-5.584374478014836329e-01 1.819368642841582401e-04
-5.587941153961343277e-01 2.110689038257460904e-04
-5.585903053420482323e-01 1.957531645726723107e-04
-5.585903053420482323e-01 1.957531645726723649e-04
-5.584884003150051290e-01 1.867950000485111791e-04
-5.587941153961343277e-01 2.110689038257460904e-04
-5.585903053420482323e-01 1.957531645726723649e-04
-5.583864952879621368e-01 1.909190069731661100e-04
-5.584884003150051290e-01 2.002116113302252907e-04
-5.583864952879621368e-01 1.767986141215420687e-04
-5.585393528285266251e-01 1.913943529156780224e-04
-5.586412578555697284e-01 1.998871716237366988e-04
-5.589469729366988160e-01 2.206308554815440367e-04
-5.586922103690912245e-01 2.038100540860909545e-04
-5.583864952879621368e-01 1.767986141215420687e-04
-5.585393528285266251e-01 1.913943529156779952e-04
-5.586412578555697284e-01 1.998871716237366988e-04
-5.585903053420482323e-01 1.957531645726723107e-04
-5.584884003150051290e-01 1.867950000485111520e-04
-5.585393528285266251e-01 2.045094511173823986e-04
-5.587941153961343277e-01 2.110689038257460904e-04
-5.590488779637419192e-01 2.262085026680307753e-04
-5.589979254502204231e-01 2.234951724786395663e-04
-5.587941153961343277e-01 2.110689038257460362e-04
-5.589979254502204231e-01 2.234951724786395663e-04
-5.586412578555697284e-01 1.998871716237366988e-04
-5.587941153961343277e-01 2.110689038257460904e-04
-5.588450679096558238e-01 2.144247406690528697e-04
-5.585903053420482323e-01 1.957531645726723649e-04
-5.588450679096558238e-01 2.144247406690528697e-04
-5.583864952879621368e-01 1.767986141215420687e-04
-5.586412578555697284e-01 1.998871716237366446e-04
-5.586412578555697284e-01 1.998871716237366988e-04
-5.586922103690912245e-01 2.038100540860909545e-04
-5.585393528285266251e-01 1.913943529156779681e-04
-5.585393528285266251e-01 1.913943529156779952e-04
-5.588960204231773199e-01 2.176095896027927868e-04
-5.588960204231773199e-01 2.176095896027927597e-04
-5.589469729366988160e-01 2.206308554815440367e-04
-5.588960204231773199e-01 2.176095896027927597e-04
-5.588450679096558238e-01 2.262085026680308295e-04
-5.588960204231773199e-01 2.176095896027927868e-04
-5.586922103690912245e-01 2.038100540860910087e-04
-5.590998304772634153e-01 2.287762183110056728e-04
-5.586412578555697284e-01 1.998871716237366988e-04
-5.585393528285266251e-01 1.913943529156779952e-04
-5.586922103690912245e-01 2.038100540860910087e-04
-5.585393528285266251e-01 1.913943529156780224e-04
-5.584884003150051290e-01 1.867950000485111520e-04
-5.585393528285266251e-01 1.913943529156780224e-04
-5.586412578555697284e-01 1.998871716237366446e-04
-5.586412578555697284e-01 1.998871716237366988e-04
-5.587941153961343277e-01 2.110689038257460362e-04
-5.586922103690912245e-01 2.038100540860909545e-04
-5.589469729366988160e-01 2.206308554815440367e-04
-5.586412578555697284e-01 1.998871716237367259e-04
-5.588960204231773199e-01 2.176095896027927597e-04
-5.588960204231773199e-01 2.176095896027927597e-04
-5.587431628826127206e-01 2.075337845767052871e-04
-5.589979254502204231e-01 2.234951724786395121e-04
-5.589979254502204231e-01 2.234951724786395121e-04
-5.586922103690912245e-01 2.038100540860909545e-04
-5.589469729366988160e-01 2.206308554815439825e-04
-5.588450679096558238e-01 2.144247406690528697e-04
-5.586412578555697284e-01 1.998871716237366446e-04
-5.584374478014836329e-01 1.956868412895310778e-04
-5.586412578555697284e-01 1.998871716237366988e-04
-5.587941153961343277e-01 2.110689038257460904e-04
-5.589979254502204231e-01 2.234951724786395663e-04
-5.591507829907849114e-01 2.312031709933367609e-04
-5.588450679096558238e-01 2.144247406690528697e-04
-5.588450679096558238e-01 2.144247406690528697e-04
-5.588960204231773199e-01 2.176095896027927597e-04
-5.587431628826127206e-01 2.075337845767052871e-04
-5.587431628826127206e-01 2.075337845767052871e-04
-5.590488779637419192e-01 2.262085026680307753e-04
-5.584884003150051290e-01 2.002116113302252907e-04
-5.587431628826127206e-01 2.075337845767052871e-04
-5.589469729366988160e-01 2.206308554815440367e-04
-5.585393528285266251e-01 2.045094511173823715e-04
-5.587431628826127206e-01 2.075337845767052871e-04
-5.587941153961343277e-01 2.110689038257460904e-04
-5.585393528285266251e-01 1.913943529156779952e-04
-5.587431628826127206e-01 2.075337845767052871e-04
-5.589469729366988160e-01 2.206308554815440367e-04
-5.589469729366988160e-01 2.206308554815440367e-04
-5.591507829907849114e-01 2.312031709933367338e-04
-5.585393528285266251e-01 1.913943529156779952e-04
-5.589979254502204231e-01 2.234951724786395121e-04
-5.588960204231773199e-01 2.176095896027927597e-04
-5.590488779637419192e-01 2.262085026680307753e-04
-5.589469729366988160e-01 2.206308554815439825e-04
-5.588960204231773199e-01 2.176095896027927597e-04
-5.585903053420482323e-01 2.085943880082531470e-04
-5.584884003150051290e-01 1.867950000485111520e-04
-5.585393528285266251e-01 1.913943529156779952e-04
-5.586412578555697284e-01 1.998871716237366988e-04
-5.586412578555697284e-01 2.124787016339733817e-04
-5.586922103690912245e-01 2.038100540860909545e-04
-5.587941153961343277e-01 2.110689038257460904e-04
-5.589979254502204231e-01 2.234951724786395121e-04
-5.587941153961343277e-01 2.110689038257460904e-04
-5.591507829907849114e-01 2.312031709933367609e-04
-5.588960204231773199e-01 2.176095896027927868e-04
-5.589469729366988160e-01 2.206308554815440367e-04
-5.587941153961343277e-01 2.110689038257460362e-04
-5.588960204231773199e-01 2.176095896027927597e-04
-5.587941153961343277e-01 2.110689038257460904e-04
-5.584884003150051290e-01 2.002116113302252907e-04
-5.587941153961343277e-01 2.110689038257460904e-04
-5.586412578555697284e-01 1.998871716237366446e-04
-5.586412578555697284e-01 1.998871716237366988e-04
-5.587431628826127206e-01 2.075337845767052871e-04
-5.586922103690912245e-01 2.038100540860909545e-04
-5.586922103690912245e-01 2.038100540860909545e-04
-5.587941153961343277e-01 2.110689038257460362e-04
-5.592526880178280146e-01 2.356519322744944167e-04
-5.589469729366988160e-01 2.206308554815439825e-04
