# V, V_err
-5.593036405313495107e-01 2.376813242123630417e-04
-5.589469729366988160e-01 2.206308554815439825e-04
-5.592017355043065185e-01 2.334937500606389603e-04
-5.589979254502204231e-01 2.234951724786395121e-04
-5.592526880178280146e-01 2.356519322744944438e-04
-5.590998304772634153e-01 2.287762183110056185e-04
-5.594055455583926140e-01 2.413665257457460575e-04
-5.593036405313495107e-01 2.376813242123630688e-04
-5.594055455583926140e-01 2.413665257457460846e-04
-5.590998304772634153e-01 2.287762183110056728e-04
-5.594564980719141101e-01 2.430280002945377010e-04
-5.593036405313495107e-01 2.376813242123630417e-04
-5.596603081260002055e-01 2.485208520560984870e-04
-5.593545930448710068e-01 2.395851986273333893e-04
-5.589469729366988160e-01 2.206308554815440367e-04
-5.587941153961343277e-01 2.110689038257460904e-04
-5.589979254502204231e-01 2.234951724786395121e-04
-5.587941153961343277e-01 2.110689038257460362e-04
-5.590488779637419192e-01 2.262085026680307753e-04
-5.592017355043065185e-01 2.334937500606389603e-04
-5.591507829907849114e-01 2.312031709933367609e-04
-5.594564980719141101e-01 2.430280002945377010e-04
-5.593545930448710068e-01 2.395851986273333893e-04
-5.594055455583926140e-01 2.413665257457460846e-04
-5.593545930448710068e-01 2.395851986273333893e-04
-5.592526880178280146e-01 2.356519322744944167e-04
-5.593036405313495107e-01 2.376813242123630417e-04
-5.597622131530431977e-01 2.506014312815343383e-04
-5.593036405313495107e-01 2.376813242123630417e-04
-5.594055455583926140e-01 2.413665257457460846e-04
-5.591507829907849114e-01 2.312031709933367609e-04
-5.595584030989571023e-01 2.460009304094029669e-04
-5.593545930448710068e-01 2.395851986273333893e-04
-5.591507829907849114e-01 2.312031709933367609e-04
-5.590998304772634153e-01 2.287762183110056185e-04
-5.588960204231773199e-01 2.176095896027927597e-04
-5.592017355043065185e-01 2.334937500606389603e-04
-5.595584030989571023e-01 2.460009304094029669e-04
-5.595584030989571023e-01 2.460009304094029669e-04
-5.592526880178280146e-01 2.356519322744944167e-04
-5.592526880178280146e-01 2.356519322744944167e-04
-5.595584030989571023e-01 2.460009304094029669e-04
-5.593545930448710068e-01 2.395851986273333893e-04
-5.589469729366988160e-01 2.206308554815440367e-04
-5.589469729366988160e-01 2.206308554815439825e-04
-5.591507829907849114e-01 2.312031709933367609e-04
-5.589469729366988160e-01 2.206308554815440367e-04
-5.590488779637419192e-01 2.262085026680307753e-04
-5.588960204231773199e-01 2.292296899518424138e-04
-5.593545930448710068e-01 2.395851986273333893e-04
-5.594564980719141101e-01 2.430280002945377010e-04
-5.594055455583926140e-01 2.413665257457460846e-04
-5.593036405313495107e-01 2.376813242123630417e-04
-5.595584030989571023e-01 2.460009304094029669e-04
-5.594055455583926140e-01 2.413665257457460575e-04
-5.593545930448710068e-01 2.395851986273333893e-04
-5.592017355043065185e-01 2.334937500606389603e-04
-5.589979254502204231e-01 2.234951724786395121e-04
-5.590488779637419192e-01 2.262085026680307753e-04
-5.587941153961343277e-01 2.110689038257460362e-04
-5.592526880178280146e-01 2.356519322744944167e-04
-5.589979254502204231e-01 2.234951724786395663e-04
-5.589469729366988160e-01 2.206308554815440367e-04
-5.593036405313495107e-01 2.376813242123630417e-04
-5.588450679096558238e-01 2.144247406690528697e-04
-5.595584030989571023e-01 2.460009304094029669e-04
-5.593545930448710068e-01 2.395851986273333893e-04
-5.595074505854356062e-01 2.445720649033091562e-04
-5.595584030989571023e-01 2.460009304094029669e-04
-5.594055455583926140e-01 2.413665257457460846e-04
-5.590488779637419192e-01 2.262085026680307753e-04
-5.594564980719141101e-01 2.430280002945377010e-04
-5.593036405313495107e-01 2.376813242123630417e-04
-5.588450679096558238e-01 2.144247406690528697e-04
-5.592526880178280146e-01 2.356519322744944438e-04
-5.592017355043065185e-01 2.334937500606390146e-04
-5.589979254502204231e-01 2.234951724786395663e-04
-5.590998304772634153e-01 2.287762183110056728e-04
-5.590998304772634153e-01 2.287762183110056185e-04
-5.587941153961343277e-01 2.110689038257460904e-04
-5.597622131530431977e-01 2.506014312815343383e-04
-5.593545930448710068e-01 2.395851986273333893e-04
-5.595584030989571023e-01 2.460009304094029669e-04
-5.592526880178280146e-01 2.356519322744944167e-04
-5.590998304772634153e-01 2.287762183110056728e-04
-5.593545930448710068e-01 2.395851986273333893e-04
-5.596603081260002055e-01 2.485208520560984870e-04
-5.591507829907849114e-01 2.312031709933367609e-04
-5.590998304772634153e-01 2.287762183110056999e-04
-5.592017355043065185e-01 2.334937500606389603e-04
-5.589469729366988160e-01 2.206308554815440367e-04
-5.593545930448710068e-01 2.395851986273333351e-04
-5.589979254502204231e-01 2.234951724786395121e-04
-5.593545930448710068e-01 2.395851986273333893e-04
-5.591507829907849114e-01 2.312031709933367609e-04
-5.594055455583926140e-01 2.413665257457460846e-04
-5.592017355043065185e-01 2.334937500606389603e-04
-5.594055455583926140e-01 2.413665257457460575e-04
-5.596093556124785984e-01 2.473165935007842460e-04
-5.596093556124785984e-01 2.473165935007842460e-04
-5.593545930448710068e-01 2.395851986273333893e-04
-5.595584030989571023e-01 2.460009304094030211e-04
-5.592526880178280146e-01 2.356519322744944167e-04
-5.591507829907849114e-01 2.312031709933367609e-04
-5.589979254502204231e-01 2.234951724786395121e-04
-5.589469729366988160e-01 2.206308554815439825e-04
-5.587941153961343277e-01 2.110689038257460362e-04
-5.588450679096558238e-01 2.262085026680308295e-04
-5.589469729366988160e-01 2.206308554815439825e-04
-5.593545930448710068e-01 2.395851986273333893e-04
-5.596603081260002055e-01 2.485208520560984870e-04
-5.592526880178280146e-01 2.356519322744944438e-04
-5.592526880178280146e-01 2.356519322744944167e-04
-5.594564980719141101e-01 2.430280002945377010e-04
-5.597622131530431977e-01 2.506014312815343383e-04
-5.593036405313495107e-01 2.376813242123630417e-04
-5.593545930448710068e-01 2.395851986273333893e-04
-5.586412578555697284e-01 1.998871716237366988e-04
-5.590488779637419192e-01 2.262085026680307753e-04
-5.589979254502204231e-01 2.234951724786395121e-04
-5.589979254502204231e-01 2.234951724786395121e-04
-5.592526880178280146e-01 2.356519322744944167e-04
-5.592017355043065185e-01 2.334937500606390146e-04
-5.589469729366988160e-01 2.206308554815440367e-04
-5.594564980719141101e-01 2.430280002945377010e-04
-5.593545930448710068e-01 2.395851986273333893e-04
-5.591507829907849114e-01 2.312031709933367609e-04
-5.595074505854356062e-01 2.445720649033091562e-04
-5.594055455583926140e-01 2.413665257457460846e-04
-5.594055455583926140e-01 2.413665257457460846e-04
-5.595584030989571023e-01 2.460009304094029669e-04
-5.590488779637419192e-01 2.262085026680307753e-04
-5.590488779637419192e-01 2.262085026680307753e-04
-5.592526880178280146e-01 2.356519322744944167e-04
-5.590488779637419192e-01 2.262085026680307753e-04
-5.585903053420482323e-01 1.957531645726723649e-04
-5.592017355043065185e-01 2.334937500606389603e-04
-5.590998304772634153e-01 2.287762183110056728e-04
-5.589979254502204231e-01 2.234951724786395663e-04
-5.596093556124785984e-01 2.473165935007842460e-04
-5.594564980719141101e-01 2.430280002945377010e-04
-5.593036405313495107e-01 2.376813242123630688e-04
-5.595074505854356062e-01 2.445720649033091562e-04
-5.590998304772634153e-01 2.287762183110056728e-04
-5.592526880178280146e-01 2.356519322744944167e-04
-5.592017355043065185e-01 2.334937500606389603e-04
-5.590488779637419192e-01 2.262085026680307753e-04
-5.588960204231773199e-01 2.176095896027927055e-04
-5.589469729366988160e-01 2.206308554815439825e-04
-5.589979254502204231e-01 2.234951724786395121e-04
-5.591507829907849114e-01 2.312031709933367609e-04
-5.587941153961343277e-01 2.110689038257460904e-04
-5.589469729366988160e-01 2.206308554815440367e-04
-5.593036405313495107e-01 2.376813242123630417e-04
-5.595074505854356062e-01 2.445720649033091562e-04
-5.595584030989571023e-01 2.460009304094029669e-04
-5.590998304772634153e-01 2.287762183110056185e-04
-5.593545930448710068e-01 2.395851986273333893e-04
-5.593545930448710068e-01 2.395851986273333893e-04
-5.595074505854356062e-01 2.445720649033091562e-04
-5.596093556124785984e-01 2.473165935007842460e-04
-5.588960204231773199e-01 2.176095896027927597e-04
-5.592526880178280146e-01 2.356519322744944167e-04
-5.591507829907849114e-01 2.312031709933367609e-04
-5.589469729366988160e-01 2.206308554815440367e-04
-5.588960204231773199e-01 2.176095896027927597e-04
-5.590998304772634153e-01 2.287762183110056185e-04
-5.588960204231773199e-01 2.176095896027927055e-04
-5.595584030989571023e-01 2.460009304094030211e-04
-5.590488779637419192e-01 2.262085026680307753e-04
-5.590998304772634153e-01 2.287762183110056728e-04
-5.596603081260002055e-01 2.485208520560984870e-04
-5.594055455583926140e-01 2.413665257457460846e-04
-5.594564980719141101e-01 2.430280002945377010e-04
-5.593545930448710068e-01 2.395851986273333893e-04
-5.589979254502204231e-01 2.234951724786395121e-04
-5.589469729366988160e-01 2.206308554815440367e-04
-5.590998304772634153e-01 2.287762183110056185e-04
-5.589979254502204231e-01 2.234951724786395663e-04
-5.592017355043065185e-01 2.334937500606389603e-04
-5.590488779637419192e-01 2.262085026680307753e-04
-5.593036405313495107e-01 2.376813242123630688e-04
-5.593545930448710068e-01 2.395851986273333893e-04
-5.592526880178280146e-01 2.356519322744944167e-04
-5.594564980719141101e-01 2.430280002945377010e-04
-5.595074505854356062e-01 2.445720649033091562e-04
-5.595584030989571023e-01 2.460009304094029669e-04
-5.596093556124785984e-01 2.473165935007842460e-04
-5.596093556124785984e-01 2.473165935007842460e-04
-5.594564980719141101e-01 2.430280002945377010e-04
-5.589469729366988160e-01 2.206308554815440367e-04
-5.588960204231773199e-01 2.176095896027927597e-04
-5.591507829907849114e-01 2.312031709933367609e-04
-5.588960204231773199e-01 2.176095896027927597e-04
-5.589469729366988160e-01 2.206308554815440367e-04
-5.592017355043065185e-01 2.334937500606389603e-04
-5.589469729366988160e-01 2.206308554815440367e-04
-5.589979254502204231e-01 2.234951724786395121e-04
-5.593545930448710068e-01 2.395851986273333893e-04
-5.594564980719141101e-01 2.430280002945377010e-04
-5.593545930448710068e-01 2.395851986273333893e-04
-5.590488779637419192e-01 2.262085026680307753e-04
-5.592017355043065185e-01 2.334937500606390146e-04
-5.595074505854356062e-01 2.445720649033091562e-04
-5.594564980719141101e-01 2.430280002945377010e-04
-5.589469729366988160e-01 2.206308554815439825e-04
-5.592526880178280146e-01 2.356519322744944167e-04
-5.590998304772634153e-01 2.287762183110056728e-04
-5.588960204231773199e-01 2.176095896027927597e-04
-5.588450679096558238e-01 2.144247406690528697e-04
-5.591507829907849114e-01 2.312031709933367338e-04
-5.590488779637419192e-01 2.262085026680307753e-04
-5.593545930448710068e-01 2.395851986273333893e-04
-5.595074505854356062e-01 2.445720649033091562e-04
-5.595074505854356062e-01 2.445720649033091562e-04
-5.592017355043065185e-01 2.334937500606389603e-04
-5.595074505854356062e-01 2.445720649033091562e-04
-5.594055455583926140e-01 2.413665257457460846e-04
-5.596603081260002055e-01 2.485208520560984870e-04
-5.594055455583926140e-01 2.413665257457460846e-04
-5.592526880178280146e-01 2.356519322744944167e-04
-5.589469729366988160e-01 2.206308554815440367e-04
-5.590998304772634153e-01 2.287762183110056185e-04
-5.589979254502204231e-01 2.234951724786395121e-04
-5.588960204231773199e-01 2.176095896027927055e-04
-5.590998304772634153e-01 2.287762183110056728e-04
-5.589469729366988160e-01 2.206308554815440367e-04
-5.597112606395217016e-01 2.496153184799823101e-04
-5.595584030989571023e-01 2.460009304094030211e-04
-5.594055455583926140e-01 2.413665257457460846e-04
-5.594564980719141101e-01 2.430280002945377010e-04
-5.589979254502204231e-01 2.234951724786395121e-04
-5.592526880178280146e-01 2.356519322744944167e-04
-5.587941153961343277e-01 2.110689038257460904e-04
-5.589469729366988160e-01 2.206308554815440367e-04
-5.589469729366988160e-01 2.206308554815440367e-04
-5.590488779637419192e-01 2.262085026680307753e-04
-5.595584030989571023e-01 2.460009304094029669e-04
-5.588450679096558238e-01 2.144247406690528697e-04
-5.590998304772634153e-01 2.287762183110056185e-04
-5.587431628826127206e-01 2.075337845767052871e-04
-5.592017355043065185e-01 2.334937500606389332e-04
-5.594055455583926140e-01 2.413665257457460846e-04
-5.593036405313495107e-01 2.376813242123630417e-04
-5.597112606395217016e-01 2.496153184799823101e-04
-5.590488779637419192e-01 2.262085026680307753e-04
-5.590488779637419192e-01 2.262085026680307753e-04
-5.596093556124785984e-01 2.473165935007842460e-04
-5.595074505854356062e-01 2.445720649033091562e-04
-5.591507829907849114e-01 2.312031709933367609e-04
-5.589979254502204231e-01 2.234951724786395121e-04
-5.593036405313495107e-01 2.376813242123630688e-04
-5.590998304772634153e-01 2.287762183110056728e-04
-5.592017355043065185e-01 2.334937500606389603e-04
-5.587941153961343277e-01 2.110689038257460362e-04
-5.590488779637419192e-01 2.262085026680307753e-04
-5.595584030989571023e-01 2.460009304094029669e-04
-5.593545930448710068e-01 2.395851986273333893e-04
-5.596093556124785984e-01 2.473165935007842460e-04
-5.590998304772634153e-01 2.287762183110056185e-04
-5.596093556124785984e-01 2.473165935007842460e-04
-5.590488779637419192e-01 2.262085026680307753e-04
-5.593545930448710068e-01 2.395851986273333893e-04
-5.595074505854356062e-01 2.445720649033091562e-04
-5.588960204231773199e-01 2.176095896027927055e-04
-5.585903053420482323e-01 1.957531645726723649e-04
-5.588960204231773199e-01 2.176095896027927597e-04
-5.588960204231773199e-01 2.176095896027927597e-04
-5.590488779637419192e-01 2.262085026680307753e-04
-5.589469729366988160e-01 2.206308554815439825e-04
-5.589979254502204231e-01 2.234951724786395663e-04
-5.596093556124785984e-01 2.473165935007842460e-04
-5.595584030989571023e-01 2.460009304094029669e-04
-5.591507829907849114e-01 2.312031709933367609e-04
-5.589469729366988160e-01 2.206308554815440367e-04
-5.594055455583926140e-01 2.413665257457460575e-04
-5.598131656665646938e-01 2.514804651024825670e-04
-5.594564980719141101e-01 2.430280002945377010e-04
-5.589979254502204231e-01 2.234951724786395121e-04
-5.590488779637419192e-01 2.262085026680307753e-04
-5.590488779637419192e-01 2.262085026680307753e-04
-5.590998304772634153e-01 2.287762183110056728e-04
-5.588450679096558238e-01 2.144247406690528697e-04
-5.590488779637419192e-01 2.262085026680307753e-04
-5.587941153961343277e-01 2.110689038257460362e-04
-5.592017355043065185e-01 2.334937500606389603e-04
-5.595074505854356062e-01 2.445720649033091562e-04
-5.592526880178280146e-01 2.356519322744944167e-04
-5.595074505854356062e-01 2.445720649033091562e-04
-5.591507829907849114e-01 2.312031709933367609e-04
-5.593545930448710068e-01 2.395851986273333893e-04
-5.590998304772634153e-01 2.287762183110056185e-04
-5.594055455583926140e-01 2.413665257457460846e-04
-5.592017355043065185e-01 2.334937500606389603e-04
-5.589979254502204231e-01 2.234951724786395121e-04
-5.588450679096558238e-01 2.144247406690528697e-04
-5.591507829907849114e-01 2.312031709933367609e-04
-5.595584030989571023e-01 2.460009304094029669e-04
-5.589979254502204231e-01 2.234951724786395663e-04
-5.585903053420482323e-01 1.957531645726723649e-04
-5.595584030989571023e-01 2.460009304094029669e-04
-5.596603081260002055e-01 2.485208520560984870e-04
-5.596603081260002055e-01 2.485208520560984870e-04
-5.586412578555697284e-01 1.998871716237366988e-04
-5.573164925040101636e-01 2.522535393672110764e-04
-5.568069673687948695e-01 2.701444413758397880e-04
-5.566541098282303812e-01 2.882309426365439048e-04
-5.571636349634455643e-01 2.743876826511492729e-04
-5.581317327203545453e-01 1.919361639158811397e-04
-5.585903053420482323e-01 1.957531645726723649e-04
-5.593545930448710068e-01 2.395851986273333893e-04
-5.590488779637419192e-01 2.262085026680307753e-04
-5.590488779637419192e-01 2.262085026680307753e-04
-5.590998304772634153e-01 2.287762183110056185e-04
-5.588960204231773199e-01 2.176095896027927055e-04
-5.593545930448710068e-01 2.395851986273333893e-04
-5.595074505854356062e-01 2.445720649033091562e-04
-5.589979254502204231e-01 2.234951724786395121e-04
-5.587941153961343277e-01 2.110689038257460904e-04
-5.584884003150051290e-01 2.127839434256427009e-04
-5.580298276933114421e-01 1.651836167573276170e-04
-5.581317327203545453e-01 2.173111261656609605e-04
-5.579279226662684499e-01 1.819368642841582672e-04
-5.579788751797899460e-01 1.881797113664368548e-04
-5.583864952879621368e-01 1.767986141215420687e-04
-5.586412578555697284e-01 1.998871716237366446e-04
-5.592017355043065185e-01 2.334937500606389603e-04
-5.590998304772634153e-01 2.287762183110056728e-04
-5.587941153961343277e-01 2.110689038257460362e-04
-5.589469729366988160e-01 2.206308554815439825e-04
-5.597622131530431977e-01 2.506014312815343925e-04
-5.593545930448710068e-01 2.395851986273333893e-04
-5.593545930448710068e-01 2.395851986273333893e-04
-5.593036405313495107e-01 2.376813242123630417e-04
-5.593545930448710068e-01 2.395851986273334435e-04
-5.594564980719141101e-01 2.430280002945377010e-04
-5.595074505854356062e-01 2.445720649033091562e-04
-5.593545930448710068e-01 2.395851986273333893e-04
-5.587941153961343277e-01 2.110689038257460904e-04
-5.590488779637419192e-01 2.262085026680307753e-04
-5.590488779637419192e-01 2.262085026680307753e-04
-5.589469729366988160e-01 2.206308554815440367e-04
-5.588960204231773199e-01 2.176095896027927868e-04
-5.592526880178280146e-01 2.356519322744944167e-04
-5.591507829907849114e-01 2.312031709933367609e-04
-5.594564980719141101e-01 2.430280002945377010e-04
-5.593545930448710068e-01 2.395851986273333893e-04
-5.589979254502204231e-01 2.234951724786395121e-04
-5.590488779637419192e-01 2.262085026680307753e-04
-5.594055455583926140e-01 2.413665257457460846e-04
-5.592526880178280146e-01 2.356519322744944167e-04
-5.595584030989571023e-01 2.460009304094029669e-04
-5.589979254502204231e-01 2.234951724786395663e-04
-5.589469729366988160e-01 2.206308554815440367e-04
-5.594564980719141101e-01 2.430280002945377010e-04
-5.588960204231773199e-01 2.176095896027927868e-04
-5.591507829907849114e-01 2.312031709933367609e-04
-5.590488779637419192e-01 2.262085026680307753e-04
-5.591507829907849114e-01 2.312031709933367338e-04
-5.592526880178280146e-01 2.356519322744944167e-04
-5.593545930448710068e-01 2.395851986273333893e-04
-5.593036405313495107e-01 2.376813242123630688e-04
-5.592017355043065185e-01 2.334937500606389603e-04
-5.593036405313495107e-01 2.376813242123630417e-04
-5.590488779637419192e-01 2.262085026680307753e-04
-5.592526880178280146e-01 2.356519322744944438e-04
-5.594055455583926140e-01 2.413665257457460846e-04
-5.590488779637419192e-01 2.262085026680307753e-04
-5.593036405313495107e-01 2.376813242123630688e-04
-5.589469729366988160e-01 2.206308554815440367e-04
-5.588960204231773199e-01 2.176095896027927597e-04
-5.587431628826127206e-01 2.075337845767052871e-04
-5.588450679096558238e-01 2.144247406690528697e-04
-5.593545930448710068e-01 2.395851986273334435e-04
-5.595584030989571023e-01 2.460009304094030211e-04
-5.593036405313495107e-01 2.376813242123630688e-04
-5.591507829907849114e-01 2.312031709933367609e-04
-5.593545930448710068e-01 2.395851986273333893e-04
-5.595584030989571023e-01 2.460009304094030211e-04
-5.598641181800863009e-01 2.522535393672110222e-04
-5.595074505854356062e-01 2.445720649033091562e-04
-5.594564980719141101e-01 2.430280002945377010e-04
-5.587941153961343277e-01 2.110689038257460904e-04
-5.590488779637419192e-01 2.262085026680307753e-04
-5.593545930448710068e-01 2.395851986273333893e-04
-5.593036405313495107e-01 2.376813242123630417e-04
-5.594564980719141101e-01 2.430280002945377010e-04
-5.593545930448710068e-01 2.395851986273334435e-04
-5.590488779637419192e-01 2.262085026680307753e-04
-5.599150706936077970e-01 2.529216256980133934e-04
-5.598131656665646938e-01 2.514804651024825670e-04
-5.599660232071292931e-01 2.534855542146015827e-04
-5.597622131530431977e-01 2.506014312815343925e-04
-5.599660232071292931e-01 2.534855542146015285e-04
-5.598641181800863009e-01 2.522535393672110764e-04
-5.599150706936077970e-01 2.529216256980133934e-04
-5.594564980719141101e-01 2.430280002945377010e-04
-5.597112606395217016e-01 2.496153184799823101e-04
-5.596603081260002055e-01 2.485208520560984870e-04
-5.597622131530431977e-01 2.506014312815343383e-04
-5.597112606395217016e-01 2.496153184799823101e-04
-5.588450679096558238e-01 2.144247406690528697e-04
-5.596093556124785984e-01 2.473165935007842460e-04
-5.597112606395217016e-01 2.496153184799823101e-04
-5.595074505854356062e-01 2.445720649033091562e-04
-5.592526880178280146e-01 2.356519322744944167e-04
-5.598131656665646938e-01 2.514804651024825670e-04
-5.596603081260002055e-01 2.485208520560984870e-04
-5.590998304772634153e-01 2.287762183110056728e-04
-5.593036405313495107e-01 2.376813242123630688e-04
-5.596603081260002055e-01 2.485208520560984870e-04
-5.587431628826127206e-01 2.075337845767052871e-04
-5.586412578555697284e-01 1.998871716237366446e-04
-5.591507829907849114e-01 2.312031709933367609e-04
-5.590488779637419192e-01 2.262085026680307753e-04
-5.588450679096558238e-01 2.144247406690528697e-04
-5.590998304772634153e-01 2.287762183110056728e-04
-5.589979254502204231e-01 2.234951724786395121e-04
-5.592526880178280146e-01 2.356519322744944167e-04
-5.590998304772634153e-01 2.287762183110056728e-04
-5.592526880178280146e-01 2.356519322744944167e-04
-5.592017355043065185e-01 2.334937500606389603e-04
-5.593036405313495107e-01 2.376813242123630688e-04
-5.592017355043065185e-01 2.334937500606390146e-04
-5.592526880178280146e-01 2.356519322744944167e-04
-5.591507829907849114e-01 2.312031709933367609e-04
-5.594564980719141101e-01 2.430280002945377010e-04
-5.590488779637419192e-01 2.262085026680307753e-04
-5.595584030989571023e-01 2.460009304094029669e-04
-5.594564980719141101e-01 2.430280002945377010e-04
-5.597622131530431977e-01 2.506014312815343925e-04
-5.597112606395217016e-01 2.496153184799823101e-04
-5.599660232071292931e-01 2.534855542146015827e-04
-5.598641181800863009e-01 2.522535393672110222e-04
-5.598131656665646938e-01 2.514804651024825670e-04
-5.599150706936077970e-01 2.529216256980133934e-04
-5.595584030989571023e-01 2.460009304094030211e-04
-5.595584030989571023e-01 2.460009304094029669e-04
-5.595074505854356062e-01 2.445720649033091562e-04
-5.592017355043065185e-01 2.334937500606389603e-04
-5.595584030989571023e-01 2.460009304094030211e-04
-5.593036405313495107e-01 2.376813242123630688e-04
-5.595584030989571023e-01 2.460009304094030211e-04
-5.593036405313495107e-01 2.376813242123629875e-04
-5.594055455583926140e-01 2.413665257457460846e-04
-5.596093556124785984e-01 2.473165935007842460e-04
-5.592017355043065185e-01 2.334937500606389603e-04
-5.595584030989571023e-01 2.460009304094029669e-04
-5.594055455583926140e-01 2.413665257457460846e-04
-5.591507829907849114e-01 2.312031709933367609e-04
-5.596093556124785984e-01 2.473165935007842460e-04
-5.596093556124785984e-01 2.473165935007842460e-04
-5.590488779637419192e-01 2.262085026680307753e-04
-5.590488779637419192e-01 2.262085026680307753e-04
-5.589979254502204231e-01 2.234951724786395121e-04
-5.592526880178280146e-01 2.356519322744944167e-04
-5.588960204231773199e-01 2.176095896027927597e-04
-5.593545930448710068e-01 2.395851986273333893e-04
-5.596093556124785984e-01 2.473165935007842460e-04
-5.594564980719141101e-01 2.430280002945377010e-04
-5.594564980719141101e-01 2.430280002945377010e-04
-5.598131656665646938e-01 2.514804651024825670e-04
-5.594564980719141101e-01 2.430280002945377010e-04
-5.598131656665646938e-01 2.514804651024825670e-04
-5.595584030989571023e-01 2.460009304094029669e-04
-5.594055455583926140e-01 2.413665257457460575e-04
-5.591507829907849114e-01 2.312031709933367609e-04
-5.594564980719141101e-01 2.430280002945377010e-04
-5.593545930448710068e-01 2.395851986273333893e-04
-5.590998304772634153e-01 2.287762183110056728e-04
-5.594055455583926140e-01 2.413665257457460846e-04
-5.597112606395217016e-01 2.496153184799823101e-04
-5.597112606395217016e-01 2.496153184799823101e-04
-5.593545930448710068e-01 2.395851986273333893e-04
-5.598131656665646938e-01 2.514804651024825670e-04
-5.593545930448710068e-01 2.395851986273333893e-04
-5.597622131530431977e-01 2.506014312815343925e-04
-5.595074505854356062e-01 2.445720649033091562e-04
-5.596603081260002055e-01 2.485208520560984870e-04
-5.596093556124785984e-01 2.473165935007842460e-04
-5.588960204231773199e-01 2.176095896027927055e-04
-5.589469729366988160e-01 2.206308554815440367e-04
-5.590488779637419192e-01 2.262085026680307753e-04
-5.593545930448710068e-01 2.395851986273333893e-04
-5.590998304772634153e-01 2.287762183110056185e-04
-5.591507829907849114e-01 2.312031709933367609e-04
-5.595584030989571023e-01 2.460009304094029669e-04
-5.593036405313495107e-01 2.376813242123630417e-04
-5.592017355043065185e-01 2.334937500606389603e-04
-5.590488779637419192e-01 2.262085026680307753e-04
-5.593545930448710068e-01 2.395851986273333893e-04
-5.596603081260002055e-01 2.485208520560984870e-04
-5.593545930448710068e-01 2.395851986273333893e-04
-5.589469729366988160e-01 2.206308554815440367e-04
-5.593545930448710068e-01 2.395851986273333893e-04
-5.590998304772634153e-01 2.287762183110056728e-04
-5.590998304772634153e-01 2.287762183110056185e-04
-5.590488779637419192e-01 2.262085026680307753e-04
-5.593036405313495107e-01 2.376813242123630417e-04
-5.588450679096558238e-01 2.144247406690528697e-04
-5.594564980719141101e-01 2.430280002945377010e-04
-5.592017355043065185e-01 2.334937500606389603e-04
-5.592017355043065185e-01 2.334937500606389603e-04
-5.596093556124785984e-01 2.473165935007842460e-04
-5.595074505854356062e-01 2.445720649033091562e-04
-5.596603081260002055e-01 2.485208520560984870e-04
-5.600169757206507892e-01 2.539460188161220115e-04
-5.598641181800863009e-01 2.522535393672110764e-04
-5.596603081260002055e-01 2.485208520560984870e-04
-5.591507829907849114e-01 2.312031709933367609e-04
-5.587941153961343277e-01 2.110689038257460362e-04
-5.592017355043065185e-01 2.334937500606389603e-04
-5.591507829907849114e-01 2.312031709933367609e-04
-5.593545930448710068e-01 2.395851986273333893e-04
-5.590488779637419192e-01 2.262085026680307753e-04
-5.592526880178280146e-01 2.356519322744944167e-04
-5.597112606395217016e-01 2.496153184799823101e-04
-5.595074505854356062e-01 2.445720649033091562e-04
-5.595584030989571023e-01 2.460009304094029669e-04
-5.595074505854356062e-01 2.445720649033091562e-04
-5.594564980719141101e-01 2.430280002945377010e-04
-5.593036405313495107e-01 2.376813242123630417e-04
-5.593036405313495107e-01 2.376813242123630417e-04
-5.588450679096558238e-01 2.144247406690528697e-04
-5.589979254502204231e-01 2.234951724786395663e-04
-5.592526880178280146e-01 2.356519322744944167e-04
-5.591507829907849114e-01 2.312031709933367609e-04
-5.589469729366988160e-01 2.206308554815440367e-04
-5.590998304772634153e-01 2.287762183110056728e-04
-5.592526880178280146e-01 2.356519322744944167e-04
-5.597622131530431977e-01 2.506014312815343383e-04
-5.594564980719141101e-01 2.430280002945377010e-04
-5.590998304772634153e-01 2.287762183110056185e-04
-5.594055455583926140e-01 2.413665257457460846e-04
-5.593036405313495107e-01 2.376813242123630688e-04
-5.592017355043065185e-01 2.334937500606389603e-04
-5.593545930448710068e-01 2.395851986273333893e-04
-5.588450679096558238e-01 2.144247406690528697e-04
-5.592017355043065185e-01 2.443596705385364621e-04
-5.592017355043065185e-01 2.334937500606389603e-04
-5.590998304772634153e-01 2.287762183110056728e-04
-5.590998304772634153e-01 2.287762183110056185e-04
-5.589979254502204231e-01 2.234951724786395663e-04
-5.588960204231773199e-01 2.176095896027927597e-04
-5.587431628826127206e-01 2.075337845767052871e-04
-5.595584030989571023e-01 2.460009304094030211e-04
-5.593545930448710068e-01 2.395851986273333893e-04
-5.596093556124785984e-01 2.473165935007842460e-04
-5.595584030989571023e-01 2.460009304094029669e-04
-5.594055455583926140e-01 2.413665257457460033e-04
-5.595074505854356062e-01 2.445720649033091562e-04
-5.593545930448710068e-01 2.395851986273333893e-04
-5.593036405313495107e-01 2.376813242123630688e-04
-5.590998304772634153e-01 2.287762183110056185e-04
-5.590488779637419192e-01 2.262085026680307753e-04
-5.589469729366988160e-01 2.206308554815439825e-04
-5.590998304772634153e-01 2.287762183110056185e-04
-5.591507829907849114e-01 2.312031709933367609e-04
-5.589979254502204231e-01 2.234951724786395121e-04
-5.589979254502204231e-01 2.234951724786395121e-04
-5.591507829907849114e-01 2.312031709933367609e-04
-5.592017355043065185e-01 2.334937500606389603e-04
-5.589469729366988160e-01 2.206308554815440367e-04
-5.592526880178280146e-01 2.356519322744944167e-04
-5.595584030989571023e-01 2.460009304094030211e-04
-5.594564980719141101e-01 2.430280002945377010e-04
-5.599660232071292931e-01 2.534855542146015285e-04
-5.588960204231773199e-01 2.176095896027927597e-04
-5.587431628826127206e-01 2.075337845767052871e-04
-5.590998304772634153e-01 2.287762183110056728e-04
-5.590488779637419192e-01 2.262085026680307753e-04
-5.593036405313495107e-01 2.376813242123630417e-04
-5.586412578555697284e-01 1.998871716237366988e-04
-5.589469729366988160e-01 2.206308554815440367e-04
-5.588960204231773199e-01 2.176095896027927597e-04
-5.595074505854356062e-01 2.445720649033091562e-04
-5.590998304772634153e-01 2.287762183110056728e-04
-5.596603081260002055e-01 2.485208520560984870e-04
-5.593545930448710068e-01 2.395851986273333893e-04
-5.590998304772634153e-01 2.287762183110056728e-04
-5.591507829907849114e-01 2.312031709933367609e-04
-5.595074505854356062e-01 2.445720649033091562e-04
-5.596093556124785984e-01 2.473165935007842460e-04
-5.593036405313495107e-01 2.376813242123630417e-04
-5.591507829907849114e-01 2.312031709933367609e-04
-5.590998304772634153e-01 2.287762183110056728e-04
-5.594564980719141101e-01 2.430280002945377010e-04
-5.589469729366988160e-01 2.206308554815440367e-04
-5.592017355043065185e-01 2.334937500606389603e-04
-5.589469729366988160e-01 2.206308554815440367e-04
-5.594564980719141101e-01 2.430280002945377010e-04
-5.597622131530431977e-01 2.506014312815343925e-04
-5.591507829907849114e-01 2.312031709933367609e-04
-5.593545930448710068e-01 2.395851986273333893e-04
-5.592017355043065185e-01 2.334937500606389603e-04
-5.595584030989571023e-01 2.460009304094029669e-04
-5.592017355043065185e-01 2.334937500606389603e-04
-5.592017355043065185e-01 2.334937500606389603e-04
-5.589469729366988160e-01 2.206308554815440367e-04
-5.588960204231773199e-01 2.176095896027927597e-04
-5.590488779637419192e-01 2.262085026680307753e-04
-5.593036405313495107e-01 2.376813242123630417e-04
-5.593545930448710068e-01 2.395851986273333351e-04
-5.587431628826127206e-01 2.075337845767052871e-04
-5.591507829907849114e-01 2.312031709933367609e-04
-5.592017355043065185e-01 2.334937500606389603e-04
-5.597112606395217016e-01 2.496153184799823101e-04
-5.596093556124785984e-01 2.473165935007842460e-04
-5.598131656665646938e-01 2.514804651024825670e-04
-5.597112606395217016e-01 2.496153184799823101e-04
-5.595584030989571023e-01 2.460009304094030211e-04
-5.596093556124785984e-01 2.473165935007842460e-04
-5.596603081260002055e-01 2.485208520560984870e-04
-5.597112606395217016e-01 2.496153184799823101e-04
-5.591507829907849114e-01 2.312031709933367338e-04
-5.587431628826127206e-01 2.075337845767052871e-04
-5.590488779637419192e-01 2.262085026680307753e-04
-5.593036405313495107e-01 2.376813242123630417e-04
-5.588450679096558238e-01 2.144247406690528697e-04
-5.592017355043065185e-01 2.334937500606389603e-04
-5.592526880178280146e-01 2.356519322744944167e-04
-5.584374478014836329e-01 1.819368642841582401e-04
-5.589979254502204231e-01 2.234951724786395121e-04
-5.593036405313495107e-01 2.376813242123630417e-04
-5.595074505854356062e-01 2.445720649033091562e-04
-5.592017355043065185e-01 2.334937500606389603e-04
-5.593545930448710068e-01 2.395851986273333893e-04
-5.590998304772634153e-01 2.287762183110056185e-04
-5.596603081260002055e-01 2.485208520560984870e-04
-5.592017355043065185e-01 2.334937500606390146e-04
-5.589979254502204231e-01 2.234951724786395663e-04
-5.590488779637419192e-01 2.262085026680307753e-04
-5.588960204231773199e-01 2.176095896027927055e-04
-5.587941153961343277e-01 2.110689038257460904e-04
-5.588450679096558238e-01 2.144247406690528697e-04
-5.591507829907849114e-01 2.312031709933367609e-04
-5.591507829907849114e-01 2.312031709933367609e-04
-5.591507829907849114e-01 2.312031709933367609e-04
-5.592526880178280146e-01 2.356519322744944167e-04
-5.593036405313495107e-01 2.376813242123629875e-04
-5.593545930448710068e-01 2.395851986273333893e-04
-5.596603081260002055e-01 2.485208520560985412e-04
-5.591507829907849114e-01 2.312031709933367609e-04
-5.596093556124785984e-01 2.473165935007842460e-04
-5.593545930448710068e-01 2.395851986273333893e-04
-5.593545930448710068e-01 2.395851986273333893e-04
-5.587431628826127206e-01 2.075337845767052871e-04
-5.589469729366988160e-01 2.206308554815440638e-04
-5.587941153961343277e-01 2.110689038257460904e-04
-5.592526880178280146e-01 2.356519322744944167e-04
-5.590998304772634153e-01 2.287762183110056728e-04
-5.587941153961343277e-01 2.110689038257460904e-04
-5.590998304772634153e-01 2.287762183110056728e-04
-5.590998304772634153e-01 2.287762183110056185e-04
-5.593545930448710068e-01 2.395851986273333893e-04
-5.593545930448710068e-01 2.395851986273333893e-04
-5.593545930448710068e-01 2.395851986273333893e-04
-5.592526880178280146e-01 2.356519322744944167e-04
-5.594055455583926140e-01 2.413665257457460846e-04
-5.596093556124785984e-01 2.473165935007842460e-04
-5.589979254502204231e-01 2.234951724786395663e-04
-5.596603081260002055e-01 2.485208520560984870e-04
-5.588960204231773199e-01 2.176095896027927597e-04
-5.589469729366988160e-01 2.206308554815440367e-04
-5.588960204231773199e-01 2.176095896027927597e-04
-5.585393528285266251e-01 1.913943529156779952e-04
-5.594564980719141101e-01 2.430280002945377010e-04
-5.592526880178280146e-01 2.356519322744944167e-04
-5.590488779637419192e-01 2.262085026680307753e-04
-5.590998304772634153e-01 2.287762183110056728e-04
-5.593036405313495107e-01 2.376813242123630417e-04
-5.593545930448710068e-01 2.395851986273334435e-04
-5.593545930448710068e-01 2.395851986273333893e-04
-5.592526880178280146e-01 2.356519322744944167e-04
-5.593545930448710068e-01 2.395851986273333893e-04
-5.592526880178280146e-01 2.356519322744944167e-04
-5.591507829907849114e-01 2.312031709933367609e-04
-5.594055455583926140e-01 2.413665257457460575e-04
-5.590998304772634153e-01 2.287762183110056185e-04
-5.589979254502204231e-01 2.234951724786395663e-04
-5.588960204231773199e-01 2.176095896027927597e-04
-5.594564980719141101e-01 2.430280002945377010e-04
-5.587941153961343277e-01 2.110689038257460904e-04
-5.591507829907849114e-01 2.312031709933367609e-04
-5.588450679096558238e-01 2.144247406690528697e-04
-5.590998304772634153e-01 2.287762183110056185e-04
-5.593036405313495107e-01 2.376813242123630417e-04
-5.593545930448710068e-01 2.395851986273333893e-04
-5.594055455583926140e-01 2.413665257457460846e-04
-5.594564980719141101e-01 2.430280002945377010e-04
-5.592526880178280146e-01 2.356519322744944167e-04
-5.594055455583926140e-01 2.413665257457460575e-04
-5.595074505854356062e-01 2.445720649033091562e-04
-5.595584030989571023e-01 2.460009304094029669e-04
-5.589469729366988160e-01 2.206308554815439825e-04
-5.593036405313495107e-01 2.376813242123630417e-04
-5.587941153961343277e-01 2.110689038257460904e-04
-5.589469729366988160e-01 2.206308554815440367e-04
-5.591507829907849114e-01 2.312031709933367609e-04
-5.589979254502204231e-01 2.234951724786395663e-04
-5.590488779637419192e-01 2.262085026680307753e-04
-5.593036405313495107e-01 2.376813242123630688e-04
-5.594564980719141101e-01 2.430280002945377010e-04
-5.592526880178280146e-01 2.356519322744944167e-04
-5.593036405313495107e-01 2.376813242123630417e-04
-5.593545930448710068e-01 2.395851986273333893e-04
-5.590998304772634153e-01 2.287762183110056728e-04
-5.595584030989571023e-01 2.460009304094029669e-04
-5.593036405313495107e-01 2.376813242123630417e-04
-5.588960204231773199e-01 2.176095896027927597e-04
-5.590488779637419192e-01 2.262085026680307753e-04
-5.588960204231773199e-01 2.176095896027927597e-04
-5.590998304772634153e-01 2.287762183110056728e-04
-5.588450679096558238e-01 2.144247406690528697e-04
-5.592526880178280146e-01 2.356519322744944167e-04
-5.588960204231773199e-01 2.176095896027927597e-04
-5.591507829907849114e-01 2.312031709933367609e-04
-5.592526880178280146e-01 2.356519322744944167e-04
-5.590998304772634153e-01 2.287762183110056728e-04
-5.595074505854356062e-01 2.445720649033091562e-04
-5.593036405313495107e-01 2.376813242123630688e-04
-5.594055455583926140e-01 2.413665257457460846e-04
-5.595074505854356062e-01 2.445720649033091562e-04
-5.595584030989571023e-01 2.460009304094029669e-04
-5.590998304772634153e-01 2.287762183110056185e-04
-5.588960204231773199e-01 2.176095896027927597e-04
-5.588450679096558238e-01 2.144247406690528697e-04
-5.593036405313495107e-01 2.376813242123630688e-04
-5.593036405313495107e-01 2.376813242123630417e-04
-5.587941153961343277e-01 2.110689038257460362e-04
-5.592017355043065185e-01 2.334937500606389603e-04
-5.589469729366988160e-01 2.206308554815440367e-04
-5.592526880178280146e-01 2.356519322744944167e-04
-5.598131656665646938e-01 2.514804651024825670e-04
-5.593545930448710068e-01 2.395851986273333893e-04
-5.593036405313495107e-01 2.376813242123630688e-04
-5.593036405313495107e-01 2.376813242123630417e-04
-5.591507829907849114e-01 2.312031709933367609e-04
-5.596603081260002055e-01 2.485208520560984870e-04
-5.594564980719141101e-01 2.430280002945377010e-04
-5.594055455583926140e-01 2.413665257457460846e-04
-5.590998304772634153e-01 2.287762183110056185e-04
-5.590488779637419192e-01 2.262085026680307753e-04
-5.591507829907849114e-01 2.312031709933367609e-04
-5.589469729366988160e-01 2.206308554815440367e-04
-5.592526880178280146e-01 2.356519322744944167e-04
-5.587431628826127206e-01 2.075337845767052871e-04
-5.588960204231773199e-01 2.176095896027927597e-04
-5.591507829907849114e-01 2.312031709933367609e-04
-5.592017355043065185e-01 2.334937500606389603e-04
-5.594564980719141101e-01 2.430280002945377010e-04
-5.592526880178280146e-01 2.356519322744944167e-04
-5.593036405313495107e-01 2.376813242123630417e-04
-5.593036405313495107e-01 2.376813242123630417e-04
-5.595074505854356062e-01 2.445720649033091562e-04
-5.593036405313495107e-01 2.376813242123630417e-04
-5.590998304772634153e-01 2.287762183110056728e-04
-5.590998304772634153e-01 2.287762183110056185e-04
-5.590488779637419192e-01 2.262085026680307753e-04
-5.591507829907849114e-01 2.312031709933367609e-04
-5.589469729366988160e-01 2.206308554815440367e-04
-5.588960204231773199e-01 2.176095896027927597e-04
-5.589979254502204231e-01 2.234951724786395121e-04
-5.592526880178280146e-01 2.356519322744944167e-04
-5.593036405313495107e-01 2.376813242123630417e-04
-5.592017355043065185e-01 2.334937500606389603e-04
-5.589979254502204231e-01 2.234951724786395663e-04
-5.594055455583926140e-01 2.413665257457460846e-04
-5.592526880178280146e-01 2.356519322744944167e-04
-5.592526880178280146e-01 2.356519322744944167e-04
-5.596093556124785984e-01 2.473165935007842460e-04
-5.594564980719141101e-01 2.430280002945377010e-04
-5.587431628826127206e-01 2.075337845767052871e-04
-5.591507829907849114e-01 2.312031709933367609e-04
-5.590998304772634153e-01 2.287762183110056185e-04
-5.587431628826127206e-01 2.075337845767052871e-04
-5.589469729366988160e-01 2.206308554815440367e-04
-5.590488779637419192e-01 2.262085026680307753e-04
-5.591507829907849114e-01 2.312031709933367609e-04
-5.589979254502204231e-01 2.234951724786395121e-04
-5.594055455583926140e-01 2.413665257457460033e-04
-5.590998304772634153e-01 2.287762183110056185e-04
-5.590488779637419192e-01 2.262085026680307753e-04
-5.595584030989571023e-01 2.460009304094029669e-04
-5.591507829907849114e-01 2.312031709933367609e-04
-5.593036405313495107e-01 2.376813242123630688e-04
-5.594564980719141101e-01 2.430280002945377010e-04
-5.593036405313495107e-01 2.376813242123630688e-04
-5.586412578555697284e-01 1.998871716237366988e-04
-5.591507829907849114e-01 2.312031709933367609e-04
-5.589979254502204231e-01 2.234951724786395663e-04
-5.587941153961343277e-01 2.110689038257460904e-04
-5.588960204231773199e-01 2.176095896027927055e-04
-5.588960204231773199e-01 2.176095896027927597e-04
-5.590488779637419192e-01 2.262085026680307753e-04
-5.588960204231773199e-01 2.176095896027927868e-04
-5.594564980719141101e-01 2.430280002945377010e-04
-5.595074505854356062e-01 2.445720649033091562e-04
-5.594564980719141101e-01 2.430280002945377010e-04
-5.593545930448710068e-01 2.395851986273333893e-04
-5.596603081260002055e-01 2.485208520560984870e-04
-5.594055455583926140e-01 2.413665257457460846e-04
-5.594055455583926140e-01 2.413665257457460575e-04
-5.593036405313495107e-01 2.376813242123630417e-04
-5.588450679096558238e-01 2.144247406690528697e-04
-5.588450679096558238e-01 2.144247406690528697e-04
-5.585903053420482323e-01 1.957531645726723649e-04
-5.590998304772634153e-01 2.287762183110056728e-04
-5.588450679096558238e-01 2.144247406690528697e-04
-5.588450679096558238e-01 2.144247406690528697e-04
-5.589979254502204231e-01 2.234951724786395121e-04
-5.590488779637419192e-01 2.262085026680307753e-04
-5.594055455583926140e-01 2.413665257457460846e-04
-5.595074505854356062e-01 2.445720649033091562e-04
-5.589979254502204231e-01 2.234951724786395663e-04
-5.590998304772634153e-01 2.287762183110056185e-04
-5.590998304772634153e-01 2.287762183110056728e-04
-5.592526880178280146e-01 2.356519322744944167e-04
-5.594564980719141101e-01 2.430280002945377010e-04
-5.596603081260002055e-01 2.485208520560984870e-04
-5.591507829907849114e-01 2.312031709933367609e-04
-5.585393528285266251e-01 1.913943529156779952e-04
-5.594055455583926140e-01 2.413665257457460846e-04
-5.589979254502204231e-01 2.234951724786395121e-04
-5.589979254502204231e-01 2.234951724786395121e-04
-5.590998304772634153e-01 2.287762183110056728e-04
-5.588450679096558238e-01 2.144247406690528697e-04
-5.594055455583926140e-01 2.413665257457460846e-04
-5.589979254502204231e-01 2.234951724786395121e-04
-5.593545930448710068e-01 2.395851986273333893e-04
-5.593036405313495107e-01 2.376813242123630417e-04
-5.593036405313495107e-01 2.376813242123629875e-04
-5.594564980719141101e-01 2.430280002945377010e-04
-5.594055455583926140e-01 2.413665257457460575e-04
-5.590998304772634153e-01 2.287762183110056185e-04
-5.591507829907849114e-01 2.312031709933367609e-04
-5.589979254502204231e-01 2.234951724786395121e-04
-5.590488779637419192e-01 2.262085026680307753e-04
-5.588960204231773199e-01 2.176095896027927868e-04
-5.587941153961343277e-01 2.110689038257460904e-04
-5.586922103690912245e-01 2.038100540860909545e-04
-5.589979254502204231e-01 2.234951724786395121e-04
-5.590998304772634153e-01 2.287762183110056185e-04
-5.589979254502204231e-01 2.234951724786395663e-04
-5.590998304772634153e-01 2.287762183110056185e-04
-5.596093556124785984e-01 2.473165935007842460e-04
-5.595584030989571023e-01 2.460009304094029669e-04
-5.594055455583926140e-01 2.413665257457460575e-04
-5.597112606395217016e-01 2.496153184799823101e-04
-5.590998304772634153e-01 2.287762183110056185e-04
-5.595074505854356062e-01 2.445720649033091562e-04
-5.589979254502204231e-01 2.234951724786395663e-04
-5.586412578555697284e-01 1.998871716237366446e-04
-5.587431628826127206e-01 2.075337845767052871e-04
-5.591507829907849114e-01 2.312031709933367609e-04
-5.589469729366988160e-01 2.206308554815440367e-04
-5.592526880178280146e-01 2.356519322744944167e-04
-5.589979254502204231e-01 2.234951724786395663e-04
-5.590998304772634153e-01 2.287762183110056185e-04
-5.594055455583926140e-01 2.413665257457460846e-04
-5.594055455583926140e-01 2.413665257457460846e-04
-5.594564980719141101e-01 2.430280002945377010e-04
-5.593545930448710068e-01 2.395851986273333351e-04
-5.592526880178280146e-01 2.356519322744944167e-04
-5.592526880178280146e-01 2.356519322744944167e-04
-5.593545930448710068e-01 2.395851986273333893e-04
-5.591507829907849114e-01 2.312031709933367609e-04
-5.587941153961343277e-01 2.110689038257460904e-04
-5.588960204231773199e-01 2.176095896027927597e-04
-5.590488779637419192e-01 2.262085026680307753e-04
-5.587941153961343277e-01 2.110689038257460362e-04
-5.585903053420482323e-01 1.957531645726723107e-04
-5.587941153961343277e-01 2.110689038257460362e-04
-5.589469729366988160e-01 2.206308554815440367e-04
-5.588450679096558238e-01 2.144247406690528697e-04
-5.589469729366988160e-01 2.206308554815440367e-04
-5.589979254502204231e-01 2.234951724786395121e-04
-5.594564980719141101e-01 2.430280002945377010e-04
-5.589469729366988160e-01 2.206308554815440367e-04
-5.590488779637419192e-01 2.262085026680307753e-04
-5.591507829907849114e-01 2.312031709933367609e-04
-5.594055455583926140e-01 2.413665257457460846e-04
-5.589979254502204231e-01 2.234951724786395663e-04
-5.586412578555697284e-01 1.998871716237366988e-04
-5.588450679096558238e-01 2.144247406690528697e-04
-5.588960204231773199e-01 2.176095896027927597e-04
-5.586922103690912245e-01 2.038100540860909545e-04
-5.587941153961343277e-01 2.110689038257460904e-04
-5.592017355043065185e-01 2.334937500606389603e-04
-5.588960204231773199e-01 2.176095896027927597e-04
-5.587941153961343277e-01 2.110689038257460904e-04
-5.593036405313495107e-01 2.376813242123630417e-04
-5.594055455583926140e-01 2.413665257457460846e-04
-5.589979254502204231e-01 2.234951724786395121e-04
-5.595074505854356062e-01 2.445720649033092105e-04
-5.590488779637419192e-01 2.262085026680307753e-04
-5.591507829907849114e-01 2.312031709933367609e-04
-5.589979254502204231e-01 2.234951724786395121e-04
-5.588960204231773199e-01 2.176095896027927597e-04
-5.586412578555697284e-01 1.998871716237366988e-04
-5.586412578555697284e-01 1.998871716237366988e-04
-5.588450679096558238e-01 2.144247406690528155e-04
-5.585903053420482323e-01 1.957531645726723649e-04
-5.592017355043065185e-01 2.334937500606389603e-04
-5.584884003150051290e-01 1.867950000485111520e-04
-5.586412578555697284e-01 1.998871716237366988e-04
-5.589469729366988160e-01 2.206308554815439825e-04
-5.589979254502204231e-01 2.234951724786395121e-04
-5.587941153961343277e-01 2.110689038257460362e-04
-5.588450679096558238e-01 2.262085026680308566e-04
-5.509983808273416495e-01 8.424748120823263636e-04
-4.811934373028593503e-01 4.924499146117148479e-03
-4.006884659388578740e-01 8.978837706989628228e-03
-3.722060108803282308e-01 1.059493780179191283e-02
-3.688431449879079893e-01 1.076095372636620001e-02
-3.679769522580420560e-01 1.081318822916370152e-02
-3.957970246407920278e-01 8.980618644772283415e-03
-4.695253117064314141e-01 5.376637089424859961e-03
-5.380054898793542595e-01 1.715851898470131852e-03
-5.572145874769670604e-01 2.506014312815342841e-04
-5.583864952879621368e-01 1.767986141215420687e-04
-5.584374478014836329e-01 1.956868412895310778e-04
-5.587941153961343277e-01 2.110689038257460362e-04
-5.589469729366988160e-01 2.206308554815440367e-04
-5.586412578555697284e-01 1.998871716237366988e-04
-5.587941153961343277e-01 2.110689038257460904e-04
-5.588960204231773199e-01 2.176095896027927597e-04
-5.592017355043065185e-01 2.334937500606389332e-04
-5.590488779637419192e-01 2.262085026680308295e-04
-5.589469729366988160e-01 2.206308554815440367e-04
-5.587431628826127206e-01 2.075337845767052871e-04
-5.584884003150051290e-01 1.867950000485111520e-04
-5.586922103690912245e-01 2.038100540860909545e-04
-5.585393528285266251e-01 1.913943529156779952e-04
-5.585903053420482323e-01 1.957531645726723649e-04
-5.586922103690912245e-01 2.038100540860909545e-04
-5.577241126121823545e-01 1.836412280991140994e-04
-5.528326713141165083e-01 6.850223887761145748e-04
-4.824672501408974745e-01 5.417342547654187962e-03
-3.968670274247438345e-01 9.547397089621191546e-03
-3.627797958788470112e-01 1.123670441600854372e-02
-3.604359802568570248e-01 1.132001455822813016e-02
-3.591621674188191227e-01 1.137643550699412448e-02
-3.762312594485283102e-01 1.040002960683712382e-02
-4.635129151108920986e-01 5.535084840847933826e-03
-5.469731322591416811e-01 1.045458169886103860e-03
-5.579279226662684499e-01 1.819368642841582672e-04
-5.586922103690912245e-01 2.161732069774079286e-04
-5.583864952879621368e-01 1.767986141215420687e-04
-5.586922103690912245e-01 2.038100540860909545e-04
-5.584884003150051290e-01 1.867950000485111520e-04
-5.587431628826127206e-01 2.075337845767052871e-04
-5.589469729366988160e-01 2.206308554815439825e-04
-5.587941153961343277e-01 2.110689038257460904e-04
-5.589979254502204231e-01 2.234951724786395121e-04
-5.590488779637419192e-01 2.262085026680307753e-04
-5.591507829907849114e-01 2.312031709933367609e-04
-5.589469729366988160e-01 2.206308554815440367e-04
-5.594055455583926140e-01 2.413665257457460575e-04
-5.589469729366988160e-01 2.206308554815440367e-04
-5.593545930448710068e-01 2.395851986273333893e-04
-5.592017355043065185e-01 2.334937500606389332e-04
-5.588960204231773199e-01 2.176095896027927597e-04
-5.589979254502204231e-01 2.234951724786395121e-04
-5.588960204231773199e-01 2.176095896027927597e-04
-5.587431628826127206e-01 2.075337845767052871e-04
-5.593036405313495107e-01 2.376813242123630688e-04
-5.585903053420482323e-01 1.957531645726723649e-04
-5.590488779637419192e-01 2.262085026680307753e-04
-5.588960204231773199e-01 2.176095896027927597e-04
-5.594564980719141101e-01 2.430280002945377010e-04
-5.588960204231773199e-01 2.176095896027927597e-04
-5.590998304772634153e-01 2.287762183110056185e-04
-5.591507829907849114e-01 2.312031709933367609e-04
-5.592017355043065185e-01 2.334937500606389603e-04
-5.594564980719141101e-01 2.430280002945377010e-04
-5.591507829907849114e-01 2.312031709933367609e-04
-5.587431628826127206e-01 2.075337845767052871e-04
-5.589469729366988160e-01 2.206308554815440367e-04
-5.589979254502204231e-01 2.234951724786395121e-04
-5.590998304772634153e-01 2.287762183110056185e-04
-5.588960204231773199e-01 2.176095896027927597e-04
-5.586412578555697284e-01 1.998871716237366988e-04
-5.590488779637419192e-01 2.262085026680307753e-04
-5.589979254502204231e-01 2.234951724786395121e-04
-5.589469729366988160e-01 2.206308554815440367e-04
-5.593036405313495107e-01 2.376813242123630417e-04
-5.589979254502204231e-01 2.234951724786395121e-04
-5.587941153961343277e-01 2.110689038257460904e-04
-5.588960204231773199e-01 2.176095896027927597e-04
-5.586922103690912245e-01 2.038100540860909545e-04
-5.587431628826127206e-01 2.075337845767052871e-04
-5.590998304772634153e-01 2.287762183110056185e-04
-5.589979254502204231e-01 2.234951724786395121e-04
-5.593545930448710068e-01 2.395851986273333893e-04
-5.592017355043065185e-01 2.334937500606389603e-04
-5.588960204231773199e-01 2.176095896027927597e-04
-5.589469729366988160e-01 2.206308554815440367e-04
-5.591507829907849114e-01 2.312031709933367609e-04
-5.590998304772634153e-01 2.287762183110056728e-04
-5.588960204231773199e-01 2.176095896027927597e-04
-5.592526880178280146e-01 2.356519322744944167e-04
-5.588960204231773199e-01 2.176095896027927055e-04
-5.593036405313495107e-01 2.376813242123630417e-04
-5.596093556124785984e-01 2.473165935007842460e-04
-5.592017355043065185e-01 2.334937500606389603e-04
-5.592526880178280146e-01 2.356519322744944167e-04
-5.593036405313495107e-01 2.376813242123630688e-04
-5.593036405313495107e-01 2.376813242123629875e-04
-5.588450679096558238e-01 2.144247406690528697e-04
-5.591507829907849114e-01 2.312031709933367609e-04
-5.586922103690912245e-01 2.038100540860909545e-04
-5.591507829907849114e-01 2.312031709933367609e-04
-5.588960204231773199e-01 2.176095896027927597e-04
-5.588960204231773199e-01 2.176095896027927868e-04
-5.590488779637419192e-01 2.262085026680307753e-04
-5.587431628826127206e-01 2.075337845767052871e-04
-5.591507829907849114e-01 2.312031709933367609e-04
-5.592526880178280146e-01 2.356519322744944167e-04
-5.592526880178280146e-01 2.356519322744944167e-04
-5.590488779637419192e-01 2.262085026680307753e-04
-5.594055455583926140e-01 2.413665257457460575e-04
-5.593545930448710068e-01 2.395851986273333893e-04
-5.593036405313495107e-01 2.376813242123630417e-04
-5.589979254502204231e-01 2.234951724786395121e-04
-5.584884003150051290e-01 1.867950000485111791e-04
-5.586412578555697284e-01 1.998871716237366988e-04
-5.587941153961343277e-01 2.110689038257460362e-04
-5.590998304772634153e-01 2.287762183110056728e-04
-5.590998304772634153e-01 2.287762183110056728e-04
-5.586412578555697284e-01 1.998871716237366446e-04
-5.589469729366988160e-01 2.206308554815440367e-04
-5.588960204231773199e-01 2.176095896027927055e-04
-5.588960204231773199e-01 2.176095896027927597e-04
-5.589979254502204231e-01 2.234951724786395121e-04
-5.593036405313495107e-01 2.376813242123630688e-04
-5.593036405313495107e-01 2.376813242123630417e-04
-5.592017355043065185e-01 2.334937500606389603e-04
-5.595074505854356062e-01 2.445720649033091562e-04
-5.594055455583926140e-01 2.413665257457460846e-04
-5.589469729366988160e-01 2.206308554815439825e-04
-5.590998304772634153e-01 2.287762183110056728e-04
-5.587941153961343277e-01 2.110689038257460904e-04
-5.590488779637419192e-01 2.262085026680307753e-04
-5.588450679096558238e-01 2.144247406690528697e-04
-5.590488779637419192e-01 2.262085026680307753e-04
-5.588960204231773199e-01 2.176095896027927597e-04
-5.594055455583926140e-01 2.413665257457460033e-04
-5.593036405313495107e-01 2.376813242123630417e-04
-5.593036405313495107e-01 2.376813242123630417e-04
-5.591507829907849114e-01 2.312031709933368151e-04
-5.590488779637419192e-01 2.262085026680307753e-04
-5.589979254502204231e-01 2.234951724786395663e-04
-5.593036405313495107e-01 2.376813242123630417e-04
-5.596093556124785984e-01 2.473165935007842460e-04
-5.592017355043065185e-01 2.334937500606389603e-04
-5.586412578555697284e-01 1.998871716237366988e-04
-5.585903053420482323e-01 1.957531645726723649e-04
-5.588450679096558238e-01 2.144247406690528697e-04
-5.589979254502204231e-01 2.234951724786395121e-04
-5.587431628826127206e-01 2.075337845767052871e-04
-5.586412578555697284e-01 1.998871716237366988e-04
-5.587431628826127206e-01 2.075337845767052871e-04
-5.588960204231773199e-01 2.176095896027927597e-04
-5.590998304772634153e-01 2.287762183110056728e-04
-5.592017355043065185e-01 2.334937500606389603e-04
-5.592017355043065185e-01 2.334937500606389603e-04
-5.595584030989571023e-01 2.460009304094029669e-04
-5.592526880178280146e-01 2.356519322744944167e-04
-5.590488779637419192e-01 2.262085026680308295e-04
-5.593036405313495107e-01 2.376813242123630417e-04
-5.592017355043065185e-01 2.334937500606389603e-04
-5.589469729366988160e-01 2.206308554815440367e-04
-5.590998304772634153e-01 2.287762183110056185e-04
-5.589979254502204231e-01 2.234951724786395663e-04
-5.593545930448710068e-01 2.395851986273333893e-04
-5.589469729366988160e-01 2.206308554815440367e-04
-5.589979254502204231e-01 2.234951724786395121e-04
-5.589979254502204231e-01 2.234951724786395121e-04
-5.590998304772634153e-01 2.287762183110056185e-04
-5.591507829907849114e-01 2.312031709933367609e-04
-5.593036405313495107e-01 2.376813242123630688e-04
-5.593545930448710068e-01 2.395851986273333893e-04
-5.590998304772634153e-01 2.287762183110056728e-04
-5.592526880178280146e-01 2.356519322744944167e-04
-5.589979254502204231e-01 2.234951724786395121e-04
-5.592526880178280146e-01 2.356519322744944167e-04
-5.594564980719141101e-01 2.430280002945377010e-04
-5.588960204231773199e-01 2.176095896027927597e-04
-5.590998304772634153e-01 2.287762183110056185e-04
-5.590488779637419192e-01 2.262085026680307753e-04
-5.589469729366988160e-01 2.320997450641423419e-04
-5.588450679096558238e-01 2.144247406690528697e-04
-5.588960204231773199e-01 2.176095896027927597e-04
-5.587431628826127206e-01 2.075337845767052871e-04
-5.587941153961343277e-01 2.110689038257460904e-04
-5.593545930448710068e-01 2.395851986273334435e-04
-5.592526880178280146e-01 2.356519322744944167e-04
-5.593036405313495107e-01 2.376813242123630688e-04
-5.592526880178280146e-01 2.356519322744944167e-04
-5.593545930448710068e-01 2.395851986273333893e-04
-5.592017355043065185e-01 2.334937500606389603e-04
-5.591507829907849114e-01 2.312031709933367609e-04
-5.592017355043065185e-01 2.334937500606389603e-04
-5.593545930448710068e-01 2.395851986273333893e-04
-5.595074505854356062e-01 2.445720649033091562e-04
-5.587941153961343277e-01 2.110689038257460904e-04
-5.587941153961343277e-01 2.110689038257460904e-04
-5.590488779637419192e-01 2.262085026680307753e-04
-5.591507829907849114e-01 2.312031709933367609e-04
-5.589469729366988160e-01 2.206308554815440367e-04
-5.588960204231773199e-01 2.176095896027927055e-04
-5.590488779637419192e-01 2.262085026680307753e-04
-5.592526880178280146e-01 2.356519322744944167e-04
-5.592526880178280146e-01 2.356519322744944167e-04
-5.594564980719141101e-01 2.430280002945377010e-04
-5.593545930448710068e-01 2.395851986273333351e-04
-5.595584030989571023e-01 2.460009304094029669e-04
-5.594055455583926140e-01 2.413665257457460575e-04
-5.593545930448710068e-01 2.395851986273333893e-04
-5.590488779637419192e-01 2.262085026680307753e-04
-5.588960204231773199e-01 2.176095896027927597e-04
-5.587941153961343277e-01 2.110689038257460904e-04
-5.589979254502204231e-01 2.234951724786395121e-04
-5.589469729366988160e-01 2.206308554815439825e-04
-5.588960204231773199e-01 2.176095896027927597e-04
-5.589469729366988160e-01 2.206308554815439825e-04
-5.593545930448710068e-01 2.395851986273333893e-04
-5.591507829907849114e-01 2.312031709933367338e-04
-5.593545930448710068e-01 2.395851986273333893e-04
-5.593036405313495107e-01 2.376813242123630417e-04
-5.595074505854356062e-01 2.445720649033091562e-04
-5.595584030989571023e-01 2.460009304094029669e-04
-5.593545930448710068e-01 2.395851986273333893e-04
-5.590488779637419192e-01 2.262085026680307753e-04
-5.589979254502204231e-01 2.234951724786395121e-04
-5.592526880178280146e-01 2.356519322744944167e-04
-5.592526880178280146e-01 2.356519322744944167e-04
-5.588960204231773199e-01 2.176095896027927868e-04
-5.589979254502204231e-01 2.234951724786395121e-04
-5.589979254502204231e-01 2.234951724786395663e-04
-5.588450679096558238e-01 2.144247406690528697e-04
-5.586922103690912245e-01 2.038100540860909545e-04
-5.592017355043065185e-01 2.334937500606389603e-04
-5.592017355043065185e-01 2.334937500606389603e-04
-5.589469729366988160e-01 2.320997450641423961e-04
-5.592017355043065185e-01 2.334937500606389603e-04
-5.588960204231773199e-01 2.176095896027927597e-04
-5.590488779637419192e-01 2.262085026680307753e-04
-5.591507829907849114e-01 2.312031709933367609e-04
-5.595074505854356062e-01 2.445720649033091562e-04
-5.590998304772634153e-01 2.287762183110056185e-04
-5.592017355043065185e-01 2.334937500606389603e-04
-5.589469729366988160e-01 2.206308554815440367e-04
-5.586922103690912245e-01 2.038100540860909545e-04
-5.589469729366988160e-01 2.206308554815440367e-04
-5.587941153961343277e-01 2.110689038257460362e-04
-5.594564980719141101e-01 2.430280002945377010e-04
-5.592017355043065185e-01 2.334937500606389603e-04
-5.589979254502204231e-01 2.234951724786395121e-04
-5.595074505854356062e-01 2.445720649033091562e-04
-5.590998304772634153e-01 2.287762183110056728e-04
-5.590998304772634153e-01 2.287762183110056185e-04
-5.589979254502204231e-01 2.234951724786395121e-04
-5.590998304772634153e-01 2.287762183110056185e-04
-5.594564980719141101e-01 2.430280002945377010e-04
-5.593036405313495107e-01 2.376813242123630688e-04
-5.589469729366988160e-01 2.206308554815440367e-04
-5.589469729366988160e-01 2.206308554815440367e-04
-5.588960204231773199e-01 2.176095896027927597e-04
-5.583864952879621368e-01 1.767986141215420687e-04
-5.587431628826127206e-01 2.075337845767052871e-04
-5.591507829907849114e-01 2.312031709933367609e-04
-5.589979254502204231e-01 2.234951724786395663e-04
-5.589469729366988160e-01 2.206308554815440367e-04
-5.594055455583926140e-01 2.413665257457460846e-04
-5.592526880178280146e-01 2.356519322744944167e-04
-5.590488779637419192e-01 2.262085026680307753e-04
-5.592526880178280146e-01 2.356519322744944167e-04
-5.590998304772634153e-01 2.287762183110056728e-04
-5.592526880178280146e-01 2.356519322744944438e-04
-5.591507829907849114e-01 2.312031709933367609e-04
-5.590998304772634153e-01 2.287762183110056185e-04
-5.591507829907849114e-01 2.312031709933367609e-04
-5.588450679096558238e-01 2.144247406690528697e-04
-5.587431628826127206e-01 2.075337845767052871e-04
-5.592017355043065185e-01 2.334937500606389603e-04
-5.590998304772634153e-01 2.287762183110056728e-04
-5.589469729366988160e-01 2.206308554815440367e-04
-5.590998304772634153e-01 2.287762183110056728e-04
-5.590488779637419192e-01 2.262085026680307753e-04
-5.590998304772634153e-01 2.287762183110056185e-04
-5.592017355043065185e-01 2.334937500606389603e-04
-5.592526880178280146e-01 2.356519322744944167e-04
-5.593036405313495107e-01 2.376813242123630688e-04
-5.593036405313495107e-01 2.376813242123630417e-04
-5.590488779637419192e-01 2.262085026680307753e-04
-5.593036405313495107e-01 2.376813242123630688e-04
-5.590998304772634153e-01 2.287762183110056728e-04
-5.588960204231773199e-01 2.176095896027927597e-04
-5.586922103690912245e-01 2.038100540860910087e-04
-5.586412578555697284e-01 1.998871716237366446e-04
-5.587431628826127206e-01 2.075337845767052871e-04
-5.588450679096558238e-01 2.144247406690528697e-04
-5.587941153961343277e-01 2.110689038257460904e-04
-5.588960204231773199e-01 2.176095896027927597e-04
-5.590488779637419192e-01 2.262085026680307753e-04
-5.592017355043065185e-01 2.334937500606390146e-04
-5.588450679096558238e-01 2.144247406690528697e-04
-5.590998304772634153e-01 2.287762183110056728e-04
-5.593545930448710068e-01 2.395851986273333893e-04
-5.594055455583926140e-01 2.413665257457460033e-04
-5.590488779637419192e-01 2.262085026680307753e-04
-5.592526880178280146e-01 2.356519322744944167e-04
-5.592526880178280146e-01 2.356519322744944167e-04
-5.589979254502204231e-01 2.234951724786395121e-04
-5.586922103690912245e-01 2.038100540860910087e-04
-5.586922103690912245e-01 2.038100540860909545e-04
-5.589469729366988160e-01 2.206308554815440367e-04
-5.587431628826127206e-01 2.075337845767052871e-04
-5.588960204231773199e-01 2.176095896027927055e-04
-5.586412578555697284e-01 1.998871716237367259e-04
-5.587941153961343277e-01 2.110689038257460362e-04
-5.591507829907849114e-01 2.312031709933367609e-04
-5.593545930448710068e-01 2.395851986273333893e-04
-5.593036405313495107e-01 2.376813242123630688e-04
-5.592526880178280146e-01 2.356519322744944167e-04
-5.592526880178280146e-01 2.356519322744944167e-04
-5.594564980719141101e-01 2.430280002945377010e-04
-5.592017355043065185e-01 2.334937500606389603e-04
-5.592017355043065185e-01 2.334937500606389603e-04
-5.586922103690912245e-01 2.038100540860909545e-04
-5.587941153961343277e-01 2.110689038257460362e-04
-5.588450679096558238e-01 2.144247406690528697e-04
-5.586412578555697284e-01 1.998871716237366446e-04
-5.587431628826127206e-01 2.075337845767052871e-04
-5.590488779637419192e-01 2.262085026680307753e-04
-5.589469729366988160e-01 2.206308554815440367e-04
-5.590998304772634153e-01 2.287762183110056185e-04
-5.590488779637419192e-01 2.262085026680307753e-04
-5.590998304772634153e-01 2.287762183110056728e-04
-5.592526880178280146e-01 2.356519322744944167e-04
-5.592526880178280146e-01 2.356519322744944167e-04
-5.593036405313495107e-01 2.376813242123629875e-04
-5.590488779637419192e-01 2.262085026680307753e-04
-5.592017355043065185e-01 2.334937500606390146e-04
-5.587431628826127206e-01 2.075337845767052871e-04
-5.587941153961343277e-01 2.110689038257460904e-04
-5.588960204231773199e-01 2.176095896027927597e-04
-5.587941153961343277e-01 2.110689038257460362e-04
-5.587941153961343277e-01 2.110689038257460904e-04
-5.592526880178280146e-01 2.356519322744944167e-04
-5.588450679096558238e-01 2.144247406690528697e-04
-5.589979254502204231e-01 2.234951724786395121e-04
-5.588450679096558238e-01 2.144247406690528697e-04
-5.592017355043065185e-01 2.334937500606389603e-04
-5.589469729366988160e-01 2.206308554815440367e-04
-5.595074505854356062e-01 2.445720649033091562e-04
-5.590998304772634153e-01 2.287762183110056728e-04
-5.590998304772634153e-01 2.287762183110056728e-04
-5.592526880178280146e-01 2.356519322744944167e-04
-5.590488779637419192e-01 2.262085026680307753e-04
-5.588960204231773199e-01 2.176095896027927597e-04
-5.586412578555697284e-01 1.998871716237366988e-04
-5.585393528285266251e-01 1.913943529156779952e-04
-5.587941153961343277e-01 2.110689038257460362e-04
-5.585393528285266251e-01 1.913943529156779952e-04
-5.584884003150051290e-01 1.867950000485111520e-04
-5.585393528285266251e-01 1.913943529156779952e-04
-5.590488779637419192e-01 2.262085026680307753e-04
-5.593545930448710068e-01 2.395851986273333893e-04
-5.590488779637419192e-01 2.262085026680307753e-04
-5.590488779637419192e-01 2.262085026680307753e-04
-5.590488779637419192e-01 2.262085026680307753e-04
-5.592017355043065185e-01 2.334937500606389603e-04
-5.589979254502204231e-01 2.234951724786395663e-04
-5.592526880178280146e-01 2.356519322744944167e-04
-5.590998304772634153e-01 2.287762183110056185e-04
-5.587941153961343277e-01 2.110689038257460904e-04
-5.585393528285266251e-01 1.913943529156779952e-04
-5.586922103690912245e-01 2.038100540860910087e-04
-5.587941153961343277e-01 2.230300415426674020e-04
-5.586412578555697284e-01 1.998871716237366446e-04
-5.585393528285266251e-01 1.913943529156779952e-04
-5.587941153961343277e-01 2.110689038257460904e-04
-5.590488779637419192e-01 2.262085026680307753e-04
-5.587431628826127206e-01 2.075337845767052871e-04
-5.590488779637419192e-01 2.262085026680307753e-04
-5.591507829907849114e-01 2.312031709933367609e-04
-5.590998304772634153e-01 2.287762183110056728e-04
-5.592017355043065185e-01 2.334937500606389603e-04
-5.590488779637419192e-01 2.262085026680307753e-04
-5.589979254502204231e-01 2.234951724786395663e-04
-5.589979254502204231e-01 2.234951724786395121e-04
-5.586922103690912245e-01 2.038100540860909545e-04
-5.584374478014836329e-01 1.819368642841582672e-04
-5.587431628826127206e-01 2.075337845767052871e-04
-5.585903053420482323e-01 1.957531645726723649e-04
-5.586412578555697284e-01 1.998871716237366988e-04
-5.585393528285266251e-01 1.913943529156780224e-04
-5.586412578555697284e-01 1.998871716237366988e-04
-5.583864952879621368e-01 1.767986141215420687e-04
-5.587431628826127206e-01 2.075337845767052871e-04
-5.587431628826127206e-01 2.075337845767052871e-04
-5.588450679096558238e-01 2.144247406690528697e-04
-5.589979254502204231e-01 2.234951724786395121e-04
-5.589979254502204231e-01 2.234951724786395663e-04
-5.587431628826127206e-01 2.075337845767052871e-04
-5.592017355043065185e-01 2.334937500606389603e-04
-5.586922103690912245e-01 2.038100540860910087e-04
-5.586412578555697284e-01 1.998871716237366988e-04
-5.585903053420482323e-01 1.957531645726723649e-04
-5.586412578555697284e-01 1.998871716237366988e-04
-5.585393528285266251e-01 1.913943529156780224e-04
-5.586922103690912245e-01 2.038100540860910087e-04
-5.583864952879621368e-01 1.767986141215420416e-04
-5.588450679096558238e-01 2.144247406690528697e-04
-5.583864952879621368e-01 1.767986141215420416e-04
-5.586412578555697284e-01 1.998871716237366446e-04
-5.586412578555697284e-01 1.998871716237366988e-04
-5.586922103690912245e-01 2.038100540860909545e-04
-5.584884003150051290e-01 2.002116113302252636e-04
-5.585903053420482323e-01 2.085943880082531470e-04
-5.582845902609190336e-01 1.805761679875327117e-04
-5.584884003150051290e-01 1.867950000485111520e-04
-5.583864952879621368e-01 1.767986141215420687e-04
-5.585393528285266251e-01 1.913943529156779952e-04
-5.582845902609190336e-01 1.655760706646335566e-04
-5.583355427744405297e-01 1.858894064240411588e-04
-5.584884003150051290e-01 1.867950000485111791e-04
-5.583355427744405297e-01 1.713550528941602043e-04
-5.583355427744405297e-01 1.858894064240411588e-04
-5.584884003150051290e-01 1.867950000485111791e-04
-5.584884003150051290e-01 1.867950000485111520e-04
-5.587941153961343277e-01 2.110689038257460362e-04
-5.584884003150051290e-01 2.002116113302252907e-04
-5.585903053420482323e-01 2.085943880082531470e-04
-5.585393528285266251e-01 2.045094511173823986e-04
-5.584884003150051290e-01 2.002116113302252907e-04
-5.584374478014836329e-01 1.956868412895311320e-04
-5.583355427744405297e-01 1.993669699047569881e-04
-5.582845902609190336e-01 1.805761679875327117e-04
-5.578769701527468428e-01 1.895543075131443243e-04
-5.578260176392253467e-01 2.438811069120105945e-04
-5.574183975310531558e-01 2.206308554815440367e-04
-5.571636349634455643e-01 2.443596705385362995e-04
-5.563993472606226787e-01 3.171768388040607832e-04
-5.560936321794935910e-01 3.115611839290610219e-04
-5.547688668279340263e-01 3.474871768494863376e-04
-5.528326713141162863e-01 5.264408173732851390e-04
-5.474826573943570862e-01 7.659842369920278260e-04
-3.545764412018824752e-01 1.825636736319393577e-02
6.584104801194565759e-01 7.861370348519904072e-02
1.788995802648463584e+00 1.386105292752498053e-01
2.262089890695776706e+00 1.623567459446718375e-01
2.317373367866625955e+00 1.641142039257298957e-01
2.345652012871069392e+00 1.652408897876520844e-01
2.162936299382899108e+00 1.506742135358848100e-01
1.087328738943611706e+00 8.968167450332678592e-02
2.486692699287713568e-02 3.466299569766127797e-02
-5.199683000927362020e-01 2.074712272928093144e-03
-5.455464618805393462e-01 5.477335956133751443e-04
-5.525269562329869766e-01 3.340791218896799197e-04
-5.548707718549770185e-01 3.088831976741616297e-04
-5.557879170983643924e-01 2.758503390740306904e-04
-5.566031573147087741e-01 2.421718884298837882e-04
-5.574693500445746519e-01 2.487818760247563184e-04
-5.578260176392253467e-01 1.967453309111550188e-04
-5.576731600986607473e-01 2.161732069774079286e-04
-5.582845902609190336e-01 1.944224002356301499e-04
-5.580298276933114421e-01 1.940882834734634823e-04
-5.581317327203545453e-01 1.919361639158811126e-04
-5.582336377473975375e-01 1.594251957139641992e-04
-5.584374478014836329e-01 1.956868412895310778e-04
-5.580298276933114421e-01 1.651836167573275899e-04
-5.583864952879621368e-01 1.909190069731661100e-04
-5.583864952879621368e-01 1.767986141215420416e-04
-5.582336377473975375e-01 1.594251957139641992e-04
-5.582336377473975375e-01 1.749534518000650963e-04
-5.583864952879621368e-01 2.040646576258166799e-04
-5.584884003150051290e-01 1.867950000485111520e-04
-5.588450679096558238e-01 2.144247406690528697e-04
-5.585903053420482323e-01 1.957531645726723649e-04
-5.584374478014836329e-01 1.956868412895311320e-04
-5.586922103690912245e-01 2.038100540860909545e-04
-5.583355427744405297e-01 1.713550528941602043e-04
-5.582336377473975375e-01 1.749534518000651234e-04
-5.584374478014836329e-01 1.956868412895310778e-04
-5.582336377473975375e-01 1.749534518000650963e-04
-5.580807802068329382e-01 1.558847164277068326e-04
-5.582845902609190336e-01 1.805761679875327117e-04
-5.584884003150051290e-01 1.867950000485111520e-04
-5.586412578555697284e-01 1.998871716237366988e-04
-5.587431628826127206e-01 2.075337845767052328e-04
-5.584884003150051290e-01 1.867950000485111520e-04
-5.584884003150051290e-01 1.867950000485111520e-04
-5.585393528285266251e-01 1.913943529156779952e-04
-5.585903053420482323e-01 1.957531645726723649e-04
-5.590488779637419192e-01 2.262085026680307753e-04
-5.590998304772634153e-01 2.287762183110056185e-04
-5.587431628826127206e-01 2.075337845767052871e-04
-5.587431628826127206e-01 2.075337845767052871e-04
-5.587941153961343277e-01 2.110689038257460362e-04
-5.587941153961343277e-01 2.110689038257460362e-04
-5.591507829907849114e-01 2.312031709933367609e-04
-5.584884003150051290e-01 1.867950000485111791e-04
-5.587431628826127206e-01 2.075337845767052871e-04
-5.587431628826127206e-01 2.075337845767052871e-04
-5.586412578555697284e-01 1.998871716237366446e-04
-5.587431628826127206e-01 2.075337845767052871e-04
-5.586412578555697284e-01 1.998871716237366988e-04
-5.587941153961343277e-01 2.110689038257460362e-04
-5.590998304772634153e-01 2.287762183110056728e-04
-5.595074505854356062e-01 2.445720649033091562e-04
-5.593036405313495107e-01 2.376813242123630417e-04
-5.591507829907849114e-01 2.312031709933367609e-04
-5.593036405313495107e-01 2.376813242123630417e-04
-5.595584030989571023e-01 2.460009304094029669e-04
-5.596093556124785984e-01 2.473165935007842460e-04
-5.595584030989571023e-01 2.460009304094029669e-04
-5.589469729366988160e-01 2.206308554815440367e-04
-5.591507829907849114e-01 2.312031709933367609e-04
-5.589979254502204231e-01 2.234951724786395121e-04
-5.587431628826127206e-01 2.075337845767052871e-04
-5.587431628826127206e-01 2.075337845767052871e-04
-5.589469729366988160e-01 2.206308554815440367e-04
-5.589979254502204231e-01 2.234951724786395121e-04
-5.589979254502204231e-01 2.234951724786395121e-04
-5.587431628826127206e-01 2.075337845767052871e-04
-5.595074505854356062e-01 2.445720649033091562e-04
-5.590998304772634153e-01 2.287762183110056185e-04
-5.590998304772634153e-01 2.287762183110056728e-04
-5.586922103690912245e-01 2.038100540860909545e-04
-5.593036405313495107e-01 2.376813242123630688e-04
-5.594055455583926140e-01 2.413665257457460846e-04
-5.593036405313495107e-01 2.376813242123630688e-04
-5.586412578555697284e-01 1.998871716237367259e-04
-5.585903053420482323e-01 1.957531645726723107e-04
-5.590998304772634153e-01 2.287762183110056728e-04
-5.588960204231773199e-01 2.176095896027927055e-04
-5.589979254502204231e-01 2.234951724786395121e-04
-5.586922103690912245e-01 2.038100540860910087e-04
-5.587941153961343277e-01 2.110689038257460904e-04
-5.587941153961343277e-01 2.110689038257460904e-04
-5.594564980719141101e-01 2.430280002945377010e-04
-5.592526880178280146e-01 2.356519322744944167e-04
-5.590488779637419192e-01 2.262085026680307753e-04
-5.592526880178280146e-01 2.356519322744944167e-04
-5.590998304772634153e-01 2.287762183110056728e-04
-5.591507829907849114e-01 2.312031709933367609e-04
-5.589469729366988160e-01 2.206308554815440367e-04
-5.589979254502204231e-01 2.234951724786395121e-04
-5.590998304772634153e-01 2.287762183110056185e-04
-5.589469729366988160e-01 2.206308554815440367e-04
-5.588450679096558238e-01 2.144247406690528697e-04
-5.587941153961343277e-01 2.110689038257460904e-04
-5.588960204231773199e-01 2.176095896027927055e-04
-5.588960204231773199e-01 2.176095896027927055e-04
-5.589979254502204231e-01 2.234951724786395121e-04
-5.590998304772634153e-01 2.287762183110056728e-04
-5.591507829907849114e-01 2.312031709933367609e-04
-5.589469729366988160e-01 2.206308554815440367e-04
-5.592526880178280146e-01 2.356519322744944167e-04
-5.588450679096558238e-01 2.144247406690528697e-04
-5.595074505854356062e-01 2.445720649033091562e-04
-5.590488779637419192e-01 2.262085026680307753e-04
-5.594564980719141101e-01 2.430280002945377010e-04
-5.593036405313495107e-01 2.376813242123630417e-04
-5.588450679096558238e-01 2.144247406690528697e-04
-5.586922103690912245e-01 2.038100540860909545e-04
-5.588450679096558238e-01 2.144247406690528697e-04
-5.589979254502204231e-01 2.234951724786395121e-04
-5.590998304772634153e-01 2.287762183110056999e-04
-5.586412578555697284e-01 1.998871716237366988e-04
-5.589979254502204231e-01 2.234951724786395121e-04
-5.587431628826127206e-01 2.075337845767052871e-04
-5.590488779637419192e-01 2.262085026680307753e-04
-5.588960204231773199e-01 2.176095896027927055e-04
-5.590488779637419192e-01 2.262085026680307753e-04
-5.592017355043065185e-01 2.334937500606389603e-04
-5.588450679096558238e-01 2.144247406690528697e-04
-5.592017355043065185e-01 2.334937500606389603e-04
-5.587941153961343277e-01 2.110689038257460904e-04
-5.590488779637419192e-01 2.262085026680307753e-04
-5.587431628826127206e-01 2.075337845767052871e-04
-5.591507829907849114e-01 2.312031709933367609e-04
-5.589979254502204231e-01 2.234951724786395121e-04
-5.592017355043065185e-01 2.334937500606389603e-04
-5.592526880178280146e-01 2.356519322744944167e-04
-5.591507829907849114e-01 2.312031709933367609e-04
-5.591507829907849114e-01 2.312031709933367609e-04
-5.588960204231773199e-01 2.176095896027927868e-04
-5.592526880178280146e-01 2.356519322744944167e-04
-5.595584030989571023e-01 2.460009304094029669e-04
-5.592526880178280146e-01 2.356519322744944167e-04
-5.591507829907849114e-01 2.312031709933367609e-04
-5.588450679096558238e-01 2.144247406690528697e-04
-5.587941153961343277e-01 2.110689038257460362e-04
-5.587941153961343277e-01 2.110689038257460904e-04
-5.586412578555697284e-01 1.998871716237366988e-04
-5.587431628826127206e-01 2.075337845767052871e-04
-5.586922103690912245e-01 2.038100540860909545e-04
-5.584884003150051290e-01 1.867950000485111791e-04
-5.585393528285266251e-01 1.913943529156779952e-04
-5.590488779637419192e-01 2.262085026680307753e-04
-5.587941153961343277e-01 2.110689038257460362e-04
-5.587431628826127206e-01 2.075337845767052871e-04
-5.589979254502204231e-01 2.234951724786395121e-04
-5.595074505854356062e-01 2.445720649033091562e-04
-5.591507829907849114e-01 2.312031709933367609e-04
-5.590998304772634153e-01 2.287762183110056185e-04
-5.592526880178280146e-01 2.356519322744944167e-04
-5.592017355043065185e-01 2.334937500606389603e-04
-5.594055455583926140e-01 2.413665257457460575e-04
-5.593036405313495107e-01 2.376813242123630417e-04
-5.589979254502204231e-01 2.234951724786395663e-04
-5.591507829907849114e-01 2.312031709933367609e-04
-5.588450679096558238e-01 2.144247406690528697e-04
-5.588450679096558238e-01 2.144247406690528697e-04
-5.591507829907849114e-01 2.312031709933367609e-04
-5.589469729366988160e-01 2.206308554815440367e-04
-5.588450679096558238e-01 2.144247406690528697e-04
-5.586922103690912245e-01 2.038100540860909545e-04
-5.589979254502204231e-01 2.234951724786395121e-04
-5.592526880178280146e-01 2.356519322744944167e-04
-5.591507829907849114e-01 2.312031709933367609e-04
-5.593036405313495107e-01 2.376813242123630417e-04
-5.595584030989571023e-01 2.460009304094030211e-04
-5.592017355043065185e-01 2.334937500606389603e-04
-5.594055455583926140e-01 2.413665257457460846e-04
-5.596603081260002055e-01 2.485208520560984870e-04
-5.587431628826127206e-01 2.075337845767052871e-04
-5.591507829907849114e-01 2.312031709933367609e-04
-5.591507829907849114e-01 2.312031709933367609e-04
-5.589469729366988160e-01 2.206308554815440367e-04
-5.586412578555697284e-01 1.998871716237366988e-04
-5.584884003150051290e-01 1.867950000485111791e-04
-5.588450679096558238e-01 2.144247406690528697e-04
-5.588450679096558238e-01 2.144247406690528697e-04
-5.592017355043065185e-01 2.334937500606389603e-04
-5.593036405313495107e-01 2.376813242123630417e-04
-5.590998304772634153e-01 2.287762183110056728e-04
-5.592017355043065185e-01 2.334937500606390146e-04
-5.590998304772634153e-01 2.287762183110056728e-04
-5.589979254502204231e-01 2.348242095474373041e-04
-5.590998304772634153e-01 2.287762183110056185e-04
-5.591507829907849114e-01 2.312031709933367609e-04
-5.588450679096558238e-01 2.144247406690528697e-04
-5.585393528285266251e-01 1.913943529156779952e-04
-5.587941153961343277e-01 2.110689038257460904e-04
-5.587431628826127206e-01 2.075337845767052871e-04
-5.588960204231773199e-01 2.176095896027927597e-04
-5.587431628826127206e-01 2.075337845767052871e-04
-5.588960204231773199e-01 2.176095896027927597e-04
-5.592017355043065185e-01 2.334937500606389603e-04
-5.593036405313495107e-01 2.376813242123630417e-04
-5.590488779637419192e-01 2.262085026680307753e-04
-5.588960204231773199e-01 2.176095896027927597e-04
-5.591507829907849114e-01 2.312031709933367609e-04
-5.592526880178280146e-01 2.356519322744944438e-04
-5.592526880178280146e-01 2.356519322744944167e-04
-5.590998304772634153e-01 2.287762183110056185e-04
-5.590488779637419192e-01 2.262085026680307753e-04
-5.590488779637419192e-01 2.262085026680307753e-04
-5.588960204231773199e-01 2.176095896027927597e-04
-5.587941153961343277e-01 2.110689038257460904e-04
-5.588450679096558238e-01 2.144247406690528697e-04
-5.586412578555697284e-01 1.998871716237366988e-04
-5.589979254502204231e-01 2.234951724786395121e-04
-5.588960204231773199e-01 2.176095896027927597e-04
-5.592017355043065185e-01 2.334937500606389603e-04
-5.592017355043065185e-01 2.334937500606389603e-04
-5.593545930448710068e-01 2.395851986273333893e-04
-5.594564980719141101e-01 2.430280002945377010e-04
-5.590998304772634153e-01 2.287762183110056728e-04
-5.589469729366988160e-01 2.206308554815440367e-04
-5.590998304772634153e-01 2.287762183110056728e-04
-5.590998304772634153e-01 2.287762183110056185e-04
-5.585903053420482323e-01 1.957531645726723649e-04
-5.586412578555697284e-01 1.998871716237366988e-04
-5.588450679096558238e-01 2.144247406690528697e-04
-5.589979254502204231e-01 2.234951724786395121e-04
-5.587431628826127206e-01 2.075337845767052871e-04
-5.587431628826127206e-01 2.075337845767052871e-04
-5.590488779637419192e-01 2.262085026680307753e-04
-5.587431628826127206e-01 2.075337845767052871e-04
-5.593545930448710068e-01 2.395851986273333893e-04
-5.589979254502204231e-01 2.234951724786395121e-04
-5.591507829907849114e-01 2.312031709933367609e-04
-5.590488779637419192e-01 2.262085026680307753e-04
-5.590998304772634153e-01 2.287762183110056728e-04
-5.593036405313495107e-01 2.376813242123630417e-04
-5.592526880178280146e-01 2.356519322744944167e-04
-5.593545930448710068e-01 2.395851986273333893e-04
-5.590998304772634153e-01 2.287762183110056728e-04
-5.588960204231773199e-01 2.176095896027927597e-04
-5.589979254502204231e-01 2.234951724786395121e-04
-5.587941153961343277e-01 2.110689038257460904e-04
-5.586922103690912245e-01 2.038100540860910087e-04
-5.590998304772634153e-01 2.287762183110056185e-04
-5.587941153961343277e-01 2.110689038257460904e-04
-5.592017355043065185e-01 2.334937500606389603e-04
-5.588450679096558238e-01 2.144247406690528697e-04
-5.592017355043065185e-01 2.334937500606389603e-04
-5.589469729366988160e-01 2.206308554815440367e-04
-5.592017355043065185e-01 2.334937500606389603e-04
-5.590998304772634153e-01 2.287762183110056728e-04
-5.589979254502204231e-01 2.234951724786395663e-04
-5.590488779637419192e-01 2.262085026680307753e-04
-5.590998304772634153e-01 2.287762183110056185e-04
-5.590998304772634153e-01 2.287762183110056185e-04
-5.590488779637419192e-01 2.262085026680307753e-04
-5.593036405313495107e-01 2.376813242123630688e-04
-5.591507829907849114e-01 2.312031709933367609e-04
-5.589469729366988160e-01 2.206308554815440367e-04
-5.589979254502204231e-01 2.234951724786395121e-04
-5.588450679096558238e-01 2.144247406690528697e-04
-5.585903053420482323e-01 1.957531645726723649e-04
-5.589469729366988160e-01 2.206308554815440367e-04
-5.589979254502204231e-01 2.234951724786395121e-04
-5.590998304772634153e-01 2.287762183110056728e-04
-5.595584030989571023e-01 2.460009304094030211e-04
-5.592017355043065185e-01 2.334937500606390146e-04
-5.592526880178280146e-01 2.356519322744944167e-04
-5.587941153961343277e-01 2.110689038257460904e-04
-5.593036405313495107e-01 2.376813242123630417e-04
-5.589469729366988160e-01 2.206308554815439825e-04
-5.590998304772634153e-01 2.287762183110056185e-04
-5.587431628826127206e-01 2.075337845767052871e-04
-5.590488779637419192e-01 2.262085026680307753e-04
-5.590488779637419192e-01 2.262085026680307753e-04
-5.590488779637419192e-01 2.262085026680307753e-04
-5.588450679096558238e-01 2.144247406690528697e-04
-5.593036405313495107e-01 2.376813242123630688e-04
-5.593036405313495107e-01 2.376813242123630417e-04
-5.590998304772634153e-01 2.287762183110056185e-04
-5.589979254502204231e-01 2.234951724786395121e-04
-5.590998304772634153e-01 2.287762183110056185e-04
-5.593545930448710068e-01 2.395851986273333893e-04
-5.592017355043065185e-01 2.334937500606389603e-04
-5.591507829907849114e-01 2.312031709933367609e-04
-5.590998304772634153e-01 2.287762183110056185e-04
-5.587941153961343277e-01 2.110689038257460904e-04
-5.590488779637419192e-01 2.262085026680307753e-04
-5.589979254502204231e-01 2.234951724786395663e-04
-5.587941153961343277e-01 2.110689038257460904e-04
-5.587431628826127206e-01 2.075337845767052871e-04
-5.590998304772634153e-01 2.287762183110056728e-04
-5.588450679096558238e-01 2.144247406690528697e-04
-5.589469729366988160e-01 2.206308554815440367e-04
-5.593036405313495107e-01 2.376813242123630417e-04
-5.590998304772634153e-01 2.287762183110056728e-04
-5.591507829907849114e-01 2.312031709933367609e-04
-5.590488779637419192e-01 2.262085026680307753e-04
-5.593545930448710068e-01 2.395851986273333893e-04
-5.591507829907849114e-01 2.312031709933367609e-04
-5.589469729366988160e-01 2.206308554815440367e-04
-5.587941153961343277e-01 2.110689038257460362e-04
-5.587431628826127206e-01 2.075337845767052871e-04
-5.589979254502204231e-01 2.234951724786395121e-04
-5.589979254502204231e-01 2.348242095474372770e-04
-5.584374478014836329e-01 1.819368642841582672e-04
-5.589469729366988160e-01 2.206308554815439825e-04
-5.589469729366988160e-01 2.206308554815440367e-04
-5.590488779637419192e-01 2.262085026680307753e-04
-5.592017355043065185e-01 2.334937500606389603e-04
-5.593545930448710068e-01 2.395851986273333893e-04
-5.588450679096558238e-01 2.144247406690528697e-04
-5.594055455583926140e-01 2.413665257457460575e-04
-5.593545930448710068e-01 2.395851986273333893e-04
-5.590488779637419192e-01 2.262085026680307753e-04
-5.595074505854356062e-01 2.445720649033091562e-04
-5.592526880178280146e-01 2.356519322744944167e-04
-5.590998304772634153e-01 2.287762183110056185e-04
-5.587941153961343277e-01 2.110689038257460904e-04
-5.587941153961343277e-01 2.110689038257460362e-04
-5.585903053420482323e-01 1.957531645726723649e-04
-5.583355427744405297e-01 1.713550528941601772e-04
-5.587941153961343277e-01 2.110689038257460904e-04
-5.587431628826127206e-01 2.075337845767052871e-04
-5.589469729366988160e-01 2.206308554815440367e-04
-5.590488779637419192e-01 2.262085026680307753e-04
-5.592017355043065185e-01 2.334937500606389603e-04
-5.593036405313495107e-01 2.376813242123630688e-04
-5.590998304772634153e-01 2.287762183110056185e-04
-5.590488779637419192e-01 2.262085026680307753e-04
-5.593036405313495107e-01 2.376813242123630417e-04
-5.590998304772634153e-01 2.287762183110056728e-04
-5.588960204231773199e-01 2.176095896027927868e-04
-5.589979254502204231e-01 2.234951724786395121e-04
-5.590998304772634153e-01 2.287762183110056728e-04
-5.587941153961343277e-01 2.110689038257460362e-04
-5.591507829907849114e-01 2.312031709933367609e-04
-5.587941153961343277e-01 2.110689038257460904e-04
-5.588450679096558238e-01 2.144247406690528697e-04
-5.589469729366988160e-01 2.206308554815440367e-04
-5.589469729366988160e-01 2.206308554815440367e-04
-5.589469729366988160e-01 2.206308554815440367e-04
-5.589469729366988160e-01 2.206308554815439825e-04
-5.589979254502204231e-01 2.234951724786395663e-04
-5.590998304772634153e-01 2.287762183110056728e-04
-5.591507829907849114e-01 2.312031709933367609e-04
-5.590488779637419192e-01 2.262085026680307753e-04
-5.591507829907849114e-01 2.312031709933367609e-04
-5.590998304772634153e-01 2.287762183110056728e-04
-5.588960204231773199e-01 2.176095896027927597e-04
-5.591507829907849114e-01 2.312031709933367609e-04
-5.587431628826127206e-01 2.075337845767052871e-04
-5.587431628826127206e-01 2.075337845767052871e-04
-5.587941153961343277e-01 2.110689038257460904e-04
-5.590998304772634153e-01 2.287762183110056185e-04
-5.589469729366988160e-01 2.206308554815440367e-04
-5.589469729366988160e-01 2.206308554815440367e-04
-5.594055455583926140e-01 2.413665257457460846e-04
-5.592017355043065185e-01 2.334937500606389603e-04
-5.592017355043065185e-01 2.334937500606389603e-04
-5.593545930448710068e-01 2.395851986273333893e-04
-5.593036405313495107e-01 2.376813242123629875e-04
-5.588960204231773199e-01 2.176095896027927597e-04
-5.584884003150051290e-01 1.867950000485111520e-04
-5.586412578555697284e-01 1.998871716237366988e-04
-5.585393528285266251e-01 1.913943529156780224e-04
-5.586412578555697284e-01 1.998871716237366988e-04
-5.585903053420482323e-01 1.957531645726723107e-04
-5.589469729366988160e-01 2.206308554815440367e-04
-5.588960204231773199e-01 2.176095896027927597e-04
-5.588960204231773199e-01 2.176095896027927868e-04
-5.588450679096558238e-01 2.144247406690528697e-04
-5.585903053420482323e-01 1.957531645726723107e-04
-5.592017355043065185e-01 2.334937500606389603e-04
-5.594055455583926140e-01 2.413665257457460575e-04
-5.590488779637419192e-01 2.262085026680308295e-04
-5.594055455583926140e-01 2.413665257457460846e-04
-5.595074505854356062e-01 2.445720649033091562e-04
-5.591507829907849114e-01 2.312031709933367609e-04
-5.592017355043065185e-01 2.334937500606389603e-04
-5.587941153961343277e-01 2.110689038257460362e-04
-5.588960204231773199e-01 2.176095896027927597e-04
-5.588450679096558238e-01 2.144247406690528155e-04
-5.589979254502204231e-01 2.234951724786395121e-04
-5.589469729366988160e-01 2.206308554815440367e-04
-5.587941153961343277e-01 2.110689038257460362e-04
-5.589979254502204231e-01 2.234951724786395121e-04
-5.592526880178280146e-01 2.356519322744944167e-04
-5.589979254502204231e-01 2.234951724786395663e-04
-5.592017355043065185e-01 2.334937500606389603e-04
-5.597112606395217016e-01 2.496153184799823101e-04
-5.590488779637419192e-01 2.262085026680307753e-04
-5.592526880178280146e-01 2.356519322744944167e-04
-5.588450679096558238e-01 2.144247406690528697e-04
-5.590998304772634153e-01 2.287762183110056728e-04
-5.592526880178280146e-01 2.356519322744944167e-04
-5.592017355043065185e-01 2.334937500606389603e-04
-5.592017355043065185e-01 2.334937500606389603e-04
-5.589469729366988160e-01 2.206308554815440367e-04
-5.588960204231773199e-01 2.176095896027927055e-04
-5.589979254502204231e-01 2.234951724786395121e-04
-5.588450679096558238e-01 2.144247406690528697e-04
-5.588450679096558238e-01 2.144247406690528697e-04
-5.588450679096558238e-01 2.144247406690528697e-04
-5.594564980719141101e-01 2.430280002945377010e-04
-5.591507829907849114e-01 2.312031709933367609e-04
-5.590488779637419192e-01 2.262085026680307753e-04
-5.593036405313495107e-01 2.376813242123630417e-04
-5.594055455583926140e-01 2.413665257457460575e-04
-5.594055455583926140e-01 2.413665257457460846e-04
-5.594055455583926140e-01 2.413665257457460575e-04
-5.589469729366988160e-01 2.206308554815440367e-04
-5.587941153961343277e-01 2.110689038257460904e-04
-5.585903053420482323e-01 1.957531645726723107e-04
-5.590998304772634153e-01 2.287762183110056728e-04
-5.589979254502204231e-01 2.234951724786395121e-04
-5.587941153961343277e-01 2.110689038257460904e-04
-5.587941153961343277e-01 2.110689038257460904e-04
-5.592526880178280146e-01 2.356519322744944167e-04
-5.588960204231773199e-01 2.176095896027927597e-04
-5.594564980719141101e-01 2.430280002945377010e-04
-5.590998304772634153e-01 2.287762183110056185e-04
-5.595074505854356062e-01 2.445720649033091562e-04
-5.589979254502204231e-01 2.234951724786395663e-04
-5.591507829907849114e-01 2.312031709933367609e-04
-5.594055455583926140e-01 2.413665257457460033e-04
-5.592017355043065185e-01 2.334937500606390146e-04
-5.590998304772634153e-01 2.287762183110056185e-04
-5.586922103690912245e-01 2.038100540860909545e-04
-5.588960204231773199e-01 2.176095896027927597e-04
-5.588450679096558238e-01 2.144247406690528697e-04
-5.589469729366988160e-01 2.206308554815439825e-04
-5.586922103690912245e-01 2.038100540860909545e-04
-5.586922103690912245e-01 2.038100540860910087e-04
-5.586412578555697284e-01 1.998871716237366988e-04
-5.587431628826127206e-01 2.075337845767052871e-04
-5.590998304772634153e-01 2.287762183110056185e-04
-5.594055455583926140e-01 2.413665257457460846e-04
-5.589979254502204231e-01 2.234951724786395121e-04
-5.589979254502204231e-01 2.234951724786395663e-04
-5.590998304772634153e-01 2.287762183110056728e-04
-5.592017355043065185e-01 2.334937500606389603e-04
-5.591507829907849114e-01 2.312031709933367609e-04
-5.591507829907849114e-01 2.312031709933367609e-04
-5.589979254502204231e-01 2.234951724786395121e-04
-5.589979254502204231e-01 2.234951724786395663e-04
-5.587941153961343277e-01 2.110689038257460904e-04
-5.586922103690912245e-01 2.038100540860909545e-04
-5.590488779637419192e-01 2.262085026680307753e-04
-5.587941153961343277e-01 2.110689038257460904e-04
-5.586412578555697284e-01 1.998871716237366446e-04
-5.588450679096558238e-01 2.144247406690528697e-04
-5.591507829907849114e-01 2.312031709933367609e-04
-5.589979254502204231e-01 2.234951724786395121e-04
-5.586412578555697284e-01 1.998871716237366446e-04
-5.590998304772634153e-01 2.398559470453189295e-04
-5.592526880178280146e-01 2.356519322744944167e-04
-5.590998304772634153e-01 2.287762183110056728e-04
-5.594564980719141101e-01 2.430280002945377010e-04
-5.588450679096558238e-01 2.144247406690528697e-04
-5.588960204231773199e-01 2.176095896027927597e-04
-5.585393528285266251e-01 1.913943529156779952e-04
-5.591507829907849114e-01 2.312031709933367609e-04
-5.587431628826127206e-01 2.075337845767052871e-04
-5.591507829907849114e-01 2.312031709933367609e-04
-5.588960204231773199e-01 2.176095896027927597e-04
-5.586922103690912245e-01 2.038100540860909545e-04
-5.591507829907849114e-01 2.312031709933367609e-04
-5.589979254502204231e-01 2.234951724786395121e-04
-5.592017355043065185e-01 2.334937500606389603e-04
-5.591507829907849114e-01 2.312031709933367609e-04
-5.592017355043065185e-01 2.334937500606389332e-04
-5.586922103690912245e-01 2.038100540860910087e-04
-5.593036405313495107e-01 2.376813242123630417e-04
-5.591507829907849114e-01 2.312031709933367609e-04
-5.589469729366988160e-01 2.206308554815440367e-04
-5.585903053420482323e-01 1.957531645726723649e-04
-5.586412578555697284e-01 1.998871716237366988e-04
-5.584884003150051290e-01 1.867950000485111791e-04
-5.586412578555697284e-01 1.998871716237366988e-04
-5.588450679096558238e-01 2.144247406690528697e-04
-5.586412578555697284e-01 1.998871716237366446e-04
-5.586412578555697284e-01 1.998871716237366988e-04
-5.588960204231773199e-01 2.176095896027927597e-04
-5.590488779637419192e-01 2.262085026680307753e-04
-5.589469729366988160e-01 2.206308554815440367e-04
-5.593036405313495107e-01 2.376813242123630688e-04
-5.589469729366988160e-01 2.206308554815440367e-04
-5.590998304772634153e-01 2.287762183110056728e-04
-5.594564980719141101e-01 2.430280002945377010e-04
-5.592017355043065185e-01 2.334937500606389603e-04
-5.588450679096558238e-01 2.144247406690528697e-04
-5.586922103690912245e-01 2.038100540860909545e-04
-5.585903053420482323e-01 1.957531645726723107e-04
-5.588450679096558238e-01 2.144247406690528697e-04
-5.592017355043065185e-01 2.334937500606389603e-04
-5.587431628826127206e-01 2.075337845767052871e-04
-5.587941153961343277e-01 2.110689038257460904e-04
-5.587431628826127206e-01 2.075337845767052328e-04
-5.593545930448710068e-01 2.395851986273333893e-04
-5.592526880178280146e-01 2.356519322744944167e-04
-5.597112606395217016e-01 2.496153184799823101e-04
-5.593036405313495107e-01 2.376813242123630417e-04
-5.592017355043065185e-01 2.334937500606389603e-04
-5.590998304772634153e-01 2.287762183110056728e-04
-5.593545930448710068e-01 2.395851986273333893e-04
-5.589979254502204231e-01 2.234951724786395121e-04
-5.586922103690912245e-01 2.038100540860909545e-04
-5.588450679096558238e-01 2.144247406690528697e-04
-5.589979254502204231e-01 2.234951724786395663e-04
-5.585393528285266251e-01 1.913943529156780224e-04
-5.587941153961343277e-01 2.110689038257460904e-04
-5.587941153961343277e-01 2.110689038257460362e-04
-5.592017355043065185e-01 2.334937500606389603e-04
-5.588450679096558238e-01 2.144247406690528697e-04
-5.587941153961343277e-01 2.110689038257460904e-04
-5.589979254502204231e-01 2.234951724786395663e-04
-5.592017355043065185e-01 2.334937500606389603e-04
-5.591507829907849114e-01 2.312031709933367609e-04
-5.589469729366988160e-01 2.206308554815440367e-04
-5.589979254502204231e-01 2.234951724786395121e-04
-5.592526880178280146e-01 2.356519322744944167e-04
-5.590488779637419192e-01 2.262085026680307753e-04
-5.586922103690912245e-01 2.038100540860909545e-04
-5.588960204231773199e-01 2.176095896027927597e-04
-5.591507829907849114e-01 2.312031709933367609e-04
-5.585903053420482323e-01 1.957531645726723107e-04
-5.590488779637419192e-01 2.374080957921073339e-04
-5.586412578555697284e-01 1.998871716237366446e-04
-5.589979254502204231e-01 2.234951724786395663e-04
-5.592526880178280146e-01 2.356519322744944167e-04
-5.591507829907849114e-01 2.312031709933367338e-04
-5.592017355043065185e-01 2.334937500606390146e-04
-5.591507829907849114e-01 2.312031709933367609e-04
-5.591507829907849114e-01 2.312031709933367609e-04
-5.590998304772634153e-01 2.287762183110056185e-04
-5.591507829907849114e-01 2.312031709933367609e-04
-5.592526880178280146e-01 2.356519322744944167e-04
-5.590488779637419192e-01 2.262085026680307753e-04
-5.587941153961343277e-01 2.110689038257460362e-04
-5.587431628826127206e-01 2.075337845767052871e-04
-5.586412578555697284e-01 1.998871716237366446e-04
-5.585903053420482323e-01 1.957531645726723649e-04
-5.589469729366988160e-01 2.206308554815440367e-04
-5.586412578555697284e-01 1.998871716237366988e-04
-5.590998304772634153e-01 2.287762183110056728e-04
-5.592017355043065185e-01 2.334937500606389332e-04
-5.589469729366988160e-01 2.206308554815440367e-04
-5.590488779637419192e-01 2.262085026680307753e-04
-5.592526880178280146e-01 2.356519322744944167e-04
-5.590488779637419192e-01 2.262085026680307753e-04
-5.592017355043065185e-01 2.334937500606389603e-04
-5.591507829907849114e-01 2.312031709933367609e-04
-5.589469729366988160e-01 2.206308554815440367e-04
-5.589979254502204231e-01 2.234951724786395121e-04
-5.586412578555697284e-01 1.998871716237366988e-04
-5.587431628826127206e-01 2.075337845767052871e-04
-5.583864952879621368e-01 1.767986141215420687e-04
-5.589979254502204231e-01 2.234951724786395663e-04
-5.586922103690912245e-01 2.038100540860910087e-04
-5.590488779637419192e-01 2.262085026680307753e-04
-5.588450679096558238e-01 2.262085026680308295e-04
-5.592017355043065185e-01 2.334937500606389603e-04
-5.589469729366988160e-01 2.206308554815439825e-04
-5.591507829907849114e-01 2.312031709933367609e-04
-5.594055455583926140e-01 2.413665257457460575e-04
-5.588960204231773199e-01 2.176095896027927597e-04
-5.591507829907849114e-01 2.312031709933367609e-04
-5.588450679096558238e-01 2.144247406690528697e-04
-5.587431628826127206e-01 2.075337845767052871e-04
-5.589979254502204231e-01 2.234951724786395663e-04
-5.587941153961343277e-01 2.110689038257460362e-04
-5.588960204231773199e-01 2.176095896027927597e-04
-5.588960204231773199e-01 2.176095896027927868e-04
-5.587431628826127206e-01 2.075337845767052871e-04
-5.589979254502204231e-01 2.234951724786395663e-04
-5.587431628826127206e-01 2.075337845767052871e-04
-5.592526880178280146e-01 2.356519322744944167e-04
-5.587431628826127206e-01 2.075337845767052871e-04
-5.592017355043065185e-01 2.334937500606389603e-04
-5.588960204231773199e-01 2.176095896027927597e-04
-5.585393528285266251e-01 1.913943529156779952e-04
-5.587941153961343277e-01 2.110689038257460362e-04
-5.586412578555697284e-01 1.998871716237367259e-04
-5.591507829907849114e-01 2.312031709933367609e-04
-5.591507829907849114e-01 2.312031709933367609e-04
-5.589469729366988160e-01 2.206308554815440367e-04
-5.589469729366988160e-01 2.206308554815440367e-04
-5.589979254502204231e-01 2.234951724786395121e-04
-5.589469729366988160e-01 2.206308554815440638e-04
-5.590488779637419192e-01 2.262085026680307753e-04
-5.592526880178280146e-01 2.356519322744944167e-04
-5.588960204231773199e-01 2.176095896027927597e-04
-5.592017355043065185e-01 2.334937500606389603e-04
-5.591507829907849114e-01 2.312031709933367338e-04
-5.591507829907849114e-01 2.312031709933367609e-04
-5.588960204231773199e-01 2.176095896027927055e-04
-5.590998304772634153e-01 2.287762183110056728e-04
-5.590488779637419192e-01 2.262085026680307753e-04
-5.589469729366988160e-01 2.206308554815439825e-04
-5.590488779637419192e-01 2.262085026680307753e-04
-5.588450679096558238e-01 2.144247406690528155e-04
-5.589469729366988160e-01 2.206308554815440367e-04
-5.588450679096558238e-01 2.144247406690528697e-04
-5.589469729366988160e-01 2.206308554815440367e-04
-5.591507829907849114e-01 2.312031709933367338e-04
-5.588960204231773199e-01 2.176095896027927868e-04
-5.587941153961343277e-01 2.110689038257460904e-04
-5.586922103690912245e-01 2.038100540860909545e-04
-5.593036405313495107e-01 2.376813242123629875e-04
-5.591507829907849114e-01 2.312031709933367338e-04
-5.593036405313495107e-01 2.376813242123630688e-04
-5.590998304772634153e-01 2.287762183110056728e-04
-5.589979254502204231e-01 2.234951724786395663e-04
-5.590998304772634153e-01 2.287762183110056185e-04
-5.590488779637419192e-01 2.262085026680307753e-04
-5.590998304772634153e-01 2.287762183110056185e-04
-5.586922103690912245e-01 2.038100540860909545e-04
-5.588450679096558238e-01 2.144247406690528697e-04
-5.590488779637419192e-01 2.262085026680307753e-04
-5.587941153961343277e-01 2.110689038257460904e-04
-5.588960204231773199e-01 2.176095896027927055e-04
-5.585903053420482323e-01 1.957531645726723107e-04
-5.588450679096558238e-01 2.144247406690528697e-04
-5.587431628826127206e-01 2.075337845767052871e-04
-5.591507829907849114e-01 2.312031709933367609e-04
-5.592526880178280146e-01 2.356519322744944167e-04
-5.589979254502204231e-01 2.234951724786395121e-04
-5.589979254502204231e-01 2.234951724786395121e-04
-5.589979254502204231e-01 2.234951724786395121e-04
-5.592017355043065185e-01 2.334937500606390146e-04
-5.589469729366988160e-01 2.206308554815440367e-04
-5.591507829907849114e-01 2.312031709933367609e-04
-5.588960204231773199e-01 2.176095896027927597e-04
-5.586412578555697284e-01 1.998871716237366446e-04
-5.586922103690912245e-01 2.038100540860910087e-04
-5.587431628826127206e-01 2.075337845767052871e-04
-5.588960204231773199e-01 2.176095896027927597e-04
-5.586922103690912245e-01 2.161732069774079286e-04
-5.585903053420482323e-01 1.957531645726723649e-04
-5.587941153961343277e-01 2.110689038257460904e-04
-5.588450679096558238e-01 2.144247406690528697e-04
-5.591507829907849114e-01 2.312031709933367609e-04
-5.587431628826127206e-01 2.075337845767052871e-04
-5.589469729366988160e-01 2.206308554815439825e-04
-5.588450679096558238e-01 2.144247406690528697e-04
-5.593036405313495107e-01 2.376813242123630688e-04
-5.593545930448710068e-01 2.395851986273333893e-04
-5.588450679096558238e-01 2.144247406690528697e-04
-5.588450679096558238e-01 2.144247406690528697e-04
-5.590998304772634153e-01 2.287762183110056185e-04
-5.589469729366988160e-01 2.206308554815440367e-04
-5.591507829907849114e-01 2.312031709933367609e-04
-5.588960204231773199e-01 2.176095896027927597e-04
-5.588960204231773199e-01 2.176095896027927868e-04
-5.587941153961343277e-01 2.110689038257460904e-04
-5.587941153961343277e-01 2.110689038257460904e-04
-5.589979254502204231e-01 2.234951724786395121e-04
-5.590998304772634153e-01 2.287762183110056185e-04
-5.587941153961343277e-01 2.110689038257460904e-04
-5.591507829907849114e-01 2.312031709933367609e-04
-5.592526880178280146e-01 2.356519322744944167e-04
-5.591507829907849114e-01 2.312031709933367609e-04
-5.589979254502204231e-01 2.234951724786395663e-04
-5.586412578555697284e-01 1.998871716237366988e-04
-5.586922103690912245e-01 2.038100540860909545e-04
-5.586922103690912245e-01 2.038100540860910087e-04
-5.584374478014836329e-01 1.956868412895311320e-04
-5.584374478014836329e-01 2.085321488936323563e-04
-5.585903053420482323e-01 2.085943880082531470e-04
-5.583864952879621368e-01 1.909190069731661100e-04
-5.588450679096558238e-01 2.144247406690528697e-04
-5.588960204231773199e-01 2.176095896027927055e-04
-5.592526880178280146e-01 2.356519322744944167e-04
-5.591507829907849114e-01 2.312031709933367609e-04
-5.590488779637419192e-01 2.262085026680307753e-04
-5.594055455583926140e-01 2.413665257457460846e-04
-5.589979254502204231e-01 2.234951724786395121e-04
-5.590998304772634153e-01 2.287762183110056185e-04
-5.590998304772634153e-01 2.287762183110056185e-04
-5.588450679096558238e-01 2.144247406690528697e-04
-5.588450679096558238e-01 2.144247406690528697e-04
-5.587431628826127206e-01 2.075337845767052871e-04
-5.590998304772634153e-01 2.287762183110056185e-04
-5.587941153961343277e-01 2.110689038257460362e-04
-5.583355427744405297e-01 1.713550528941602043e-04
-5.585393528285266251e-01 1.913943529156780224e-04
-5.585903053420482323e-01 1.957531645726723649e-04
-5.589469729366988160e-01 2.206308554815440367e-04
-5.592017355043065185e-01 2.334937500606389603e-04
-5.590998304772634153e-01 2.287762183110056185e-04
-5.589979254502204231e-01 2.234951724786395121e-04
-5.589469729366988160e-01 2.206308554815440367e-04
-5.587941153961343277e-01 2.110689038257460362e-04
-5.593036405313495107e-01 2.376813242123630688e-04
-5.590998304772634153e-01 2.287762183110056185e-04
-5.592017355043065185e-01 2.334937500606389603e-04
-5.586922103690912245e-01 2.038100540860910087e-04
-5.587941153961343277e-01 2.110689038257460362e-04
-5.589979254502204231e-01 2.234951724786395663e-04
-5.590488779637419192e-01 2.262085026680307753e-04
-5.589979254502204231e-01 2.234951724786395121e-04
-5.586922103690912245e-01 2.038100540860910087e-04
-5.585393528285266251e-01 1.913943529156779952e-04
-5.591507829907849114e-01 2.312031709933367609e-04
-5.588450679096558238e-01 2.144247406690528697e-04
-5.593545930448710068e-01 2.395851986273333893e-04
-5.588450679096558238e-01 2.144247406690528697e-04
-5.592017355043065185e-01 2.334937500606389603e-04
-5.589979254502204231e-01 2.234951724786395663e-04
-5.593036405313495107e-01 2.376813242123630417e-04
-5.589979254502204231e-01 2.234951724786395121e-04
-5.584374478014836329e-01 1.819368642841582401e-04
-5.588450679096558238e-01 2.144247406690528697e-04
-5.588960204231773199e-01 2.176095896027927597e-04
-5.589469729366988160e-01 2.206308554815440638e-04
-5.587431628826127206e-01 2.075337845767052328e-04
-5.586412578555697284e-01 1.998871716237366988e-04
-5.589469729366988160e-01 2.206308554815440367e-04
-5.587941153961343277e-01 2.110689038257460904e-04
-5.590998304772634153e-01 2.287762183110056185e-04
-5.589469729366988160e-01 2.206308554815440367e-04
-5.592526880178280146e-01 2.356519322744944167e-04
-5.568069673687948695e-01 2.701444413758397880e-04
-5.496736154757823067e-01 6.995726296286827175e-04
-5.443236015560227736e-01 9.165222788721387242e-04
-5.433555037991140146e-01 9.712971152369403050e-04
-5.433555037991140146e-01 9.712971152369395461e-04
-5.430497887179848160e-01 9.949579130756032799e-04
-5.462088445563191286e-01 8.445676910322798530e-04
-5.531893389087668700e-01 4.685415393587160542e-04
-5.579279226662684499e-01 1.110484286798537110e-04
-5.584374478014836329e-01 1.819368642841582672e-04
-5.587431628826127206e-01 2.075337845767052871e-04
-5.587941153961343277e-01 2.110689038257460362e-04
-5.586412578555697284e-01 1.998871716237366446e-04
-5.592526880178280146e-01 2.356519322744944438e-04
-5.590488779637419192e-01 2.262085026680307753e-04
-5.589469729366988160e-01 2.206308554815439825e-04
-5.588450679096558238e-01 2.144247406690528697e-04
-5.593036405313495107e-01 2.376813242123630688e-04
-5.588450679096558238e-01 2.144247406690528697e-04
-5.590998304772634153e-01 2.287762183110056185e-04
-5.587431628826127206e-01 2.075337845767052871e-04
-5.587941153961343277e-01 2.110689038257460904e-04
-5.586922103690912245e-01 2.038100540860909545e-04
-5.583864952879621368e-01 1.767986141215420687e-04
-5.585393528285266251e-01 1.913943529156779952e-04
-5.585903053420482323e-01 1.957531645726723649e-04
-5.588960204231773199e-01 2.176095896027927597e-04
-5.587941153961343277e-01 2.110689038257460904e-04
-5.588450679096558238e-01 2.144247406690528697e-04
-5.589979254502204231e-01 2.234951724786395121e-04
-5.591507829907849114e-01 2.312031709933367609e-04
-5.589469729366988160e-01 2.206308554815440367e-04
-5.586922103690912245e-01 2.038100540860909545e-04
-5.591507829907849114e-01 2.312031709933367609e-04
-5.589979254502204231e-01 2.234951724786395121e-04
-5.589469729366988160e-01 2.206308554815440367e-04
-5.587941153961343277e-01 2.110689038257460362e-04
-5.586922103690912245e-01 2.038100540860910087e-04
-5.589979254502204231e-01 2.234951724786395121e-04
-5.588960204231773199e-01 2.176095896027927597e-04
-5.589979254502204231e-01 2.234951724786395121e-04
-5.589469729366988160e-01 2.206308554815440367e-04
-5.589469729366988160e-01 2.206308554815440367e-04
-5.584884003150051290e-01 1.867950000485111791e-04
-5.589469729366988160e-01 2.206308554815440367e-04
-5.589979254502204231e-01 2.234951724786395121e-04
-5.589979254502204231e-01 2.234951724786395663e-04
-5.591507829907849114e-01 2.312031709933367609e-04
-5.591507829907849114e-01 2.312031709933367609e-04
-5.593036405313495107e-01 2.376813242123630417e-04
-5.589979254502204231e-01 2.234951724786395121e-04
-5.589469729366988160e-01 2.320997450641423961e-04
-5.588960204231773199e-01 2.176095896027927597e-04
-5.589979254502204231e-01 2.234951724786395121e-04
-5.586412578555697284e-01 1.998871716237366988e-04
-5.586922103690912245e-01 2.038100540860910087e-04
-5.591507829907849114e-01 2.312031709933367609e-04
-5.587431628826127206e-01 2.075337845767052871e-04
-5.587431628826127206e-01 2.075337845767052871e-04
-5.590488779637419192e-01 2.262085026680307753e-04
-5.592526880178280146e-01 2.356519322744944167e-04
-5.591507829907849114e-01 2.312031709933367609e-04
-5.592526880178280146e-01 2.356519322744944167e-04
-5.589469729366988160e-01 2.206308554815440367e-04
-5.589979254502204231e-01 2.234951724786395121e-04
-5.590998304772634153e-01 2.287762183110056728e-04
-5.593545930448710068e-01 2.395851986273333893e-04
-5.590488779637419192e-01 2.262085026680307753e-04
-5.586922103690912245e-01 2.038100540860909545e-04
-5.587431628826127206e-01 2.075337845767052871e-04
-5.588450679096558238e-01 2.144247406690528697e-04
-5.586922103690912245e-01 2.038100540860909545e-04
-5.590998304772634153e-01 2.287762183110056185e-04
-5.587941153961343277e-01 2.110689038257460904e-04
-5.588960204231773199e-01 2.176095896027927597e-04
-5.588960204231773199e-01 2.176095896027927597e-04
-5.595584030989571023e-01 2.460009304094029669e-04
-5.590998304772634153e-01 2.287762183110056728e-04
-5.588960204231773199e-01 2.176095896027927597e-04
-5.589979254502204231e-01 2.234951724786395121e-04
-5.589469729366988160e-01 2.206308554815440367e-04
-5.588450679096558238e-01 2.144247406690528697e-04
-5.592017355043065185e-01 2.334937500606389603e-04
-5.587941153961343277e-01 2.110689038257460904e-04
-5.588450679096558238e-01 2.144247406690528697e-04
-5.589469729366988160e-01 2.206308554815440367e-04
-5.586922103690912245e-01 2.038100540860910087e-04
-5.588960204231773199e-01 2.176095896027927597e-04
-5.587431628826127206e-01 2.075337845767052871e-04
-5.586922103690912245e-01 2.038100540860910087e-04
-5.585393528285266251e-01 1.913943529156779952e-04
-5.589469729366988160e-01 2.206308554815440367e-04
-5.592526880178280146e-01 2.356519322744944167e-04
-5.596093556124785984e-01 2.473165935007842460e-04
-5.590488779637419192e-01 2.262085026680307753e-04
-5.592526880178280146e-01 2.356519322744944438e-04
-5.592526880178280146e-01 2.356519322744944167e-04
-5.591507829907849114e-01 2.312031709933367609e-04
-5.592526880178280146e-01 2.356519322744944167e-04
-5.587941153961343277e-01 2.110689038257460362e-04
-5.589979254502204231e-01 2.234951724786395121e-04
-5.587431628826127206e-01 2.075337845767052871e-04
-5.587431628826127206e-01 2.075337845767052871e-04
-5.586412578555697284e-01 1.998871716237366988e-04
-5.586922103690912245e-01 2.038100540860909545e-04
-5.585903053420482323e-01 1.957531645726723649e-04
-5.585903053420482323e-01 1.957531645726723107e-04
-5.591507829907849114e-01 2.312031709933367609e-04
-5.590998304772634153e-01 2.287762183110056728e-04
-5.589469729366988160e-01 2.206308554815440367e-04
-5.589979254502204231e-01 2.234951724786395121e-04
-5.590488779637419192e-01 2.262085026680307753e-04
-5.590488779637419192e-01 2.262085026680307753e-04
-5.589979254502204231e-01 2.234951724786395121e-04
-5.592017355043065185e-01 2.334937500606389603e-04
-5.587941153961343277e-01 2.110689038257460904e-04
-5.587431628826127206e-01 2.075337845767052871e-04
-5.589469729366988160e-01 2.320997450641423419e-04
-5.587941153961343277e-01 2.110689038257460362e-04
-5.586922103690912245e-01 2.038100540860909545e-04
-5.589469729366988160e-01 2.206308554815439825e-04
-5.587431628826127206e-01 2.075337845767052871e-04
-5.588450679096558238e-01 2.144247406690528697e-04
-5.591507829907849114e-01 2.312031709933367609e-04
-5.590488779637419192e-01 2.262085026680307753e-04
-5.589469729366988160e-01 2.206308554815440367e-04
-5.590488779637419192e-01 2.262085026680307753e-04
-5.590488779637419192e-01 2.262085026680307753e-04
-5.590488779637419192e-01 2.262085026680307753e-04
-5.593545930448710068e-01 2.395851986273333893e-04
-5.586922103690912245e-01 2.038100540860909545e-04
-5.586412578555697284e-01 1.998871716237366988e-04
-5.589979254502204231e-01 2.234951724786395121e-04
-5.588450679096558238e-01 2.144247406690528697e-04
-5.586412578555697284e-01 1.998871716237366988e-04
-5.590998304772634153e-01 2.287762183110056728e-04
-5.587941153961343277e-01 2.110689038257460904e-04
-5.586412578555697284e-01 1.998871716237366988e-04
-5.588960204231773199e-01 2.176095896027927597e-04
-5.587431628826127206e-01 2.075337845767052871e-04
-5.593036405313495107e-01 2.376813242123630688e-04
-5.595074505854356062e-01 2.445720649033091562e-04
-5.591507829907849114e-01 2.312031709933367338e-04
-5.591507829907849114e-01 2.312031709933367609e-04
-5.590998304772634153e-01 2.287762183110056185e-04
-5.594564980719141101e-01 2.430280002945377010e-04
-5.585903053420482323e-01 1.957531645726723649e-04
-5.587431628826127206e-01 2.075337845767052871e-04
-5.586922103690912245e-01 2.038100540860910087e-04
-5.585393528285266251e-01 1.913943529156780224e-04
-5.588450679096558238e-01 2.144247406690528697e-04
-5.589979254502204231e-01 2.234951724786395121e-04
-5.587941153961343277e-01 2.110689038257460904e-04
-5.588450679096558238e-01 2.144247406690528697e-04
-5.590488779637419192e-01 2.262085026680307753e-04
-5.592017355043065185e-01 2.334937500606389603e-04
-5.588450679096558238e-01 2.144247406690528697e-04
-5.590488779637419192e-01 2.262085026680307753e-04
-5.592017355043065185e-01 2.334937500606389603e-04
-5.588450679096558238e-01 2.144247406690528697e-04
-5.592526880178280146e-01 2.356519322744944167e-04
-5.590488779637419192e-01 2.262085026680307753e-04
-5.587941153961343277e-01 2.110689038257460904e-04
-5.589979254502204231e-01 2.234951724786395121e-04
-5.585903053420482323e-01 1.957531645726723649e-04
-5.587431628826127206e-01 2.075337845767052871e-04
-5.589469729366988160e-01 2.206308554815439825e-04
-5.588450679096558238e-01 2.144247406690528697e-04
-5.586412578555697284e-01 1.998871716237366446e-04
-5.587941153961343277e-01 2.110689038257460904e-04
-5.587431628826127206e-01 2.075337845767052871e-04
-5.590998304772634153e-01 2.287762183110056185e-04
-5.590998304772634153e-01 2.287762183110056728e-04
-5.592017355043065185e-01 2.334937500606389603e-04
-5.589979254502204231e-01 2.234951724786395663e-04
-5.588960204231773199e-01 2.176095896027927597e-04
-5.592017355043065185e-01 2.334937500606389603e-04
-5.588450679096558238e-01 2.144247406690528697e-04
-5.592526880178280146e-01 2.356519322744944167e-04
-5.587941153961343277e-01 2.110689038257460904e-04
-5.587431628826127206e-01 2.075337845767052871e-04
-5.588450679096558238e-01 2.144247406690528697e-04
-5.585903053420482323e-01 1.957531645726723649e-04
-5.588450679096558238e-01 2.144247406690528697e-04
-5.585903053420482323e-01 1.957531645726723107e-04
-5.586412578555697284e-01 1.998871716237366988e-04
-5.589979254502204231e-01 2.234951724786395663e-04
-5.589979254502204231e-01 2.234951724786395663e-04
-5.586922103690912245e-01 2.038100540860910087e-04
-5.589979254502204231e-01 2.234951724786395121e-04
-5.590488779637419192e-01 2.262085026680307753e-04
-5.590998304772634153e-01 2.287762183110056728e-04
-5.589979254502204231e-01 2.234951724786395663e-04
-5.590998304772634153e-01 2.287762183110056185e-04
-5.589469729366988160e-01 2.206308554815440367e-04
-5.587941153961343277e-01 2.110689038257460904e-04
-5.588960204231773199e-01 2.176095896027927597e-04
-5.587941153961343277e-01 2.110689038257460904e-04
-5.589469729366988160e-01 2.206308554815440367e-04
-5.585903053420482323e-01 1.957531645726723920e-04
-5.588450679096558238e-01 2.144247406690528697e-04
-5.588960204231773199e-01 2.176095896027927597e-04
-5.588450679096558238e-01 2.144247406690528697e-04
-5.592017355043065185e-01 2.334937500606389603e-04
-5.593036405313495107e-01 2.376813242123629875e-04
-5.588450679096558238e-01 2.144247406690528697e-04
-5.588960204231773199e-01 2.176095896027927868e-04
-5.592017355043065185e-01 2.334937500606389603e-04
-5.594055455583926140e-01 2.413665257457460575e-04
-5.590998304772634153e-01 2.287762183110056185e-04
-5.587431628826127206e-01 2.075337845767052871e-04
-5.587941153961343277e-01 2.110689038257460904e-04
-5.590488779637419192e-01 2.262085026680307753e-04
-5.587431628826127206e-01 2.075337845767052328e-04
-5.586922103690912245e-01 2.038100540860910087e-04
-5.588960204231773199e-01 2.176095896027927055e-04
-5.587941153961343277e-01 2.110689038257460362e-04
-5.587941153961343277e-01 2.110689038257460904e-04
-5.588450679096558238e-01 2.144247406690528697e-04
-5.590488779637419192e-01 2.262085026680307753e-04
-5.588450679096558238e-01 2.144247406690528697e-04
-5.593036405313495107e-01 2.376813242123630417e-04
-5.589469729366988160e-01 2.206308554815440367e-04
-5.588450679096558238e-01 2.144247406690528697e-04
-5.586922103690912245e-01 2.038100540860909545e-04
-5.589469729366988160e-01 2.206308554815440367e-04
-5.587431628826127206e-01 2.075337845767052871e-04
-5.587941153961343277e-01 2.110689038257460904e-04
-5.587431628826127206e-01 2.075337845767052871e-04
-5.585393528285266251e-01 1.913943529156779952e-04
-5.587431628826127206e-01 2.075337845767052871e-04
-5.587941153961343277e-01 2.110689038257460904e-04
-5.587941153961343277e-01 2.230300415426674020e-04
-5.589469729366988160e-01 2.206308554815440367e-04
-5.591507829907849114e-01 2.312031709933367609e-04
-5.590488779637419192e-01 2.262085026680307753e-04
-5.590998304772634153e-01 2.287762183110056728e-04
-5.590998304772634153e-01 2.287762183110056728e-04
-5.588960204231773199e-01 2.176095896027927597e-04
-5.592526880178280146e-01 2.356519322744944167e-04
-5.588960204231773199e-01 2.176095896027927055e-04
-5.590488779637419192e-01 2.262085026680307753e-04
-5.586922103690912245e-01 2.038100540860909545e-04
-5.588450679096558238e-01 2.144247406690528697e-04
-5.589979254502204231e-01 2.234951724786395121e-04
-5.587431628826127206e-01 2.075337845767052871e-04
-5.586922103690912245e-01 2.038100540860910087e-04
-5.588450679096558238e-01 2.144247406690528697e-04
-5.588450679096558238e-01 2.144247406690528155e-04
-5.587431628826127206e-01 2.075337845767052871e-04
-5.590488779637419192e-01 2.262085026680307753e-04
-5.589979254502204231e-01 2.234951724786395121e-04
-5.590488779637419192e-01 2.262085026680307753e-04
-5.591507829907849114e-01 2.312031709933367609e-04
-5.590998304772634153e-01 2.287762183110056728e-04
-5.593036405313495107e-01 2.376813242123630688e-04
-5.594055455583926140e-01 2.413665257457460846e-04
-5.586922103690912245e-01 2.038100540860909545e-04
-5.590488779637419192e-01 2.262085026680307753e-04
-5.587431628826127206e-01 2.075337845767052871e-04
-5.587941153961343277e-01 2.110689038257460362e-04
-5.587431628826127206e-01 2.075337845767052871e-04
-5.585903053420482323e-01 1.957531645726723649e-04
-5.584884003150051290e-01 1.867950000485111791e-04
-5.586412578555697284e-01 1.998871716237366446e-04
-5.589469729366988160e-01 2.206308554815440367e-04
-5.589979254502204231e-01 2.348242095474372770e-04
-5.587941153961343277e-01 2.110689038257460904e-04
-5.592526880178280146e-01 2.356519322744944167e-04
-5.590998304772634153e-01 2.287762183110056728e-04
-5.589979254502204231e-01 2.234951724786395121e-04
-5.587941153961343277e-01 2.110689038257460362e-04
-5.588960204231773199e-01 2.176095896027927597e-04
-5.590998304772634153e-01 2.287762183110056185e-04
-5.585393528285266251e-01 2.045094511173823986e-04
-5.586412578555697284e-01 1.998871716237366988e-04
-5.586922103690912245e-01 2.038100540860909545e-04
-5.586922103690912245e-01 2.038100540860909545e-04
-5.586922103690912245e-01 2.038100540860909545e-04
-5.588960204231773199e-01 2.176095896027927597e-04
-5.586412578555697284e-01 1.998871716237366446e-04
-5.589469729366988160e-01 2.206308554815440367e-04
-5.588450679096558238e-01 2.144247406690528697e-04
-5.589469729366988160e-01 2.320997450641423419e-04
-5.585903053420482323e-01 1.957531645726723649e-04
-5.591507829907849114e-01 2.312031709933367609e-04
-5.586922103690912245e-01 2.038100540860909545e-04
-5.591507829907849114e-01 2.312031709933367609e-04
-5.592017355043065185e-01 2.334937500606389603e-04
-5.587941153961343277e-01 2.110689038257460904e-04
-5.588960204231773199e-01 2.176095896027927055e-04
-5.588960204231773199e-01 2.176095896027927055e-04
-5.585903053420482323e-01 1.957531645726723649e-04
-5.588960204231773199e-01 2.176095896027927597e-04
-5.586922103690912245e-01 2.038100540860909545e-04
-5.586922103690912245e-01 2.038100540860909545e-04
-5.588450679096558238e-01 2.144247406690528155e-04
-5.589979254502204231e-01 2.234951724786395121e-04
-5.589979254502204231e-01 2.234951724786395121e-04
-5.593036405313495107e-01 2.376813242123630417e-04
-5.589979254502204231e-01 2.234951724786395121e-04
-5.590488779637419192e-01 2.262085026680307753e-04
-5.589979254502204231e-01 2.234951724786395121e-04
-5.590998304772634153e-01 2.287762183110056728e-04
-5.590488779637419192e-01 2.262085026680307753e-04
-5.588450679096558238e-01 2.144247406690528697e-04
-5.587431628826127206e-01 2.075337845767052871e-04
-5.588960204231773199e-01 2.292296899518423867e-04
-5.584884003150051290e-01 1.867950000485111791e-04
-5.586922103690912245e-01 2.038100540860910087e-04
-5.589469729366988160e-01 2.206308554815440367e-04
-5.584884003150051290e-01 1.867950000485111249e-04
-5.590488779637419192e-01 2.262085026680307753e-04
-5.589979254502204231e-01 2.234951724786395663e-04
-5.589469729366988160e-01 2.206308554815440367e-04
-5.588960204231773199e-01 2.176095896027927597e-04
-5.591507829907849114e-01 2.312031709933367609e-04
-5.592017355043065185e-01 2.334937500606389603e-04
-5.590488779637419192e-01 2.262085026680307753e-04
-5.588960204231773199e-01 2.176095896027927597e-04
-5.586922103690912245e-01 2.038100540860909545e-04
-5.586922103690912245e-01 2.038100540860910087e-04
-5.587431628826127206e-01 2.075337845767052871e-04
-5.587431628826127206e-01 2.075337845767052871e-04
-5.586922103690912245e-01 2.038100540860909545e-04
-5.585393528285266251e-01 1.913943529156780224e-04
-5.585903053420482323e-01 1.957531645726723649e-04
-5.590998304772634153e-01 2.287762183110056728e-04
-5.589469729366988160e-01 2.206308554815440367e-04
-5.588450679096558238e-01 2.144247406690528697e-04
-5.588450679096558238e-01 2.144247406690528697e-04
-5.589979254502204231e-01 2.234951724786395121e-04
-5.587941153961343277e-01 2.110689038257460904e-04
-5.588450679096558238e-01 2.144247406690528697e-04
-5.591507829907849114e-01 2.312031709933367609e-04
-5.589979254502204231e-01 2.234951724786395663e-04
-5.588450679096558238e-01 2.144247406690528697e-04
-5.589469729366988160e-01 2.206308554815440367e-04
-5.586412578555697284e-01 1.998871716237366988e-04
-5.586922103690912245e-01 2.038100540860909545e-04
-5.589979254502204231e-01 2.234951724786395663e-04
-5.585393528285266251e-01 1.913943529156779952e-04
-5.590998304772634153e-01 2.287762183110056728e-04
-5.587431628826127206e-01 2.075337845767052871e-04
-5.590998304772634153e-01 2.287762183110056185e-04
-5.586412578555697284e-01 1.998871716237366988e-04
-5.589469729366988160e-01 2.206308554815440367e-04
-5.589979254502204231e-01 2.234951724786395663e-04
-5.586922103690912245e-01 2.038100540860910087e-04
-5.590998304772634153e-01 2.287762183110056728e-04
-5.587431628826127206e-01 2.075337845767052871e-04
-5.592017355043065185e-01 2.334937500606389603e-04
-5.587431628826127206e-01 2.075337845767052871e-04
-5.584884003150051290e-01 1.867950000485111520e-04
-5.589469729366988160e-01 2.206308554815440638e-04
-5.586922103690912245e-01 2.038100540860910087e-04
-5.586412578555697284e-01 1.998871716237366988e-04
-5.589979254502204231e-01 2.234951724786395663e-04
-5.586412578555697284e-01 1.998871716237366988e-04
-5.586412578555697284e-01 1.998871716237366446e-04
-5.591507829907849114e-01 2.312031709933367609e-04
-5.588960204231773199e-01 2.176095896027927597e-04
-5.590998304772634153e-01 2.287762183110056728e-04
-5.594055455583926140e-01 2.413665257457460575e-04
-5.589469729366988160e-01 2.206308554815439825e-04
-5.589469729366988160e-01 2.206308554815440638e-04
-5.587941153961343277e-01 2.110689038257460362e-04
-5.590488779637419192e-01 2.262085026680307753e-04
-5.586412578555697284e-01 1.998871716237366446e-04
-5.585393528285266251e-01 1.913943529156779952e-04
-5.588450679096558238e-01 2.144247406690528697e-04
-5.588450679096558238e-01 2.144247406690528155e-04
-5.588450679096558238e-01 2.144247406690528697e-04
-5.586412578555697284e-01 1.998871716237366988e-04
-5.585393528285266251e-01 1.913943529156779681e-04
-5.588450679096558238e-01 2.144247406690528697e-04
-5.592017355043065185e-01 2.334937500606389603e-04
-5.590998304772634153e-01 2.287762183110056185e-04
-5.590488779637419192e-01 2.262085026680307753e-04
-5.588960204231773199e-01 2.176095896027927597e-04
-5.589469729366988160e-01 2.206308554815440367e-04
-5.587431628826127206e-01 2.075337845767052871e-04
-5.588960204231773199e-01 2.176095896027927055e-04
-5.591507829907849114e-01 2.312031709933367609e-04
-5.585393528285266251e-01 1.913943529156779952e-04
-5.589979254502204231e-01 2.234951724786395121e-04
-5.585393528285266251e-01 1.913943529156779952e-04
-5.587431628826127206e-01 2.075337845767052871e-04
-5.585393528285266251e-01 1.913943529156780495e-04
-5.587431628826127206e-01 2.075337845767052871e-04
-5.585393528285266251e-01 1.913943529156779952e-04
-5.589979254502204231e-01 2.234951724786395121e-04
-5.588450679096558238e-01 2.144247406690528697e-04
-5.590998304772634153e-01 2.287762183110056728e-04
-5.588450679096558238e-01 2.144247406690528697e-04
-5.593036405313495107e-01 2.376813242123630417e-04
-5.589469729366988160e-01 2.206308554815440367e-04
-5.588450679096558238e-01 2.144247406690528697e-04
-5.588450679096558238e-01 2.144247406690528697e-04
-5.585393528285266251e-01 1.913943529156779952e-04
-5.585393528285266251e-01 1.913943529156780224e-04
-5.587941153961343277e-01 2.110689038257460362e-04
-5.583864952879621368e-01 1.767986141215420687e-04
-5.584374478014836329e-01 1.819368642841582401e-04
-5.585393528285266251e-01 1.913943529156780224e-04
-5.584374478014836329e-01 1.819368642841582401e-04
-5.586412578555697284e-01 1.998871716237366988e-04
-5.587941153961343277e-01 2.110689038257460362e-04
-5.587431628826127206e-01 2.075337845767052871e-04
-5.590998304772634153e-01 2.287762183110056185e-04
-5.588960204231773199e-01 2.176095896027927597e-04
-5.592017355043065185e-01 2.334937500606389603e-04
-5.587941153961343277e-01 2.110689038257460362e-04
-5.588450679096558238e-01 2.144247406690528697e-04
-5.585903053420482323e-01 1.957531645726723649e-04
-5.585903053420482323e-01 1.957531645726723649e-04
-5.585393528285266251e-01 1.913943529156780224e-04
-5.587431628826127206e-01 2.075337845767052871e-04
-5.585903053420482323e-01 1.957531645726723649e-04
-5.584884003150051290e-01 1.867950000485111791e-04
-5.587941153961343277e-01 2.110689038257460904e-04
-5.587431628826127206e-01 2.075337845767052871e-04
-5.585393528285266251e-01 1.913943529156780224e-04
-5.588450679096558238e-01 2.144247406690528697e-04
-5.587941153961343277e-01 2.110689038257460904e-04
-5.590998304772634153e-01 2.287762183110056185e-04
-5.588450679096558238e-01 2.144247406690528697e-04
-5.591507829907849114e-01 2.312031709933367609e-04
-5.589979254502204231e-01 2.234951724786395663e-04
-5.588450679096558238e-01 2.144247406690528697e-04
-5.586922103690912245e-01 2.038100540860910087e-04
-5.587431628826127206e-01 2.075337845767052871e-04
-5.588450679096558238e-01 2.144247406690528697e-04
-5.588450679096558238e-01 2.144247406690528697e-04
-5.589979254502204231e-01 2.234951724786395121e-04
-5.588960204231773199e-01 2.176095896027927597e-04
-5.586922103690912245e-01 2.038100540860909545e-04
-5.587431628826127206e-01 2.075337845767052871e-04
-5.587431628826127206e-01 2.075337845767052328e-04
-5.588960204231773199e-01 2.176095896027927597e-04
-5.587431628826127206e-01 2.075337845767052871e-04
-5.590998304772634153e-01 2.287762183110056728e-04
-5.587941153961343277e-01 2.110689038257460904e-04
-5.587941153961343277e-01 2.110689038257460362e-04
-5.590488779637419192e-01 2.262085026680307753e-04
-5.590998304772634153e-01 2.287762183110056728e-04
-5.588450679096558238e-01 2.144247406690528697e-04
-5.589469729366988160e-01 2.206308554815440367e-04
-5.586412578555697284e-01 1.998871716237366446e-04
-5.584374478014836329e-01 1.819368642841582401e-04
-5.590488779637419192e-01 2.262085026680307753e-04
-5.586412578555697284e-01 1.998871716237367259e-04
-5.586922103690912245e-01 2.038100540860909545e-04
-5.585903053420482323e-01 1.957531645726723649e-04
-5.588450679096558238e-01 2.144247406690528697e-04
-5.588960204231773199e-01 2.176095896027927597e-04
-5.585393528285266251e-01 1.913943529156779952e-04
-5.583355427744405297e-01 2.119894005777793271e-04
-5.580298276933114421e-01 2.070327970394966917e-04
-5.584374478014836329e-01 2.085321488936323563e-04
-5.582845902609190336e-01 1.805761679875327117e-04
-5.582336377473975375e-01 2.024681328836751737e-04
-5.583355427744405297e-01 1.858894064240411588e-04
-5.583355427744405297e-01 1.713550528941602043e-04
-5.587941153961343277e-01 2.110689038257460904e-04
-5.582845902609190336e-01 1.655760706646335566e-04
-5.584374478014836329e-01 1.819368642841582401e-04
-5.585393528285266251e-01 1.913943529156780224e-04
-5.587431628826127206e-01 2.075337845767052871e-04
-5.588960204231773199e-01 2.176095896027927055e-04
-5.585903053420482323e-01 1.957531645726723649e-04
-5.590998304772634153e-01 2.287762183110056728e-04
-5.589979254502204231e-01 2.234951724786395663e-04
-5.585393528285266251e-01 1.913943529156779952e-04
-5.589979254502204231e-01 2.234951724786395121e-04
-5.591507829907849114e-01 2.312031709933367609e-04
-5.588960204231773199e-01 2.176095896027927055e-04
-5.591507829907849114e-01 2.312031709933367609e-04
-5.586412578555697284e-01 1.998871716237366988e-04
-5.584884003150051290e-01 1.867950000485111791e-04
-5.587431628826127206e-01 2.075337845767052871e-04
-5.588960204231773199e-01 2.176095896027927055e-04
-5.587941153961343277e-01 2.110689038257460904e-04
-5.586922103690912245e-01 2.038100540860909545e-04
-5.587431628826127206e-01 2.075337845767052871e-04
-5.586412578555697284e-01 1.998871716237366988e-04
-5.588960204231773199e-01 2.176095896027927055e-04
-5.587941153961343277e-01 2.110689038257460362e-04
-5.587941153961343277e-01 2.110689038257460362e-04
-5.588450679096558238e-01 2.144247406690528697e-04
-5.588450679096558238e-01 2.144247406690528697e-04
-5.587941153961343277e-01 2.110689038257460362e-04
-5.589469729366988160e-01 2.206308554815440367e-04
-5.589979254502204231e-01 2.234951724786395121e-04
-5.585393528285266251e-01 1.913943529156780224e-04
-5.585903053420482323e-01 1.957531645726723649e-04
-5.587431628826127206e-01 2.075337845767052871e-04
-5.588960204231773199e-01 2.176095896027927597e-04
-5.585393528285266251e-01 1.913943529156780495e-04
-5.586412578555697284e-01 1.998871716237366988e-04
-5.585903053420482323e-01 1.957531645726723107e-04
-5.586412578555697284e-01 1.998871716237366988e-04
-5.588960204231773199e-01 2.176095896027927597e-04
-5.586412578555697284e-01 1.998871716237366446e-04
-5.589979254502204231e-01 2.234951724786395121e-04
-5.590998304772634153e-01 2.287762183110056185e-04
-5.587431628826127206e-01 2.075337845767052871e-04
-5.587941153961343277e-01 2.110689038257460904e-04
-5.588450679096558238e-01 2.144247406690528697e-04
-5.588960204231773199e-01 2.176095896027927597e-04
-5.587431628826127206e-01 2.075337845767052871e-04
-5.588960204231773199e-01 2.176095896027927597e-04
-5.585393528285266251e-01 1.913943529156779952e-04
-5.586412578555697284e-01 1.998871716237366446e-04
-5.585903053420482323e-01 1.957531645726723107e-04
-5.586412578555697284e-01 1.998871716237366446e-04
-5.585393528285266251e-01 1.913943529156779952e-04
-5.585903053420482323e-01 1.957531645726723107e-04
-5.589469729366988160e-01 2.206308554815439825e-04
-5.589469729366988160e-01 2.206308554815440367e-04
-5.585393528285266251e-01 1.913943529156780224e-04
-5.588450679096558238e-01 2.144247406690528697e-04
-5.587941153961343277e-01 2.110689038257460362e-04
-5.589469729366988160e-01 2.206308554815440367e-04
-5.588450679096558238e-01 2.144247406690528697e-04
-5.587941153961343277e-01 2.110689038257460904e-04
-5.587941153961343277e-01 2.110689038257460904e-04
-5.585903053420482323e-01 1.957531645726723107e-04
-5.586922103690912245e-01 2.038100540860909545e-04
-5.585393528285266251e-01 1.913943529156779952e-04
-5.587941153961343277e-01 2.110689038257460362e-04
-5.584884003150051290e-01 1.867950000485111791e-04
-5.585393528285266251e-01 1.913943529156780224e-04
-5.586412578555697284e-01 1.998871716237366988e-04
-5.590488779637419192e-01 2.262085026680307753e-04
-5.592017355043065185e-01 2.334937500606389603e-04
-5.589979254502204231e-01 2.234951724786395121e-04
-5.589469729366988160e-01 2.206308554815440367e-04
-5.584374478014836329e-01 1.956868412895310778e-04
-5.588960204231773199e-01 2.176095896027927597e-04
-5.587431628826127206e-01 2.075337845767052871e-04
-5.587941153961343277e-01 2.110689038257460904e-04
-5.584884003150051290e-01 2.002116113302252907e-04
-5.586412578555697284e-01 1.998871716237367259e-04
-5.587941153961343277e-01 2.110689038257460904e-04
-5.585393528285266251e-01 1.913943529156780224e-04
-5.586412578555697284e-01 1.998871716237366988e-04
-5.586922103690912245e-01 2.038100540860909545e-04
-5.585393528285266251e-01 1.913943529156779952e-04
-5.590998304772634153e-01 2.287762183110056185e-04
-5.589979254502204231e-01 2.234951724786395663e-04
-5.587431628826127206e-01 2.075337845767052871e-04
-5.585903053420482323e-01 1.957531645726723107e-04
-5.586922103690912245e-01 2.038100540860909545e-04
-5.589469729366988160e-01 2.206308554815440367e-04
-5.590488779637419192e-01 2.262085026680307753e-04
-5.588450679096558238e-01 2.144247406690528697e-04
-5.585393528285266251e-01 1.913943529156780224e-04
-5.585903053420482323e-01 1.957531645726723649e-04
-5.587941153961343277e-01 2.110689038257460362e-04
-5.584884003150051290e-01 1.867950000485111791e-04
-5.586412578555697284e-01 1.998871716237366988e-04
-5.586922103690912245e-01 2.038100540860909545e-04
-5.585393528285266251e-01 1.913943529156779952e-04
-5.589469729366988160e-01 2.206308554815440367e-04
-5.588450679096558238e-01 2.144247406690528697e-04
-5.589469729366988160e-01 2.206308554815440367e-04
-5.586922103690912245e-01 2.038100540860909545e-04
-5.589979254502204231e-01 2.234951724786395121e-04
-5.587431628826127206e-01 2.075337845767052871e-04
-5.589469729366988160e-01 2.206308554815440367e-04
-5.586922103690912245e-01 2.038100540860909545e-04
-5.590488779637419192e-01 2.262085026680307753e-04
-5.585393528285266251e-01 1.913943529156779952e-04
-5.584374478014836329e-01 1.819368642841582672e-04
-5.585903053420482323e-01 1.957531645726723649e-04
-5.585393528285266251e-01 1.913943529156780224e-04
-5.586922103690912245e-01 2.038100540860910087e-04
-5.589469729366988160e-01 2.206308554815440367e-04
-5.585393528285266251e-01 1.913943529156780224e-04
-5.584374478014836329e-01 1.819368642841582672e-04
-5.586922103690912245e-01 2.038100540860909545e-04
-5.585393528285266251e-01 1.913943529156779952e-04
-5.585903053420482323e-01 1.957531645726723107e-04
-5.588960204231773199e-01 2.176095896027927868e-04
-5.585393528285266251e-01 1.913943529156779952e-04
-5.587941153961343277e-01 2.110689038257460904e-04
-5.589469729366988160e-01 2.206308554815440367e-04
-5.586412578555697284e-01 2.124787016339733817e-04
-5.586412578555697284e-01 1.998871716237366988e-04
-5.587431628826127206e-01 2.075337845767052871e-04
-5.585903053420482323e-01 1.957531645726723649e-04
-5.586412578555697284e-01 1.998871716237366988e-04
-5.583864952879621368e-01 1.767986141215420687e-04
-5.585393528285266251e-01 2.045094511173823986e-04
-5.583864952879621368e-01 1.909190069731660829e-04
-5.587431628826127206e-01 2.075337845767052871e-04
-5.588960204231773199e-01 2.176095896027927597e-04
-5.587431628826127206e-01 2.075337845767052871e-04
-5.587941153961343277e-01 2.110689038257460362e-04
-5.587941153961343277e-01 2.110689038257460362e-04
-5.587431628826127206e-01 2.075337845767052871e-04
-5.586922103690912245e-01 2.038100540860910087e-04
-5.588960204231773199e-01 2.176095896027927597e-04
-5.585393528285266251e-01 1.913943529156779952e-04
-5.584374478014836329e-01 1.819368642841582672e-04
-5.583355427744405297e-01 1.858894064240411588e-04
-5.588450679096558238e-01 2.144247406690528697e-04
-5.584374478014836329e-01 1.819368642841582401e-04
-5.588960204231773199e-01 2.176095896027927597e-04
-5.585903053420482323e-01 1.957531645726723107e-04
-5.582845902609190336e-01 1.805761679875327388e-04
-5.589979254502204231e-01 2.234951724786395663e-04
-5.589469729366988160e-01 2.206308554815440367e-04
-5.587941153961343277e-01 2.110689038257460904e-04
-5.586412578555697284e-01 1.998871716237366988e-04
-5.588960204231773199e-01 2.176095896027927597e-04
-5.585903053420482323e-01 1.957531645726723107e-04
-5.588450679096558238e-01 2.144247406690528697e-04
-5.588450679096558238e-01 2.144247406690528697e-04
-5.585903053420482323e-01 2.085943880082531741e-04
-5.586412578555697284e-01 1.998871716237366988e-04
-5.586922103690912245e-01 2.038100540860909545e-04
-5.582845902609190336e-01 1.805761679875327117e-04
-5.585903053420482323e-01 1.957531645726723649e-04
-5.584374478014836329e-01 1.956868412895311320e-04
-5.584374478014836329e-01 1.819368642841582401e-04
-5.585393528285266251e-01 1.913943529156780224e-04
-5.585903053420482323e-01 1.957531645726723649e-04
-5.588450679096558238e-01 2.144247406690528697e-04
-5.586922103690912245e-01 2.161732069774079828e-04
-5.590488779637419192e-01 2.262085026680307753e-04
-5.588960204231773199e-01 2.176095896027927597e-04
-5.589469729366988160e-01 2.206308554815440367e-04
-5.588450679096558238e-01 2.144247406690528697e-04
-5.588960204231773199e-01 2.176095896027927597e-04
-5.583355427744405297e-01 1.713550528941602043e-04
-5.583864952879621368e-01 1.767986141215420687e-04
-5.584884003150051290e-01 1.867950000485111520e-04
-5.587941153961343277e-01 2.230300415426674020e-04
-5.584374478014836329e-01 1.956868412895310778e-04
-5.585393528285266251e-01 1.913943529156780224e-04
-5.585903053420482323e-01 1.957531645726723649e-04
-5.586922103690912245e-01 2.038100540860909545e-04
-5.585393528285266251e-01 1.913943529156779952e-04
-5.586412578555697284e-01 1.998871716237366446e-04
-5.585393528285266251e-01 1.913943529156780224e-04
-5.588450679096558238e-01 2.144247406690528697e-04
-5.587431628826127206e-01 2.075337845767052328e-04
-5.588450679096558238e-01 2.144247406690528697e-04
-5.588450679096558238e-01 2.144247406690528697e-04
-5.585903053420482323e-01 1.957531645726723649e-04
-5.584884003150051290e-01 1.867950000485111520e-04
-5.584374478014836329e-01 1.819368642841582672e-04
-5.585393528285266251e-01 2.045094511173823986e-04
-5.582845902609190336e-01 1.805761679875327117e-04
-5.584884003150051290e-01 1.867950000485111520e-04
-5.584374478014836329e-01 1.956868412895311320e-04
-5.584884003150051290e-01 1.867950000485111791e-04
-5.582845902609190336e-01 1.655760706646335566e-04
-5.586922103690912245e-01 2.038100540860909545e-04
-5.585903053420482323e-01 1.957531645726723649e-04
-5.589469729366988160e-01 2.206308554815440367e-04
-5.587431628826127206e-01 2.075337845767052871e-04
-5.585903053420482323e-01 1.957531645726723107e-04
-5.586412578555697284e-01 1.998871716237366988e-04
-5.586922103690912245e-01 2.161732069774079286e-04
-5.586922103690912245e-01 2.038100540860909545e-04
-5.582845902609190336e-01 1.944224002356301499e-04
-5.583355427744405297e-01 1.858894064240411588e-04
-5.583355427744405297e-01 1.858894064240411588e-04
-5.585393528285266251e-01 1.913943529156780224e-04
-5.583355427744405297e-01 1.713550528941602043e-04
-5.585903053420482323e-01 1.957531645726723649e-04
-5.584374478014836329e-01 1.956868412895311320e-04
-5.584374478014836329e-01 1.819368642841582401e-04
-5.588450679096558238e-01 2.144247406690528697e-04
-5.585393528285266251e-01 1.913943529156779952e-04
-5.587941153961343277e-01 2.110689038257460904e-04
-5.585903053420482323e-01 1.957531645726723649e-04
-5.584374478014836329e-01 1.819368642841582401e-04
-5.587941153961343277e-01 2.110689038257460362e-04
-5.583864952879621368e-01 1.767986141215420687e-04
-5.580298276933114421e-01 1.486381847867826998e-04
-5.584884003150051290e-01 2.002116113302252907e-04
-5.584374478014836329e-01 1.819368642841582401e-04
-5.582336377473975375e-01 1.892115946898593700e-04
-5.585393528285266251e-01 2.045094511173823986e-04
-5.583355427744405297e-01 1.858894064240411317e-04
-5.584884003150051290e-01 2.127839434256427009e-04
-5.582845902609190336e-01 1.805761679875327117e-04
-5.584884003150051290e-01 1.867950000485111791e-04
-5.585903053420482323e-01 2.085943880082531741e-04
-5.584374478014836329e-01 1.819368642841582401e-04
-5.585903053420482323e-01 2.085943880082531741e-04
-5.584884003150051290e-01 1.867950000485111791e-04
-5.585903053420482323e-01 2.085943880082531470e-04
-5.583355427744405297e-01 1.993669699047569881e-04
-5.585903053420482323e-01 1.957531645726723107e-04
-5.583355427744405297e-01 1.858894064240411588e-04
-5.583864952879621368e-01 1.767986141215420687e-04
-5.582336377473975375e-01 1.749534518000651234e-04
-5.582845902609190336e-01 1.805761679875327117e-04
-5.582845902609190336e-01 1.655760706646335566e-04
-5.581317327203545453e-01 1.919361639158811126e-04
-5.583355427744405297e-01 1.858894064240411588e-04
-5.580807802068329382e-01 1.862382327890553947e-04
-5.582336377473975375e-01 2.149084970440290462e-04
-5.584374478014836329e-01 1.956868412895311320e-04
-5.581317327203545453e-01 2.173111261656609605e-04
-5.582336377473975375e-01 2.485208520560984870e-04
-5.580298276933114421e-01 2.417426955565838505e-04
-5.579788751797899460e-01 2.370250468689820856e-04
-5.578260176392253467e-01 2.215702140902150465e-04
-5.573674450175316597e-01 2.477361300084528163e-04
-5.574183975310531558e-01 2.430280002945376468e-04
-5.570617299364024610e-01 2.625908858344383999e-04
-5.572145874769670604e-01 2.607554306791624648e-04
-5.574693500445746519e-01 2.688439256800143041e-04
-5.573164925040101636e-01 2.720597042193659862e-04
-5.569088723958379727e-01 2.635284490596900018e-04
-5.568069673687948695e-01 2.603568741899138159e-04
-5.568069673687948695e-01 2.501866996257408652e-04
-5.574693500445746519e-01 2.487818760247563184e-04
-5.574183975310531558e-01 2.732024171418099764e-04
-5.575203025580962590e-01 2.438811069120105945e-04
-5.572145874769670604e-01 2.506014312815343383e-04
-5.571126824499240682e-01 2.686023984318327749e-04
-5.572145874769670604e-01 2.705285787065710222e-04
-5.572655399904885565e-01 2.853340757205274393e-04
-5.571636349634455643e-01 2.647570265778528874e-04
-5.566541098282303812e-01 2.882309426365439048e-04
-5.568069673687948695e-01 2.795895857763418843e-04
-5.563993472606226787e-01 3.003606374628561056e-04
-5.561955372065365832e-01 3.325212718442463423e-04
-5.561955372065365832e-01 3.082100654163479623e-04
-5.559407746389289917e-01 3.240195289877898129e-04
-5.555331545307568009e-01 3.316221942859949568e-04
-5.554312495037138087e-01 3.167263323817257428e-04
-5.553802969901923126e-01 3.252590726514158594e-04
-5.549726768820201217e-01 3.489782250062179814e-04
-5.545141042603263237e-01 4.249574032679467634e-04
-5.533931489628528544e-01 4.764536818737265364e-04
-5.525779087465086947e-01 4.940029469660123370e-04
-5.501831406109974898e-01 6.891033128452469332e-04
-5.471769423132279986e-01 8.459344926884090681e-04
-5.415212133123392668e-01 1.162018961641023010e-03
-5.229744983905056932e-01 2.316737447074548525e-03
7.622706062256912052e-02 4.913075316493441258e-02
2.975374127483535247e+00 2.132734788296787032e-01
6.149053337198450819e+00 3.847661362296773691e-01
6.831918923413861755e+00 3.892634131691902200e-01
6.879253808475352727e+00 3.874579636190454979e-01
6.902946727262859739e+00 3.866606335711941789e-01
6.403815904806049453e+00 3.846308142144234110e-01
4.089858455739741494e+00 2.871273432039631590e-01
9.329426229734063547e-01 9.130620405731812439e-02
-4.673853061385275232e-01 2.305937611502642884e-03
-5.273054620398350822e-01 7.485685537058722966e-04
-5.433555037991140146e-01 6.472974910867051752e-04
-5.496736154757821957e-01 5.307628221651746435e-04
-5.520174310977720156e-01 4.551345926423071872e-04
-5.511512383679064708e-01 5.631578275661643616e-04
-5.349483390680630501e-01 1.480992457943089468e-03
-5.159940040380575077e-01 2.448245740975527399e-03
-5.033577806847207015e-01 3.054789099262411253e-03
-5.030011130900698957e-01 3.130869227001786825e-03
-5.027463505224624152e-01 3.086376745330510034e-03
-5.057525488202321284e-01 2.880232514574232114e-03
-5.223630682282475179e-01 2.126930271920389817e-03
-5.461578920427975214e-01 9.188985984178920860e-04
-5.556350595577999041e-01 2.971016552654539037e-04
-5.556350595577999041e-01 2.696153589032101701e-04
-5.539026740980682595e-01 4.704216852738143115e-04
-5.470750372861848954e-01 8.142205283700590162e-04
-5.399416853931723326e-01 1.160733597680368902e-03
-5.380054898793544815e-01 1.218649492300915346e-03
-5.376997747982251719e-01 1.226421814176240641e-03
-5.377507273117467790e-01 1.218809258612851571e-03
-5.438650289343291977e-01 9.208036969574409647e-04
-5.534950539898959576e-01 4.036519737099544510e-04
-5.567050623417518773e-01 3.031139291800301555e-04
-5.562974422335796865e-01 2.869219236817639285e-04
-5.565012522876657819e-01 2.958318907041056125e-04
-5.564502997741442858e-01 2.707683877942649686e-04
-5.566541098282303812e-01 2.882309426365439048e-04
-5.573674450175316597e-01 2.370250468689820043e-04
-5.575712550716177551e-01 2.159328809364864155e-04
-5.579279226662684499e-01 2.206308554815440638e-04
-5.581826852338760414e-01 2.100825951399503679e-04
-5.581317327203545453e-01 2.050166049057146876e-04
-5.581826852338760414e-01 1.973382363162657911e-04
-5.582336377473975375e-01 1.594251957139641992e-04
-5.581317327203545453e-01 1.778965254028927749e-04
-5.583864952879621368e-01 2.040646576258166257e-04
-5.580807802068329382e-01 1.717334041008576791e-04
-5.581826852338760414e-01 1.973382363162657911e-04
-5.583355427744405297e-01 2.239013694144100419e-04
-5.583864952879621368e-01 1.767986141215420687e-04
-5.582845902609190336e-01 1.805761679875327117e-04
-5.582336377473975375e-01 1.594251957139641721e-04
-5.582845902609190336e-01 1.805761679875327117e-04
-5.583864952879621368e-01 1.767986141215420416e-04
-5.583355427744405297e-01 1.713550528941602043e-04
-5.584884003150051290e-01 1.867950000485111520e-04
-5.584884003150051290e-01 2.002116113302252636e-04
-5.587941153961343277e-01 2.110689038257460904e-04
-5.587431628826127206e-01 2.196874803193213843e-04
-5.585903053420482323e-01 1.957531645726723107e-04
-5.585393528285266251e-01 1.913943529156779681e-04
-5.584884003150051290e-01 2.002116113302252907e-04
-5.582336377473975375e-01 1.749534518000651234e-04
-5.583355427744405297e-01 1.713550528941602043e-04
-5.583355427744405297e-01 1.713550528941602043e-04
-5.584374478014836329e-01 1.819368642841582401e-04
-5.582845902609190336e-01 1.655760706646335566e-04
-5.582845902609190336e-01 1.655760706646335566e-04
-5.585393528285266251e-01 1.913943529156779952e-04
-5.585393528285266251e-01 1.913943529156780224e-04
-5.586922103690912245e-01 2.038100540860910087e-04
-5.586922103690912245e-01 2.038100540860909545e-04
-5.587431628826127206e-01 2.075337845767052871e-04
-5.584374478014836329e-01 1.819368642841582401e-04
-5.585903053420482323e-01 1.957531645726723649e-04
-5.585393528285266251e-01 1.913943529156779952e-04
-5.585393528285266251e-01 1.913943529156780224e-04
-5.583355427744405297e-01 1.713550528941602043e-04
-5.582845902609190336e-01 1.655760706646335566e-04
-5.582336377473975375e-01 1.594251957139641992e-04
-5.583355427744405297e-01 1.713550528941602043e-04
-5.585903053420482323e-01 1.957531645726723649e-04
-5.584374478014836329e-01 1.819368642841582672e-04
-5.588450679096558238e-01 2.144247406690528697e-04
-5.584374478014836329e-01 1.819368642841582401e-04
-5.584374478014836329e-01 1.819368642841582672e-04
-5.585393528285266251e-01 2.045094511173823986e-04
-5.589469729366988160e-01 2.206308554815440367e-04
-5.586412578555697284e-01 1.998871716237366988e-04
-5.584884003150051290e-01 1.867950000485111520e-04
-5.585903053420482323e-01 1.957531645726723649e-04
-5.586412578555697284e-01 1.998871716237366446e-04
-5.584374478014836329e-01 1.819368642841582672e-04
-5.585393528285266251e-01 1.913943529156780224e-04
-5.583355427744405297e-01 1.713550528941602043e-04
-5.583864952879621368e-01 1.767986141215420687e-04
-5.584374478014836329e-01 1.819368642841582401e-04
-5.582845902609190336e-01 1.655760706646335566e-04
-5.582336377473975375e-01 1.594251957139641721e-04
-5.584884003150051290e-01 1.867950000485111791e-04
-5.586922103690912245e-01 2.038100540860909545e-04
-5.588960204231773199e-01 2.176095896027927597e-04
-5.586412578555697284e-01 1.998871716237366988e-04
-5.585393528285266251e-01 1.913943529156780224e-04
-5.587431628826127206e-01 2.196874803193214385e-04
-5.587431628826127206e-01 2.075337845767052871e-04
-5.585393528285266251e-01 1.913943529156779952e-04
-5.585903053420482323e-01 1.957531645726723107e-04
-5.585903053420482323e-01 1.957531645726723107e-04
-5.586412578555697284e-01 1.998871716237366988e-04
-5.586922103690912245e-01 2.038100540860910087e-04
-5.586922103690912245e-01 2.038100540860909545e-04
-5.583864952879621368e-01 1.767986141215420687e-04
-5.585393528285266251e-01 1.913943529156779952e-04
-5.581317327203545453e-01 1.458168001767226260e-04
-5.588450679096558238e-01 2.144247406690528697e-04
-5.586412578555697284e-01 1.998871716237366988e-04
-5.587431628826127206e-01 2.075337845767052871e-04
-5.586922103690912245e-01 2.038100540860909545e-04
-5.585393528285266251e-01 1.913943529156780224e-04
-5.586412578555697284e-01 1.998871716237366988e-04
-5.587431628826127206e-01 2.075337845767052871e-04
-5.588450679096558238e-01 2.144247406690528697e-04
-5.587431628826127206e-01 2.075337845767052871e-04
-5.585903053420482323e-01 1.957531645726723649e-04
-5.581317327203545453e-01 1.458168001767226260e-04
-5.587431628826127206e-01 2.075337845767052871e-04
-5.584884003150051290e-01 2.002116113302252907e-04
-5.585393528285266251e-01 1.913943529156780224e-04
-5.583864952879621368e-01 1.767986141215420416e-04
-5.585393528285266251e-01 1.913943529156779952e-04
-5.582845902609190336e-01 1.655760706646335566e-04
-5.589469729366988160e-01 2.206308554815440367e-04
-5.587941153961343277e-01 2.110689038257460362e-04
-5.587941153961343277e-01 2.110689038257460904e-04
-5.589469729366988160e-01 2.206308554815440367e-04
-5.587941153961343277e-01 2.110689038257460362e-04
-5.590488779637419192e-01 2.262085026680307753e-04
-5.587431628826127206e-01 2.075337845767052871e-04
-5.587941153961343277e-01 2.110689038257460362e-04
-5.585903053420482323e-01 1.957531645726723107e-04
-5.584884003150051290e-01 1.867950000485111520e-04
-5.586412578555697284e-01 1.998871716237366988e-04
-5.584884003150051290e-01 1.867950000485111520e-04
-5.583355427744405297e-01 1.713550528941602043e-04
-5.585903053420482323e-01 1.957531645726723649e-04
-5.583864952879621368e-01 1.767986141215420416e-04
-5.584884003150051290e-01 1.867950000485111791e-04
-5.585903053420482323e-01 2.206896825337777200e-04
-5.583355427744405297e-01 1.713550528941602043e-04
-5.582845902609190336e-01 1.655760706646335566e-04
-5.583864952879621368e-01 1.909190069731660829e-04
-5.584884003150051290e-01 1.867950000485111791e-04
-5.587941153961343277e-01 2.110689038257460904e-04
-5.589469729366988160e-01 2.206308554815440367e-04
-5.586922103690912245e-01 2.038100540860910087e-04
-5.585393528285266251e-01 1.913943529156780224e-04
-5.585393528285266251e-01 1.913943529156780224e-04
-5.584374478014836329e-01 1.819368642841582401e-04
-5.586412578555697284e-01 1.998871716237366446e-04
-5.585393528285266251e-01 1.913943529156780224e-04
-5.586922103690912245e-01 2.038100540860909545e-04
-5.585393528285266251e-01 1.913943529156779952e-04
-5.584374478014836329e-01 1.819368642841582672e-04
-5.586922103690912245e-01 2.161732069774079286e-04
-5.583864952879621368e-01 1.767986141215420687e-04
-5.589979254502204231e-01 2.234951724786395121e-04
-5.587431628826127206e-01 2.075337845767052871e-04
-5.587941153961343277e-01 2.110689038257460904e-04
-5.586922103690912245e-01 2.038100540860909545e-04
-5.587431628826127206e-01 2.075337845767052871e-04
-5.587941153961343277e-01 2.110689038257460362e-04
-5.585903053420482323e-01 1.957531645726723920e-04
-5.585903053420482323e-01 1.957531645726723649e-04
-5.587431628826127206e-01 2.075337845767052871e-04
-5.585903053420482323e-01 1.957531645726723649e-04
-5.585393528285266251e-01 1.913943529156780224e-04
-5.584884003150051290e-01 1.867950000485111520e-04
-5.584374478014836329e-01 1.956868412895311320e-04
-5.587431628826127206e-01 2.075337845767052871e-04
-5.586412578555697284e-01 2.124787016339733817e-04
-5.587431628826127206e-01 2.075337845767052328e-04
-5.586922103690912245e-01 2.038100540860909545e-04
-5.587431628826127206e-01 2.075337845767052871e-04
-5.586412578555697284e-01 1.998871716237366988e-04
-5.587431628826127206e-01 2.075337845767052871e-04
-5.589979254502204231e-01 2.234951724786395121e-04
-5.587941153961343277e-01 2.110689038257460362e-04
-5.584374478014836329e-01 1.819368642841582672e-04
-5.582336377473975375e-01 1.594251957139641992e-04
-5.586922103690912245e-01 2.038100540860909545e-04
-5.585903053420482323e-01 1.957531645726723107e-04
-5.584884003150051290e-01 1.867950000485111520e-04
-5.585393528285266251e-01 2.045094511173823986e-04
-5.586922103690912245e-01 2.038100540860909545e-04
-5.587941153961343277e-01 2.110689038257460362e-04
-5.587431628826127206e-01 2.075337845767052871e-04
-5.590488779637419192e-01 2.262085026680307753e-04
-5.588960204231773199e-01 2.176095896027927597e-04
-5.589469729366988160e-01 2.206308554815440367e-04
-5.586922103690912245e-01 2.038100540860909545e-04
-5.590488779637419192e-01 2.262085026680307753e-04
-5.591507829907849114e-01 2.312031709933367609e-04
-5.586922103690912245e-01 2.161732069774079286e-04
-5.586412578555697284e-01 1.998871716237366988e-04
-5.585393528285266251e-01 1.913943529156779952e-04
-5.585903053420482323e-01 1.957531645726723649e-04
-5.588450679096558238e-01 2.144247406690528697e-04
-5.584884003150051290e-01 1.867950000485111520e-04
-5.581826852338760414e-01 1.689903694764010461e-04
-5.587431628826127206e-01 2.075337845767052871e-04
-5.587941153961343277e-01 2.110689038257460904e-04
-5.588960204231773199e-01 2.176095896027927597e-04
-5.589469729366988160e-01 2.206308554815440367e-04
-5.589979254502204231e-01 2.234951724786395121e-04
-5.585903053420482323e-01 1.957531645726723649e-04
-5.588960204231773199e-01 2.176095896027927597e-04
-5.587941153961343277e-01 2.110689038257460904e-04
-5.589469729366988160e-01 2.206308554815440638e-04
-5.585903053420482323e-01 1.957531645726723107e-04
-5.585393528285266251e-01 1.913943529156779952e-04
-5.585393528285266251e-01 1.913943529156779952e-04
-5.585393528285266251e-01 1.913943529156779952e-04
-5.585393528285266251e-01 1.913943529156779952e-04
-5.584374478014836329e-01 1.819368642841582672e-04
-5.587431628826127206e-01 2.075337845767052871e-04
-5.584884003150051290e-01 2.002116113302252907e-04
-5.588960204231773199e-01 2.176095896027927597e-04
-5.589979254502204231e-01 2.234951724786395663e-04
-5.587431628826127206e-01 2.075337845767052871e-04
-5.588960204231773199e-01 2.176095896027927597e-04
-5.588960204231773199e-01 2.176095896027927055e-04
-5.587431628826127206e-01 2.075337845767052871e-04
-5.589469729366988160e-01 2.206308554815440367e-04
-5.587941153961343277e-01 2.230300415426674020e-04
-5.585393528285266251e-01 1.913943529156779952e-04
-5.585903053420482323e-01 1.957531645726723649e-04
-5.585903053420482323e-01 1.957531645726723649e-04
-5.585393528285266251e-01 1.913943529156779952e-04
-5.585903053420482323e-01 2.085943880082531741e-04
-5.582845902609190336e-01 1.655760706646335566e-04
-5.585903053420482323e-01 1.957531645726723649e-04
-5.585393528285266251e-01 1.913943529156779952e-04
-5.584884003150051290e-01 1.867950000485111791e-04
-5.586922103690912245e-01 2.038100540860909545e-04
-5.588960204231773199e-01 2.176095896027927597e-04
-5.589469729366988160e-01 2.206308554815440367e-04
-5.586412578555697284e-01 1.998871716237366988e-04
-5.587941153961343277e-01 2.110689038257460362e-04
-5.588450679096558238e-01 2.144247406690528697e-04
-5.588450679096558238e-01 2.144247406690528697e-04
-5.586412578555697284e-01 1.998871716237366446e-04
-5.585903053420482323e-01 1.957531645726723649e-04
-5.585393528285266251e-01 1.913943529156779952e-04
-5.585393528285266251e-01 1.913943529156780224e-04
-5.586412578555697284e-01 1.998871716237366446e-04
-5.585393528285266251e-01 1.913943529156780224e-04
-5.588450679096558238e-01 2.144247406690528697e-04
-5.586922103690912245e-01 2.038100540860909545e-04
-5.585903053420482323e-01 1.957531645726723649e-04
-5.586922103690912245e-01 2.038100540860909545e-04
-5.587941153961343277e-01 2.110689038257460362e-04
-5.587941153961343277e-01 2.110689038257460362e-04
-5.588450679096558238e-01 2.144247406690528697e-04
-5.585903053420482323e-01 1.957531645726723649e-04
-5.587941153961343277e-01 2.110689038257460904e-04
-5.586412578555697284e-01 1.998871716237366988e-04
-5.583864952879621368e-01 1.767986141215420687e-04
-5.586922103690912245e-01 2.038100540860910087e-04
-5.586412578555697284e-01 1.998871716237366446e-04
-5.585903053420482323e-01 1.957531645726723649e-04
-5.585393528285266251e-01 1.913943529156779952e-04
-5.586922103690912245e-01 2.038100540860909545e-04
-5.585903053420482323e-01 1.957531645726723649e-04
-5.587941153961343277e-01 2.110689038257460904e-04
-5.588450679096558238e-01 2.144247406690528697e-04
-5.589469729366988160e-01 2.206308554815440367e-04
-5.588960204231773199e-01 2.176095896027927597e-04
-5.592526880178280146e-01 2.356519322744944167e-04
-5.588960204231773199e-01 2.176095896027927597e-04
-5.589979254502204231e-01 2.234951724786395121e-04
-5.587431628826127206e-01 2.075337845767052871e-04
-5.586412578555697284e-01 1.998871716237366988e-04
-5.586922103690912245e-01 2.038100540860909545e-04
-5.584374478014836329e-01 1.819368642841582401e-04
-5.586412578555697284e-01 1.998871716237366988e-04
-5.586412578555697284e-01 1.998871716237366988e-04
-5.584884003150051290e-01 1.867950000485111520e-04
-5.584884003150051290e-01 1.867950000485111791e-04
-5.588450679096558238e-01 2.262085026680307753e-04
-5.590488779637419192e-01 2.262085026680307753e-04
-5.588960204231773199e-01 2.176095896027927597e-04
-5.584374478014836329e-01 1.819368642841582401e-04
-5.585393528285266251e-01 1.913943529156780224e-04
-5.582336377473975375e-01 2.587565094350499856e-04
-5.582336377473975375e-01 2.149084970440290462e-04
-5.578260176392253467e-01 1.967453309111550188e-04
