# V, V_err
-5.591507829907849114e-01 2.312031709933367609e-04
-5.596603081260002055e-01 2.485208520560984870e-04
-5.593545930448710068e-01 2.395851986273333893e-04
-5.592526880178280146e-01 2.356519322744944167e-04
-5.596603081260002055e-01 2.485208520560984870e-04
-5.593545930448710068e-01 2.395851986273333893e-04
-5.593545930448710068e-01 2.395851986273333893e-04
-5.593545930448710068e-01 2.395851986273333893e-04
-5.594055455583926140e-01 2.413665257457460575e-04
-5.591507829907849114e-01 2.312031709933367609e-04
-5.589469729366988160e-01 2.206308554815440367e-04
-5.588960204231773199e-01 2.176095896027927597e-04
-5.590488779637419192e-01 2.262085026680307753e-04
-5.589979254502204231e-01 2.234951724786395663e-04
-5.592526880178280146e-01 2.356519322744944167e-04
-5.590998304772634153e-01 2.287762183110056728e-04
-5.589979254502204231e-01 2.234951724786395121e-04
-5.597112606395217016e-01 2.496153184799823101e-04
-5.589979254502204231e-01 2.234951724786395663e-04
-5.595074505854356062e-01 2.445720649033091562e-04
-5.592526880178280146e-01 2.356519322744944167e-04
-5.592017355043065185e-01 2.334937500606389603e-04
-5.593036405313495107e-01 2.376813242123630417e-04
-5.593545930448710068e-01 2.395851986273333893e-04
-5.590998304772634153e-01 2.287762183110056185e-04
-5.590998304772634153e-01 2.287762183110056728e-04
-5.592017355043065185e-01 2.334937500606389603e-04
-5.595074505854356062e-01 2.445720649033091562e-04
-5.589469729366988160e-01 2.206308554815440367e-04
-5.593036405313495107e-01 2.376813242123630417e-04
-5.589979254502204231e-01 2.234951724786395663e-04
-5.591507829907849114e-01 2.312031709933367609e-04
-5.592526880178280146e-01 2.356519322744944167e-04
-5.590998304772634153e-01 2.287762183110056728e-04
-5.589979254502204231e-01 2.234951724786395121e-04
-5.592017355043065185e-01 2.334937500606389603e-04
-5.592526880178280146e-01 2.356519322744944167e-04
-5.594564980719141101e-01 2.430280002945377010e-04
-5.594055455583926140e-01 2.413665257457460846e-04
-5.593545930448710068e-01 2.395851986273333893e-04
-5.594564980719141101e-01 2.430280002945377010e-04
-5.592526880178280146e-01 2.356519322744944167e-04
-5.592526880178280146e-01 2.356519322744944438e-04
-5.589469729366988160e-01 2.206308554815440367e-04
-5.593545930448710068e-01 2.395851986273333893e-04
-5.589469729366988160e-01 2.206308554815440367e-04
-5.589979254502204231e-01 2.234951724786395663e-04
-5.591507829907849114e-01 2.312031709933367609e-04
-5.590998304772634153e-01 2.287762183110056185e-04
-5.595584030989571023e-01 2.460009304094030211e-04
-5.593545930448710068e-01 2.395851986273333893e-04
-5.590998304772634153e-01 2.287762183110056185e-04
-5.596603081260002055e-01 2.485208520560984870e-04
-5.596093556124785984e-01 2.473165935007842460e-04
-5.593545930448710068e-01 2.395851986273333893e-04
-5.595074505854356062e-01 2.445720649033091562e-04
-5.590998304772634153e-01 2.287762183110056185e-04
-5.592017355043065185e-01 2.334937500606389603e-04
-5.594564980719141101e-01 2.430280002945377010e-04
-5.590998304772634153e-01 2.287762183110056728e-04
-5.591507829907849114e-01 2.312031709933367609e-04
-5.589469729366988160e-01 2.206308554815440367e-04
-5.589469729366988160e-01 2.206308554815439825e-04
-5.590998304772634153e-01 2.287762183110056185e-04
-5.595584030989571023e-01 2.460009304094030211e-04
-5.594055455583926140e-01 2.413665257457460846e-04
-5.596603081260002055e-01 2.485208520560984870e-04
-5.590998304772634153e-01 2.287762183110056185e-04
-5.596093556124785984e-01 2.473165935007842460e-04
-5.595074505854356062e-01 2.445720649033091562e-04
-5.590488779637419192e-01 2.262085026680307753e-04
-5.591507829907849114e-01 2.312031709933367609e-04
-5.590488779637419192e-01 2.262085026680307753e-04
-5.590998304772634153e-01 2.287762183110056728e-04
-5.596093556124785984e-01 2.473165935007842460e-04
-5.591507829907849114e-01 2.312031709933367609e-04
-5.591507829907849114e-01 2.312031709933367609e-04
-5.590488779637419192e-01 2.262085026680307753e-04
-5.589979254502204231e-01 2.234951724786395663e-04
-5.592526880178280146e-01 2.356519322744944167e-04
-5.592526880178280146e-01 2.356519322744944167e-04
-5.593036405313495107e-01 2.376813242123630417e-04
-5.594055455583926140e-01 2.413665257457460575e-04
-5.596093556124785984e-01 2.473165935007842460e-04
-5.595074505854356062e-01 2.445720649033091562e-04
-5.598641181800863009e-01 2.522535393672110764e-04
-5.596093556124785984e-01 2.473165935007842460e-04
-5.596093556124785984e-01 2.473165935007842460e-04
-5.589469729366988160e-01 2.206308554815440367e-04
-5.591507829907849114e-01 2.312031709933367609e-04
-5.593036405313495107e-01 2.376813242123630688e-04
-5.588450679096558238e-01 2.144247406690528697e-04
-5.590998304772634153e-01 2.287762183110056728e-04
-5.592017355043065185e-01 2.334937500606389603e-04
-5.589979254502204231e-01 2.234951724786395663e-04
-5.591507829907849114e-01 2.312031709933367609e-04
-5.591507829907849114e-01 2.312031709933367609e-04
-5.596603081260002055e-01 2.485208520560984870e-04
-5.594055455583926140e-01 2.413665257457460846e-04
-5.593036405313495107e-01 2.376813242123630688e-04
-5.596603081260002055e-01 2.485208520560985412e-04
-5.596603081260002055e-01 2.485208520560984870e-04
-5.591507829907849114e-01 2.312031709933367609e-04
-5.593545930448710068e-01 2.395851986273333893e-04
-5.591507829907849114e-01 2.312031709933367609e-04
-5.593545930448710068e-01 2.395851986273333893e-04
-5.589469729366988160e-01 2.206308554815440367e-04
-5.591507829907849114e-01 2.312031709933367609e-04
-5.591507829907849114e-01 2.312031709933367609e-04
-5.590488779637419192e-01 2.262085026680307753e-04
-5.592526880178280146e-01 2.356519322744944167e-04
-5.591507829907849114e-01 2.312031709933367609e-04
-5.593036405313495107e-01 2.376813242123629875e-04
-5.591507829907849114e-01 2.312031709933367609e-04
-5.594564980719141101e-01 2.430280002945377010e-04
-5.596603081260002055e-01 2.485208520560984870e-04
-5.595074505854356062e-01 2.445720649033091562e-04
-5.595074505854356062e-01 2.445720649033091562e-04
-5.592526880178280146e-01 2.356519322744944167e-04
-5.594564980719141101e-01 2.430280002945377010e-04
-5.590488779637419192e-01 2.262085026680307753e-04
-5.588450679096558238e-01 2.144247406690528697e-04
-5.587431628826127206e-01 2.075337845767052871e-04
-5.589979254502204231e-01 2.234951724786395121e-04
-5.587941153961343277e-01 2.110689038257460904e-04
-5.589979254502204231e-01 2.234951724786395663e-04
-5.590998304772634153e-01 2.287762183110056728e-04
-5.594055455583926140e-01 2.413665257457460846e-04
-5.594564980719141101e-01 2.430280002945377010e-04
-5.595074505854356062e-01 2.445720649033091562e-04
-5.595074505854356062e-01 2.445720649033091562e-04
-5.592526880178280146e-01 2.356519322744944167e-04
-5.592526880178280146e-01 2.356519322744944167e-04
-5.593036405313495107e-01 2.376813242123630688e-04
-5.592017355043065185e-01 2.334937500606389603e-04
-5.590998304772634153e-01 2.287762183110056728e-04
-5.587941153961343277e-01 2.110689038257460362e-04
-5.589979254502204231e-01 2.234951724786395663e-04
-5.590998304772634153e-01 2.287762183110056728e-04
-5.591507829907849114e-01 2.312031709933367609e-04
-5.593036405313495107e-01 2.376813242123630688e-04
-5.592017355043065185e-01 2.334937500606389603e-04
-5.590998304772634153e-01 2.287762183110056728e-04
-5.593545930448710068e-01 2.395851986273333893e-04
-5.594564980719141101e-01 2.430280002945377010e-04
-5.594564980719141101e-01 2.430280002945377010e-04
-5.596603081260002055e-01 2.485208520560984870e-04
-5.592526880178280146e-01 2.356519322744944167e-04
-5.593545930448710068e-01 2.395851986273333893e-04
-5.591507829907849114e-01 2.312031709933367609e-04
-5.596093556124785984e-01 2.473165935007842460e-04
-5.594055455583926140e-01 2.413665257457460846e-04
-5.590488779637419192e-01 2.262085026680307753e-04
-5.593036405313495107e-01 2.376813242123630417e-04
-5.593036405313495107e-01 2.376813242123630417e-04
-5.594055455583926140e-01 2.413665257457460575e-04
-5.594055455583926140e-01 2.413665257457460846e-04
-5.592017355043065185e-01 2.334937500606389603e-04
-5.586412578555697284e-01 1.998871716237366988e-04
-5.589979254502204231e-01 2.234951724786395121e-04
-5.592017355043065185e-01 2.334937500606389603e-04
-5.590488779637419192e-01 2.262085026680307753e-04
-5.594564980719141101e-01 2.430280002945377010e-04
-5.595074505854356062e-01 2.445720649033091562e-04
-5.595584030989571023e-01 2.460009304094029669e-04
-5.589469729366988160e-01 2.206308554815440367e-04
-5.596093556124785984e-01 2.473165935007842460e-04
-5.587431628826127206e-01 2.075337845767052871e-04
-5.590488779637419192e-01 2.262085026680307753e-04
-5.594564980719141101e-01 2.430280002945377010e-04
-5.590998304772634153e-01 2.287762183110056185e-04
-5.594564980719141101e-01 2.430280002945377010e-04
-5.586922103690912245e-01 2.038100540860910087e-04
-5.595074505854356062e-01 2.445720649033091562e-04
-5.589979254502204231e-01 2.234951724786395663e-04
-5.593545930448710068e-01 2.395851986273334435e-04
-5.592526880178280146e-01 2.356519322744944167e-04
-5.597112606395217016e-01 2.496153184799823101e-04
-5.593545930448710068e-01 2.395851986273333893e-04
-5.596093556124785984e-01 2.473165935007842460e-04
-5.590998304772634153e-01 2.287762183110056185e-04
-5.595584030989571023e-01 2.460009304094029669e-04
-5.594055455583926140e-01 2.413665257457460846e-04
-5.588960204231773199e-01 2.176095896027927055e-04
-5.590998304772634153e-01 2.287762183110056728e-04
-5.590488779637419192e-01 2.262085026680307753e-04
-5.590998304772634153e-01 2.287762183110056728e-04
-5.591507829907849114e-01 2.312031709933367609e-04
-5.590488779637419192e-01 2.262085026680307753e-04
-5.590998304772634153e-01 2.287762183110056185e-04
-5.590488779637419192e-01 2.262085026680307753e-04
-5.594055455583926140e-01 2.413665257457460033e-04
-5.590998304772634153e-01 2.287762183110056185e-04
-5.592526880178280146e-01 2.356519322744944167e-04
-5.596093556124785984e-01 2.473165935007842460e-04
-5.592017355043065185e-01 2.334937500606389603e-04
-5.594055455583926140e-01 2.413665257457460846e-04
-5.593545930448710068e-01 2.395851986273333893e-04
-5.593036405313495107e-01 2.376813242123630688e-04
-5.588450679096558238e-01 2.144247406690528697e-04
-5.590998304772634153e-01 2.287762183110056728e-04
-5.595074505854356062e-01 2.445720649033091562e-04
-5.590488779637419192e-01 2.262085026680307753e-04
-5.594055455583926140e-01 2.413665257457460575e-04
-5.594055455583926140e-01 2.413665257457460846e-04
-5.586922103690912245e-01 2.038100540860909545e-04
-5.591507829907849114e-01 2.312031709933367609e-04
-5.594564980719141101e-01 2.430280002945377010e-04
-5.591507829907849114e-01 2.312031709933367609e-04
-5.593545930448710068e-01 2.395851986273333893e-04
-5.593545930448710068e-01 2.395851986273333351e-04
-5.594055455583926140e-01 2.413665257457460846e-04
-5.592526880178280146e-01 2.356519322744944167e-04
-5.590998304772634153e-01 2.287762183110056728e-04
-5.590998304772634153e-01 2.287762183110056728e-04
-5.588960204231773199e-01 2.176095896027927597e-04
-5.588450679096558238e-01 2.144247406690528697e-04
-5.592017355043065185e-01 2.334937500606389603e-04
-5.589979254502204231e-01 2.234951724786395121e-04
-5.587941153961343277e-01 2.110689038257460904e-04
-5.591507829907849114e-01 2.312031709933367609e-04
-5.589979254502204231e-01 2.234951724786395121e-04
-5.597112606395217016e-01 2.496153184799822559e-04
-5.596603081260002055e-01 2.485208520560984870e-04
-5.594564980719141101e-01 2.430280002945377010e-04
-5.596093556124785984e-01 2.473165935007842460e-04
-5.593036405313495107e-01 2.376813242123630417e-04
-5.596603081260002055e-01 2.485208520560984870e-04
-5.593545930448710068e-01 2.395851986273333893e-04
-5.596093556124785984e-01 2.473165935007842460e-04
-5.589979254502204231e-01 2.234951724786395121e-04
-5.589979254502204231e-01 2.234951724786395121e-04
-5.590998304772634153e-01 2.287762183110056728e-04
-5.589469729366988160e-01 2.206308554815440367e-04
-5.592017355043065185e-01 2.334937500606389603e-04
-5.590998304772634153e-01 2.287762183110056185e-04
-5.590488779637419192e-01 2.262085026680307753e-04
-5.591507829907849114e-01 2.312031709933367609e-04
-5.595584030989571023e-01 2.460009304094029669e-04
-5.595584030989571023e-01 2.460009304094030211e-04
-5.595074505854356062e-01 2.445720649033091562e-04
-5.597112606395217016e-01 2.496153184799822559e-04
-5.589979254502204231e-01 2.234951724786395121e-04
-5.593545930448710068e-01 2.395851986273333893e-04
-5.590488779637419192e-01 2.262085026680307753e-04
-5.592017355043065185e-01 2.334937500606389603e-04
-5.593036405313495107e-01 2.376813242123630688e-04
-5.592526880178280146e-01 2.356519322744944167e-04
-5.589979254502204231e-01 2.234951724786395121e-04
-5.593036405313495107e-01 2.376813242123629875e-04
-5.589469729366988160e-01 2.206308554815440367e-04
-5.588960204231773199e-01 2.176095896027927597e-04
-5.592017355043065185e-01 2.334937500606389603e-04
-5.593036405313495107e-01 2.376813242123630417e-04
-5.593036405313495107e-01 2.376813242123630417e-04
-5.593545930448710068e-01 2.395851986273333893e-04
-5.593545930448710068e-01 2.395851986273333351e-04
-5.590998304772634153e-01 2.287762183110056728e-04
-5.594564980719141101e-01 2.430280002945377010e-04
-5.594055455583926140e-01 2.413665257457460846e-04
-5.594055455583926140e-01 2.413665257457460575e-04
-5.594564980719141101e-01 2.430280002945377010e-04
-5.590488779637419192e-01 2.262085026680307753e-04
-5.588450679096558238e-01 2.144247406690528697e-04
-5.592017355043065185e-01 2.334937500606389603e-04
-5.590488779637419192e-01 2.262085026680307753e-04
-5.592526880178280146e-01 2.356519322744944167e-04
-5.591507829907849114e-01 2.312031709933367609e-04
-5.590488779637419192e-01 2.262085026680307753e-04
-5.589979254502204231e-01 2.234951724786395121e-04
-5.595584030989571023e-01 2.460009304094029669e-04
-5.592017355043065185e-01 2.334937500606389603e-04
-5.594055455583926140e-01 2.413665257457460033e-04
-5.592526880178280146e-01 2.356519322744944167e-04
-5.595584030989571023e-01 2.460009304094029669e-04
-5.599660232071292931e-01 2.534855542146015285e-04
-5.594564980719141101e-01 2.430280002945377010e-04
-5.590488779637419192e-01 2.262085026680307753e-04
-5.592017355043065185e-01 2.334937500606389603e-04
-5.588960204231773199e-01 2.176095896027927055e-04
-5.589979254502204231e-01 2.234951724786395663e-04
-5.595074505854356062e-01 2.445720649033091562e-04
-5.588960204231773199e-01 2.176095896027927868e-04
-5.590488779637419192e-01 2.262085026680307753e-04
-5.593545930448710068e-01 2.395851986273333893e-04
-5.595074505854356062e-01 2.445720649033091562e-04
-5.594564980719141101e-01 2.430280002945377010e-04
-5.595074505854356062e-01 2.445720649033091562e-04
-5.596093556124785984e-01 2.473165935007842460e-04
-5.589979254502204231e-01 2.234951724786395663e-04
-5.596093556124785984e-01 2.473165935007842460e-04
-5.594564980719141101e-01 2.430280002945377010e-04
-5.592526880178280146e-01 2.356519322744944167e-04
-5.591507829907849114e-01 2.312031709933367609e-04
-5.588960204231773199e-01 2.176095896027927597e-04
-5.589979254502204231e-01 2.234951724786395663e-04
-5.589469729366988160e-01 2.206308554815440367e-04
-5.590998304772634153e-01 2.287762183110056185e-04
-5.589979254502204231e-01 2.234951724786395121e-04
-5.590998304772634153e-01 2.287762183110056185e-04
-5.589979254502204231e-01 2.234951724786395121e-04
-5.592017355043065185e-01 2.334937500606389332e-04
-5.593545930448710068e-01 2.395851986273333893e-04
-5.592526880178280146e-01 2.356519322744944167e-04
-5.592526880178280146e-01 2.356519322744944167e-04
-5.594055455583926140e-01 2.413665257457460846e-04
-5.592526880178280146e-01 2.356519322744944438e-04
-5.595074505854356062e-01 2.445720649033091562e-04
-5.595584030989571023e-01 2.460009304094029669e-04
-5.589979254502204231e-01 2.234951724786395121e-04
-5.589979254502204231e-01 2.234951724786395121e-04
-5.588960204231773199e-01 2.176095896027927597e-04
-5.589979254502204231e-01 2.234951724786395121e-04
-5.595074505854356062e-01 2.445720649033091562e-04
-5.593545930448710068e-01 2.395851986273333893e-04
-5.589979254502204231e-01 2.234951724786395121e-04
-5.592017355043065185e-01 2.334937500606389603e-04
-5.592526880178280146e-01 2.356519322744944167e-04
-5.593545930448710068e-01 2.395851986273333893e-04
-5.588450679096558238e-01 2.144247406690528697e-04
-5.579788751797899460e-01 2.370250468689820314e-04
-5.568069673687948695e-01 2.603568741899138159e-04
-5.568579198823164766e-01 2.764614081380954583e-04
-5.568579198823164766e-01 2.669055880295066589e-04
-5.570107774228809649e-01 2.940714948850050160e-04
-5.578260176392253467e-01 1.830748698402322617e-04
-5.587941153961343277e-01 2.110689038257460904e-04
-5.589469729366988160e-01 2.206308554815440367e-04
-5.587431628826127206e-01 2.075337845767052871e-04
-5.594564980719141101e-01 2.430280002945377010e-04
-5.590488779637419192e-01 2.262085026680307753e-04
-5.590488779637419192e-01 2.262085026680307753e-04
-5.592017355043065185e-01 2.334937500606389603e-04
-5.591507829907849114e-01 2.312031709933367609e-04
-5.596093556124785984e-01 2.473165935007842460e-04
-5.591507829907849114e-01 2.312031709933367609e-04
-5.587941153961343277e-01 2.110689038257460904e-04
-5.586412578555697284e-01 2.124787016339733817e-04
-5.580807802068329382e-01 1.862382327890554218e-04
-5.579279226662684499e-01 2.085321488936323563e-04
-5.578260176392253467e-01 2.095257561820546466e-04
-5.578769701527468428e-01 2.027884433716812716e-04
-5.585903053420482323e-01 2.206896825337776658e-04
-5.586922103690912245e-01 2.038100540860909545e-04
-5.591507829907849114e-01 2.312031709933367609e-04
-5.590998304772634153e-01 2.287762183110056728e-04
-5.590488779637419192e-01 2.262085026680307753e-04
-5.593036405313495107e-01 2.376813242123630688e-04
-5.593036405313495107e-01 2.376813242123630417e-04
-5.597622131530431977e-01 2.506014312815343925e-04
-5.598131656665646938e-01 2.514804651024825670e-04
-5.596603081260002055e-01 2.485208520560984870e-04
-5.596603081260002055e-01 2.485208520560984870e-04
-5.588450679096558238e-01 2.144247406690528697e-04
-5.594055455583926140e-01 2.413665257457460033e-04
-5.590998304772634153e-01 2.287762183110056185e-04
-5.594055455583926140e-01 2.413665257457460846e-04
-5.589979254502204231e-01 2.234951724786395663e-04
-5.587941153961343277e-01 2.110689038257460362e-04
-5.588960204231773199e-01 2.176095896027927597e-04
-5.585393528285266251e-01 1.913943529156780224e-04
-5.592017355043065185e-01 2.334937500606389603e-04
-5.589469729366988160e-01 2.206308554815440367e-04
-5.586922103690912245e-01 2.038100540860909545e-04
-5.595074505854356062e-01 2.445720649033091562e-04
-5.596093556124785984e-01 2.473165935007842460e-04
-5.593036405313495107e-01 2.376813242123630688e-04
-5.594055455583926140e-01 2.413665257457460846e-04
-5.595074505854356062e-01 2.445720649033091562e-04
-5.594564980719141101e-01 2.430280002945377010e-04
-5.594055455583926140e-01 2.413665257457460846e-04
-5.591507829907849114e-01 2.312031709933367609e-04
-5.592017355043065185e-01 2.334937500606389603e-04
-5.592017355043065185e-01 2.334937500606389603e-04
-5.589979254502204231e-01 2.234951724786395121e-04
-5.592526880178280146e-01 2.356519322744944167e-04
-5.590488779637419192e-01 2.262085026680307753e-04
-5.590488779637419192e-01 2.262085026680307753e-04
-5.588450679096558238e-01 2.144247406690528697e-04
-5.592526880178280146e-01 2.356519322744944167e-04
-5.591507829907849114e-01 2.312031709933367338e-04
-5.597622131530431977e-01 2.506014312815343925e-04
-5.590998304772634153e-01 2.287762183110056185e-04
-5.597112606395217016e-01 2.496153184799823101e-04
-5.593545930448710068e-01 2.395851986273333893e-04
-5.594055455583926140e-01 2.413665257457460575e-04
-5.593545930448710068e-01 2.395851986273333893e-04
-5.593036405313495107e-01 2.376813242123630417e-04
-5.592526880178280146e-01 2.356519322744944438e-04
-5.591507829907849114e-01 2.312031709933367609e-04
-5.589979254502204231e-01 2.234951724786395663e-04
-5.593545930448710068e-01 2.395851986273334435e-04
-5.592017355043065185e-01 2.334937500606389603e-04
-5.590488779637419192e-01 2.262085026680307753e-04
-5.588960204231773199e-01 2.176095896027927597e-04
-5.590488779637419192e-01 2.262085026680307753e-04
-5.592526880178280146e-01 2.356519322744944167e-04
-5.596093556124785984e-01 2.473165935007842460e-04
-5.588450679096558238e-01 2.144247406690528697e-04
-5.592017355043065185e-01 2.334937500606389603e-04
-5.593036405313495107e-01 2.376813242123629875e-04
-5.595074505854356062e-01 2.445720649033091562e-04
-5.593036405313495107e-01 2.376813242123630688e-04
-5.592017355043065185e-01 2.334937500606389603e-04
-5.592017355043065185e-01 2.334937500606389603e-04
-5.588450679096558238e-01 2.144247406690528697e-04
-5.589979254502204231e-01 2.234951724786395121e-04
-5.592526880178280146e-01 2.356519322744944167e-04
-5.587941153961343277e-01 2.110689038257460362e-04
-5.589979254502204231e-01 2.234951724786395663e-04
-5.592526880178280146e-01 2.356519322744944167e-04
-5.591507829907849114e-01 2.312031709933367609e-04
-5.594055455583926140e-01 2.413665257457460846e-04
-5.595074505854356062e-01 2.445720649033091562e-04
-5.588450679096558238e-01 2.144247406690528697e-04
-5.595074505854356062e-01 2.445720649033091562e-04
-5.596603081260002055e-01 2.485208520560984870e-04
-5.593036405313495107e-01 2.376813242123630417e-04
-5.594055455583926140e-01 2.413665257457460033e-04
-5.593036405313495107e-01 2.376813242123629875e-04
-5.589469729366988160e-01 2.206308554815440367e-04
-5.592526880178280146e-01 2.356519322744944438e-04
-5.590998304772634153e-01 2.287762183110056728e-04
-5.590488779637419192e-01 2.262085026680307753e-04
-5.589469729366988160e-01 2.206308554815440367e-04
-5.589979254502204231e-01 2.234951724786395121e-04
-5.590488779637419192e-01 2.262085026680307753e-04
-5.589979254502204231e-01 2.234951724786395121e-04
-5.593545930448710068e-01 2.395851986273333351e-04
-5.594564980719141101e-01 2.430280002945377010e-04
-5.597622131530431977e-01 2.506014312815343925e-04
-5.589979254502204231e-01 2.234951724786395121e-04
-5.592017355043065185e-01 2.334937500606389603e-04
-5.591507829907849114e-01 2.312031709933367609e-04
-5.597622131530431977e-01 2.506014312815343383e-04
-5.593036405313495107e-01 2.376813242123630688e-04
-5.592017355043065185e-01 2.334937500606389603e-04
-5.592526880178280146e-01 2.356519322744944167e-04
-5.590998304772634153e-01 2.287762183110056185e-04
-5.589469729366988160e-01 2.206308554815440367e-04
-5.591507829907849114e-01 2.312031709933367609e-04
-5.593036405313495107e-01 2.376813242123630688e-04
-5.587431628826127206e-01 2.075337845767052871e-04
-5.590488779637419192e-01 2.262085026680307753e-04
-5.594055455583926140e-01 2.413665257457460846e-04
-5.592526880178280146e-01 2.356519322744944167e-04
-5.599150706936077970e-01 2.529216256980133934e-04
-5.595584030989571023e-01 2.460009304094030211e-04
-5.595074505854356062e-01 2.445720649033091562e-04
-5.595584030989571023e-01 2.460009304094029669e-04
-5.597112606395217016e-01 2.496153184799823101e-04
-5.589469729366988160e-01 2.206308554815440367e-04
-5.586412578555697284e-01 1.998871716237366988e-04
-5.589979254502204231e-01 2.234951724786395121e-04
-5.590998304772634153e-01 2.287762183110056728e-04
-5.590488779637419192e-01 2.262085026680307753e-04
-5.587431628826127206e-01 2.075337845767052871e-04
-5.587941153961343277e-01 2.110689038257460362e-04
-5.592017355043065185e-01 2.334937500606389603e-04
-5.591507829907849114e-01 2.312031709933367609e-04
-5.593545930448710068e-01 2.395851986273333893e-04
-5.592526880178280146e-01 2.356519322744944167e-04
-5.593036405313495107e-01 2.376813242123630417e-04
-5.594055455583926140e-01 2.413665257457460575e-04
-5.598131656665646938e-01 2.514804651024825670e-04
-5.594564980719141101e-01 2.430280002945377010e-04
-5.592526880178280146e-01 2.356519322744944438e-04
-5.592526880178280146e-01 2.356519322744944167e-04
-5.591507829907849114e-01 2.312031709933367609e-04
-5.592526880178280146e-01 2.356519322744944167e-04
-5.589469729366988160e-01 2.206308554815440367e-04
-5.591507829907849114e-01 2.312031709933367609e-04
-5.589469729366988160e-01 2.206308554815440367e-04
-5.591507829907849114e-01 2.312031709933367338e-04
-5.590998304772634153e-01 2.287762183110056185e-04
-5.594564980719141101e-01 2.430280002945377010e-04
-5.594564980719141101e-01 2.430280002945377010e-04
-5.594564980719141101e-01 2.430280002945377010e-04
-5.595074505854356062e-01 2.445720649033091562e-04
-5.594055455583926140e-01 2.413665257457460846e-04
-5.594564980719141101e-01 2.430280002945377010e-04
-5.594564980719141101e-01 2.430280002945377010e-04
-5.591507829907849114e-01 2.312031709933367609e-04
-5.588450679096558238e-01 2.144247406690528697e-04
-5.588450679096558238e-01 2.144247406690528697e-04
-5.588960204231773199e-01 2.176095896027927597e-04
-5.589979254502204231e-01 2.234951724786395121e-04
-5.590488779637419192e-01 2.262085026680307753e-04
-5.588960204231773199e-01 2.176095896027927597e-04
-5.589469729366988160e-01 2.206308554815440367e-04
-5.588450679096558238e-01 2.144247406690528697e-04
-5.592526880178280146e-01 2.356519322744944167e-04
-5.595584030989571023e-01 2.460009304094029669e-04
-5.596603081260002055e-01 2.485208520560985412e-04
-5.593036405313495107e-01 2.376813242123630417e-04
-5.588960204231773199e-01 2.176095896027927868e-04
-5.592526880178280146e-01 2.356519322744944167e-04
-5.589979254502204231e-01 2.234951724786395663e-04
-5.593545930448710068e-01 2.395851986273333893e-04
-5.591507829907849114e-01 2.312031709933367609e-04
-5.589979254502204231e-01 2.234951724786395663e-04
-5.587431628826127206e-01 2.075337845767052871e-04
-5.588450679096558238e-01 2.262085026680307753e-04
-5.590998304772634153e-01 2.287762183110056185e-04
-5.588960204231773199e-01 2.176095896027927597e-04
-5.592017355043065185e-01 2.334937500606389603e-04
-5.592526880178280146e-01 2.356519322744944167e-04
-5.592017355043065185e-01 2.334937500606389603e-04
-5.595584030989571023e-01 2.460009304094029669e-04
-5.594055455583926140e-01 2.413665257457460575e-04
-5.591507829907849114e-01 2.312031709933367609e-04
-5.593545930448710068e-01 2.395851986273333893e-04
-5.595584030989571023e-01 2.460009304094029669e-04
-5.592017355043065185e-01 2.334937500606389603e-04
-5.587941153961343277e-01 2.110689038257460904e-04
-5.593545930448710068e-01 2.395851986273334435e-04
-5.586412578555697284e-01 1.998871716237366446e-04
-5.589469729366988160e-01 2.206308554815440367e-04
-5.588450679096558238e-01 2.144247406690528697e-04
-5.591507829907849114e-01 2.312031709933367609e-04
-5.590998304772634153e-01 2.287762183110056728e-04
-5.593036405313495107e-01 2.376813242123630688e-04
-5.590998304772634153e-01 2.287762183110056185e-04
-5.593036405313495107e-01 2.376813242123630417e-04
-5.593545930448710068e-01 2.395851986273333893e-04
-5.592526880178280146e-01 2.356519322744944167e-04
-5.592017355043065185e-01 2.334937500606389603e-04
-5.596603081260002055e-01 2.485208520560984870e-04
-5.593036405313495107e-01 2.376813242123630688e-04
-5.594564980719141101e-01 2.430280002945377010e-04
-5.590998304772634153e-01 2.287762183110056185e-04
-5.590998304772634153e-01 2.287762183110056185e-04
-5.594055455583926140e-01 2.413665257457460575e-04
-5.590998304772634153e-01 2.287762183110056728e-04
-5.587941153961343277e-01 2.110689038257460904e-04
-5.589469729366988160e-01 2.206308554815440367e-04
-5.591507829907849114e-01 2.312031709933367609e-04
-5.588450679096558238e-01 2.144247406690528697e-04
-5.593036405313495107e-01 2.376813242123630688e-04
-5.595074505854356062e-01 2.445720649033091562e-04
-5.594564980719141101e-01 2.430280002945377010e-04
-5.596603081260002055e-01 2.485208520560984870e-04
-5.593545930448710068e-01 2.395851986273333893e-04
-5.591507829907849114e-01 2.312031709933367609e-04
-5.592526880178280146e-01 2.356519322744944167e-04
-5.591507829907849114e-01 2.312031709933367609e-04
-5.589469729366988160e-01 2.206308554815440367e-04
-5.592526880178280146e-01 2.356519322744944167e-04
-5.589979254502204231e-01 2.234951724786395121e-04
-5.586922103690912245e-01 2.038100540860909545e-04
-5.591507829907849114e-01 2.312031709933367609e-04
-5.591507829907849114e-01 2.312031709933367609e-04
-5.592017355043065185e-01 2.334937500606389603e-04
-5.589979254502204231e-01 2.234951724786395121e-04
-5.592017355043065185e-01 2.334937500606389603e-04
-5.594055455583926140e-01 2.413665257457460846e-04
-5.595584030989571023e-01 2.460009304094029669e-04
-5.595074505854356062e-01 2.445720649033091562e-04
-5.594055455583926140e-01 2.413665257457460846e-04
-5.591507829907849114e-01 2.312031709933367609e-04
-5.593545930448710068e-01 2.395851986273333893e-04
-5.597112606395217016e-01 2.496153184799823101e-04
-5.591507829907849114e-01 2.312031709933367609e-04
-5.595584030989571023e-01 2.460009304094029669e-04
-5.589979254502204231e-01 2.234951724786395663e-04
-5.589979254502204231e-01 2.234951724786395121e-04
-5.590998304772634153e-01 2.287762183110056185e-04
-5.588450679096558238e-01 2.144247406690528697e-04
-5.592526880178280146e-01 2.356519322744944167e-04
-5.593545930448710068e-01 2.395851986273333893e-04
-5.592017355043065185e-01 2.334937500606389603e-04
-5.592526880178280146e-01 2.356519322744944167e-04
-5.589979254502204231e-01 2.234951724786395121e-04
-5.594055455583926140e-01 2.413665257457460575e-04
-5.596093556124785984e-01 2.473165935007842460e-04
-5.593036405313495107e-01 2.376813242123630417e-04
-5.589469729366988160e-01 2.206308554815440367e-04
-5.590998304772634153e-01 2.287762183110056728e-04
-5.592017355043065185e-01 2.334937500606389603e-04
-5.590488779637419192e-01 2.262085026680307753e-04
-5.589469729366988160e-01 2.206308554815440367e-04
-5.589469729366988160e-01 2.206308554815440367e-04
-5.593545930448710068e-01 2.395851986273333893e-04
-5.589469729366988160e-01 2.206308554815440367e-04
-5.590488779637419192e-01 2.262085026680307753e-04
-5.593545930448710068e-01 2.395851986273333893e-04
-5.592526880178280146e-01 2.356519322744944167e-04
-5.592017355043065185e-01 2.334937500606389603e-04
-5.593545930448710068e-01 2.395851986273333893e-04
-5.592017355043065185e-01 2.334937500606390146e-04
-5.595074505854356062e-01 2.445720649033091562e-04
-5.592526880178280146e-01 2.356519322744944167e-04
-5.592017355043065185e-01 2.334937500606389603e-04
-5.594055455583926140e-01 2.413665257457460846e-04
-5.586922103690912245e-01 2.038100540860910087e-04
-5.586922103690912245e-01 2.038100540860909545e-04
-5.590998304772634153e-01 2.287762183110056728e-04
-5.588450679096558238e-01 2.262085026680308295e-04
-5.591507829907849114e-01 2.312031709933367609e-04
-5.590998304772634153e-01 2.287762183110056728e-04
-5.589469729366988160e-01 2.206308554815440367e-04
-5.596093556124785984e-01 2.473165935007842460e-04
-5.595584030989571023e-01 2.460009304094029669e-04
-5.595584030989571023e-01 2.460009304094029669e-04
-5.594055455583926140e-01 2.413665257457460846e-04
-5.592017355043065185e-01 2.334937500606389603e-04
-5.594055455583926140e-01 2.413665257457460575e-04
-5.593545930448710068e-01 2.395851986273333893e-04
-5.592017355043065185e-01 2.334937500606389603e-04
-5.590488779637419192e-01 2.262085026680307753e-04
-5.588450679096558238e-01 2.144247406690528697e-04
-5.587941153961343277e-01 2.110689038257460904e-04
-5.590488779637419192e-01 2.262085026680307753e-04
-5.590998304772634153e-01 2.287762183110056728e-04
-5.590488779637419192e-01 2.262085026680307753e-04
-5.587431628826127206e-01 2.075337845767052871e-04
-5.588960204231773199e-01 2.176095896027927597e-04
-5.593545930448710068e-01 2.395851986273333893e-04
-5.595074505854356062e-01 2.445720649033091562e-04
-5.596093556124785984e-01 2.473165935007842460e-04
-5.592526880178280146e-01 2.356519322744944167e-04
-5.594055455583926140e-01 2.413665257457460846e-04
-5.593545930448710068e-01 2.395851986273333893e-04
-5.595074505854356062e-01 2.445720649033091562e-04
-5.590488779637419192e-01 2.262085026680307753e-04
-5.589979254502204231e-01 2.234951724786395663e-04
-5.593545930448710068e-01 2.395851986273334435e-04
-5.589469729366988160e-01 2.206308554815440367e-04
-5.589979254502204231e-01 2.234951724786395121e-04
-5.590488779637419192e-01 2.262085026680307753e-04
-5.592017355043065185e-01 2.334937500606389603e-04
-5.589979254502204231e-01 2.234951724786395121e-04
-5.592526880178280146e-01 2.356519322744944167e-04
-5.593036405313495107e-01 2.376813242123630688e-04
-5.595584030989571023e-01 2.460009304094029669e-04
-5.590998304772634153e-01 2.287762183110056728e-04
-5.595584030989571023e-01 2.460009304094029669e-04
-5.592017355043065185e-01 2.334937500606389603e-04
-5.594055455583926140e-01 2.413665257457460846e-04
-5.593036405313495107e-01 2.376813242123630417e-04
-5.594055455583926140e-01 2.413665257457460846e-04
-5.587431628826127206e-01 2.075337845767052871e-04
-5.590488779637419192e-01 2.262085026680307753e-04
-5.590998304772634153e-01 2.287762183110056185e-04
-5.590488779637419192e-01 2.262085026680307211e-04
-5.588960204231773199e-01 2.176095896027927597e-04
-5.589979254502204231e-01 2.234951724786395121e-04
-5.590488779637419192e-01 2.262085026680307753e-04
-5.590998304772634153e-01 2.287762183110056185e-04
-5.591507829907849114e-01 2.312031709933367609e-04
-5.594055455583926140e-01 2.413665257457460846e-04
-5.596093556124785984e-01 2.473165935007842460e-04
-5.592017355043065185e-01 2.334937500606389603e-04
-5.594055455583926140e-01 2.413665257457460846e-04
-5.592017355043065185e-01 2.334937500606389332e-04
-5.589979254502204231e-01 2.234951724786395121e-04
-5.589469729366988160e-01 2.206308554815440367e-04
-5.592526880178280146e-01 2.356519322744944167e-04
-5.590998304772634153e-01 2.287762183110056728e-04
-5.587431628826127206e-01 2.075337845767052871e-04
-5.588960204231773199e-01 2.176095896027927055e-04
-5.590998304772634153e-01 2.287762183110056185e-04
-5.585903053420482323e-01 1.957531645726723649e-04
-5.592017355043065185e-01 2.334937500606389603e-04
-5.594055455583926140e-01 2.413665257457460846e-04
-5.590488779637419192e-01 2.262085026680307753e-04
-5.593036405313495107e-01 2.376813242123630688e-04
-5.592017355043065185e-01 2.334937500606389603e-04
-5.594055455583926140e-01 2.413665257457460846e-04
-5.594564980719141101e-01 2.430280002945377010e-04
-5.591507829907849114e-01 2.312031709933367609e-04
-5.595074505854356062e-01 2.445720649033091562e-04
-5.589979254502204231e-01 2.234951724786395121e-04
-5.588450679096558238e-01 2.144247406690528697e-04
-5.593036405313495107e-01 2.376813242123630417e-04
-5.588450679096558238e-01 2.144247406690528697e-04
-5.592526880178280146e-01 2.356519322744944167e-04
-5.589979254502204231e-01 2.234951724786395121e-04
-5.590998304772634153e-01 2.287762183110056728e-04
-5.590998304772634153e-01 2.287762183110056728e-04
-5.589469729366988160e-01 2.206308554815439825e-04
-5.592526880178280146e-01 2.356519322744944167e-04
-5.594055455583926140e-01 2.413665257457460575e-04
-5.591507829907849114e-01 2.312031709933367609e-04
-5.594055455583926140e-01 2.413665257457460846e-04
-5.595584030989571023e-01 2.460009304094030211e-04
-5.593545930448710068e-01 2.395851986273333893e-04
-5.594055455583926140e-01 2.413665257457460033e-04
-5.586922103690912245e-01 2.038100540860910087e-04
-5.588960204231773199e-01 2.176095896027927055e-04
-5.589979254502204231e-01 2.234951724786395121e-04
-5.588450679096558238e-01 2.144247406690528697e-04
-5.590488779637419192e-01 2.262085026680307753e-04
-5.589469729366988160e-01 2.206308554815440367e-04
-5.589979254502204231e-01 2.234951724786395121e-04
-5.587941153961343277e-01 2.110689038257460362e-04
-5.598131656665646938e-01 2.514804651024825670e-04
-5.593036405313495107e-01 2.376813242123630688e-04
-5.592526880178280146e-01 2.356519322744944167e-04
-5.591507829907849114e-01 2.312031709933367609e-04
-5.589979254502204231e-01 2.234951724786395121e-04
-5.590488779637419192e-01 2.262085026680307753e-04
-5.592526880178280146e-01 2.356519322744944438e-04
-5.592526880178280146e-01 2.356519322744944167e-04
-5.589979254502204231e-01 2.234951724786395663e-04
-5.589979254502204231e-01 2.234951724786395121e-04
-5.589979254502204231e-01 2.234951724786395663e-04
-5.588960204231773199e-01 2.176095896027927597e-04
-5.589469729366988160e-01 2.206308554815440367e-04
-5.589469729366988160e-01 2.206308554815439825e-04
-5.592526880178280146e-01 2.356519322744944167e-04
-5.592526880178280146e-01 2.356519322744944438e-04
-5.594055455583926140e-01 2.413665257457460846e-04
-5.594055455583926140e-01 2.413665257457460575e-04
-5.593545930448710068e-01 2.395851986273333893e-04
-5.595074505854356062e-01 2.445720649033091562e-04
-5.598131656665646938e-01 2.514804651024825670e-04
-5.592017355043065185e-01 2.334937500606389603e-04
-5.592017355043065185e-01 2.334937500606389603e-04
-5.590488779637419192e-01 2.262085026680307753e-04
-5.592017355043065185e-01 2.334937500606389603e-04
-5.589979254502204231e-01 2.234951724786395121e-04
-5.589979254502204231e-01 2.234951724786395663e-04
-5.588960204231773199e-01 2.176095896027927597e-04
-5.590488779637419192e-01 2.262085026680307753e-04
-5.587941153961343277e-01 2.110689038257460904e-04
-5.589469729366988160e-01 2.206308554815440367e-04
-5.588450679096558238e-01 2.144247406690528697e-04
-5.596093556124785984e-01 2.473165935007842460e-04
-5.592526880178280146e-01 2.356519322744944167e-04
-5.590998304772634153e-01 2.287762183110056728e-04
-5.596603081260002055e-01 2.485208520560984870e-04
-5.590998304772634153e-01 2.287762183110056728e-04
-5.592526880178280146e-01 2.356519322744944167e-04
-5.593036405313495107e-01 2.376813242123630417e-04
-5.589469729366988160e-01 2.206308554815439825e-04
-5.589979254502204231e-01 2.234951724786395121e-04
-5.593545930448710068e-01 2.395851986273333893e-04
-5.590488779637419192e-01 2.262085026680307753e-04
-5.590488779637419192e-01 2.262085026680307753e-04
-5.591507829907849114e-01 2.312031709933367609e-04
-5.589469729366988160e-01 2.206308554815440638e-04
-5.590998304772634153e-01 2.287762183110056728e-04
-5.589469729366988160e-01 2.206308554815440367e-04
-5.590488779637419192e-01 2.262085026680307753e-04
-5.597622131530431977e-01 2.506014312815343925e-04
-5.594055455583926140e-01 2.413665257457460846e-04
-5.594564980719141101e-01 2.430280002945377010e-04
-5.597112606395217016e-01 2.496153184799823101e-04
-5.595584030989571023e-01 2.460009304094030211e-04
-5.594055455583926140e-01 2.413665257457460846e-04
-5.589979254502204231e-01 2.234951724786395121e-04
-5.587431628826127206e-01 2.075337845767052871e-04
-5.593036405313495107e-01 2.376813242123630417e-04
-5.586922103690912245e-01 2.038100540860910087e-04
-5.590998304772634153e-01 2.287762183110056185e-04
-5.590998304772634153e-01 2.287762183110056728e-04
-5.587941153961343277e-01 2.110689038257460904e-04
-5.589979254502204231e-01 2.234951724786395663e-04
-5.592526880178280146e-01 2.356519322744944167e-04
-5.592017355043065185e-01 2.334937500606389603e-04
-5.593036405313495107e-01 2.376813242123630688e-04
-5.595584030989571023e-01 2.460009304094029669e-04
-5.597112606395217016e-01 2.496153184799822559e-04
-5.593036405313495107e-01 2.376813242123629875e-04
-5.594564980719141101e-01 2.430280002945377010e-04
-5.592017355043065185e-01 2.334937500606389603e-04
-5.590998304772634153e-01 2.287762183110056185e-04
-5.591507829907849114e-01 2.312031709933367609e-04
-5.592017355043065185e-01 2.334937500606389603e-04
-5.589469729366988160e-01 2.206308554815440367e-04
-5.590998304772634153e-01 2.287762183110056728e-04
-5.590488779637419192e-01 2.262085026680307753e-04
-5.590488779637419192e-01 2.262085026680307753e-04
-5.591507829907849114e-01 2.312031709933367609e-04
-5.590998304772634153e-01 2.287762183110056728e-04
-5.594055455583926140e-01 2.413665257457460846e-04
-5.588450679096558238e-01 2.144247406690528697e-04
-5.590998304772634153e-01 2.287762183110056728e-04
-5.594055455583926140e-01 2.413665257457460846e-04
-5.594055455583926140e-01 2.413665257457460575e-04
-5.594564980719141101e-01 2.430280002945377010e-04
-5.591507829907849114e-01 2.312031709933367609e-04
-5.587941153961343277e-01 2.110689038257460904e-04
-5.587941153961343277e-01 2.110689038257460904e-04
-5.590488779637419192e-01 2.262085026680307753e-04
-5.589979254502204231e-01 2.234951724786395121e-04
-5.588450679096558238e-01 2.144247406690528697e-04
-5.592017355043065185e-01 2.334937500606389603e-04
-5.589979254502204231e-01 2.234951724786395121e-04
-5.590488779637419192e-01 2.262085026680308295e-04
-5.590488779637419192e-01 2.262085026680307753e-04
-5.590998304772634153e-01 2.287762183110056728e-04
-5.596603081260002055e-01 2.485208520560984870e-04
-5.592526880178280146e-01 2.356519322744944167e-04
-5.593036405313495107e-01 2.376813242123630417e-04
-5.595584030989571023e-01 2.460009304094029669e-04
-5.596093556124785984e-01 2.473165935007842460e-04
-5.592526880178280146e-01 2.356519322744944167e-04
-5.589469729366988160e-01 2.206308554815440367e-04
-5.588960204231773199e-01 2.176095896027927597e-04
-5.592526880178280146e-01 2.356519322744944167e-04
-5.588960204231773199e-01 2.176095896027927597e-04
-5.588960204231773199e-01 2.176095896027927597e-04
-5.590488779637419192e-01 2.262085026680307753e-04
-5.588450679096558238e-01 2.144247406690528697e-04
-5.590488779637419192e-01 2.262085026680307753e-04
-5.591507829907849114e-01 2.312031709933367609e-04
-5.597112606395217016e-01 2.496153184799823101e-04
-5.592017355043065185e-01 2.334937500606389332e-04
-5.588960204231773199e-01 2.176095896027927597e-04
-5.590488779637419192e-01 2.262085026680307753e-04
-5.594055455583926140e-01 2.413665257457460575e-04
-5.592017355043065185e-01 2.334937500606389603e-04
-5.589469729366988160e-01 2.206308554815440367e-04
-5.592017355043065185e-01 2.334937500606389603e-04
-5.586412578555697284e-01 1.998871716237366446e-04
-5.584884003150051290e-01 1.867950000485111520e-04
-5.588450679096558238e-01 2.144247406690528697e-04
-5.589469729366988160e-01 2.320997450641423961e-04
-5.590998304772634153e-01 2.287762183110056185e-04
-5.590488779637419192e-01 2.262085026680307753e-04
-5.588960204231773199e-01 2.176095896027927597e-04
-5.592526880178280146e-01 2.356519322744944167e-04
-5.592017355043065185e-01 2.334937500606390146e-04
-5.594055455583926140e-01 2.413665257457460846e-04
-5.592526880178280146e-01 2.356519322744944167e-04
-5.592017355043065185e-01 2.334937500606389603e-04
-5.593036405313495107e-01 2.376813242123630688e-04
-5.590998304772634153e-01 2.287762183110056185e-04
-5.589469729366988160e-01 2.206308554815440367e-04
-5.589469729366988160e-01 2.206308554815440367e-04
-5.588960204231773199e-01 2.176095896027927055e-04
-5.589469729366988160e-01 2.206308554815440367e-04
-5.591507829907849114e-01 2.312031709933367609e-04
-5.589979254502204231e-01 2.234951724786395663e-04
-5.590998304772634153e-01 2.287762183110056185e-04
-5.588960204231773199e-01 2.176095896027927055e-04
-5.592017355043065185e-01 2.334937500606389603e-04
-5.594055455583926140e-01 2.413665257457460846e-04
-5.590998304772634153e-01 2.287762183110056728e-04
-5.591507829907849114e-01 2.312031709933367609e-04
-5.589979254502204231e-01 2.234951724786395121e-04
-5.590488779637419192e-01 2.262085026680307753e-04
-5.592017355043065185e-01 2.334937500606389603e-04
-5.591507829907849114e-01 2.312031709933367609e-04
-5.586922103690912245e-01 2.038100540860910087e-04
-5.589979254502204231e-01 2.234951724786395663e-04
-5.585903053420482323e-01 1.957531645726723107e-04
-5.587941153961343277e-01 2.110689038257460904e-04
-5.587431628826127206e-01 2.075337845767052871e-04
-5.586412578555697284e-01 1.998871716237366446e-04
-5.586922103690912245e-01 2.038100540860910087e-04
-5.589469729366988160e-01 2.206308554815440367e-04
-5.593036405313495107e-01 2.376813242123630688e-04
-5.590488779637419192e-01 2.262085026680307753e-04
-5.592017355043065185e-01 2.334937500606389603e-04
-5.589979254502204231e-01 2.234951724786395121e-04
-5.588960204231773199e-01 2.176095896027927597e-04
-5.586922103690912245e-01 2.038100540860909545e-04
-5.589979254502204231e-01 2.234951724786395121e-04
-5.588450679096558238e-01 2.144247406690528697e-04
-5.586412578555697284e-01 1.998871716237366988e-04
-5.583864952879621368e-01 1.767986141215420687e-04
-5.586412578555697284e-01 1.998871716237366446e-04
-5.585903053420482323e-01 1.957531645726723649e-04
-5.583864952879621368e-01 1.767986141215420687e-04
-5.585393528285266251e-01 1.913943529156779952e-04
-5.587431628826127206e-01 2.075337845767052871e-04
-5.584884003150051290e-01 1.867950000485111520e-04
-5.589979254502204231e-01 2.234951724786395121e-04
-5.590998304772634153e-01 2.287762183110056728e-04
-5.588960204231773199e-01 2.176095896027927597e-04
-5.589979254502204231e-01 2.234951724786395121e-04
-5.590488779637419192e-01 2.262085026680308295e-04
-5.589469729366988160e-01 2.206308554815440367e-04
-5.590488779637419192e-01 2.262085026680307753e-04
-5.587431628826127206e-01 2.075337845767052871e-04
-5.584374478014836329e-01 1.819368642841582401e-04
-5.583864952879621368e-01 1.767986141215420687e-04
-5.586922103690912245e-01 2.038100540860909545e-04
-5.587431628826127206e-01 2.075337845767052871e-04
-5.588960204231773199e-01 2.176095896027927597e-04
-5.587941153961343277e-01 2.110689038257460362e-04
-5.583355427744405297e-01 1.713550528941602043e-04
-5.583355427744405297e-01 1.713550528941601772e-04
-5.590488779637419192e-01 2.262085026680308295e-04
-5.587941153961343277e-01 2.110689038257460904e-04
-5.587431628826127206e-01 2.075337845767052328e-04
-5.589469729366988160e-01 2.206308554815440367e-04
-5.588450679096558238e-01 2.144247406690528697e-04
-5.588960204231773199e-01 2.176095896027927597e-04
-5.587431628826127206e-01 2.075337845767052871e-04
-5.585903053420482323e-01 1.957531645726723649e-04
-5.584884003150051290e-01 1.867950000485111791e-04
-5.583864952879621368e-01 1.767986141215420687e-04
-5.585903053420482323e-01 1.957531645726723649e-04
-5.585393528285266251e-01 1.913943529156780224e-04
-5.584374478014836329e-01 1.819368642841582672e-04
-5.584884003150051290e-01 1.867950000485111791e-04
-5.585393528285266251e-01 1.913943529156779952e-04
-5.586412578555697284e-01 1.998871716237366988e-04
-5.588450679096558238e-01 2.144247406690528697e-04
-5.588450679096558238e-01 2.144247406690528697e-04
-5.585903053420482323e-01 1.957531645726723649e-04
-5.592526880178280146e-01 2.356519322744944167e-04
-5.585903053420482323e-01 1.957531645726723649e-04
-5.587941153961343277e-01 2.110689038257460904e-04
-5.589469729366988160e-01 2.206308554815440367e-04
-5.584374478014836329e-01 1.819368642841582672e-04
-5.585903053420482323e-01 1.957531645726723649e-04
-5.587431628826127206e-01 2.075337845767052871e-04
-5.584884003150051290e-01 1.867950000485111520e-04
-5.586412578555697284e-01 1.998871716237366988e-04
-5.586922103690912245e-01 2.038100540860910087e-04
-5.584374478014836329e-01 1.819368642841582401e-04
-5.585393528285266251e-01 1.913943529156779952e-04
-5.586922103690912245e-01 2.038100540860910087e-04
-5.589469729366988160e-01 2.206308554815440367e-04
-5.589979254502204231e-01 2.234951724786395121e-04
-5.588960204231773199e-01 2.292296899518423867e-04
-5.587431628826127206e-01 2.075337845767052871e-04
-5.590998304772634153e-01 2.287762183110056185e-04
-5.592526880178280146e-01 2.356519322744944167e-04
-5.589469729366988160e-01 2.206308554815439825e-04
-5.582336377473975375e-01 1.594251957139641992e-04
-5.585903053420482323e-01 1.957531645726723649e-04
-5.587431628826127206e-01 2.075337845767052871e-04
-5.590488779637419192e-01 2.262085026680307753e-04
-5.583864952879621368e-01 1.767986141215420687e-04
-5.588960204231773199e-01 2.176095896027927597e-04
-5.589469729366988160e-01 2.206308554815439825e-04
-5.586922103690912245e-01 2.038100540860910087e-04
-5.590488779637419192e-01 2.262085026680307753e-04
-5.589469729366988160e-01 2.206308554815440367e-04
-5.589979254502204231e-01 2.234951724786395121e-04
-5.590488779637419192e-01 2.262085026680308295e-04
-5.590998304772634153e-01 2.287762183110056728e-04
-5.589469729366988160e-01 2.206308554815440367e-04
-5.588450679096558238e-01 2.144247406690528697e-04
-5.591507829907849114e-01 2.312031709933367338e-04
-5.587431628826127206e-01 2.075337845767052871e-04
-5.586922103690912245e-01 2.038100540860909545e-04
-5.588450679096558238e-01 2.144247406690528697e-04
-5.585393528285266251e-01 1.913943529156779952e-04
-5.583355427744405297e-01 1.713550528941602043e-04
-5.583355427744405297e-01 1.713550528941602043e-04
-5.582845902609190336e-01 1.805761679875327117e-04
-5.578260176392253467e-01 1.339382550358642846e-04
-5.541574366656760731e-01 5.520534956542788455e-04
-4.939825181967609780e-01 4.269382832499582676e-03
-4.092484882104733268e-01 8.467827946177241411e-03
-3.722569633938498379e-01 1.059246140695555526e-02
-3.682826673391711991e-01 1.078583116751739152e-02
-3.682826673391713102e-01 1.086568891624182728e-02
-4.122037339947214329e-01 8.212487815345701631e-03
-5.021349203602042399e-01 3.618346029897124422e-03
-5.549217243684985146e-01 3.841427557116089278e-04
-5.581826852338760414e-01 1.973382363162657911e-04
-5.585393528285266251e-01 2.045094511173823986e-04
-5.584884003150051290e-01 1.867950000485111520e-04
-5.588450679096558238e-01 2.144247406690528697e-04
-5.586922103690912245e-01 2.038100540860909545e-04
-5.584374478014836329e-01 1.819368642841582401e-04
-5.586922103690912245e-01 2.038100540860909545e-04
-5.589979254502204231e-01 2.234951724786395121e-04
-5.593036405313495107e-01 2.376813242123630417e-04
-5.589469729366988160e-01 2.320997450641423961e-04
-5.587431628826127206e-01 2.075337845767052871e-04
-5.591507829907849114e-01 2.312031709933367338e-04
-5.591507829907849114e-01 2.312031709933367609e-04
-5.589469729366988160e-01 2.206308554815440367e-04
-5.588450679096558238e-01 2.144247406690528697e-04
-5.583864952879621368e-01 1.767986141215420687e-04
-5.583355427744405297e-01 1.858894064240411859e-04
-5.583355427744405297e-01 1.993669699047569881e-04
-5.437121713937645984e-01 1.514275784669365330e-03
-4.692705491388237116e-01 6.099156337497000507e-03
-3.835684213956271349e-01 1.026615514639422043e-02
-3.618626506354595818e-01 1.121655791463360176e-02
-3.594678824999482658e-01 1.140141477936221573e-02
-3.589583573647328607e-01 1.142291263001322596e-02
-3.968670274247438901e-01 9.507886472976038658e-03
-4.869001188172696892e-01 4.354514607920893614e-03
-5.535969590169390608e-01 5.809480376426839681e-04
-5.586922103690912245e-01 2.038100540860910087e-04
-5.585393528285266251e-01 1.913943529156779952e-04
-5.587941153961343277e-01 2.110689038257460904e-04
-5.587431628826127206e-01 2.075337845767052871e-04
-5.586922103690912245e-01 2.038100540860910087e-04
-5.585903053420482323e-01 1.957531645726723107e-04
-5.588450679096558238e-01 2.144247406690528697e-04
-5.588450679096558238e-01 2.144247406690528697e-04
-5.585903053420482323e-01 1.957531645726723649e-04
-5.588450679096558238e-01 2.144247406690528697e-04
-5.586922103690912245e-01 2.038100540860909545e-04
-5.586412578555697284e-01 1.998871716237366446e-04
-5.589469729366988160e-01 2.206308554815440367e-04
-5.591507829907849114e-01 2.312031709933367609e-04
-5.590488779637419192e-01 2.262085026680307753e-04
-5.589979254502204231e-01 2.234951724786395121e-04
-5.592017355043065185e-01 2.334937500606389603e-04
-5.590998304772634153e-01 2.287762183110056728e-04
-5.591507829907849114e-01 2.312031709933367609e-04
-5.586922103690912245e-01 2.038100540860909545e-04
-5.589979254502204231e-01 2.234951724786395663e-04
-5.586922103690912245e-01 2.038100540860910087e-04
-5.591507829907849114e-01 2.312031709933367609e-04
-5.586922103690912245e-01 2.038100540860909545e-04
-5.587941153961343277e-01 2.110689038257460362e-04
-5.590488779637419192e-01 2.262085026680307753e-04
-5.588450679096558238e-01 2.144247406690528697e-04
-5.594055455583926140e-01 2.413665257457460846e-04
-5.588960204231773199e-01 2.176095896027927868e-04
-5.589469729366988160e-01 2.206308554815440367e-04
-5.592017355043065185e-01 2.334937500606389603e-04
-5.594564980719141101e-01 2.430280002945377010e-04
-5.590998304772634153e-01 2.287762183110056185e-04
-5.588960204231773199e-01 2.176095896027927597e-04
-5.594564980719141101e-01 2.430280002945377010e-04
-5.586922103690912245e-01 2.038100540860909545e-04
-5.589979254502204231e-01 2.234951724786395121e-04
-5.591507829907849114e-01 2.312031709933367609e-04
-5.588450679096558238e-01 2.144247406690528697e-04
-5.589469729366988160e-01 2.206308554815440367e-04
-5.587431628826127206e-01 2.075337845767052871e-04
-5.584374478014836329e-01 1.819368642841582672e-04
-5.584884003150051290e-01 1.867950000485111791e-04
-5.586412578555697284e-01 1.998871716237366988e-04
-5.586412578555697284e-01 1.998871716237366988e-04
-5.589469729366988160e-01 2.206308554815439825e-04
-5.593036405313495107e-01 2.376813242123630417e-04
-5.592526880178280146e-01 2.356519322744944167e-04
-5.590998304772634153e-01 2.287762183110056185e-04
-5.592526880178280146e-01 2.356519322744944167e-04
-5.590488779637419192e-01 2.262085026680307753e-04
-5.588450679096558238e-01 2.144247406690528697e-04
-5.589979254502204231e-01 2.234951724786395663e-04
-5.587941153961343277e-01 2.110689038257460362e-04
-5.592017355043065185e-01 2.334937500606389603e-04
-5.586412578555697284e-01 1.998871716237366446e-04
-5.588960204231773199e-01 2.176095896027927597e-04
-5.589469729366988160e-01 2.206308554815440367e-04
-5.591507829907849114e-01 2.312031709933367609e-04
-5.591507829907849114e-01 2.312031709933367609e-04
-5.590998304772634153e-01 2.287762183110056728e-04
-5.590488779637419192e-01 2.262085026680307753e-04
-5.592526880178280146e-01 2.356519322744944438e-04
-5.592017355043065185e-01 2.334937500606389603e-04
-5.594055455583926140e-01 2.413665257457460575e-04
-5.593036405313495107e-01 2.376813242123630417e-04
-5.590998304772634153e-01 2.287762183110056185e-04
-5.588450679096558238e-01 2.144247406690528697e-04
-5.593545930448710068e-01 2.395851986273333893e-04
-5.589469729366988160e-01 2.206308554815440367e-04
-5.590488779637419192e-01 2.262085026680307753e-04
-5.590488779637419192e-01 2.262085026680307211e-04
-5.586922103690912245e-01 2.038100540860910087e-04
-5.590488779637419192e-01 2.262085026680307753e-04
-5.588450679096558238e-01 2.144247406690528697e-04
-5.594055455583926140e-01 2.413665257457460846e-04
-5.591507829907849114e-01 2.312031709933367609e-04
-5.591507829907849114e-01 2.312031709933367609e-04
-5.591507829907849114e-01 2.312031709933367609e-04
-5.592526880178280146e-01 2.356519322744944438e-04
-5.590998304772634153e-01 2.287762183110056185e-04
-5.591507829907849114e-01 2.312031709933367609e-04
-5.592017355043065185e-01 2.334937500606390146e-04
-5.587941153961343277e-01 2.110689038257460904e-04
-5.592017355043065185e-01 2.334937500606389603e-04
-5.588450679096558238e-01 2.144247406690528697e-04
-5.588450679096558238e-01 2.144247406690528697e-04
-5.588960204231773199e-01 2.176095896027927597e-04
-5.588960204231773199e-01 2.176095896027927597e-04
-5.591507829907849114e-01 2.312031709933367609e-04
-5.592017355043065185e-01 2.334937500606389603e-04
-5.594055455583926140e-01 2.413665257457460575e-04
-5.591507829907849114e-01 2.312031709933367609e-04
-5.590998304772634153e-01 2.287762183110056185e-04
-5.593036405313495107e-01 2.376813242123630688e-04
-5.592526880178280146e-01 2.356519322744944167e-04
-5.589979254502204231e-01 2.234951724786395663e-04
-5.591507829907849114e-01 2.312031709933367609e-04
-5.586922103690912245e-01 2.038100540860909545e-04
-5.585903053420482323e-01 1.957531645726723649e-04
-5.589979254502204231e-01 2.234951724786395663e-04
-5.591507829907849114e-01 2.312031709933367609e-04
-5.588450679096558238e-01 2.144247406690528697e-04
-5.591507829907849114e-01 2.312031709933367609e-04
-5.586922103690912245e-01 2.038100540860910087e-04
-5.595074505854356062e-01 2.445720649033091562e-04
-5.593036405313495107e-01 2.376813242123630688e-04
-5.590998304772634153e-01 2.287762183110056185e-04
-5.593545930448710068e-01 2.395851986273333893e-04
-5.593545930448710068e-01 2.395851986273333893e-04
-5.592526880178280146e-01 2.356519322744944167e-04
-5.592526880178280146e-01 2.356519322744944167e-04
-5.593036405313495107e-01 2.376813242123630417e-04
-5.593036405313495107e-01 2.376813242123630417e-04
-5.585903053420482323e-01 1.957531645726723649e-04
-5.590998304772634153e-01 2.287762183110056185e-04
-5.593545930448710068e-01 2.395851986273333893e-04
-5.590998304772634153e-01 2.287762183110056185e-04
-5.587431628826127206e-01 2.075337845767052871e-04
-5.588450679096558238e-01 2.144247406690528697e-04
-5.586922103690912245e-01 2.038100540860909545e-04
-5.589979254502204231e-01 2.234951724786395663e-04
-5.590488779637419192e-01 2.262085026680307753e-04
-5.589979254502204231e-01 2.234951724786395663e-04
-5.594055455583926140e-01 2.413665257457460846e-04
-5.589979254502204231e-01 2.234951724786395121e-04
-5.592017355043065185e-01 2.334937500606389603e-04
-5.592526880178280146e-01 2.356519322744944167e-04
-5.590998304772634153e-01 2.287762183110056728e-04
-5.588450679096558238e-01 2.144247406690528697e-04
-5.588450679096558238e-01 2.144247406690528697e-04
-5.590998304772634153e-01 2.287762183110056728e-04
-5.590488779637419192e-01 2.262085026680307753e-04
-5.588450679096558238e-01 2.144247406690528155e-04
-5.591507829907849114e-01 2.312031709933367609e-04
-5.590488779637419192e-01 2.262085026680307753e-04
-5.590488779637419192e-01 2.262085026680307753e-04
-5.594564980719141101e-01 2.430280002945377010e-04
-5.592017355043065185e-01 2.334937500606389603e-04
-5.591507829907849114e-01 2.312031709933367609e-04
-5.594055455583926140e-01 2.413665257457460846e-04
-5.594055455583926140e-01 2.413665257457460846e-04
-5.592526880178280146e-01 2.356519322744944167e-04
-5.592526880178280146e-01 2.356519322744944167e-04
-5.595074505854356062e-01 2.445720649033091562e-04
-5.592017355043065185e-01 2.334937500606389603e-04
-5.587941153961343277e-01 2.110689038257460904e-04
-5.590488779637419192e-01 2.262085026680307753e-04
-5.589469729366988160e-01 2.206308554815440367e-04
-5.588960204231773199e-01 2.176095896027927597e-04
-5.590998304772634153e-01 2.287762183110056728e-04
-5.588960204231773199e-01 2.176095896027927597e-04
-5.585903053420482323e-01 1.957531645726723107e-04
-5.591507829907849114e-01 2.312031709933367609e-04
-5.594055455583926140e-01 2.413665257457460846e-04
-5.589469729366988160e-01 2.206308554815439825e-04
-5.593545930448710068e-01 2.395851986273333893e-04
-5.592017355043065185e-01 2.334937500606389603e-04
-5.590488779637419192e-01 2.262085026680307753e-04
-5.590998304772634153e-01 2.287762183110056728e-04
-5.594055455583926140e-01 2.413665257457460846e-04
-5.588960204231773199e-01 2.176095896027927055e-04
-5.589979254502204231e-01 2.234951724786395121e-04
-5.588450679096558238e-01 2.144247406690528697e-04
-5.588960204231773199e-01 2.176095896027927597e-04
-5.590488779637419192e-01 2.262085026680307753e-04
-5.590998304772634153e-01 2.287762183110056185e-04
-5.589979254502204231e-01 2.234951724786395663e-04
-5.591507829907849114e-01 2.312031709933367609e-04
-5.588450679096558238e-01 2.144247406690528697e-04
-5.595584030989571023e-01 2.460009304094029669e-04
-5.594055455583926140e-01 2.413665257457460575e-04
-5.594564980719141101e-01 2.430280002945377010e-04
-5.589979254502204231e-01 2.234951724786395121e-04
-5.592526880178280146e-01 2.356519322744944438e-04
-5.589979254502204231e-01 2.234951724786395121e-04
-5.585903053420482323e-01 1.957531645726723107e-04
-5.585903053420482323e-01 1.957531645726723649e-04
-5.589979254502204231e-01 2.234951724786395663e-04
-5.588960204231773199e-01 2.176095896027927597e-04
-5.589979254502204231e-01 2.234951724786395121e-04
-5.590488779637419192e-01 2.262085026680307753e-04
-5.587941153961343277e-01 2.110689038257460362e-04
-5.590998304772634153e-01 2.287762183110056185e-04
-5.592526880178280146e-01 2.356519322744944438e-04
-5.593036405313495107e-01 2.376813242123630417e-04
-5.594055455583926140e-01 2.413665257457460033e-04
-5.588960204231773199e-01 2.176095896027927597e-04
-5.590998304772634153e-01 2.287762183110056728e-04
-5.591507829907849114e-01 2.312031709933367609e-04
-5.594055455583926140e-01 2.413665257457460846e-04
-5.591507829907849114e-01 2.312031709933367338e-04
-5.585393528285266251e-01 1.913943529156779952e-04
-5.586922103690912245e-01 2.038100540860909545e-04
-5.585903053420482323e-01 1.957531645726723649e-04
-5.591507829907849114e-01 2.312031709933367609e-04
-5.589979254502204231e-01 2.234951724786395663e-04
-5.587431628826127206e-01 2.075337845767052871e-04
-5.587431628826127206e-01 2.075337845767052871e-04
-5.586922103690912245e-01 2.038100540860909545e-04
-5.592526880178280146e-01 2.356519322744944167e-04
-5.589979254502204231e-01 2.234951724786395663e-04
-5.592526880178280146e-01 2.356519322744944167e-04
-5.588960204231773199e-01 2.176095896027927055e-04
-5.592017355043065185e-01 2.334937500606389603e-04
-5.593545930448710068e-01 2.395851986273333893e-04
-5.595584030989571023e-01 2.460009304094030211e-04
-5.592526880178280146e-01 2.356519322744944167e-04
-5.586922103690912245e-01 2.038100540860909545e-04
-5.591507829907849114e-01 2.312031709933367609e-04
-5.589469729366988160e-01 2.206308554815440367e-04
-5.592526880178280146e-01 2.356519322744944167e-04
-5.587941153961343277e-01 2.110689038257460904e-04
-5.589979254502204231e-01 2.234951724786395121e-04
-5.589469729366988160e-01 2.206308554815440367e-04
-5.588450679096558238e-01 2.144247406690528697e-04
-5.594055455583926140e-01 2.413665257457460846e-04
-5.590998304772634153e-01 2.287762183110056185e-04
-5.593036405313495107e-01 2.376813242123630688e-04
-5.589469729366988160e-01 2.206308554815440367e-04
-5.593545930448710068e-01 2.395851986273333893e-04
-5.594055455583926140e-01 2.413665257457460846e-04
-5.589469729366988160e-01 2.206308554815440367e-04
-5.589979254502204231e-01 2.234951724786395663e-04
-5.591507829907849114e-01 2.312031709933367609e-04
-5.588450679096558238e-01 2.144247406690528155e-04
-5.588960204231773199e-01 2.176095896027927597e-04
-5.589979254502204231e-01 2.234951724786395121e-04
-5.588450679096558238e-01 2.144247406690528697e-04
-5.584884003150051290e-01 1.867950000485111791e-04
-5.585903053420482323e-01 1.957531645726723107e-04
-5.587941153961343277e-01 2.110689038257460904e-04
-5.588960204231773199e-01 2.176095896027927055e-04
-5.594055455583926140e-01 2.413665257457460575e-04
-5.591507829907849114e-01 2.312031709933367609e-04
-5.590488779637419192e-01 2.262085026680307753e-04
-5.592017355043065185e-01 2.334937500606389603e-04
-5.592526880178280146e-01 2.356519322744944167e-04
-5.593036405313495107e-01 2.376813242123630688e-04
-5.590488779637419192e-01 2.262085026680307753e-04
-5.586412578555697284e-01 1.998871716237366446e-04
-5.589469729366988160e-01 2.206308554815440367e-04
-5.586922103690912245e-01 2.038100540860910087e-04
-5.585903053420482323e-01 1.957531645726723920e-04
-5.592526880178280146e-01 2.356519322744944167e-04
-5.591507829907849114e-01 2.312031709933367609e-04
-5.589979254502204231e-01 2.234951724786395121e-04
-5.590998304772634153e-01 2.287762183110056728e-04
-5.592526880178280146e-01 2.356519322744944167e-04
-5.592526880178280146e-01 2.356519322744944167e-04
-5.588960204231773199e-01 2.176095896027927597e-04
-5.595584030989571023e-01 2.460009304094029669e-04
-5.589469729366988160e-01 2.206308554815440367e-04
-5.593036405313495107e-01 2.376813242123630417e-04
-5.587941153961343277e-01 2.110689038257460362e-04
-5.593036405313495107e-01 2.376813242123630417e-04
-5.586922103690912245e-01 2.038100540860910087e-04
-5.589469729366988160e-01 2.206308554815440367e-04
-5.589469729366988160e-01 2.206308554815440367e-04
-5.587941153961343277e-01 2.110689038257460362e-04
-5.587431628826127206e-01 2.075337845767052871e-04
-5.587941153961343277e-01 2.110689038257460362e-04
-5.584884003150051290e-01 1.867950000485111520e-04
-5.590998304772634153e-01 2.287762183110056185e-04
-5.594564980719141101e-01 2.430280002945377010e-04
-5.592526880178280146e-01 2.464227068535382054e-04
-5.593036405313495107e-01 2.376813242123630417e-04
-5.591507829907849114e-01 2.312031709933367609e-04
-5.594055455583926140e-01 2.413665257457460575e-04
-5.589469729366988160e-01 2.206308554815440367e-04
-5.587941153961343277e-01 2.110689038257460904e-04
-5.589979254502204231e-01 2.234951724786395663e-04
-5.585903053420482323e-01 1.957531645726723649e-04
-5.590998304772634153e-01 2.287762183110056185e-04
-5.587941153961343277e-01 2.110689038257460362e-04
-5.587941153961343277e-01 2.110689038257460362e-04
-5.592017355043065185e-01 2.334937500606389603e-04
-5.587431628826127206e-01 2.075337845767052871e-04
-5.588960204231773199e-01 2.176095896027927597e-04
-5.591507829907849114e-01 2.312031709933367609e-04
-5.590488779637419192e-01 2.262085026680307753e-04
-5.593036405313495107e-01 2.376813242123630417e-04
-5.589469729366988160e-01 2.206308554815440367e-04
-5.592526880178280146e-01 2.356519322744944438e-04
-5.593036405313495107e-01 2.376813242123630417e-04
-5.589469729366988160e-01 2.206308554815440367e-04
-5.591507829907849114e-01 2.312031709933367609e-04
-5.589469729366988160e-01 2.206308554815440367e-04
-5.591507829907849114e-01 2.312031709933367609e-04
-5.588960204231773199e-01 2.176095896027927597e-04
-5.585393528285266251e-01 2.045094511173823986e-04
-5.588450679096558238e-01 2.144247406690528697e-04
-5.584884003150051290e-01 1.867950000485111791e-04
-5.590998304772634153e-01 2.287762183110056728e-04
-5.588450679096558238e-01 2.144247406690528697e-04
-5.589469729366988160e-01 2.206308554815440367e-04
-5.590998304772634153e-01 2.287762183110056185e-04
-5.590488779637419192e-01 2.262085026680307753e-04
-5.588960204231773199e-01 2.176095896027927597e-04
-5.590998304772634153e-01 2.287762183110056728e-04
-5.588960204231773199e-01 2.176095896027927597e-04
-5.589469729366988160e-01 2.206308554815440367e-04
-5.587431628826127206e-01 2.075337845767052871e-04
-5.585903053420482323e-01 1.957531645726723649e-04
-5.585393528285266251e-01 1.913943529156779952e-04
-5.586412578555697284e-01 1.998871716237366446e-04
-5.586922103690912245e-01 2.038100540860910087e-04
-5.586412578555697284e-01 1.998871716237366446e-04
-5.588960204231773199e-01 2.176095896027927597e-04
-5.588450679096558238e-01 2.144247406690528697e-04
-5.584884003150051290e-01 1.867950000485111520e-04
-5.588960204231773199e-01 2.176095896027927597e-04
-5.588450679096558238e-01 2.144247406690528697e-04
-5.590998304772634153e-01 2.287762183110056185e-04
-5.585393528285266251e-01 1.913943529156780224e-04
-5.588450679096558238e-01 2.144247406690528697e-04
-5.586412578555697284e-01 1.998871716237366988e-04
-5.587431628826127206e-01 2.075337845767052871e-04
-5.586412578555697284e-01 1.998871716237366988e-04
-5.588450679096558238e-01 2.144247406690528697e-04
-5.585393528285266251e-01 1.913943529156779952e-04
-5.587431628826127206e-01 2.075337845767052871e-04
-5.587431628826127206e-01 2.075337845767052871e-04
-5.587431628826127206e-01 2.075337845767052871e-04
-5.587431628826127206e-01 2.075337845767052871e-04
-5.585903053420482323e-01 1.957531645726723649e-04
-5.585903053420482323e-01 1.957531645726723649e-04
-5.588960204231773199e-01 2.176095896027927597e-04
-5.590998304772634153e-01 2.287762183110056728e-04
-5.588450679096558238e-01 2.144247406690528697e-04
-5.592526880178280146e-01 2.356519322744944167e-04
-5.589469729366988160e-01 2.206308554815440367e-04
-5.588450679096558238e-01 2.144247406690528697e-04
-5.590998304772634153e-01 2.287762183110056728e-04
-5.587431628826127206e-01 2.075337845767052871e-04
-5.585393528285266251e-01 1.913943529156779952e-04
-5.586412578555697284e-01 2.124787016339733275e-04
-5.587941153961343277e-01 2.110689038257460362e-04
-5.586412578555697284e-01 1.998871716237366988e-04
-5.584374478014836329e-01 1.819368642841582401e-04
-5.587431628826127206e-01 2.075337845767052871e-04
-5.588450679096558238e-01 2.144247406690528697e-04
-5.588450679096558238e-01 2.144247406690528697e-04
-5.588450679096558238e-01 2.144247406690528697e-04
-5.590488779637419192e-01 2.262085026680307753e-04
-5.587941153961343277e-01 2.110689038257460362e-04
-5.591507829907849114e-01 2.312031709933367609e-04
-5.588450679096558238e-01 2.144247406690528697e-04
-5.586412578555697284e-01 1.998871716237366446e-04
-5.589979254502204231e-01 2.234951724786395121e-04
-5.586922103690912245e-01 2.038100540860909545e-04
-5.585903053420482323e-01 1.957531645726723649e-04
-5.584374478014836329e-01 1.819368642841582672e-04
-5.587431628826127206e-01 2.075337845767052871e-04
-5.586922103690912245e-01 2.038100540860909545e-04
-5.585393528285266251e-01 1.913943529156779952e-04
-5.586412578555697284e-01 1.998871716237366988e-04
-5.589469729366988160e-01 2.206308554815440367e-04
-5.588960204231773199e-01 2.176095896027927597e-04
-5.587941153961343277e-01 2.110689038257460904e-04
-5.589469729366988160e-01 2.320997450641423419e-04
-5.588450679096558238e-01 2.144247406690528697e-04
-5.586922103690912245e-01 2.038100540860909545e-04
-5.589979254502204231e-01 2.234951724786395121e-04
-5.586412578555697284e-01 1.998871716237366988e-04
-5.585393528285266251e-01 1.913943529156779952e-04
-5.584374478014836329e-01 1.819368642841582401e-04
-5.584374478014836329e-01 1.819368642841582401e-04
-5.585393528285266251e-01 1.913943529156780224e-04
-5.585903053420482323e-01 1.957531645726723649e-04
-5.585903053420482323e-01 1.957531645726723107e-04
-5.584884003150051290e-01 1.867950000485111520e-04
-5.581826852338760414e-01 1.528575405645682362e-04
-5.584374478014836329e-01 1.819368642841582672e-04
-5.585903053420482323e-01 1.957531645726723649e-04
-5.585903053420482323e-01 1.957531645726723107e-04
-5.582845902609190336e-01 1.655760706646335566e-04
-5.583355427744405297e-01 1.713550528941601772e-04
-5.583355427744405297e-01 1.858894064240411859e-04
-5.584884003150051290e-01 2.002116113302252636e-04
-5.585903053420482323e-01 1.957531645726723107e-04
-5.585393528285266251e-01 2.045094511173823986e-04
-5.584884003150051290e-01 1.867950000485111520e-04
-5.583355427744405297e-01 1.713550528941602043e-04
-5.582845902609190336e-01 1.944224002356301499e-04
-5.583355427744405297e-01 1.858894064240411588e-04
-5.581317327203545453e-01 1.919361639158811126e-04
-5.582336377473975375e-01 1.892115946898593700e-04
-5.583864952879621368e-01 1.767986141215420687e-04
-5.581826852338760414e-01 1.689903694764010461e-04
-5.585393528285266251e-01 1.913943529156780224e-04
-5.583864952879621368e-01 1.909190069731660829e-04
-5.583355427744405297e-01 2.119894005777793271e-04
-5.579788751797899460e-01 2.258064560080628254e-04
-5.580807802068329382e-01 1.996922547839858589e-04
-5.579788751797899460e-01 2.580029212623124362e-04
-5.572145874769670604e-01 2.979306357224163477e-04
-5.558898221254074956e-01 3.171768388040607832e-04
-5.550745819090631139e-01 3.417618717044098773e-04
-5.534441014763743505e-01 4.326765525301164974e-04
-5.504888556921264664e-01 6.326940017111015811e-04
-5.442726490425013885e-01 9.975638155326634580e-04
-4.149551697248834436e-01 9.478124880812420494e-03
3.270662846890119990e-01 5.635953864771516691e-02
1.828687810681727255e+00 1.476995230294526895e-01
2.287769957510623176e+00 1.643059593386855810e-01
2.335818177761416425e+00 1.655492138039469929e-01
2.361396339549219014e+00 1.666994704890061019e-01
2.029746429037645683e+00 1.522404948645129652e-01
7.824288980308362618e-01 7.715134283806819593e-02
-2.519580789695410883e-01 1.908237956931410628e-02
-5.338783362841114100e-01 7.098875632640421537e-04
-5.484507551512656232e-01 4.652888011790356658e-04
-5.533421964493313583e-01 3.557565648239631949e-04
-5.551255344225846100e-01 2.743876826511492187e-04
-5.562464897200581904e-01 2.606060434250338917e-04
-5.567050623417518773e-01 2.762265415523833625e-04
-5.570107774228809649e-01 2.352108426369201933e-04
-5.575203025580962590e-01 2.329928690760848414e-04
-5.576222075851392512e-01 1.972724459372690901e-04
-5.577241126121823545e-01 1.689135382064709814e-04
-5.579788751797899460e-01 2.015041464543035192e-04
-5.582845902609190336e-01 2.073460561035716208e-04
-5.582336377473975375e-01 2.024681328836751737e-04
-5.583864952879621368e-01 1.909190069731660829e-04
-5.585903053420482323e-01 1.957531645726723649e-04
-5.583355427744405297e-01 1.713550528941602043e-04
-5.584374478014836329e-01 1.819368642841582401e-04
-5.579788751797899460e-01 1.210055151497972209e-04
-5.583355427744405297e-01 1.993669699047569881e-04
-5.583355427744405297e-01 1.713550528941602043e-04
-5.585903053420482323e-01 1.957531645726723649e-04
-5.585903053420482323e-01 1.957531645726723649e-04
-5.582845902609190336e-01 1.655760706646335566e-04
-5.582845902609190336e-01 1.805761679875327117e-04
-5.580298276933114421e-01 1.651836167573275899e-04
-5.582845902609190336e-01 1.655760706646335566e-04
-5.585393528285266251e-01 2.045094511173823986e-04
-5.584884003150051290e-01 2.002116113302252636e-04
-5.585393528285266251e-01 2.045094511173823986e-04
-5.587431628826127206e-01 2.075337845767052871e-04
-5.584374478014836329e-01 1.819368642841582401e-04
-5.589979254502204231e-01 2.234951724786395121e-04
-5.586922103690912245e-01 2.038100540860909545e-04
-5.585393528285266251e-01 1.913943529156780224e-04
-5.583864952879621368e-01 1.767986141215420687e-04
-5.584884003150051290e-01 1.867950000485111520e-04
-5.588450679096558238e-01 2.144247406690528697e-04
-5.584884003150051290e-01 1.867950000485111520e-04
-5.585903053420482323e-01 1.957531645726723649e-04
-5.586412578555697284e-01 1.998871716237366446e-04
-5.586412578555697284e-01 1.998871716237366988e-04
-5.589979254502204231e-01 2.234951724786395121e-04
-5.589469729366988160e-01 2.206308554815440367e-04
-5.586922103690912245e-01 2.038100540860909545e-04
-5.588450679096558238e-01 2.144247406690528697e-04
-5.589469729366988160e-01 2.206308554815440367e-04
-5.589469729366988160e-01 2.206308554815440638e-04
-5.591507829907849114e-01 2.312031709933367609e-04
-5.590998304772634153e-01 2.287762183110056728e-04
-5.589469729366988160e-01 2.206308554815439825e-04
-5.584374478014836329e-01 1.819368642841582401e-04
-5.589469729366988160e-01 2.206308554815440367e-04
-5.585393528285266251e-01 1.913943529156779952e-04
-5.588960204231773199e-01 2.176095896027927597e-04
-5.587431628826127206e-01 2.075337845767052871e-04
-5.588960204231773199e-01 2.176095896027927597e-04
-5.585393528285266251e-01 1.913943529156779681e-04
-5.590998304772634153e-01 2.287762183110056728e-04
-5.592017355043065185e-01 2.334937500606389603e-04
-5.587941153961343277e-01 2.110689038257460904e-04
-5.589469729366988160e-01 2.206308554815440367e-04
-5.589979254502204231e-01 2.234951724786395121e-04
-5.589469729366988160e-01 2.206308554815440367e-04
-5.587431628826127206e-01 2.075337845767052871e-04
-5.589469729366988160e-01 2.206308554815440367e-04
-5.590998304772634153e-01 2.287762183110056728e-04
-5.587431628826127206e-01 2.075337845767052871e-04
-5.586922103690912245e-01 2.038100540860909545e-04
-5.587941153961343277e-01 2.110689038257460904e-04
-5.589469729366988160e-01 2.206308554815440367e-04
-5.590488779637419192e-01 2.262085026680307753e-04
-5.585393528285266251e-01 1.913943529156779681e-04
-5.587941153961343277e-01 2.110689038257460362e-04
-5.589979254502204231e-01 2.234951724786395663e-04
-5.592526880178280146e-01 2.356519322744944167e-04
-5.592526880178280146e-01 2.356519322744944167e-04
-5.589979254502204231e-01 2.234951724786395121e-04
-5.592017355043065185e-01 2.334937500606389603e-04
-5.591507829907849114e-01 2.312031709933367609e-04
-5.589979254502204231e-01 2.234951724786395121e-04
-5.592526880178280146e-01 2.356519322744944438e-04
-5.587431628826127206e-01 2.075337845767052871e-04
-5.591507829907849114e-01 2.312031709933367609e-04
-5.590488779637419192e-01 2.262085026680307753e-04
-5.588960204231773199e-01 2.176095896027927055e-04
-5.587431628826127206e-01 2.075337845767052871e-04
-5.587941153961343277e-01 2.110689038257460904e-04
-5.592017355043065185e-01 2.334937500606389603e-04
-5.588960204231773199e-01 2.176095896027927597e-04
-5.594564980719141101e-01 2.430280002945377010e-04
-5.588960204231773199e-01 2.292296899518423867e-04
-5.585393528285266251e-01 1.913943529156779952e-04
-5.590488779637419192e-01 2.262085026680307753e-04
-5.595074505854356062e-01 2.445720649033091562e-04
-5.595584030989571023e-01 2.460009304094030211e-04
-5.589979254502204231e-01 2.234951724786395663e-04
-5.590998304772634153e-01 2.287762183110056728e-04
-5.590488779637419192e-01 2.262085026680307753e-04
-5.590998304772634153e-01 2.287762183110056728e-04
-5.586922103690912245e-01 2.038100540860910087e-04
-5.589979254502204231e-01 2.234951724786395121e-04
-5.591507829907849114e-01 2.312031709933367609e-04
-5.588960204231773199e-01 2.176095896027927597e-04
-5.589469729366988160e-01 2.206308554815440367e-04
-5.591507829907849114e-01 2.312031709933367609e-04
-5.596093556124785984e-01 2.473165935007842460e-04
-5.588450679096558238e-01 2.144247406690528697e-04
-5.590488779637419192e-01 2.262085026680307753e-04
-5.592526880178280146e-01 2.356519322744944167e-04
-5.594564980719141101e-01 2.430280002945377010e-04
-5.590998304772634153e-01 2.287762183110056185e-04
-5.594055455583926140e-01 2.413665257457460846e-04
-5.588450679096558238e-01 2.144247406690528697e-04
-5.589469729366988160e-01 2.206308554815440367e-04
-5.591507829907849114e-01 2.312031709933367609e-04
-5.588450679096558238e-01 2.144247406690528697e-04
-5.589979254502204231e-01 2.234951724786395663e-04
-5.585903053420482323e-01 1.957531645726723107e-04
-5.588960204231773199e-01 2.176095896027927868e-04
-5.592526880178280146e-01 2.356519322744944167e-04
-5.589469729366988160e-01 2.206308554815440367e-04
-5.590998304772634153e-01 2.287762183110056185e-04
-5.588450679096558238e-01 2.144247406690528697e-04
-5.593036405313495107e-01 2.376813242123630417e-04
-5.593545930448710068e-01 2.395851986273333893e-04
-5.588450679096558238e-01 2.144247406690528697e-04
-5.586922103690912245e-01 2.038100540860909545e-04
-5.588960204231773199e-01 2.176095896027927597e-04
-5.589469729366988160e-01 2.206308554815440367e-04
-5.588960204231773199e-01 2.176095896027927597e-04
-5.589469729366988160e-01 2.206308554815439825e-04
-5.589469729366988160e-01 2.206308554815440367e-04
-5.586922103690912245e-01 2.038100540860910087e-04
-5.590488779637419192e-01 2.262085026680307753e-04
-5.590488779637419192e-01 2.262085026680307753e-04
-5.587431628826127206e-01 2.075337845767052871e-04
-5.589469729366988160e-01 2.206308554815440367e-04
-5.587431628826127206e-01 2.075337845767052871e-04
-5.591507829907849114e-01 2.312031709933367609e-04
-5.588960204231773199e-01 2.292296899518424138e-04
-5.592017355043065185e-01 2.334937500606389603e-04
-5.586922103690912245e-01 2.038100540860909545e-04
-5.593545930448710068e-01 2.395851986273333893e-04
-5.592017355043065185e-01 2.334937500606389603e-04
-5.589469729366988160e-01 2.206308554815440367e-04
-5.587941153961343277e-01 2.110689038257460362e-04
-5.588450679096558238e-01 2.144247406690528697e-04
-5.590488779637419192e-01 2.262085026680307753e-04
-5.587431628826127206e-01 2.075337845767052871e-04
-5.589469729366988160e-01 2.206308554815440367e-04
-5.587941153961343277e-01 2.110689038257460362e-04
-5.588450679096558238e-01 2.144247406690528697e-04
-5.595584030989571023e-01 2.460009304094029669e-04
-5.590488779637419192e-01 2.262085026680307753e-04
-5.592526880178280146e-01 2.356519322744944167e-04
-5.590488779637419192e-01 2.262085026680307753e-04
-5.592017355043065185e-01 2.334937500606390146e-04
-5.590488779637419192e-01 2.262085026680307753e-04
-5.588450679096558238e-01 2.144247406690528697e-04
-5.592017355043065185e-01 2.334937500606389603e-04
-5.588450679096558238e-01 2.144247406690528697e-04
-5.588960204231773199e-01 2.176095896027927597e-04
-5.583864952879621368e-01 1.767986141215420687e-04
-5.586922103690912245e-01 2.038100540860909545e-04
-5.587431628826127206e-01 2.075337845767052871e-04
-5.589979254502204231e-01 2.234951724786395121e-04
-5.590488779637419192e-01 2.262085026680307753e-04
-5.588960204231773199e-01 2.176095896027927055e-04
-5.591507829907849114e-01 2.312031709933367609e-04
-5.592017355043065185e-01 2.334937500606389603e-04
-5.588960204231773199e-01 2.176095896027927597e-04
-5.594055455583926140e-01 2.413665257457460846e-04
-5.594055455583926140e-01 2.413665257457460846e-04
-5.594055455583926140e-01 2.413665257457460846e-04
-5.593036405313495107e-01 2.376813242123630417e-04
-5.591507829907849114e-01 2.312031709933367609e-04
-5.588960204231773199e-01 2.176095896027927597e-04
-5.587941153961343277e-01 2.110689038257460904e-04
-5.589979254502204231e-01 2.234951724786395121e-04
-5.587431628826127206e-01 2.075337845767052871e-04
-5.588450679096558238e-01 2.144247406690528697e-04
-5.588450679096558238e-01 2.144247406690528697e-04
-5.589979254502204231e-01 2.234951724786395663e-04
-5.589979254502204231e-01 2.234951724786395121e-04
-5.590488779637419192e-01 2.262085026680307753e-04
-5.592526880178280146e-01 2.356519322744944167e-04
-5.590998304772634153e-01 2.287762183110056728e-04
-5.593545930448710068e-01 2.395851986273333893e-04
-5.589469729366988160e-01 2.206308554815440638e-04
-5.589469729366988160e-01 2.206308554815440367e-04
-5.592526880178280146e-01 2.356519322744944167e-04
-5.589979254502204231e-01 2.234951724786395121e-04
-5.589469729366988160e-01 2.206308554815440367e-04
-5.588960204231773199e-01 2.176095896027927597e-04
-5.588450679096558238e-01 2.144247406690528697e-04
-5.587431628826127206e-01 2.075337845767052871e-04
-5.587941153961343277e-01 2.110689038257460362e-04
-5.591507829907849114e-01 2.312031709933367609e-04
-5.590488779637419192e-01 2.262085026680307753e-04
-5.589469729366988160e-01 2.206308554815439825e-04
-5.592017355043065185e-01 2.334937500606389603e-04
-5.590488779637419192e-01 2.262085026680307753e-04
-5.589979254502204231e-01 2.234951724786395121e-04
-5.594055455583926140e-01 2.413665257457460575e-04
-5.590998304772634153e-01 2.287762183110056728e-04
-5.589469729366988160e-01 2.206308554815440367e-04
-5.594055455583926140e-01 2.413665257457460575e-04
-5.591507829907849114e-01 2.312031709933367609e-04
-5.589469729366988160e-01 2.206308554815440367e-04
-5.587431628826127206e-01 2.075337845767052871e-04
-5.590488779637419192e-01 2.262085026680307753e-04
-5.590488779637419192e-01 2.262085026680307753e-04
-5.586922103690912245e-01 2.038100540860909545e-04
-5.588960204231773199e-01 2.176095896027927597e-04
-5.587941153961343277e-01 2.110689038257460362e-04
-5.594564980719141101e-01 2.430280002945377010e-04
-5.592526880178280146e-01 2.356519322744944167e-04
-5.590998304772634153e-01 2.287762183110056185e-04
-5.592526880178280146e-01 2.356519322744944167e-04
-5.589469729366988160e-01 2.206308554815440638e-04
-5.594564980719141101e-01 2.430280002945377010e-04
-5.592526880178280146e-01 2.356519322744944167e-04
-5.590488779637419192e-01 2.262085026680307753e-04
-5.588960204231773199e-01 2.176095896027927597e-04
-5.588960204231773199e-01 2.176095896027927597e-04
-5.590488779637419192e-01 2.262085026680307753e-04
-5.588960204231773199e-01 2.176095896027927597e-04
-5.588960204231773199e-01 2.176095896027927055e-04
-5.585903053420482323e-01 1.957531645726723649e-04
-5.587941153961343277e-01 2.110689038257460904e-04
-5.587431628826127206e-01 2.075337845767052871e-04
-5.593545930448710068e-01 2.395851986273333893e-04
-5.594055455583926140e-01 2.413665257457460575e-04
-5.592526880178280146e-01 2.356519322744944167e-04
-5.592526880178280146e-01 2.356519322744944167e-04
-5.595074505854356062e-01 2.445720649033091562e-04
-5.593545930448710068e-01 2.395851986273333893e-04
-5.590488779637419192e-01 2.262085026680307753e-04
-5.587941153961343277e-01 2.110689038257460362e-04
-5.586412578555697284e-01 1.998871716237366988e-04
-5.587941153961343277e-01 2.110689038257460362e-04
-5.587941153961343277e-01 2.110689038257460362e-04
-5.587941153961343277e-01 2.110689038257460904e-04
-5.587941153961343277e-01 2.110689038257460904e-04
-5.587941153961343277e-01 2.110689038257460904e-04
-5.588450679096558238e-01 2.144247406690528697e-04
-5.588450679096558238e-01 2.144247406690528697e-04
-5.594055455583926140e-01 2.413665257457460846e-04
-5.591507829907849114e-01 2.312031709933367609e-04
-5.590998304772634153e-01 2.287762183110056728e-04
-5.594564980719141101e-01 2.430280002945377010e-04
-5.596093556124785984e-01 2.473165935007842460e-04
-5.590998304772634153e-01 2.287762183110056185e-04
-5.591507829907849114e-01 2.312031709933367609e-04
-5.591507829907849114e-01 2.312031709933367609e-04
-5.591507829907849114e-01 2.312031709933367609e-04
-5.588960204231773199e-01 2.176095896027927597e-04
-5.587941153961343277e-01 2.110689038257460904e-04
-5.589469729366988160e-01 2.206308554815440367e-04
-5.587431628826127206e-01 2.075337845767052871e-04
-5.587941153961343277e-01 2.110689038257460904e-04
-5.591507829907849114e-01 2.312031709933367609e-04
-5.588450679096558238e-01 2.144247406690528697e-04
-5.592017355043065185e-01 2.334937500606389603e-04
-5.590998304772634153e-01 2.287762183110056185e-04
-5.588450679096558238e-01 2.144247406690528697e-04
-5.592526880178280146e-01 2.356519322744944167e-04
-5.592526880178280146e-01 2.356519322744944167e-04
-5.594055455583926140e-01 2.413665257457460846e-04
-5.590998304772634153e-01 2.287762183110056728e-04
-5.592526880178280146e-01 2.356519322744944438e-04
-5.588450679096558238e-01 2.144247406690528697e-04
-5.587431628826127206e-01 2.075337845767052871e-04
-5.588960204231773199e-01 2.176095896027927597e-04
-5.593545930448710068e-01 2.395851986273333893e-04
-5.586412578555697284e-01 1.998871716237366446e-04
-5.589469729366988160e-01 2.206308554815440367e-04
-5.588960204231773199e-01 2.176095896027927055e-04
-5.590488779637419192e-01 2.262085026680307753e-04
-5.590998304772634153e-01 2.287762183110056185e-04
-5.594564980719141101e-01 2.430280002945377010e-04
-5.590488779637419192e-01 2.262085026680307753e-04
-5.590998304772634153e-01 2.287762183110056728e-04
-5.587431628826127206e-01 2.075337845767052871e-04
-5.588960204231773199e-01 2.176095896027927597e-04
-5.590488779637419192e-01 2.262085026680308295e-04
-5.586412578555697284e-01 1.998871716237366988e-04
-5.588960204231773199e-01 2.176095896027927597e-04
-5.586922103690912245e-01 2.038100540860909545e-04
-5.587941153961343277e-01 2.110689038257460904e-04
-5.593545930448710068e-01 2.395851986273333893e-04
-5.591507829907849114e-01 2.312031709933367609e-04
-5.588450679096558238e-01 2.144247406690528697e-04
-5.586412578555697284e-01 1.998871716237366988e-04
-5.593036405313495107e-01 2.376813242123630688e-04
-5.592017355043065185e-01 2.334937500606389603e-04
-5.590488779637419192e-01 2.262085026680307753e-04
-5.590488779637419192e-01 2.262085026680307753e-04
-5.589979254502204231e-01 2.234951724786395121e-04
-5.590998304772634153e-01 2.287762183110056185e-04
-5.594055455583926140e-01 2.413665257457460846e-04
-5.593036405313495107e-01 2.376813242123630417e-04
-5.587431628826127206e-01 2.075337845767052871e-04
-5.589469729366988160e-01 2.206308554815440367e-04
-5.588960204231773199e-01 2.176095896027927597e-04
-5.586922103690912245e-01 2.038100540860910087e-04
-5.590998304772634153e-01 2.287762183110056728e-04
-5.588960204231773199e-01 2.176095896027927597e-04
-5.589469729366988160e-01 2.206308554815440367e-04
-5.588450679096558238e-01 2.144247406690528697e-04
-5.593036405313495107e-01 2.376813242123630417e-04
-5.594564980719141101e-01 2.430280002945377010e-04
-5.593036405313495107e-01 2.376813242123630417e-04
-5.592017355043065185e-01 2.334937500606389332e-04
-5.589979254502204231e-01 2.234951724786395121e-04
-5.592526880178280146e-01 2.356519322744944167e-04
-5.587431628826127206e-01 2.075337845767052871e-04
-5.593036405313495107e-01 2.376813242123629875e-04
-5.587941153961343277e-01 2.110689038257460362e-04
-5.588450679096558238e-01 2.144247406690528697e-04
-5.584374478014836329e-01 1.819368642841582672e-04
-5.588450679096558238e-01 2.144247406690528697e-04
-5.588960204231773199e-01 2.176095896027927597e-04
-5.587431628826127206e-01 2.075337845767052871e-04
-5.589979254502204231e-01 2.234951724786395663e-04
-5.588960204231773199e-01 2.176095896027927055e-04
-5.590488779637419192e-01 2.262085026680307753e-04
-5.588450679096558238e-01 2.144247406690528697e-04
-5.589979254502204231e-01 2.234951724786395121e-04
-5.590998304772634153e-01 2.287762183110056185e-04
-5.594564980719141101e-01 2.430280002945377010e-04
-5.595074505854356062e-01 2.445720649033091562e-04
-5.593545930448710068e-01 2.395851986273333893e-04
-5.589469729366988160e-01 2.206308554815440367e-04
-5.589979254502204231e-01 2.234951724786395121e-04
-5.589469729366988160e-01 2.206308554815440367e-04
-5.589979254502204231e-01 2.234951724786395121e-04
-5.586412578555697284e-01 1.998871716237366988e-04
-5.590488779637419192e-01 2.262085026680308295e-04
-5.590998304772634153e-01 2.287762183110056728e-04
-5.590998304772634153e-01 2.287762183110056728e-04
-5.591507829907849114e-01 2.312031709933367609e-04
-5.594055455583926140e-01 2.413665257457460846e-04
-5.591507829907849114e-01 2.312031709933367609e-04
-5.592017355043065185e-01 2.334937500606389603e-04
-5.592017355043065185e-01 2.334937500606389603e-04
-5.592526880178280146e-01 2.356519322744944167e-04
-5.593036405313495107e-01 2.376813242123630688e-04
-5.591507829907849114e-01 2.312031709933367609e-04
-5.592526880178280146e-01 2.356519322744944167e-04
-5.587431628826127206e-01 2.075337845767052871e-04
-5.586412578555697284e-01 1.998871716237366988e-04
-5.589979254502204231e-01 2.234951724786395663e-04
-5.586922103690912245e-01 2.038100540860910087e-04
-5.587431628826127206e-01 2.075337845767052328e-04
-5.590488779637419192e-01 2.262085026680307753e-04
-5.586922103690912245e-01 2.038100540860909545e-04
-5.587431628826127206e-01 2.075337845767052871e-04
-5.592017355043065185e-01 2.334937500606389603e-04
-5.586412578555697284e-01 1.998871716237366446e-04
-5.585903053420482323e-01 1.957531645726723649e-04
-5.587941153961343277e-01 2.110689038257460904e-04
-5.589979254502204231e-01 2.234951724786395121e-04
-5.585903053420482323e-01 1.957531645726723107e-04
-5.590998304772634153e-01 2.287762183110056185e-04
-5.588960204231773199e-01 2.176095896027927597e-04
-5.589469729366988160e-01 2.206308554815440367e-04
-5.587941153961343277e-01 2.110689038257460904e-04
-5.589979254502204231e-01 2.234951724786395663e-04
-5.590488779637419192e-01 2.262085026680307753e-04
-5.587431628826127206e-01 2.075337845767052871e-04
-5.588960204231773199e-01 2.176095896027927868e-04
-5.589979254502204231e-01 2.234951724786395121e-04
-5.588450679096558238e-01 2.144247406690528697e-04
-5.594564980719141101e-01 2.430280002945377010e-04
-5.594055455583926140e-01 2.413665257457460846e-04
-5.590488779637419192e-01 2.262085026680307753e-04
-5.592526880178280146e-01 2.356519322744944167e-04
-5.592017355043065185e-01 2.334937500606389603e-04
-5.590488779637419192e-01 2.262085026680307753e-04
-5.590488779637419192e-01 2.262085026680307753e-04
-5.585903053420482323e-01 1.957531645726723649e-04
-5.587941153961343277e-01 2.110689038257460362e-04
-5.589979254502204231e-01 2.234951724786395663e-04
-5.586412578555697284e-01 1.998871716237366988e-04
-5.589979254502204231e-01 2.234951724786395121e-04
-5.588960204231773199e-01 2.176095896027927597e-04
-5.590488779637419192e-01 2.262085026680307753e-04
-5.589979254502204231e-01 2.234951724786395663e-04
-5.594055455583926140e-01 2.413665257457460846e-04
-5.590488779637419192e-01 2.262085026680307753e-04
-5.592017355043065185e-01 2.334937500606389603e-04
-5.590488779637419192e-01 2.262085026680307753e-04
-5.588450679096558238e-01 2.144247406690528697e-04
-5.588960204231773199e-01 2.176095896027927055e-04
-5.591507829907849114e-01 2.312031709933367338e-04
-5.593545930448710068e-01 2.395851986273333893e-04
-5.588450679096558238e-01 2.144247406690528697e-04
-5.586412578555697284e-01 1.998871716237366446e-04
-5.590488779637419192e-01 2.262085026680307753e-04
-5.587431628826127206e-01 2.075337845767052871e-04
-5.588450679096558238e-01 2.144247406690528697e-04
-5.589979254502204231e-01 2.234951724786395121e-04
-5.589469729366988160e-01 2.206308554815440367e-04
-5.587431628826127206e-01 2.075337845767052871e-04
-5.593545930448710068e-01 2.395851986273333893e-04
-5.594055455583926140e-01 2.413665257457460846e-04
-5.591507829907849114e-01 2.312031709933367609e-04
-5.594055455583926140e-01 2.413665257457460846e-04
-5.588450679096558238e-01 2.144247406690528697e-04
-5.595584030989571023e-01 2.460009304094029669e-04
-5.589979254502204231e-01 2.234951724786395121e-04
-5.586922103690912245e-01 2.038100540860909545e-04
-5.589469729366988160e-01 2.206308554815440367e-04
-5.589469729366988160e-01 2.206308554815440367e-04
-5.588450679096558238e-01 2.144247406690528697e-04
-5.590998304772634153e-01 2.287762183110056185e-04
-5.591507829907849114e-01 2.312031709933367609e-04
-5.588960204231773199e-01 2.176095896027927597e-04
-5.590488779637419192e-01 2.262085026680307753e-04
-5.589979254502204231e-01 2.234951724786395121e-04
-5.592526880178280146e-01 2.356519322744944167e-04
-5.589469729366988160e-01 2.206308554815440367e-04
-5.595584030989571023e-01 2.460009304094029669e-04
-5.588960204231773199e-01 2.176095896027927597e-04
-5.588450679096558238e-01 2.144247406690528697e-04
-5.592017355043065185e-01 2.334937500606389603e-04
-5.593545930448710068e-01 2.395851986273333893e-04
-5.589979254502204231e-01 2.234951724786395121e-04
-5.584374478014836329e-01 1.819368642841582401e-04
-5.584884003150051290e-01 1.867950000485111791e-04
-5.589469729366988160e-01 2.206308554815440367e-04
-5.588960204231773199e-01 2.176095896027927597e-04
-5.587941153961343277e-01 2.110689038257460362e-04
-5.590488779637419192e-01 2.262085026680307753e-04
-5.587941153961343277e-01 2.110689038257460362e-04
-5.591507829907849114e-01 2.312031709933367609e-04
-5.589979254502204231e-01 2.234951724786395121e-04
-5.592526880178280146e-01 2.356519322744944167e-04
-5.589979254502204231e-01 2.234951724786395121e-04
-5.588960204231773199e-01 2.176095896027927055e-04
-5.593036405313495107e-01 2.376813242123630688e-04
-5.590488779637419192e-01 2.262085026680307753e-04
-5.595584030989571023e-01 2.460009304094030211e-04
-5.592526880178280146e-01 2.356519322744944167e-04
-5.588450679096558238e-01 2.144247406690528697e-04
-5.587941153961343277e-01 2.110689038257460362e-04
-5.588960204231773199e-01 2.176095896027927597e-04
-5.588450679096558238e-01 2.144247406690528697e-04
-5.586412578555697284e-01 1.998871716237366446e-04
-5.587431628826127206e-01 2.075337845767052871e-04
-5.586412578555697284e-01 1.998871716237366988e-04
-5.588960204231773199e-01 2.176095896027927055e-04
-5.593036405313495107e-01 2.376813242123630417e-04
-5.592526880178280146e-01 2.356519322744944167e-04
-5.590998304772634153e-01 2.287762183110056728e-04
-5.592526880178280146e-01 2.356519322744944167e-04
-5.595074505854356062e-01 2.445720649033091562e-04
-5.589469729366988160e-01 2.206308554815440367e-04
-5.591507829907849114e-01 2.312031709933367609e-04
-5.588960204231773199e-01 2.176095896027927597e-04
-5.588450679096558238e-01 2.144247406690528697e-04
-5.586922103690912245e-01 2.038100540860910087e-04
-5.588960204231773199e-01 2.176095896027927597e-04
-5.591507829907849114e-01 2.312031709933367609e-04
-5.590488779637419192e-01 2.262085026680307753e-04
-5.589469729366988160e-01 2.206308554815440638e-04
-5.588960204231773199e-01 2.176095896027927597e-04
-5.592526880178280146e-01 2.356519322744944167e-04
-5.591507829907849114e-01 2.312031709933367609e-04
-5.592526880178280146e-01 2.356519322744944167e-04
-5.591507829907849114e-01 2.312031709933367609e-04
-5.592526880178280146e-01 2.356519322744944167e-04
-5.593545930448710068e-01 2.395851986273333893e-04
-5.592017355043065185e-01 2.334937500606389603e-04
-5.592526880178280146e-01 2.356519322744944167e-04
-5.587941153961343277e-01 2.110689038257460362e-04
-5.584374478014836329e-01 1.819368642841582401e-04
-5.587941153961343277e-01 2.110689038257460904e-04
-5.588960204231773199e-01 2.176095896027927597e-04
-5.588450679096558238e-01 2.144247406690528697e-04
-5.586412578555697284e-01 1.998871716237366446e-04
-5.585903053420482323e-01 1.957531645726723649e-04
-5.589979254502204231e-01 2.234951724786395121e-04
-5.590998304772634153e-01 2.287762183110056185e-04
-5.588960204231773199e-01 2.176095896027927597e-04
-5.592526880178280146e-01 2.356519322744944167e-04
-5.592017355043065185e-01 2.334937500606389603e-04
-5.590998304772634153e-01 2.287762183110056185e-04
-5.594055455583926140e-01 2.413665257457460575e-04
-5.590998304772634153e-01 2.287762183110056185e-04
-5.589979254502204231e-01 2.234951724786395663e-04
-5.586412578555697284e-01 1.998871716237366988e-04
-5.589979254502204231e-01 2.234951724786395121e-04
-5.589469729366988160e-01 2.206308554815440367e-04
-5.589469729366988160e-01 2.206308554815440367e-04
-5.588450679096558238e-01 2.144247406690528697e-04
-5.589979254502204231e-01 2.234951724786395663e-04
-5.589979254502204231e-01 2.234951724786395663e-04
-5.592526880178280146e-01 2.356519322744944167e-04
-5.594055455583926140e-01 2.413665257457460575e-04
-5.593036405313495107e-01 2.376813242123630417e-04
-5.590998304772634153e-01 2.287762183110056728e-04
-5.590998304772634153e-01 2.287762183110056728e-04
-5.592017355043065185e-01 2.334937500606389603e-04
-5.593036405313495107e-01 2.376813242123630688e-04
-5.588960204231773199e-01 2.176095896027927597e-04
-5.589979254502204231e-01 2.234951724786395121e-04
-5.587941153961343277e-01 2.110689038257460904e-04
-5.587431628826127206e-01 2.075337845767052871e-04
-5.585903053420482323e-01 1.957531645726723649e-04
-5.588960204231773199e-01 2.176095896027927597e-04
-5.586922103690912245e-01 2.038100540860909545e-04
-5.587941153961343277e-01 2.110689038257460904e-04
-5.588450679096558238e-01 2.144247406690528697e-04
-5.591507829907849114e-01 2.312031709933367609e-04
-5.592526880178280146e-01 2.356519322744944167e-04
-5.591507829907849114e-01 2.312031709933367609e-04
-5.589469729366988160e-01 2.206308554815440367e-04
-5.589469729366988160e-01 2.206308554815440367e-04
-5.589469729366988160e-01 2.206308554815440367e-04
-5.591507829907849114e-01 2.312031709933367609e-04
-5.590998304772634153e-01 2.287762183110056728e-04
-5.587941153961343277e-01 2.110689038257460904e-04
-5.587431628826127206e-01 2.075337845767052871e-04
-5.587941153961343277e-01 2.110689038257460362e-04
-5.587431628826127206e-01 2.075337845767052871e-04
-5.589979254502204231e-01 2.234951724786395663e-04
-5.589469729366988160e-01 2.206308554815440367e-04
-5.588450679096558238e-01 2.144247406690528697e-04
-5.588450679096558238e-01 2.144247406690528697e-04
-5.591507829907849114e-01 2.312031709933367609e-04
-5.589979254502204231e-01 2.234951724786395121e-04
-5.590998304772634153e-01 2.287762183110056728e-04
-5.594055455583926140e-01 2.413665257457460846e-04
-5.592526880178280146e-01 2.356519322744944438e-04
-5.589469729366988160e-01 2.206308554815440367e-04
-5.590998304772634153e-01 2.287762183110056728e-04
-5.590998304772634153e-01 2.287762183110056185e-04
-5.590998304772634153e-01 2.287762183110056728e-04
-5.587941153961343277e-01 2.110689038257460904e-04
-5.589469729366988160e-01 2.206308554815440367e-04
-5.590998304772634153e-01 2.287762183110056728e-04
-5.588450679096558238e-01 2.144247406690528697e-04
-5.589469729366988160e-01 2.206308554815440367e-04
-5.589469729366988160e-01 2.206308554815440367e-04
-5.589469729366988160e-01 2.206308554815440367e-04
-5.596093556124785984e-01 2.473165935007842460e-04
-5.593545930448710068e-01 2.395851986273333893e-04
-5.588960204231773199e-01 2.176095896027927597e-04
-5.586922103690912245e-01 2.038100540860909545e-04
-5.593036405313495107e-01 2.376813242123630417e-04
-5.589979254502204231e-01 2.234951724786395121e-04
-5.588960204231773199e-01 2.176095896027927055e-04
-5.588960204231773199e-01 2.176095896027927597e-04
-5.589979254502204231e-01 2.234951724786395121e-04
-5.586922103690912245e-01 2.038100540860909545e-04
-5.592526880178280146e-01 2.356519322744944167e-04
-5.590488779637419192e-01 2.262085026680307753e-04
-5.588450679096558238e-01 2.144247406690528697e-04
-5.588960204231773199e-01 2.176095896027927597e-04
-5.589469729366988160e-01 2.206308554815440367e-04
-5.589469729366988160e-01 2.206308554815440367e-04
-5.587431628826127206e-01 2.075337845767052871e-04
-5.592017355043065185e-01 2.334937500606389603e-04
-5.594564980719141101e-01 2.430280002945377010e-04
-5.591507829907849114e-01 2.312031709933367609e-04
-5.592017355043065185e-01 2.334937500606389603e-04
-5.589979254502204231e-01 2.234951724786395121e-04
-5.592017355043065185e-01 2.334937500606389603e-04
-5.592526880178280146e-01 2.356519322744944167e-04
-5.586922103690912245e-01 2.038100540860909545e-04
-5.586922103690912245e-01 2.038100540860909545e-04
-5.589979254502204231e-01 2.234951724786395121e-04
-5.587431628826127206e-01 2.075337845767052871e-04
-5.587941153961343277e-01 2.110689038257460904e-04
-5.587941153961343277e-01 2.110689038257460904e-04
-5.586922103690912245e-01 2.161732069774079286e-04
-5.587431628826127206e-01 2.075337845767052871e-04
-5.588450679096558238e-01 2.144247406690528697e-04
-5.586922103690912245e-01 2.038100540860909545e-04
-5.587941153961343277e-01 2.110689038257460904e-04
-5.592017355043065185e-01 2.334937500606389603e-04
-5.597112606395217016e-01 2.496153184799823101e-04
-5.589979254502204231e-01 2.234951724786395121e-04
-5.589469729366988160e-01 2.206308554815440367e-04
-5.588450679096558238e-01 2.144247406690528697e-04
-5.589469729366988160e-01 2.206308554815440367e-04
-5.584884003150051290e-01 1.867950000485111520e-04
-5.587941153961343277e-01 2.110689038257460904e-04
-5.587941153961343277e-01 2.110689038257460904e-04
-5.589979254502204231e-01 2.234951724786395121e-04
-5.588450679096558238e-01 2.144247406690528697e-04
-5.589979254502204231e-01 2.234951724786395121e-04
-5.591507829907849114e-01 2.312031709933367609e-04
-5.589469729366988160e-01 2.206308554815440367e-04
-5.588450679096558238e-01 2.144247406690528697e-04
-5.590488779637419192e-01 2.262085026680307753e-04
-5.590998304772634153e-01 2.287762183110056185e-04
-5.595074505854356062e-01 2.445720649033091562e-04
-5.592526880178280146e-01 2.356519322744944167e-04
-5.590488779637419192e-01 2.262085026680307753e-04
-5.590488779637419192e-01 2.262085026680307753e-04
-5.587941153961343277e-01 2.110689038257460904e-04
-5.588450679096558238e-01 2.144247406690528697e-04
-5.588450679096558238e-01 2.144247406690528697e-04
-5.588450679096558238e-01 2.144247406690528155e-04
-5.587941153961343277e-01 2.110689038257460904e-04
-5.587941153961343277e-01 2.452081441697395833e-04
-5.588450679096558238e-01 2.144247406690528697e-04
-5.587431628826127206e-01 2.075337845767052871e-04
-5.589979254502204231e-01 2.234951724786395121e-04
-5.592526880178280146e-01 2.356519322744944167e-04
-5.589979254502204231e-01 2.234951724786395121e-04
-5.588960204231773199e-01 2.176095896027927597e-04
-5.593036405313495107e-01 2.376813242123630417e-04
-5.587431628826127206e-01 2.075337845767052871e-04
-5.593036405313495107e-01 2.376813242123630417e-04
-5.587941153961343277e-01 2.110689038257460904e-04
-5.585903053420482323e-01 1.957531645726723107e-04
-5.589469729366988160e-01 2.206308554815440367e-04
-5.586412578555697284e-01 1.998871716237366446e-04
-5.589469729366988160e-01 2.206308554815440367e-04
-5.587431628826127206e-01 2.075337845767052871e-04
-5.588450679096558238e-01 2.144247406690528697e-04
-5.586922103690912245e-01 2.038100540860909545e-04
-5.590998304772634153e-01 2.287762183110056185e-04
-5.592017355043065185e-01 2.334937500606389603e-04
-5.589979254502204231e-01 2.234951724786395663e-04
-5.590998304772634153e-01 2.287762183110056185e-04
-5.594055455583926140e-01 2.413665257457460846e-04
-5.590488779637419192e-01 2.262085026680307753e-04
-5.592526880178280146e-01 2.356519322744944167e-04
-5.590998304772634153e-01 2.287762183110056185e-04
-5.591507829907849114e-01 2.312031709933367609e-04
-5.587431628826127206e-01 2.075337845767052871e-04
-5.588450679096558238e-01 2.144247406690528697e-04
-5.587941153961343277e-01 2.110689038257460904e-04
-5.587941153961343277e-01 2.110689038257460904e-04
-5.588450679096558238e-01 2.144247406690528697e-04
-5.584374478014836329e-01 1.819368642841582401e-04
-5.589469729366988160e-01 2.206308554815440367e-04
-5.589469729366988160e-01 2.206308554815440367e-04
-5.592526880178280146e-01 2.356519322744944167e-04
-5.590488779637419192e-01 2.262085026680307753e-04
-5.592526880178280146e-01 2.356519322744944167e-04
-5.591507829907849114e-01 2.312031709933367609e-04
-5.592017355043065185e-01 2.334937500606390146e-04
-5.589469729366988160e-01 2.206308554815440367e-04
-5.590488779637419192e-01 2.262085026680307753e-04
-5.590488779637419192e-01 2.262085026680307753e-04
-5.588450679096558238e-01 2.144247406690528697e-04
-5.588960204231773199e-01 2.176095896027927597e-04
-5.588450679096558238e-01 2.144247406690528697e-04
-5.588960204231773199e-01 2.176095896027927868e-04
-5.588960204231773199e-01 2.176095896027927055e-04
-5.588450679096558238e-01 2.144247406690528155e-04
-5.591507829907849114e-01 2.312031709933367609e-04
-5.593036405313495107e-01 2.376813242123630417e-04
-5.587941153961343277e-01 2.110689038257460904e-04
-5.590998304772634153e-01 2.287762183110056728e-04
-5.588450679096558238e-01 2.144247406690528697e-04
-5.593036405313495107e-01 2.376813242123629875e-04
-5.593545930448710068e-01 2.395851986273333893e-04
-5.588960204231773199e-01 2.176095896027927597e-04
-5.586412578555697284e-01 1.998871716237366988e-04
-5.584884003150051290e-01 2.002116113302252636e-04
-5.585393528285266251e-01 2.045094511173823986e-04
-5.584374478014836329e-01 2.206308554815440638e-04
-5.585393528285266251e-01 1.913943529156779952e-04
-5.585393528285266251e-01 1.913943529156780224e-04
-5.586922103690912245e-01 2.161732069774079828e-04
-5.586922103690912245e-01 2.038100540860910087e-04
-5.587941153961343277e-01 2.110689038257460904e-04
-5.590488779637419192e-01 2.262085026680307753e-04
-5.592017355043065185e-01 2.334937500606389603e-04
-5.590488779637419192e-01 2.262085026680307753e-04
-5.588960204231773199e-01 2.176095896027927597e-04
-5.589469729366988160e-01 2.206308554815440367e-04
-5.590488779637419192e-01 2.262085026680307753e-04
-5.590998304772634153e-01 2.287762183110056728e-04
-5.589979254502204231e-01 2.234951724786395121e-04
-5.590488779637419192e-01 2.262085026680307753e-04
-5.587431628826127206e-01 2.075337845767052871e-04
-5.594055455583926140e-01 2.413665257457460846e-04
-5.587941153961343277e-01 2.110689038257460904e-04
-5.589469729366988160e-01 2.206308554815440367e-04
-5.588450679096558238e-01 2.144247406690528697e-04
-5.587941153961343277e-01 2.110689038257460362e-04
-5.590488779637419192e-01 2.262085026680307753e-04
-5.591507829907849114e-01 2.312031709933367609e-04
-5.590998304772634153e-01 2.287762183110056728e-04
-5.592017355043065185e-01 2.334937500606389603e-04
-5.590998304772634153e-01 2.287762183110056185e-04
-5.593545930448710068e-01 2.395851986273333893e-04
-5.587941153961343277e-01 2.110689038257460904e-04
-5.589979254502204231e-01 2.234951724786395121e-04
-5.586922103690912245e-01 2.038100540860910087e-04
-5.590998304772634153e-01 2.287762183110056728e-04
-5.588450679096558238e-01 2.144247406690528697e-04
-5.587941153961343277e-01 2.110689038257460904e-04
-5.586412578555697284e-01 2.124787016339733817e-04
-5.586922103690912245e-01 2.038100540860909545e-04
-5.586412578555697284e-01 1.998871716237366988e-04
-5.587941153961343277e-01 2.110689038257460904e-04
-5.593036405313495107e-01 2.376813242123630417e-04
-5.594564980719141101e-01 2.430280002945377010e-04
-5.590998304772634153e-01 2.287762183110056185e-04
-5.588960204231773199e-01 2.176095896027927597e-04
-5.587941153961343277e-01 2.110689038257460904e-04
-5.590488779637419192e-01 2.262085026680307753e-04
-5.587431628826127206e-01 2.075337845767052871e-04
-5.593545930448710068e-01 2.395851986273333893e-04
-5.590488779637419192e-01 2.262085026680307753e-04
-5.588450679096558238e-01 2.144247406690528697e-04
-5.590998304772634153e-01 2.287762183110056728e-04
-5.586412578555697284e-01 1.998871716237366446e-04
-5.587941153961343277e-01 2.110689038257460904e-04
-5.587941153961343277e-01 2.110689038257460362e-04
-5.589979254502204231e-01 2.234951724786395121e-04
-5.588960204231773199e-01 2.176095896027927597e-04
-5.587431628826127206e-01 2.075337845767052871e-04
-5.575712550716177551e-01 2.596079315868805772e-04
-5.500812355839544976e-01 6.260942358558292242e-04
-5.443236015560229957e-01 9.305776023581189280e-04
-5.434574088261570068e-01 9.808722792665519781e-04
-5.434574088261571179e-01 9.702273749798399774e-04
-5.434574088261570068e-01 9.940181158184023362e-04
-5.444764590965874840e-01 9.174141200180531896e-04
-5.506417132326909547e-01 6.189419747090394146e-04
-5.572145874769670604e-01 2.506014312815342841e-04
-5.586922103690912245e-01 2.038100540860909545e-04
-5.588960204231773199e-01 2.176095896027927597e-04
-5.590488779637419192e-01 2.262085026680307753e-04
-5.589469729366988160e-01 2.206308554815440367e-04
-5.589979254502204231e-01 2.234951724786395121e-04
-5.592526880178280146e-01 2.356519322744944167e-04
-5.595584030989571023e-01 2.460009304094029669e-04
-5.593545930448710068e-01 2.395851986273333893e-04
-5.595074505854356062e-01 2.445720649033091562e-04
-5.594564980719141101e-01 2.430280002945377010e-04
-5.595074505854356062e-01 2.445720649033091562e-04
-5.592526880178280146e-01 2.356519322744944438e-04
-5.592526880178280146e-01 2.356519322744944167e-04
-5.589469729366988160e-01 2.206308554815440367e-04
-5.587941153961343277e-01 2.110689038257460362e-04
-5.587431628826127206e-01 2.075337845767052871e-04
-5.585393528285266251e-01 1.913943529156780495e-04
-5.590488779637419192e-01 2.262085026680307753e-04
-5.589979254502204231e-01 2.234951724786395121e-04
-5.583355427744405297e-01 1.713550528941602043e-04
-5.588450679096558238e-01 2.144247406690528697e-04
-5.588450679096558238e-01 2.144247406690528697e-04
-5.593036405313495107e-01 2.376813242123630417e-04
-5.588450679096558238e-01 2.144247406690528697e-04
-5.590488779637419192e-01 2.262085026680307753e-04
-5.591507829907849114e-01 2.312031709933367609e-04
-5.590998304772634153e-01 2.287762183110056185e-04
-5.590998304772634153e-01 2.287762183110056185e-04
-5.592526880178280146e-01 2.356519322744944438e-04
-5.586412578555697284e-01 1.998871716237366988e-04
-5.587941153961343277e-01 2.110689038257460362e-04
-5.586922103690912245e-01 2.038100540860910087e-04
-5.587431628826127206e-01 2.075337845767052871e-04
-5.585393528285266251e-01 1.913943529156780224e-04
-5.586412578555697284e-01 1.998871716237366988e-04
-5.583864952879621368e-01 1.767986141215420687e-04
-5.589469729366988160e-01 2.206308554815440367e-04
-5.586922103690912245e-01 2.038100540860909545e-04
-5.593545930448710068e-01 2.395851986273333893e-04
-5.592526880178280146e-01 2.356519322744944167e-04
-5.590488779637419192e-01 2.262085026680307753e-04
-5.593545930448710068e-01 2.395851986273334435e-04
-5.592526880178280146e-01 2.356519322744944167e-04
-5.590488779637419192e-01 2.262085026680307753e-04
-5.588450679096558238e-01 2.144247406690528697e-04
-5.593545930448710068e-01 2.395851986273334435e-04
-5.587431628826127206e-01 2.075337845767052871e-04
-5.587941153961343277e-01 2.110689038257460904e-04
-5.587431628826127206e-01 2.075337845767052871e-04
-5.590998304772634153e-01 2.287762183110056728e-04
-5.589979254502204231e-01 2.348242095474372770e-04
-5.585393528285266251e-01 2.045094511173823986e-04
-5.589469729366988160e-01 2.206308554815440367e-04
-5.589469729366988160e-01 2.206308554815440367e-04
-5.591507829907849114e-01 2.312031709933367609e-04
-5.590488779637419192e-01 2.262085026680307753e-04
-5.588960204231773199e-01 2.176095896027927597e-04
-5.590488779637419192e-01 2.262085026680307753e-04
-5.593036405313495107e-01 2.376813242123630417e-04
-5.591507829907849114e-01 2.312031709933367609e-04
-5.590998304772634153e-01 2.287762183110056728e-04
-5.592526880178280146e-01 2.356519322744944167e-04
-5.590998304772634153e-01 2.287762183110056728e-04
-5.587941153961343277e-01 2.110689038257460362e-04
-5.588450679096558238e-01 2.144247406690528697e-04
-5.588450679096558238e-01 2.144247406690528697e-04
-5.588450679096558238e-01 2.144247406690528697e-04
-5.589469729366988160e-01 2.206308554815440367e-04
-5.586412578555697284e-01 1.998871716237366446e-04
-5.587941153961343277e-01 2.110689038257460362e-04
-5.589469729366988160e-01 2.206308554815440367e-04
-5.590998304772634153e-01 2.287762183110056728e-04
-5.592017355043065185e-01 2.334937500606389603e-04
-5.592017355043065185e-01 2.334937500606389603e-04
-5.593036405313495107e-01 2.376813242123630417e-04
-5.588450679096558238e-01 2.144247406690528697e-04
-5.594564980719141101e-01 2.430280002945377010e-04
-5.588960204231773199e-01 2.176095896027927597e-04
-5.588450679096558238e-01 2.144247406690528697e-04
-5.590488779637419192e-01 2.262085026680307753e-04
-5.584884003150051290e-01 1.867950000485111520e-04
-5.588960204231773199e-01 2.176095896027927597e-04
-5.586412578555697284e-01 1.998871716237366446e-04
-5.588450679096558238e-01 2.144247406690528697e-04
-5.587941153961343277e-01 2.110689038257460362e-04
-5.588960204231773199e-01 2.176095896027927597e-04
-5.594055455583926140e-01 2.413665257457460846e-04
-5.590998304772634153e-01 2.287762183110056185e-04
-5.589469729366988160e-01 2.206308554815440367e-04
-5.590998304772634153e-01 2.287762183110056728e-04
-5.586412578555697284e-01 1.998871716237366988e-04
-5.590488779637419192e-01 2.262085026680307753e-04
-5.589979254502204231e-01 2.234951724786395121e-04
-5.590488779637419192e-01 2.262085026680307753e-04
-5.587941153961343277e-01 2.110689038257460362e-04
-5.586412578555697284e-01 1.998871716237366988e-04
-5.589469729366988160e-01 2.206308554815440367e-04
-5.587941153961343277e-01 2.110689038257460362e-04
-5.589979254502204231e-01 2.234951724786395121e-04
-5.590488779637419192e-01 2.262085026680307753e-04
-5.592017355043065185e-01 2.334937500606389603e-04
-5.590488779637419192e-01 2.262085026680307753e-04
-5.588450679096558238e-01 2.144247406690528155e-04
-5.590998304772634153e-01 2.287762183110056185e-04
-5.587431628826127206e-01 2.075337845767052328e-04
-5.590488779637419192e-01 2.262085026680307753e-04
-5.588450679096558238e-01 2.144247406690528697e-04
-5.590488779637419192e-01 2.262085026680307753e-04
-5.590998304772634153e-01 2.287762183110056185e-04
-5.586412578555697284e-01 1.998871716237366988e-04
-5.585903053420482323e-01 1.957531645726723649e-04
-5.586922103690912245e-01 2.038100540860909545e-04
-5.585903053420482323e-01 1.957531645726723920e-04
-5.588450679096558238e-01 2.144247406690528697e-04
-5.588960204231773199e-01 2.176095896027927055e-04
-5.588450679096558238e-01 2.144247406690528697e-04
-5.584374478014836329e-01 1.819368642841582672e-04
-5.588960204231773199e-01 2.176095896027927597e-04
-5.590488779637419192e-01 2.262085026680307753e-04
-5.588960204231773199e-01 2.176095896027927597e-04
-5.589979254502204231e-01 2.234951724786395121e-04
-5.591507829907849114e-01 2.312031709933367609e-04
-5.589469729366988160e-01 2.206308554815440367e-04
-5.592017355043065185e-01 2.334937500606389603e-04
-5.593036405313495107e-01 2.376813242123630417e-04
-5.588450679096558238e-01 2.144247406690528697e-04
-5.585393528285266251e-01 1.913943529156780495e-04
-5.587431628826127206e-01 2.075337845767052871e-04
-5.587431628826127206e-01 2.075337845767052871e-04
-5.586922103690912245e-01 2.038100540860910087e-04
-5.586922103690912245e-01 2.038100540860909545e-04
-5.586922103690912245e-01 2.038100540860910087e-04
-5.587431628826127206e-01 2.075337845767052871e-04
-5.592526880178280146e-01 2.356519322744944167e-04
-5.589469729366988160e-01 2.206308554815440367e-04
-5.590488779637419192e-01 2.262085026680307753e-04
-5.586412578555697284e-01 1.998871716237366988e-04
-5.589979254502204231e-01 2.234951724786395121e-04
-5.592526880178280146e-01 2.356519322744944167e-04
-5.588960204231773199e-01 2.176095896027927597e-04
-5.587941153961343277e-01 2.110689038257460904e-04
-5.586922103690912245e-01 2.038100540860909545e-04
-5.588960204231773199e-01 2.176095896027927597e-04
-5.589469729366988160e-01 2.206308554815440367e-04
-5.590488779637419192e-01 2.262085026680307753e-04
-5.586412578555697284e-01 1.998871716237366446e-04
-5.585903053420482323e-01 1.957531645726723649e-04
-5.588450679096558238e-01 2.144247406690528697e-04
-5.588960204231773199e-01 2.176095896027927597e-04
-5.593036405313495107e-01 2.376813242123630688e-04
-5.590998304772634153e-01 2.287762183110056185e-04
-5.590488779637419192e-01 2.262085026680307753e-04
-5.589979254502204231e-01 2.234951724786395663e-04
-5.592017355043065185e-01 2.334937500606389603e-04
-5.591507829907849114e-01 2.312031709933367609e-04
-5.589469729366988160e-01 2.206308554815440367e-04
-5.586412578555697284e-01 1.998871716237366988e-04
-5.587941153961343277e-01 2.110689038257460904e-04
-5.586412578555697284e-01 1.998871716237366988e-04
-5.590488779637419192e-01 2.262085026680307753e-04
-5.585903053420482323e-01 1.957531645726723649e-04
-5.586412578555697284e-01 1.998871716237366446e-04
-5.587941153961343277e-01 2.110689038257460904e-04
-5.589469729366988160e-01 2.206308554815440367e-04
-5.588960204231773199e-01 2.176095896027927597e-04
-5.590998304772634153e-01 2.287762183110056728e-04
-5.589469729366988160e-01 2.206308554815440367e-04
-5.592017355043065185e-01 2.334937500606389603e-04
-5.591507829907849114e-01 2.312031709933367338e-04
-5.589979254502204231e-01 2.234951724786395663e-04
-5.587431628826127206e-01 2.075337845767052871e-04
-5.586412578555697284e-01 1.998871716237366446e-04
-5.589469729366988160e-01 2.206308554815440367e-04
-5.586922103690912245e-01 2.038100540860909545e-04
-5.589469729366988160e-01 2.206308554815440367e-04
-5.586412578555697284e-01 1.998871716237366988e-04
-5.585903053420482323e-01 1.957531645726723649e-04
-5.585903053420482323e-01 1.957531645726723649e-04
-5.587941153961343277e-01 2.110689038257460904e-04
-5.590488779637419192e-01 2.374080957921073068e-04
-5.593036405313495107e-01 2.376813242123630688e-04
-5.590998304772634153e-01 2.287762183110056185e-04
-5.592526880178280146e-01 2.356519322744944167e-04
-5.589979254502204231e-01 2.234951724786395663e-04
-5.590488779637419192e-01 2.262085026680307753e-04
-5.590998304772634153e-01 2.287762183110056185e-04
-5.592017355043065185e-01 2.334937500606389603e-04
-5.588960204231773199e-01 2.176095896027927597e-04
-5.587431628826127206e-01 2.075337845767052871e-04
-5.588960204231773199e-01 2.176095896027927055e-04
-5.585903053420482323e-01 1.957531645726723649e-04
-5.585393528285266251e-01 1.913943529156779952e-04
-5.587941153961343277e-01 2.110689038257460362e-04
-5.586412578555697284e-01 1.998871716237366988e-04
-5.587431628826127206e-01 2.075337845767052871e-04
-5.590488779637419192e-01 2.262085026680307753e-04
-5.590998304772634153e-01 2.287762183110056185e-04
-5.592017355043065185e-01 2.334937500606389603e-04
-5.589469729366988160e-01 2.206308554815440367e-04
-5.589469729366988160e-01 2.206308554815440367e-04
-5.591507829907849114e-01 2.312031709933367609e-04
-5.589979254502204231e-01 2.234951724786395121e-04
-5.588960204231773199e-01 2.176095896027927597e-04
-5.589469729366988160e-01 2.206308554815440367e-04
-5.585903053420482323e-01 1.957531645726723107e-04
-5.589979254502204231e-01 2.234951724786395121e-04
-5.588960204231773199e-01 2.176095896027927597e-04
-5.586922103690912245e-01 2.038100540860910087e-04
-5.585903053420482323e-01 1.957531645726723107e-04
-5.585903053420482323e-01 1.957531645726723920e-04
-5.588450679096558238e-01 2.144247406690528697e-04
-5.586922103690912245e-01 2.038100540860909545e-04
-5.592526880178280146e-01 2.356519322744944167e-04
-5.591507829907849114e-01 2.312031709933367609e-04
-5.587941153961343277e-01 2.110689038257460362e-04
-5.589469729366988160e-01 2.206308554815440638e-04
-5.592017355043065185e-01 2.334937500606389603e-04
-5.590488779637419192e-01 2.262085026680307753e-04
-5.592526880178280146e-01 2.356519322744944167e-04
-5.590998304772634153e-01 2.287762183110056185e-04
-5.587431628826127206e-01 2.075337845767052871e-04
-5.587431628826127206e-01 2.075337845767052871e-04
-5.589979254502204231e-01 2.234951724786395121e-04
-5.585393528285266251e-01 1.913943529156780224e-04
-5.586922103690912245e-01 2.038100540860909545e-04
-5.586922103690912245e-01 2.038100540860909545e-04
-5.587431628826127206e-01 2.075337845767052871e-04
-5.589979254502204231e-01 2.234951724786395663e-04
-5.590488779637419192e-01 2.262085026680307753e-04
-5.588960204231773199e-01 2.176095896027927055e-04
-5.594055455583926140e-01 2.413665257457460575e-04
-5.590998304772634153e-01 2.287762183110056185e-04
-5.587941153961343277e-01 2.110689038257460362e-04
-5.587941153961343277e-01 2.110689038257460362e-04
-5.593545930448710068e-01 2.395851986273334435e-04
-5.587431628826127206e-01 2.075337845767052871e-04
-5.589979254502204231e-01 2.234951724786395121e-04
-5.583864952879621368e-01 1.767986141215420687e-04
-5.587941153961343277e-01 2.110689038257460904e-04
-5.587431628826127206e-01 2.075337845767052871e-04
-5.588450679096558238e-01 2.144247406690528697e-04
-5.585393528285266251e-01 1.913943529156779952e-04
-5.588450679096558238e-01 2.144247406690528697e-04
-5.586412578555697284e-01 1.998871716237366988e-04
-5.591507829907849114e-01 2.312031709933367609e-04
-5.589469729366988160e-01 2.206308554815440367e-04
-5.589469729366988160e-01 2.206308554815440367e-04
-5.589979254502204231e-01 2.234951724786395663e-04
-5.586922103690912245e-01 2.038100540860910087e-04
-5.589979254502204231e-01 2.234951724786395663e-04
-5.587941153961343277e-01 2.110689038257460362e-04
-5.585393528285266251e-01 1.913943529156779952e-04
-5.584884003150051290e-01 2.002116113302252907e-04
-5.586922103690912245e-01 2.038100540860910087e-04
-5.586922103690912245e-01 2.038100540860910087e-04
-5.585903053420482323e-01 1.957531645726723649e-04
-5.585393528285266251e-01 2.045094511173823986e-04
-5.587941153961343277e-01 2.110689038257460362e-04
-5.589979254502204231e-01 2.234951724786395121e-04
-5.591507829907849114e-01 2.312031709933367338e-04
-5.590998304772634153e-01 2.287762183110056185e-04
-5.586412578555697284e-01 1.998871716237366988e-04
-5.590488779637419192e-01 2.262085026680307753e-04
-5.592526880178280146e-01 2.356519322744944167e-04
-5.592526880178280146e-01 2.356519322744944167e-04
-5.589979254502204231e-01 2.234951724786395121e-04
-5.592526880178280146e-01 2.356519322744944167e-04
-5.588960204231773199e-01 2.176095896027927597e-04
-5.586922103690912245e-01 2.038100540860910087e-04
-5.587941153961343277e-01 2.110689038257460904e-04
-5.588960204231773199e-01 2.176095896027927597e-04
-5.588450679096558238e-01 2.144247406690528697e-04
-5.588450679096558238e-01 2.144247406690528697e-04
-5.584884003150051290e-01 1.867950000485111791e-04
-5.588450679096558238e-01 2.144247406690528697e-04
-5.588450679096558238e-01 2.144247406690528697e-04
-5.589469729366988160e-01 2.206308554815440367e-04
-5.588450679096558238e-01 2.144247406690528697e-04
-5.590488779637419192e-01 2.262085026680307753e-04
-5.588960204231773199e-01 2.176095896027927597e-04
-5.592017355043065185e-01 2.334937500606389603e-04
-5.590998304772634153e-01 2.287762183110056728e-04
-5.590998304772634153e-01 2.287762183110056728e-04
-5.585903053420482323e-01 1.957531645726723649e-04
-5.585393528285266251e-01 1.913943529156779952e-04
-5.587431628826127206e-01 2.075337845767052871e-04
-5.585393528285266251e-01 1.913943529156779952e-04
-5.583864952879621368e-01 1.767986141215420416e-04
-5.586922103690912245e-01 2.038100540860910087e-04
-5.586922103690912245e-01 2.038100540860910087e-04
-5.587941153961343277e-01 2.110689038257460904e-04
-5.591507829907849114e-01 2.312031709933367609e-04
-5.588450679096558238e-01 2.144247406690528697e-04
-5.587941153961343277e-01 2.110689038257460362e-04
-5.590488779637419192e-01 2.262085026680307753e-04
-5.589979254502204231e-01 2.234951724786395663e-04
-5.591507829907849114e-01 2.312031709933367338e-04
-5.593545930448710068e-01 2.395851986273333351e-04
-5.592017355043065185e-01 2.334937500606389603e-04
-5.588450679096558238e-01 2.144247406690528697e-04
-5.585903053420482323e-01 1.957531645726723649e-04
-5.588960204231773199e-01 2.176095896027927055e-04
-5.589469729366988160e-01 2.206308554815440367e-04
-5.589469729366988160e-01 2.206308554815440367e-04
-5.588450679096558238e-01 2.144247406690528155e-04
-5.589469729366988160e-01 2.206308554815440367e-04
-5.587941153961343277e-01 2.110689038257460362e-04
-5.593036405313495107e-01 2.376813242123630417e-04
-5.588450679096558238e-01 2.144247406690528697e-04
-5.589979254502204231e-01 2.234951724786395663e-04
-5.590488779637419192e-01 2.262085026680307753e-04
-5.589979254502204231e-01 2.234951724786395663e-04
-5.588960204231773199e-01 2.292296899518423867e-04
-5.589979254502204231e-01 2.234951724786395121e-04
-5.590488779637419192e-01 2.262085026680307753e-04
-5.586412578555697284e-01 1.998871716237366988e-04
-5.587431628826127206e-01 2.075337845767052871e-04
-5.586922103690912245e-01 2.038100540860910087e-04
-5.588960204231773199e-01 2.176095896027927597e-04
-5.587431628826127206e-01 2.075337845767052871e-04
-5.585903053420482323e-01 1.957531645726723649e-04
-5.588450679096558238e-01 2.144247406690528697e-04
-5.588450679096558238e-01 2.144247406690528697e-04
-5.589979254502204231e-01 2.234951724786395121e-04
-5.592017355043065185e-01 2.334937500606389603e-04
-5.590488779637419192e-01 2.262085026680307753e-04
-5.588960204231773199e-01 2.176095896027927055e-04
-5.590488779637419192e-01 2.262085026680307753e-04
-5.588960204231773199e-01 2.176095896027927597e-04
-5.594055455583926140e-01 2.413665257457460846e-04
-5.587941153961343277e-01 2.110689038257460904e-04
-5.585393528285266251e-01 1.913943529156780224e-04
-5.587941153961343277e-01 2.110689038257460904e-04
-5.586922103690912245e-01 2.038100540860910087e-04
-5.590488779637419192e-01 2.262085026680307753e-04
-5.583355427744405297e-01 1.713550528941602043e-04
-5.585393528285266251e-01 1.913943529156779952e-04
-5.588450679096558238e-01 2.144247406690528697e-04
-5.584374478014836329e-01 1.819368642841582672e-04
-5.588450679096558238e-01 2.144247406690528697e-04
-5.586412578555697284e-01 1.998871716237366988e-04
-5.590488779637419192e-01 2.262085026680307753e-04
-5.589979254502204231e-01 2.234951724786395121e-04
-5.586922103690912245e-01 2.038100540860909545e-04
-5.592526880178280146e-01 2.356519322744944167e-04
-5.588450679096558238e-01 2.144247406690528697e-04
-5.589979254502204231e-01 2.234951724786395121e-04
-5.587431628826127206e-01 2.075337845767052871e-04
-5.586922103690912245e-01 2.038100540860909545e-04
-5.586922103690912245e-01 2.038100540860910087e-04
-5.585903053420482323e-01 1.957531645726723649e-04
-5.588450679096558238e-01 2.144247406690528697e-04
-5.585903053420482323e-01 1.957531645726723649e-04
-5.586412578555697284e-01 1.998871716237366446e-04
-5.588960204231773199e-01 2.176095896027927597e-04
-5.589469729366988160e-01 2.206308554815440367e-04
-5.590998304772634153e-01 2.287762183110056185e-04
-5.587941153961343277e-01 2.110689038257460362e-04
-5.589469729366988160e-01 2.206308554815440367e-04
-5.591507829907849114e-01 2.312031709933367609e-04
-5.589979254502204231e-01 2.234951724786395121e-04
-5.588450679096558238e-01 2.144247406690528697e-04
-5.587431628826127206e-01 2.075337845767052871e-04
-5.587941153961343277e-01 2.110689038257460904e-04
-5.587941153961343277e-01 2.110689038257460904e-04
-5.585903053420482323e-01 1.957531645726723649e-04
-5.584374478014836329e-01 1.819368642841582672e-04
-5.585393528285266251e-01 1.913943529156780224e-04
-5.586922103690912245e-01 2.038100540860909545e-04
-5.584374478014836329e-01 1.819368642841582672e-04
-5.587941153961343277e-01 2.110689038257460904e-04
-5.588450679096558238e-01 2.144247406690528697e-04
-5.589469729366988160e-01 2.206308554815439825e-04
-5.588960204231773199e-01 2.176095896027927597e-04
-5.587941153961343277e-01 2.110689038257460362e-04
-5.592017355043065185e-01 2.334937500606390146e-04
-5.590998304772634153e-01 2.287762183110056728e-04
-5.589979254502204231e-01 2.234951724786395663e-04
-5.586922103690912245e-01 2.038100540860909545e-04
-5.585393528285266251e-01 1.913943529156780224e-04
-5.588450679096558238e-01 2.144247406690528697e-04
-5.585393528285266251e-01 1.913943529156780224e-04
-5.583864952879621368e-01 1.767986141215420416e-04
-5.587941153961343277e-01 2.110689038257460362e-04
-5.588450679096558238e-01 2.144247406690528697e-04
-5.587941153961343277e-01 2.110689038257460904e-04
-5.588450679096558238e-01 2.144247406690528697e-04
-5.590998304772634153e-01 2.287762183110056185e-04
-5.589979254502204231e-01 2.234951724786395121e-04
-5.586412578555697284e-01 1.998871716237366988e-04
-5.586412578555697284e-01 1.998871716237366446e-04
-5.593545930448710068e-01 2.395851986273333893e-04
-5.584884003150051290e-01 1.867950000485111520e-04
-5.589469729366988160e-01 2.206308554815440367e-04
-5.585393528285266251e-01 1.913943529156779952e-04
-5.588450679096558238e-01 2.144247406690528697e-04
-5.584884003150051290e-01 2.002116113302252636e-04
-5.586412578555697284e-01 1.998871716237366988e-04
-5.587941153961343277e-01 2.110689038257460362e-04
-5.584374478014836329e-01 1.819368642841582401e-04
-5.584884003150051290e-01 1.867950000485111520e-04
-5.583864952879621368e-01 1.767986141215420687e-04
-5.587431628826127206e-01 2.075337845767052871e-04
-5.590488779637419192e-01 2.262085026680307753e-04
-5.587941153961343277e-01 2.110689038257460362e-04
-5.591507829907849114e-01 2.312031709933367609e-04
-5.592017355043065185e-01 2.334937500606389603e-04
-5.590488779637419192e-01 2.262085026680307753e-04
-5.589979254502204231e-01 2.234951724786395663e-04
-5.591507829907849114e-01 2.312031709933367609e-04
-5.586412578555697284e-01 1.998871716237366446e-04
-5.585903053420482323e-01 1.957531645726723649e-04
-5.588450679096558238e-01 2.144247406690528697e-04
-5.585903053420482323e-01 1.957531645726723649e-04
-5.587941153961343277e-01 2.110689038257460362e-04
-5.588960204231773199e-01 2.176095896027927868e-04
-5.586922103690912245e-01 2.038100540860910087e-04
-5.586922103690912245e-01 2.038100540860909545e-04
-5.589469729366988160e-01 2.206308554815440367e-04
-5.590998304772634153e-01 2.287762183110056185e-04
-5.588450679096558238e-01 2.144247406690528697e-04
-5.588450679096558238e-01 2.144247406690528697e-04
-5.592017355043065185e-01 2.334937500606389603e-04
-5.587431628826127206e-01 2.075337845767052871e-04
-5.592017355043065185e-01 2.334937500606389603e-04
-5.588450679096558238e-01 2.144247406690528697e-04
-5.585903053420482323e-01 1.957531645726723107e-04
-5.585393528285266251e-01 1.913943529156780224e-04
-5.588450679096558238e-01 2.144247406690528697e-04
-5.587431628826127206e-01 2.075337845767052871e-04
-5.588960204231773199e-01 2.176095896027927597e-04
-5.584374478014836329e-01 1.819368642841582672e-04
-5.587431628826127206e-01 2.075337845767052871e-04
-5.588450679096558238e-01 2.144247406690528697e-04
-5.586412578555697284e-01 1.998871716237367259e-04
-5.590998304772634153e-01 2.287762183110056185e-04
-5.586412578555697284e-01 1.998871716237366988e-04
-5.589469729366988160e-01 2.206308554815440367e-04
-5.590488779637419192e-01 2.262085026680307753e-04
-5.587431628826127206e-01 2.075337845767052871e-04
-5.587941153961343277e-01 2.110689038257460362e-04
-5.589469729366988160e-01 2.206308554815440367e-04
-5.588450679096558238e-01 2.144247406690528697e-04
-5.587941153961343277e-01 2.110689038257460904e-04
-5.586922103690912245e-01 2.038100540860910087e-04
-5.588960204231773199e-01 2.176095896027927597e-04
-5.588450679096558238e-01 2.144247406690528697e-04
-5.589979254502204231e-01 2.234951724786395121e-04
-5.588960204231773199e-01 2.176095896027927597e-04
-5.586922103690912245e-01 2.038100540860909545e-04
-5.586412578555697284e-01 1.998871716237366446e-04
-5.582845902609190336e-01 1.944224002356301499e-04
-5.583355427744405297e-01 2.119894005777793271e-04
-5.583355427744405297e-01 1.713550528941602043e-04
-5.580807802068329382e-01 2.354866204812453240e-04
-5.581826852338760414e-01 1.837119001156225031e-04
-5.582845902609190336e-01 1.805761679875327117e-04
-5.585393528285266251e-01 1.913943529156780224e-04
-5.584884003150051290e-01 2.002116113302252907e-04
-5.586922103690912245e-01 2.038100540860909545e-04
-5.586412578555697284e-01 1.998871716237366446e-04
-5.585903053420482323e-01 1.957531645726723649e-04
-5.586412578555697284e-01 1.998871716237366446e-04
-5.588450679096558238e-01 2.144247406690528697e-04
-5.586412578555697284e-01 1.998871716237366988e-04
-5.588450679096558238e-01 2.144247406690528697e-04
-5.590488779637419192e-01 2.262085026680307753e-04
-5.589469729366988160e-01 2.206308554815440367e-04
-5.590998304772634153e-01 2.287762183110056185e-04
-5.590488779637419192e-01 2.262085026680307753e-04
-5.590998304772634153e-01 2.287762183110056728e-04
-5.590488779637419192e-01 2.262085026680308295e-04
-5.587941153961343277e-01 2.110689038257460904e-04
-5.587431628826127206e-01 2.196874803193213843e-04
-5.588450679096558238e-01 2.144247406690528697e-04
-5.584374478014836329e-01 1.819368642841582401e-04
-5.586922103690912245e-01 2.038100540860909545e-04
-5.587941153961343277e-01 2.110689038257460904e-04
-5.589469729366988160e-01 2.206308554815440367e-04
-5.585903053420482323e-01 1.957531645726723649e-04
-5.586412578555697284e-01 1.998871716237366988e-04
-5.588450679096558238e-01 2.144247406690528697e-04
-5.589469729366988160e-01 2.206308554815440367e-04
-5.585903053420482323e-01 1.957531645726723649e-04
-5.586922103690912245e-01 2.038100540860909545e-04
-5.589469729366988160e-01 2.206308554815440367e-04
-5.587431628826127206e-01 2.075337845767052871e-04
-5.588450679096558238e-01 2.144247406690528697e-04
-5.587941153961343277e-01 2.110689038257460904e-04
-5.585903053420482323e-01 1.957531645726723649e-04
-5.584374478014836329e-01 1.819368642841582401e-04
-5.585393528285266251e-01 1.913943529156780224e-04
-5.586922103690912245e-01 2.038100540860910087e-04
-5.587941153961343277e-01 2.110689038257460904e-04
-5.586412578555697284e-01 1.998871716237366446e-04
-5.584884003150051290e-01 1.867950000485111520e-04
-5.587941153961343277e-01 2.110689038257460904e-04
-5.589469729366988160e-01 2.206308554815440367e-04
-5.585903053420482323e-01 1.957531645726723649e-04
-5.586922103690912245e-01 2.038100540860909545e-04
-5.588450679096558238e-01 2.144247406690528697e-04
-5.592526880178280146e-01 2.356519322744944167e-04
-5.586922103690912245e-01 2.038100540860910087e-04
-5.588450679096558238e-01 2.144247406690528697e-04
-5.589979254502204231e-01 2.234951724786395663e-04
-5.585903053420482323e-01 1.957531645726723649e-04
-5.589979254502204231e-01 2.234951724786395663e-04
-5.584884003150051290e-01 1.867950000485111520e-04
-5.586922103690912245e-01 2.161732069774079286e-04
-5.585903053420482323e-01 1.957531645726723649e-04
-5.584884003150051290e-01 1.867950000485111520e-04
-5.586412578555697284e-01 1.998871716237366446e-04
-5.586412578555697284e-01 2.124787016339733817e-04
-5.586922103690912245e-01 2.038100540860909545e-04
-5.586412578555697284e-01 1.998871716237366988e-04
-5.587431628826127206e-01 2.075337845767052871e-04
-5.588960204231773199e-01 2.176095896027927597e-04
-5.589469729366988160e-01 2.206308554815440367e-04
-5.590488779637419192e-01 2.262085026680307753e-04
-5.586922103690912245e-01 2.038100540860910087e-04
-5.585903053420482323e-01 1.957531645726723107e-04
-5.585393528285266251e-01 1.913943529156779681e-04
-5.584374478014836329e-01 1.819368642841582401e-04
-5.585393528285266251e-01 1.913943529156779952e-04
-5.582845902609190336e-01 1.655760706646335566e-04
-5.585393528285266251e-01 1.913943529156780224e-04
-5.585903053420482323e-01 1.957531645726723649e-04
-5.586412578555697284e-01 1.998871716237366988e-04
-5.587941153961343277e-01 2.110689038257460904e-04
-5.589979254502204231e-01 2.234951724786395121e-04
-5.587431628826127206e-01 2.075337845767052871e-04
-5.587941153961343277e-01 2.110689038257460904e-04
-5.589979254502204231e-01 2.234951724786395121e-04
-5.586922103690912245e-01 2.038100540860910087e-04
-5.587431628826127206e-01 2.075337845767052871e-04
-5.589469729366988160e-01 2.206308554815440367e-04
-5.583355427744405297e-01 1.713550528941602043e-04
-5.587431628826127206e-01 2.075337845767052871e-04
-5.584884003150051290e-01 1.867950000485111520e-04
-5.586922103690912245e-01 2.038100540860909545e-04
-5.581826852338760414e-01 1.528575405645682362e-04
-5.587431628826127206e-01 2.075337845767052871e-04
-5.585393528285266251e-01 1.913943529156779952e-04
-5.582336377473975375e-01 1.594251957139641992e-04
-5.585393528285266251e-01 1.913943529156780224e-04
-5.586922103690912245e-01 2.038100540860909545e-04
-5.589469729366988160e-01 2.206308554815440638e-04
-5.590998304772634153e-01 2.287762183110056185e-04
-5.586412578555697284e-01 1.998871716237366988e-04
-5.587941153961343277e-01 2.110689038257460904e-04
-5.589979254502204231e-01 2.234951724786395663e-04
-5.589979254502204231e-01 2.234951724786395121e-04
-5.585393528285266251e-01 1.913943529156780224e-04
-5.588450679096558238e-01 2.144247406690528697e-04
-5.584374478014836329e-01 1.819368642841582401e-04
-5.586922103690912245e-01 2.038100540860909545e-04
-5.586412578555697284e-01 1.998871716237366446e-04
-5.589469729366988160e-01 2.206308554815440367e-04
-5.584374478014836329e-01 1.819368642841582672e-04
-5.588450679096558238e-01 2.144247406690528697e-04
-5.590488779637419192e-01 2.262085026680307753e-04
-5.587941153961343277e-01 2.110689038257460904e-04
-5.588960204231773199e-01 2.176095896027927055e-04
-5.590998304772634153e-01 2.287762183110056728e-04
-5.587941153961343277e-01 2.110689038257460904e-04
-5.585393528285266251e-01 1.913943529156780224e-04
-5.585903053420482323e-01 1.957531645726723649e-04
-5.588450679096558238e-01 2.144247406690528697e-04
-5.585903053420482323e-01 1.957531645726723649e-04
-5.587941153961343277e-01 2.110689038257460904e-04
-5.584374478014836329e-01 1.819368642841582672e-04
-5.583355427744405297e-01 1.713550528941602043e-04
-5.587941153961343277e-01 2.110689038257460362e-04
-5.584374478014836329e-01 1.819368642841582401e-04
-5.585903053420482323e-01 1.957531645726723649e-04
-5.583864952879621368e-01 1.909190069731661100e-04
-5.588450679096558238e-01 2.144247406690528697e-04
-5.587941153961343277e-01 2.110689038257460362e-04
-5.587431628826127206e-01 2.075337845767052871e-04
-5.586922103690912245e-01 2.038100540860909545e-04
-5.588960204231773199e-01 2.176095896027927597e-04
-5.587431628826127206e-01 2.075337845767052871e-04
-5.587941153961343277e-01 2.110689038257460904e-04
-5.586412578555697284e-01 1.998871716237366988e-04
-5.584374478014836329e-01 1.819368642841582672e-04
-5.584884003150051290e-01 1.867950000485111520e-04
-5.583355427744405297e-01 1.858894064240411588e-04
-5.584884003150051290e-01 1.867950000485111520e-04
-5.587431628826127206e-01 2.075337845767052871e-04
-5.584884003150051290e-01 1.867950000485111520e-04
-5.583355427744405297e-01 1.713550528941602043e-04
-5.587431628826127206e-01 2.075337845767052871e-04
-5.590998304772634153e-01 2.287762183110056185e-04
-5.584374478014836329e-01 1.819368642841582672e-04
-5.588450679096558238e-01 2.144247406690528697e-04
-5.589469729366988160e-01 2.206308554815440367e-04
-5.588960204231773199e-01 2.176095896027927055e-04
-5.585903053420482323e-01 1.957531645726723649e-04
-5.586922103690912245e-01 2.038100540860909545e-04
-5.586412578555697284e-01 2.124787016339733817e-04
-5.586922103690912245e-01 2.038100540860910087e-04
-5.585903053420482323e-01 1.957531645726723107e-04
-5.587431628826127206e-01 2.075337845767052871e-04
-5.585393528285266251e-01 1.913943529156780224e-04
-5.584884003150051290e-01 1.867950000485111520e-04
-5.584374478014836329e-01 1.819368642841582672e-04
-5.583355427744405297e-01 1.713550528941602043e-04
-5.587941153961343277e-01 2.110689038257460904e-04
-5.587941153961343277e-01 2.110689038257460362e-04
-5.586922103690912245e-01 2.038100540860909545e-04
-5.585903053420482323e-01 2.085943880082531470e-04
-5.585903053420482323e-01 2.085943880082531741e-04
-5.587941153961343277e-01 2.110689038257460904e-04
-5.590488779637419192e-01 2.262085026680307753e-04
-5.589979254502204231e-01 2.234951724786395121e-04
-5.587941153961343277e-01 2.110689038257460904e-04
-5.582336377473975375e-01 1.594251957139641721e-04
-5.585393528285266251e-01 1.913943529156779952e-04
-5.585393528285266251e-01 2.045094511173823986e-04
-5.584374478014836329e-01 1.819368642841582401e-04
-5.583864952879621368e-01 1.767986141215420687e-04
-5.584884003150051290e-01 1.867950000485111520e-04
-5.583864952879621368e-01 1.767986141215420416e-04
-5.586412578555697284e-01 1.998871716237366988e-04
-5.586922103690912245e-01 2.038100540860909545e-04
-5.586412578555697284e-01 1.998871716237366446e-04
-5.586922103690912245e-01 2.038100540860910087e-04
-5.589979254502204231e-01 2.234951724786395121e-04
-5.587941153961343277e-01 2.110689038257460904e-04
-5.588450679096558238e-01 2.144247406690528697e-04
-5.585393528285266251e-01 1.913943529156780224e-04
-5.584884003150051290e-01 1.867950000485111791e-04
-5.585393528285266251e-01 2.045094511173823986e-04
-5.582336377473975375e-01 1.594251957139641721e-04
-5.584374478014836329e-01 1.819368642841582401e-04
-5.582336377473975375e-01 1.594251957139641721e-04
-5.586412578555697284e-01 1.998871716237366988e-04
-5.586412578555697284e-01 2.124787016339733275e-04
-5.585903053420482323e-01 1.957531645726723649e-04
-5.587941153961343277e-01 2.110689038257460362e-04
-5.586922103690912245e-01 2.038100540860910087e-04
-5.588450679096558238e-01 2.144247406690528697e-04
-5.589469729366988160e-01 2.206308554815439825e-04
-5.586412578555697284e-01 1.998871716237366988e-04
-5.585393528285266251e-01 1.913943529156780224e-04
-5.588450679096558238e-01 2.144247406690528697e-04
-5.586412578555697284e-01 1.998871716237366446e-04
-5.582336377473975375e-01 1.594251957139641992e-04
-5.583864952879621368e-01 1.767986141215420687e-04
-5.585903053420482323e-01 1.957531645726723649e-04
-5.586412578555697284e-01 1.998871716237366988e-04
-5.584884003150051290e-01 1.867950000485111520e-04
-5.585903053420482323e-01 2.085943880082531470e-04
-5.585903053420482323e-01 2.085943880082530928e-04
-5.585393528285266251e-01 1.913943529156779681e-04
-5.585903053420482323e-01 1.957531645726723107e-04
-5.589469729366988160e-01 2.206308554815439825e-04
-5.584374478014836329e-01 1.819368642841582401e-04
-5.586412578555697284e-01 1.998871716237366446e-04
-5.588450679096558238e-01 2.144247406690528697e-04
-5.583355427744405297e-01 2.119894005777793271e-04
-5.587431628826127206e-01 2.196874803193213843e-04
-5.586922103690912245e-01 2.038100540860910087e-04
-5.583355427744405297e-01 1.858894064240411317e-04
-5.584884003150051290e-01 1.867950000485111520e-04
-5.584374478014836329e-01 1.819368642841582401e-04
-5.584374478014836329e-01 1.956868412895310778e-04
-5.583355427744405297e-01 1.713550528941602043e-04
-5.581317327203545453e-01 1.626494896459873920e-04
-5.584884003150051290e-01 2.002116113302252907e-04
-5.585393528285266251e-01 2.045094511173823986e-04
-5.583355427744405297e-01 1.713550528941602043e-04
-5.584884003150051290e-01 1.867950000485111520e-04
-5.586412578555697284e-01 1.998871716237366446e-04
-5.588450679096558238e-01 2.144247406690528697e-04
-5.585903053420482323e-01 1.957531645726723107e-04
-5.586412578555697284e-01 2.124787016339733817e-04
-5.587431628826127206e-01 2.075337845767052871e-04
-5.583864952879621368e-01 1.767986141215420687e-04
-5.583355427744405297e-01 1.858894064240411588e-04
-5.584884003150051290e-01 1.867950000485111791e-04
-5.582336377473975375e-01 1.892115946898593700e-04
-5.584374478014836329e-01 1.819368642841582672e-04
-5.583355427744405297e-01 1.858894064240411588e-04
-5.581826852338760414e-01 1.528575405645682362e-04
-5.583355427744405297e-01 1.713550528941602043e-04
-5.584374478014836329e-01 1.956868412895310778e-04
-5.584374478014836329e-01 1.956868412895311320e-04
-5.584884003150051290e-01 2.002116113302252907e-04
-5.582336377473975375e-01 1.892115946898593700e-04
-5.586922103690912245e-01 2.038100540860910087e-04
-5.583355427744405297e-01 1.858894064240411588e-04
-5.585393528285266251e-01 2.045094511173823986e-04
-5.583355427744405297e-01 1.713550528941602043e-04
-5.582845902609190336e-01 1.944224002356301499e-04
-5.582845902609190336e-01 1.805761679875327388e-04
-5.581317327203545453e-01 1.458168001767226260e-04
-5.582336377473975375e-01 1.749534518000650963e-04
-5.582336377473975375e-01 1.749534518000650963e-04
-5.578260176392253467e-01 1.830748698402322346e-04
-5.580807802068329382e-01 1.717334041008576791e-04
-5.582845902609190336e-01 2.195101461209194183e-04
-5.581826852338760414e-01 1.973382363162657911e-04
-5.583355427744405297e-01 1.858894064240411588e-04
-5.580298276933114421e-01 2.070327970394966917e-04
-5.580807802068329382e-01 1.996922547839858589e-04
-5.577750651257038506e-01 2.494072189702947425e-04
-5.582336377473975375e-01 2.149084970440291004e-04
-5.579788751797899460e-01 2.140005567903955253e-04
-5.576222075851392512e-01 2.334381496907446461e-04
-5.573674450175316597e-01 2.140005567903955524e-04
-5.572655399904885565e-01 2.665162288316488414e-04
-5.572145874769670604e-01 2.506014312815343383e-04
-5.572655399904885565e-01 2.760855256962337469e-04
-5.573164925040101636e-01 2.522535393672110764e-04
-5.573164925040101636e-01 2.623436017737177761e-04
-5.573164925040101636e-01 2.720597042193659862e-04
-5.569598249093594688e-01 2.698078725720827855e-04
-5.572145874769670604e-01 2.705285787065710222e-04
-5.572145874769670604e-01 2.799607636175457112e-04
-5.574183975310531558e-01 2.534855542146015285e-04
-5.575712550716177551e-01 2.880507419670781449e-04
-5.574693500445746519e-01 2.688439256800143041e-04
-5.573164925040101636e-01 2.623436017737177761e-04
-5.575203025580962590e-01 2.438811069120105945e-04
-5.573164925040101636e-01 2.814405797468638943e-04
-5.571126824499240682e-01 2.780999203733344792e-04
-5.567560148552733734e-01 2.916336003534451978e-04
-5.565522048011872780e-01 2.751435730162228414e-04
-5.563993472606226787e-01 2.825453556518836887e-04
-5.561955372065365832e-01 2.996683619530556399e-04
-5.560936321794935910e-01 3.197853789647052674e-04
-5.557369645848428963e-01 3.284758025117366989e-04
-5.557369645848428963e-01 3.362865892420501576e-04
-5.553293444766707054e-01 3.560848040740031820e-04
-5.550745819090631139e-01 3.778395999528254149e-04
-5.544121992332833315e-01 3.980823068527221745e-04
-5.538007690710250452e-01 4.506921915639911652e-04
-5.527307662870731830e-01 5.268351920459744125e-04
-5.513040959084707371e-01 5.958394861214334976e-04
-5.489093277729595322e-01 7.315900928925426778e-04
-5.444255065830659879e-01 8.942129831988785641e-04
-5.357635792844074318e-01 1.411117880405911296e-03
-3.323611453064995724e-01 1.842263926451832498e-02
1.332766996576773444e+00 1.197636631158365689e-01
4.254231264360164744e+00 3.185137018844814705e-01
6.579194456347122077e+00 3.932392772667207548e-01
6.872324266636427481e+00 3.883453615057529396e-01
6.906564355722889736e+00 3.869905545413510062e-01
6.872884744285164160e+00 3.874365206166286435e-01
4.629241763878552796e+00 3.093711964013375892e-01
8.253818669294775701e-01 7.868349452285466894e-02
-4.558700380826640752e-01 2.608032165283947264e-03
-5.215478280119032473e-01 1.011622346530472718e-03
-5.404512105283874046e-01 7.411095200056393465e-04
-5.472788473402708798e-01 6.601054954758950365e-04
-5.510493333408630345e-01 5.120664234747448942e-04
-5.524250512059439844e-01 4.290613111763157302e-04
-5.515588584760786617e-01 5.809480376426617420e-04
-5.368335820683592940e-01 1.435911983954476275e-03
-5.167073392273587862e-01 2.399555055669058603e-03
-5.037654007928926703e-01 3.076772496831392187e-03
-5.030520656035916138e-01 3.101062231931594505e-03
-5.028482555495054074e-01 3.096907017115900149e-03
-5.059563588743182239e-01 2.896124912243007617e-03
-5.286302273913945360e-01 1.780424020369920880e-03
-5.507436182597339469e-01 6.505979585838992611e-04
-5.556860120713214002e-01 3.132232985985279627e-04
-5.561445846930150871e-01 3.014391351427905385e-04
-5.528326713141165083e-01 5.505465652769468438e-04
-5.452407467994102586e-01 9.152183464756106579e-04
-5.396359703120429119e-01 1.184949971812925083e-03
-5.382092999334403549e-01 1.265388003422252602e-03
-5.374959647441390764e-01 1.256204228693822474e-03
-5.375469172576606836e-01 1.253007156407608645e-03
-5.402474004743013092e-01 1.088477355890121213e-03
-5.491640903405670127e-01 6.031150688154063777e-04
-5.562464897200581904e-01 3.063936947968417699e-04
-5.566031573147087741e-01 2.908759355589692259e-04
-5.565012522876657819e-01 2.777262555483763547e-04
-5.567050623417518773e-01 3.115611839290610761e-04
-5.571126824499240682e-01 2.686023984318327206e-04
-5.571126824499240682e-01 2.485208520560985412e-04
-5.577750651257038506e-01 2.387711113308614488e-04
-5.578769701527468428e-01 2.269532711853993931e-04
-5.579788751797899460e-01 2.258064560080628796e-04
-5.579279226662684499e-01 1.819368642841582672e-04
-5.582336377473975375e-01 1.749534518000650963e-04
-5.580807802068329382e-01 2.122953458958397343e-04
-5.580807802068329382e-01 1.996922547839858589e-04
-5.581317327203545453e-01 1.919361639158811397e-04
-5.581317327203545453e-01 1.919361639158811397e-04
-5.579788751797899460e-01 1.581991442243340349e-04
-5.581826852338760414e-01 1.528575405645682091e-04
-5.583355427744405297e-01 1.858894064240411588e-04
-5.582336377473975375e-01 1.594251957139641992e-04
-5.581826852338760414e-01 1.689903694764010461e-04
-5.584884003150051290e-01 1.867950000485111791e-04
-5.584374478014836329e-01 1.956868412895310778e-04
-5.585393528285266251e-01 1.913943529156780224e-04
-5.584884003150051290e-01 1.867950000485111520e-04
-5.583864952879621368e-01 1.767986141215420416e-04
-5.586412578555697284e-01 2.124787016339733275e-04
-5.586412578555697284e-01 2.124787016339733817e-04
-5.586412578555697284e-01 1.998871716237366988e-04
-5.584374478014836329e-01 1.819368642841582401e-04
-5.584374478014836329e-01 1.956868412895311320e-04
-5.580807802068329382e-01 1.382307040690477563e-04
-5.583864952879621368e-01 1.909190069731660829e-04
-5.582845902609190336e-01 1.655760706646335566e-04
-5.582845902609190336e-01 1.655760706646335566e-04
-5.584374478014836329e-01 1.819368642841582401e-04
-5.583355427744405297e-01 1.713550528941602043e-04
-5.586412578555697284e-01 1.998871716237366988e-04
-5.585903053420482323e-01 1.957531645726723920e-04
-5.586412578555697284e-01 1.998871716237366988e-04
-5.587431628826127206e-01 2.075337845767052871e-04
-5.586412578555697284e-01 1.998871716237366988e-04
-5.586412578555697284e-01 1.998871716237366988e-04
-5.586412578555697284e-01 1.998871716237366446e-04
-5.584884003150051290e-01 1.867950000485111520e-04
-5.585903053420482323e-01 1.957531645726723107e-04
-5.583355427744405297e-01 1.713550528941602043e-04
-5.585393528285266251e-01 1.913943529156779952e-04
-5.586412578555697284e-01 1.998871716237366988e-04
-5.584374478014836329e-01 1.819368642841582672e-04
-5.584374478014836329e-01 1.819368642841582672e-04
-5.585393528285266251e-01 1.913943529156779952e-04
-5.587431628826127206e-01 2.075337845767052871e-04
-5.586922103690912245e-01 2.038100540860910087e-04
-5.587941153961343277e-01 2.110689038257460904e-04
-5.586412578555697284e-01 1.998871716237366988e-04
-5.586412578555697284e-01 1.998871716237367259e-04
-5.586922103690912245e-01 2.038100540860909545e-04
-5.586922103690912245e-01 2.038100540860910087e-04
-5.585393528285266251e-01 1.913943529156779952e-04
-5.585903053420482323e-01 1.957531645726723107e-04
-5.587431628826127206e-01 2.075337845767052871e-04
-5.584374478014836329e-01 1.956868412895311320e-04
-5.582845902609190336e-01 1.655760706646335566e-04
-5.587941153961343277e-01 2.110689038257460904e-04
-5.586922103690912245e-01 2.038100540860909545e-04
-5.583864952879621368e-01 1.767986141215420416e-04
-5.583864952879621368e-01 1.909190069731661371e-04
-5.590488779637419192e-01 2.262085026680307753e-04
-5.585903053420482323e-01 1.957531645726723649e-04
-5.586922103690912245e-01 2.038100540860909545e-04
-5.585903053420482323e-01 1.957531645726723649e-04
-5.586922103690912245e-01 2.038100540860909545e-04
-5.586412578555697284e-01 2.124787016339733817e-04
-5.587431628826127206e-01 2.075337845767052871e-04
-5.587431628826127206e-01 2.075337845767052871e-04
-5.586412578555697284e-01 1.998871716237366988e-04
-5.585903053420482323e-01 1.957531645726723107e-04
-5.583864952879621368e-01 1.909190069731661100e-04
-5.586922103690912245e-01 2.038100540860909545e-04
-5.585393528285266251e-01 1.913943529156779952e-04
-5.584884003150051290e-01 1.867950000485111520e-04
-5.585393528285266251e-01 1.913943529156780224e-04
-5.584374478014836329e-01 1.819368642841582401e-04
-5.586922103690912245e-01 2.038100540860909545e-04
-5.588450679096558238e-01 2.144247406690528697e-04
-5.585393528285266251e-01 1.913943529156780224e-04
-5.586922103690912245e-01 2.038100540860909545e-04
-5.590488779637419192e-01 2.262085026680307753e-04
-5.586922103690912245e-01 2.038100540860909545e-04
-5.586922103690912245e-01 2.038100540860910087e-04
-5.587941153961343277e-01 2.110689038257460362e-04
-5.584884003150051290e-01 1.867950000485111520e-04
-5.586922103690912245e-01 2.038100540860909545e-04
-5.582845902609190336e-01 1.655760706646335566e-04
-5.584884003150051290e-01 2.002116113302252636e-04
-5.587941153961343277e-01 2.230300415426674020e-04
-5.584374478014836329e-01 1.819368642841582401e-04
-5.588960204231773199e-01 2.176095896027927055e-04
-5.581826852338760414e-01 1.528575405645682091e-04
-5.587941153961343277e-01 2.110689038257460904e-04
-5.586412578555697284e-01 1.998871716237366446e-04
-5.588450679096558238e-01 2.144247406690528697e-04
-5.588960204231773199e-01 2.176095896027927597e-04
-5.588450679096558238e-01 2.144247406690528697e-04
-5.587941153961343277e-01 2.110689038257460904e-04
-5.588450679096558238e-01 2.144247406690528697e-04
-5.585393528285266251e-01 1.913943529156779952e-04
-5.582336377473975375e-01 1.594251957139641992e-04
-5.583355427744405297e-01 1.713550528941602043e-04
-5.586412578555697284e-01 1.998871716237366988e-04
-5.584374478014836329e-01 1.819368642841582401e-04
-5.584884003150051290e-01 1.867950000485111520e-04
-5.587431628826127206e-01 2.075337845767052871e-04
-5.586412578555697284e-01 1.998871716237366988e-04
-5.586412578555697284e-01 1.998871716237366988e-04
-5.585393528285266251e-01 1.913943529156779952e-04
-5.582336377473975375e-01 1.594251957139641992e-04
-5.582845902609190336e-01 1.944224002356301499e-04
-5.582845902609190336e-01 1.944224002356301499e-04
-5.583864952879621368e-01 1.909190069731661100e-04
-5.586922103690912245e-01 2.038100540860910087e-04
-5.585393528285266251e-01 2.045094511173823986e-04
-5.587941153961343277e-01 2.110689038257460904e-04
-5.583864952879621368e-01 1.767986141215420687e-04
-5.585393528285266251e-01 2.045094511173823986e-04
-5.585393528285266251e-01 1.913943529156779952e-04
-5.584884003150051290e-01 1.867950000485111791e-04
-5.585903053420482323e-01 2.085943880082531470e-04
-5.586412578555697284e-01 1.998871716237366988e-04
-5.587941153961343277e-01 2.110689038257460904e-04
-5.589469729366988160e-01 2.206308554815440367e-04
-5.588450679096558238e-01 2.144247406690528697e-04
-5.590488779637419192e-01 2.262085026680307753e-04
-5.589979254502204231e-01 2.234951724786395121e-04
-5.588960204231773199e-01 2.176095896027927868e-04
-5.587431628826127206e-01 2.075337845767052871e-04
-5.589979254502204231e-01 2.234951724786395121e-04
-5.587941153961343277e-01 2.110689038257460904e-04
-5.586922103690912245e-01 2.038100540860909545e-04
-5.583864952879621368e-01 1.767986141215420145e-04
-5.584884003150051290e-01 1.867950000485111520e-04
-5.585393528285266251e-01 1.913943529156780495e-04
-5.586412578555697284e-01 1.998871716237366988e-04
-5.585393528285266251e-01 1.913943529156779952e-04
-5.583355427744405297e-01 1.713550528941602043e-04
-5.586412578555697284e-01 1.998871716237366446e-04
-5.591507829907849114e-01 2.312031709933367609e-04
-5.588960204231773199e-01 2.176095896027927597e-04
-5.588450679096558238e-01 2.144247406690528697e-04
-5.587431628826127206e-01 2.075337845767052871e-04
-5.587431628826127206e-01 2.075337845767052871e-04
-5.588450679096558238e-01 2.144247406690528697e-04
-5.587431628826127206e-01 2.075337845767052871e-04
-5.589979254502204231e-01 2.234951724786395663e-04
-5.584374478014836329e-01 1.819368642841582401e-04
-5.586922103690912245e-01 2.038100540860909545e-04
-5.584884003150051290e-01 1.867950000485111520e-04
-5.587431628826127206e-01 2.075337845767052871e-04
-5.583864952879621368e-01 1.767986141215420687e-04
-5.587431628826127206e-01 2.075337845767052871e-04
-5.586412578555697284e-01 1.998871716237366988e-04
-5.586922103690912245e-01 2.038100540860910087e-04
-5.584884003150051290e-01 1.867950000485111520e-04
-5.586922103690912245e-01 2.038100540860909545e-04
-5.588960204231773199e-01 2.176095896027927597e-04
-5.589469729366988160e-01 2.206308554815440367e-04
-5.586922103690912245e-01 2.038100540860910087e-04
-5.586922103690912245e-01 2.038100540860909545e-04
-5.586922103690912245e-01 2.038100540860909545e-04
-5.587431628826127206e-01 2.075337845767052871e-04
-5.587431628826127206e-01 2.075337845767052871e-04
-5.586922103690912245e-01 2.038100540860910087e-04
-5.584884003150051290e-01 1.867950000485111791e-04
-5.589469729366988160e-01 2.206308554815440367e-04
-5.585393528285266251e-01 1.913943529156779952e-04
-5.589979254502204231e-01 2.234951724786395121e-04
-5.585903053420482323e-01 1.957531645726723649e-04
-5.588960204231773199e-01 2.176095896027927055e-04
-5.586922103690912245e-01 2.038100540860910087e-04
-5.589469729366988160e-01 2.206308554815440367e-04
-5.586922103690912245e-01 2.038100540860910087e-04
-5.587941153961343277e-01 2.110689038257460904e-04
-5.589469729366988160e-01 2.206308554815440367e-04
-5.589979254502204231e-01 2.234951724786395663e-04
-5.587431628826127206e-01 2.075337845767052871e-04
-5.584374478014836329e-01 1.819368642841582672e-04
-5.583355427744405297e-01 1.713550528941602043e-04
-5.585393528285266251e-01 1.913943529156779952e-04
-5.585903053420482323e-01 1.957531645726723649e-04
-5.588450679096558238e-01 2.144247406690528697e-04
-5.585903053420482323e-01 1.957531645726723649e-04
-5.586412578555697284e-01 1.998871716237366988e-04
-5.585903053420482323e-01 1.957531645726723107e-04
-5.587941153961343277e-01 2.110689038257460904e-04
-5.586922103690912245e-01 2.038100540860910087e-04
-5.586412578555697284e-01 1.998871716237366988e-04
-5.592017355043065185e-01 2.334937500606389603e-04
-5.586922103690912245e-01 2.038100540860909545e-04
-5.589979254502204231e-01 2.234951724786395121e-04
-5.587431628826127206e-01 2.075337845767052871e-04
-5.588450679096558238e-01 2.144247406690528697e-04
-5.585393528285266251e-01 1.913943529156780224e-04
-5.585903053420482323e-01 1.957531645726723649e-04
-5.586412578555697284e-01 1.998871716237366988e-04
-5.583355427744405297e-01 1.858894064240411588e-04
-5.583864952879621368e-01 1.767986141215420687e-04
-5.587431628826127206e-01 2.075337845767052871e-04
-5.587431628826127206e-01 2.075337845767052871e-04
-5.586922103690912245e-01 2.038100540860910087e-04
-5.588960204231773199e-01 2.176095896027927597e-04
-5.589469729366988160e-01 2.206308554815440367e-04
-5.584884003150051290e-01 1.867950000485111791e-04
-5.586922103690912245e-01 2.038100540860910087e-04
-5.587941153961343277e-01 2.110689038257460904e-04
-5.588450679096558238e-01 2.144247406690528697e-04
-5.587431628826127206e-01 2.075337845767052871e-04
-5.587941153961343277e-01 2.110689038257460904e-04
-5.583864952879621368e-01 1.767986141215420687e-04
-5.586922103690912245e-01 2.038100540860910087e-04
-5.583864952879621368e-01 1.767986141215420687e-04
-5.585903053420482323e-01 1.957531645726723649e-04
