# V, V_err
-5.596603081260002055e-01 2.485208520560984870e-04
-5.594055455583926140e-01 2.413665257457460575e-04
-5.594055455583926140e-01 2.413665257457460846e-04
-5.590998304772634153e-01 2.287762183110056185e-04
-5.589469729366988160e-01 2.206308554815440367e-04
-5.593036405313495107e-01 2.376813242123630417e-04
-5.592526880178280146e-01 2.356519322744944167e-04
-5.592526880178280146e-01 2.356519322744944167e-04
-5.590488779637419192e-01 2.262085026680307753e-04
-5.590998304772634153e-01 2.287762183110056185e-04
-5.588450679096558238e-01 2.144247406690528697e-04
-5.587941153961343277e-01 2.110689038257460904e-04
-5.589469729366988160e-01 2.206308554815440367e-04
-5.588960204231773199e-01 2.176095896027927597e-04
-5.589469729366988160e-01 2.206308554815440367e-04
-5.589979254502204231e-01 2.234951724786395121e-04
-5.591507829907849114e-01 2.312031709933367609e-04
-5.590488779637419192e-01 2.262085026680307753e-04
-5.590488779637419192e-01 2.262085026680308295e-04
-5.594055455583926140e-01 2.413665257457460846e-04
-5.590998304772634153e-01 2.287762183110056185e-04
-5.590998304772634153e-01 2.287762183110056728e-04
-5.590998304772634153e-01 2.287762183110056185e-04
-5.587941153961343277e-01 2.110689038257460362e-04
-5.587941153961343277e-01 2.110689038257460904e-04
-5.587431628826127206e-01 2.075337845767052871e-04
-5.589469729366988160e-01 2.206308554815440367e-04
-5.586412578555697284e-01 1.998871716237366988e-04
-5.589469729366988160e-01 2.206308554815440367e-04
-5.589979254502204231e-01 2.234951724786395121e-04
-5.597112606395217016e-01 2.496153184799823101e-04
-5.592017355043065185e-01 2.334937500606389603e-04
-5.594055455583926140e-01 2.413665257457460033e-04
-5.590998304772634153e-01 2.287762183110056728e-04
-5.593036405313495107e-01 2.376813242123630417e-04
-5.588450679096558238e-01 2.144247406690528697e-04
-5.592526880178280146e-01 2.356519322744944438e-04
-5.590488779637419192e-01 2.262085026680307753e-04
-5.589979254502204231e-01 2.234951724786395663e-04
-5.587941153961343277e-01 2.110689038257460904e-04
-5.585903053420482323e-01 1.957531645726723649e-04
-5.591507829907849114e-01 2.312031709933367609e-04
-5.590488779637419192e-01 2.262085026680307753e-04
-5.587941153961343277e-01 2.110689038257460904e-04
-5.588960204231773199e-01 2.176095896027927597e-04
-5.589979254502204231e-01 2.234951724786395121e-04
-5.591507829907849114e-01 2.312031709933367609e-04
-5.591507829907849114e-01 2.312031709933367609e-04
-5.592017355043065185e-01 2.334937500606389603e-04
-5.594055455583926140e-01 2.413665257457460033e-04
-5.590488779637419192e-01 2.262085026680307753e-04
-5.591507829907849114e-01 2.312031709933367609e-04
-5.584374478014836329e-01 1.819368642841582401e-04
-5.588450679096558238e-01 2.144247406690528697e-04
-5.588960204231773199e-01 2.176095896027927597e-04
-5.592017355043065185e-01 2.334937500606389603e-04
-5.590488779637419192e-01 2.262085026680307753e-04
-5.588450679096558238e-01 2.144247406690528697e-04
-5.590488779637419192e-01 2.262085026680307753e-04
-5.588960204231773199e-01 2.176095896027927597e-04
-5.589469729366988160e-01 2.320997450641423419e-04
-5.594055455583926140e-01 2.413665257457460846e-04
-5.592526880178280146e-01 2.356519322744944167e-04
-5.589469729366988160e-01 2.206308554815440367e-04
-5.593545930448710068e-01 2.395851986273333893e-04
-5.590488779637419192e-01 2.262085026680307753e-04
-5.592017355043065185e-01 2.334937500606389603e-04
-5.588450679096558238e-01 2.144247406690528697e-04
-5.586412578555697284e-01 1.998871716237366988e-04
-5.587941153961343277e-01 2.110689038257460904e-04
-5.585393528285266251e-01 1.913943529156779952e-04
-5.587431628826127206e-01 2.075337845767052871e-04
-5.588450679096558238e-01 2.144247406690528155e-04
-5.588450679096558238e-01 2.144247406690528697e-04
-5.593036405313495107e-01 2.376813242123630417e-04
-5.590998304772634153e-01 2.287762183110056728e-04
-5.594564980719141101e-01 2.430280002945377010e-04
-5.590488779637419192e-01 2.262085026680307753e-04
-5.589469729366988160e-01 2.206308554815440367e-04
-5.594564980719141101e-01 2.430280002945377010e-04
-5.589979254502204231e-01 2.234951724786395121e-04
-5.590998304772634153e-01 2.287762183110056728e-04
-5.589469729366988160e-01 2.206308554815439825e-04
-5.587941153961343277e-01 2.110689038257460904e-04
-5.585903053420482323e-01 1.957531645726723649e-04
-5.587431628826127206e-01 2.075337845767052871e-04
-5.586412578555697284e-01 1.998871716237366988e-04
-5.589469729366988160e-01 2.206308554815440367e-04
-5.587941153961343277e-01 2.110689038257460904e-04
-5.590488779637419192e-01 2.262085026680307753e-04
-5.592526880178280146e-01 2.356519322744944167e-04
-5.592017355043065185e-01 2.334937500606389603e-04
-5.589979254502204231e-01 2.234951724786395121e-04
-5.588960204231773199e-01 2.176095896027927597e-04
-5.594564980719141101e-01 2.430280002945377010e-04
-5.589979254502204231e-01 2.234951724786395121e-04
-5.590998304772634153e-01 2.287762183110056728e-04
-5.589469729366988160e-01 2.206308554815440367e-04
-5.588960204231773199e-01 2.176095896027927597e-04
-5.589469729366988160e-01 2.206308554815439825e-04
-5.587941153961343277e-01 2.110689038257460362e-04
-5.586922103690912245e-01 2.038100540860910087e-04
-5.589979254502204231e-01 2.234951724786395121e-04
-5.589979254502204231e-01 2.234951724786395121e-04
-5.592526880178280146e-01 2.356519322744944167e-04
-5.594564980719141101e-01 2.430280002945377010e-04
-5.592017355043065185e-01 2.334937500606389603e-04
-5.586922103690912245e-01 2.038100540860909545e-04
-5.584374478014836329e-01 1.819368642841582672e-04
-5.595584030989571023e-01 2.460009304094030211e-04
-5.599150706936077970e-01 2.529216256980133934e-04
-5.597112606395217016e-01 2.496153184799823101e-04
-5.594564980719141101e-01 2.430280002945377010e-04
-5.598641181800863009e-01 2.522535393672110764e-04
-5.596093556124785984e-01 2.473165935007842460e-04
-5.590488779637419192e-01 2.262085026680307753e-04
-5.595584030989571023e-01 2.460009304094029669e-04
-5.590998304772634153e-01 2.287762183110056185e-04
-5.599660232071292931e-01 2.534855542146015285e-04
-5.599660232071292931e-01 2.534855542146015285e-04
-5.597112606395217016e-01 2.496153184799823101e-04
-5.597112606395217016e-01 2.496153184799823101e-04
-5.592017355043065185e-01 2.334937500606389603e-04
-5.596603081260002055e-01 2.485208520560984870e-04
-5.596603081260002055e-01 2.485208520560984870e-04
-5.592526880178280146e-01 2.356519322744944167e-04
-5.593036405313495107e-01 2.376813242123630417e-04
-5.594564980719141101e-01 2.430280002945377010e-04
-5.589469729366988160e-01 2.206308554815440367e-04
-5.592526880178280146e-01 2.356519322744944438e-04
-5.593545930448710068e-01 2.395851986273333893e-04
-5.592526880178280146e-01 2.356519322744944167e-04
-5.594055455583926140e-01 2.413665257457460575e-04
-5.594564980719141101e-01 2.430280002945377010e-04
-5.595074505854356062e-01 2.445720649033091562e-04
-5.596603081260002055e-01 2.587565094350499856e-04
-5.597622131530431977e-01 2.506014312815343383e-04
-5.597112606395217016e-01 2.496153184799823101e-04
-5.595074505854356062e-01 2.445720649033091562e-04
-5.597622131530431977e-01 2.506014312815343383e-04
-5.593036405313495107e-01 2.376813242123630417e-04
-5.590488779637419192e-01 2.262085026680307753e-04
-5.594055455583926140e-01 2.413665257457460033e-04
-5.595074505854356062e-01 2.445720649033091562e-04
-5.592017355043065185e-01 2.334937500606389603e-04
-5.589469729366988160e-01 2.206308554815440367e-04
-5.593545930448710068e-01 2.395851986273333893e-04
-5.594564980719141101e-01 2.430280002945377010e-04
-5.596093556124785984e-01 2.473165935007842460e-04
-5.598641181800863009e-01 2.522535393672109679e-04
-5.598131656665646938e-01 2.514804651024825670e-04
-5.598641181800863009e-01 2.522535393672110764e-04
-5.598641181800863009e-01 2.522535393672110222e-04
-5.600679282341723964e-01 2.543035815259971641e-04
-5.597622131530431977e-01 2.506014312815343383e-04
-5.593545930448710068e-01 2.395851986273333893e-04
-5.593036405313495107e-01 2.376813242123630417e-04
-5.593545930448710068e-01 2.395851986273334435e-04
-5.595074505854356062e-01 2.445720649033091562e-04
-5.593036405313495107e-01 2.376813242123630688e-04
-5.591507829907849114e-01 2.312031709933367609e-04
-5.593036405313495107e-01 2.376813242123630688e-04
-5.599150706936077970e-01 2.529216256980133934e-04
-5.595074505854356062e-01 2.445720649033091562e-04
-5.595584030989571023e-01 2.460009304094030211e-04
-5.598131656665646938e-01 2.514804651024825670e-04
-5.598641181800863009e-01 2.522535393672110764e-04
-5.596093556124785984e-01 2.473165935007842460e-04
-5.595584030989571023e-01 2.460009304094029669e-04
-5.600679282341723964e-01 2.543035815259971641e-04
-5.589979254502204231e-01 2.234951724786395121e-04
-5.596603081260002055e-01 2.485208520560984870e-04
-5.590488779637419192e-01 2.262085026680307753e-04
-5.589469729366988160e-01 2.206308554815440367e-04
-5.592526880178280146e-01 2.356519322744944167e-04
-5.589979254502204231e-01 2.234951724786395121e-04
-5.592526880178280146e-01 2.356519322744944167e-04
-5.595584030989571023e-01 2.460009304094029669e-04
-5.597622131530431977e-01 2.506014312815343925e-04
-5.595074505854356062e-01 2.445720649033091562e-04
-5.597622131530431977e-01 2.506014312815343925e-04
-5.599660232071292931e-01 2.534855542146015285e-04
-5.596603081260002055e-01 2.485208520560984870e-04
-5.592017355043065185e-01 2.334937500606389603e-04
-5.595074505854356062e-01 2.445720649033091562e-04
-5.592526880178280146e-01 2.356519322744944167e-04
-5.592526880178280146e-01 2.356519322744944167e-04
-5.592526880178280146e-01 2.356519322744944167e-04
-5.595584030989571023e-01 2.460009304094030211e-04
-5.593545930448710068e-01 2.395851986273334435e-04
-5.591507829907849114e-01 2.312031709933367609e-04
-5.589469729366988160e-01 2.206308554815440367e-04
-5.597112606395217016e-01 2.496153184799823101e-04
-5.594564980719141101e-01 2.430280002945377010e-04
-5.595074505854356062e-01 2.445720649033091562e-04
-5.596093556124785984e-01 2.473165935007842460e-04
-5.597622131530431977e-01 2.506014312815343925e-04
-5.593545930448710068e-01 2.395851986273333893e-04
-5.598131656665646938e-01 2.514804651024825670e-04
-5.593545930448710068e-01 2.395851986273333893e-04
-5.592526880178280146e-01 2.356519322744944167e-04
-5.590998304772634153e-01 2.287762183110056728e-04
-5.589979254502204231e-01 2.234951724786395663e-04
-5.591507829907849114e-01 2.312031709933367609e-04
-5.592017355043065185e-01 2.334937500606389603e-04
-5.592017355043065185e-01 2.334937500606389603e-04
-5.590488779637419192e-01 2.262085026680307753e-04
-5.594564980719141101e-01 2.430280002945377010e-04
-5.596603081260002055e-01 2.485208520560984870e-04
-5.595584030989571023e-01 2.460009304094029669e-04
-5.594055455583926140e-01 2.413665257457460846e-04
-5.594564980719141101e-01 2.430280002945377010e-04
-5.597622131530431977e-01 2.506014312815343925e-04
-5.594055455583926140e-01 2.413665257457460846e-04
-5.594564980719141101e-01 2.430280002945377010e-04
-5.590998304772634153e-01 2.287762183110056728e-04
-5.589979254502204231e-01 2.234951724786395121e-04
-5.594564980719141101e-01 2.430280002945377010e-04
-5.591507829907849114e-01 2.312031709933367609e-04
-5.590998304772634153e-01 2.287762183110056185e-04
-5.589979254502204231e-01 2.234951724786395663e-04
-5.593545930448710068e-01 2.395851986273333893e-04
-5.594055455583926140e-01 2.413665257457460846e-04
-5.596093556124785984e-01 2.473165935007842460e-04
-5.593036405313495107e-01 2.376813242123630688e-04
-5.597112606395217016e-01 2.496153184799823101e-04
-5.592017355043065185e-01 2.334937500606389603e-04
-5.595584030989571023e-01 2.460009304094029669e-04
-5.592526880178280146e-01 2.356519322744944438e-04
-5.596603081260002055e-01 2.485208520560984870e-04
-5.590488779637419192e-01 2.262085026680307753e-04
-5.592017355043065185e-01 2.334937500606389603e-04
-5.589979254502204231e-01 2.234951724786395121e-04
-5.592526880178280146e-01 2.356519322744944167e-04
-5.596093556124785984e-01 2.473165935007842460e-04
-5.589979254502204231e-01 2.234951724786395121e-04
-5.597622131530431977e-01 2.506014312815343925e-04
-5.595074505854356062e-01 2.445720649033091562e-04
-5.595074505854356062e-01 2.445720649033092105e-04
-5.594564980719141101e-01 2.430280002945377010e-04
-5.596603081260002055e-01 2.485208520560984870e-04
-5.596093556124785984e-01 2.473165935007842460e-04
-5.597622131530431977e-01 2.506014312815343925e-04
-5.589979254502204231e-01 2.234951724786395121e-04
-5.592526880178280146e-01 2.356519322744944167e-04
-5.593036405313495107e-01 2.376813242123630417e-04
-5.589469729366988160e-01 2.206308554815440367e-04
-5.590998304772634153e-01 2.287762183110056185e-04
-5.591507829907849114e-01 2.312031709933367609e-04
-5.589469729366988160e-01 2.206308554815440367e-04
-5.592017355043065185e-01 2.334937500606389603e-04
-5.594564980719141101e-01 2.430280002945377010e-04
-5.594564980719141101e-01 2.430280002945377010e-04
-5.594055455583926140e-01 2.413665257457460575e-04
-5.595584030989571023e-01 2.460009304094030211e-04
-5.595584030989571023e-01 2.460009304094029669e-04
-5.593545930448710068e-01 2.395851986273334435e-04
-5.593036405313495107e-01 2.376813242123630417e-04
-5.590998304772634153e-01 2.287762183110056728e-04
-5.590488779637419192e-01 2.262085026680307753e-04
-5.591507829907849114e-01 2.312031709933367609e-04
-5.592017355043065185e-01 2.334937500606389603e-04
-5.589979254502204231e-01 2.234951724786395121e-04
-5.589469729366988160e-01 2.206308554815440367e-04
-5.588450679096558238e-01 2.144247406690528697e-04
-5.593545930448710068e-01 2.395851986273333893e-04
-5.596093556124785984e-01 2.473165935007842460e-04
-5.595074505854356062e-01 2.445720649033091562e-04
-5.597622131530431977e-01 2.506014312815343383e-04
-5.594564980719141101e-01 2.430280002945377010e-04
-5.596093556124785984e-01 2.473165935007842460e-04
-5.595584030989571023e-01 2.460009304094030211e-04
-5.598131656665646938e-01 2.514804651024825670e-04
-5.590998304772634153e-01 2.287762183110056185e-04
-5.592017355043065185e-01 2.334937500606389603e-04
-5.589469729366988160e-01 2.206308554815440367e-04
-5.593545930448710068e-01 2.395851986273333893e-04
-5.590998304772634153e-01 2.287762183110056185e-04
-5.590488779637419192e-01 2.262085026680307753e-04
-5.590488779637419192e-01 2.262085026680307753e-04
-5.594564980719141101e-01 2.430280002945377010e-04
-5.593545930448710068e-01 2.395851986273333351e-04
-5.596093556124785984e-01 2.473165935007842460e-04
-5.595584030989571023e-01 2.460009304094030211e-04
-5.594055455583926140e-01 2.413665257457460575e-04
-5.592017355043065185e-01 2.334937500606389603e-04
-5.592017355043065185e-01 2.334937500606389603e-04
-5.588960204231773199e-01 2.176095896027927055e-04
-5.593036405313495107e-01 2.376813242123630688e-04
-5.589469729366988160e-01 2.206308554815440367e-04
-5.595584030989571023e-01 2.460009304094029669e-04
-5.594055455583926140e-01 2.413665257457460846e-04
-5.591507829907849114e-01 2.312031709933367609e-04
-5.592526880178280146e-01 2.356519322744944438e-04
-5.592526880178280146e-01 2.356519322744944167e-04
-5.593545930448710068e-01 2.395851986273333893e-04
-5.591507829907849114e-01 2.312031709933367338e-04
-5.593545930448710068e-01 2.395851986273334435e-04
-5.592526880178280146e-01 2.356519322744944167e-04
-5.590998304772634153e-01 2.287762183110056185e-04
-5.596093556124785984e-01 2.473165935007842460e-04
-5.595584030989571023e-01 2.460009304094029669e-04
-5.586412578555697284e-01 1.998871716237366988e-04
-5.578769701527468428e-01 2.152102925824680405e-04
-5.568579198823164766e-01 2.764614081380955125e-04
-5.567560148552733734e-01 2.535367582458711538e-04
-5.563993472606226787e-01 2.635284490596900018e-04
-5.566031573147087741e-01 2.818093196098803892e-04
-5.572655399904885565e-01 2.462646253403034642e-04
-5.590488779637419192e-01 2.262085026680307753e-04
-5.594055455583926140e-01 2.413665257457460846e-04
-5.596603081260002055e-01 2.485208520560984870e-04
-5.594564980719141101e-01 2.430280002945377010e-04
-5.597112606395217016e-01 2.496153184799823101e-04
-5.596093556124785984e-01 2.473165935007842460e-04
-5.598641181800863009e-01 2.522535393672110764e-04
-5.592526880178280146e-01 2.356519322744944167e-04
-5.593545930448710068e-01 2.395851986273333893e-04
-5.587941153961343277e-01 2.110689038257460904e-04
-5.582336377473975375e-01 1.892115946898593700e-04
-5.579788751797899460e-01 2.140005567903955524e-04
-5.579788751797899460e-01 2.015041464543035192e-04
-5.579279226662684499e-01 2.085321488936323563e-04
-5.579788751797899460e-01 1.408355493651717238e-04
-5.589469729366988160e-01 2.206308554815440367e-04
-5.598641181800863009e-01 2.522535393672110222e-04
-5.596093556124785984e-01 2.473165935007842460e-04
-5.595584030989571023e-01 2.460009304094029669e-04
-5.594564980719141101e-01 2.430280002945377010e-04
-5.596603081260002055e-01 2.485208520560984870e-04
-5.592017355043065185e-01 2.334937500606389603e-04
-5.595074505854356062e-01 2.445720649033091562e-04
-5.592526880178280146e-01 2.356519322744944167e-04
-5.592526880178280146e-01 2.356519322744944167e-04
-5.589469729366988160e-01 2.206308554815440367e-04
-5.591507829907849114e-01 2.312031709933367609e-04
-5.589979254502204231e-01 2.234951724786395663e-04
-5.594055455583926140e-01 2.413665257457460846e-04
-5.594564980719141101e-01 2.430280002945377010e-04
-5.592017355043065185e-01 2.334937500606389603e-04
-5.593036405313495107e-01 2.376813242123630688e-04
-5.598641181800863009e-01 2.522535393672110764e-04
-5.592017355043065185e-01 2.334937500606389603e-04
-5.593036405313495107e-01 2.376813242123630688e-04
-5.597112606395217016e-01 2.496153184799823101e-04
-5.592526880178280146e-01 2.356519322744944167e-04
-5.590998304772634153e-01 2.287762183110056728e-04
-5.589469729366988160e-01 2.206308554815440367e-04
-5.589979254502204231e-01 2.234951724786395121e-04
-5.591507829907849114e-01 2.312031709933367609e-04
-5.593036405313495107e-01 2.376813242123630688e-04
-5.589979254502204231e-01 2.234951724786395121e-04
-5.589469729366988160e-01 2.206308554815440367e-04
-5.594564980719141101e-01 2.430280002945377010e-04
-5.596603081260002055e-01 2.485208520560985412e-04
-5.596093556124785984e-01 2.473165935007842460e-04
-5.594055455583926140e-01 2.413665257457460575e-04
-5.593036405313495107e-01 2.376813242123630417e-04
-5.593036405313495107e-01 2.376813242123630417e-04
-5.596093556124785984e-01 2.473165935007842460e-04
-5.593036405313495107e-01 2.376813242123630688e-04
-5.593036405313495107e-01 2.376813242123630417e-04
-5.590998304772634153e-01 2.287762183110056728e-04
-5.590998304772634153e-01 2.287762183110056728e-04
-5.593036405313495107e-01 2.376813242123630417e-04
-5.592526880178280146e-01 2.356519322744944167e-04
-5.589979254502204231e-01 2.234951724786395121e-04
-5.594055455583926140e-01 2.413665257457460846e-04
-5.594564980719141101e-01 2.430280002945377010e-04
-5.594564980719141101e-01 2.430280002945377010e-04
-5.592526880178280146e-01 2.356519322744944438e-04
-5.600679282341723964e-01 2.543035815259971641e-04
-5.595584030989571023e-01 2.460009304094029669e-04
-5.595584030989571023e-01 2.460009304094030211e-04
-5.593036405313495107e-01 2.376813242123630417e-04
-5.590488779637419192e-01 2.262085026680307753e-04
-5.589979254502204231e-01 2.234951724786395121e-04
-5.590998304772634153e-01 2.287762183110056728e-04
-5.590998304772634153e-01 2.287762183110056185e-04
-5.590488779637419192e-01 2.262085026680307753e-04
-5.590998304772634153e-01 2.287762183110056728e-04
-5.593545930448710068e-01 2.395851986273333893e-04
-5.594055455583926140e-01 2.413665257457460575e-04
-5.592017355043065185e-01 2.334937500606389603e-04
-5.599150706936077970e-01 2.529216256980133934e-04
-5.594564980719141101e-01 2.430280002945377010e-04
-5.593036405313495107e-01 2.376813242123630688e-04
-5.596603081260002055e-01 2.485208520560985412e-04
-5.594055455583926140e-01 2.413665257457460575e-04
-5.595074505854356062e-01 2.445720649033091562e-04
-5.589979254502204231e-01 2.234951724786395663e-04
-5.591507829907849114e-01 2.312031709933367609e-04
-5.592017355043065185e-01 2.334937500606389603e-04
-5.593036405313495107e-01 2.376813242123630688e-04
-5.594055455583926140e-01 2.413665257457460846e-04
-5.594055455583926140e-01 2.413665257457460846e-04
-5.589469729366988160e-01 2.206308554815440367e-04
-5.588960204231773199e-01 2.176095896027927597e-04
-5.595584030989571023e-01 2.460009304094029669e-04
-5.596603081260002055e-01 2.485208520560984870e-04
-5.591507829907849114e-01 2.312031709933367609e-04
-5.593545930448710068e-01 2.395851986273333893e-04
-5.594564980719141101e-01 2.430280002945377010e-04
-5.596093556124785984e-01 2.473165935007842460e-04
-5.592526880178280146e-01 2.356519322744944167e-04
-5.592017355043065185e-01 2.334937500606389603e-04
-5.593545930448710068e-01 2.395851986273333893e-04
-5.588450679096558238e-01 2.144247406690528697e-04
-5.592017355043065185e-01 2.334937500606389603e-04
-5.591507829907849114e-01 2.312031709933367609e-04
-5.589979254502204231e-01 2.234951724786395663e-04
-5.592017355043065185e-01 2.334937500606389603e-04
-5.596093556124785984e-01 2.473165935007842460e-04
-5.592017355043065185e-01 2.334937500606389603e-04
-5.592017355043065185e-01 2.334937500606390146e-04
-5.595074505854356062e-01 2.445720649033091562e-04
-5.593545930448710068e-01 2.395851986273333351e-04
-5.593545930448710068e-01 2.395851986273333893e-04
-5.596603081260002055e-01 2.485208520560984870e-04
-5.594055455583926140e-01 2.413665257457460846e-04
-5.594564980719141101e-01 2.430280002945377010e-04
-5.590488779637419192e-01 2.262085026680307753e-04
-5.590998304772634153e-01 2.287762183110056185e-04
-5.589469729366988160e-01 2.206308554815440367e-04
-5.589979254502204231e-01 2.234951724786395121e-04
-5.588450679096558238e-01 2.144247406690528697e-04
-5.589469729366988160e-01 2.206308554815440367e-04
-5.592526880178280146e-01 2.356519322744944438e-04
-5.594055455583926140e-01 2.413665257457460846e-04
-5.594564980719141101e-01 2.430280002945377010e-04
-5.592017355043065185e-01 2.334937500606389603e-04
-5.589979254502204231e-01 2.234951724786395121e-04
-5.591507829907849114e-01 2.312031709933367609e-04
-5.596603081260002055e-01 2.485208520560984870e-04
-5.591507829907849114e-01 2.312031709933367609e-04
-5.589469729366988160e-01 2.206308554815440367e-04
-5.590488779637419192e-01 2.262085026680307753e-04
-5.592017355043065185e-01 2.334937500606389603e-04
-5.592017355043065185e-01 2.334937500606389603e-04
-5.589979254502204231e-01 2.234951724786395663e-04
-5.593545930448710068e-01 2.395851986273333351e-04
-5.592526880178280146e-01 2.356519322744944167e-04
-5.591507829907849114e-01 2.312031709933367609e-04
-5.595074505854356062e-01 2.445720649033091562e-04
-5.593545930448710068e-01 2.395851986273333893e-04
-5.593545930448710068e-01 2.395851986273333893e-04
-5.597112606395217016e-01 2.496153184799823101e-04
-5.597112606395217016e-01 2.496153184799823101e-04
-5.593036405313495107e-01 2.376813242123630417e-04
-5.594564980719141101e-01 2.430280002945377010e-04
-5.589979254502204231e-01 2.234951724786395663e-04
-5.593036405313495107e-01 2.376813242123630417e-04
-5.592017355043065185e-01 2.334937500606389603e-04
-5.589979254502204231e-01 2.234951724786395663e-04
-5.592017355043065185e-01 2.334937500606389603e-04
-5.588960204231773199e-01 2.176095896027927597e-04
-5.594564980719141101e-01 2.430280002945377010e-04
-5.592017355043065185e-01 2.334937500606389603e-04
-5.598131656665646938e-01 2.514804651024825670e-04
-5.591507829907849114e-01 2.312031709933367609e-04
-5.594564980719141101e-01 2.430280002945377010e-04
-5.595584030989571023e-01 2.460009304094029669e-04
-5.594564980719141101e-01 2.430280002945377010e-04
-5.593036405313495107e-01 2.376813242123630688e-04
-5.589979254502204231e-01 2.234951724786395121e-04
-5.588450679096558238e-01 2.144247406690528697e-04
-5.590488779637419192e-01 2.262085026680307753e-04
-5.590998304772634153e-01 2.287762183110056728e-04
-5.588960204231773199e-01 2.176095896027927055e-04
-5.590488779637419192e-01 2.262085026680307753e-04
-5.591507829907849114e-01 2.312031709933367609e-04
-5.593545930448710068e-01 2.395851986273333893e-04
-5.591507829907849114e-01 2.312031709933367609e-04
-5.590998304772634153e-01 2.287762183110056728e-04
-5.592526880178280146e-01 2.356519322744944167e-04
-5.595074505854356062e-01 2.445720649033091562e-04
-5.593545930448710068e-01 2.395851986273333893e-04
-5.590998304772634153e-01 2.287762183110056728e-04
-5.591507829907849114e-01 2.312031709933367609e-04
-5.592017355043065185e-01 2.334937500606389603e-04
-5.590488779637419192e-01 2.262085026680307753e-04
-5.593036405313495107e-01 2.376813242123629875e-04
-5.590998304772634153e-01 2.287762183110056728e-04
-5.587941153961343277e-01 2.110689038257460362e-04
-5.589979254502204231e-01 2.234951724786395121e-04
-5.595584030989571023e-01 2.460009304094029669e-04
-5.593545930448710068e-01 2.395851986273333893e-04
-5.595584030989571023e-01 2.460009304094030211e-04
-5.593545930448710068e-01 2.395851986273333893e-04
-5.596093556124785984e-01 2.473165935007842460e-04
-5.595074505854356062e-01 2.445720649033091562e-04
-5.595074505854356062e-01 2.445720649033091562e-04
-5.597622131530431977e-01 2.506014312815343383e-04
-5.588960204231773199e-01 2.176095896027927597e-04
-5.594055455583926140e-01 2.413665257457460846e-04
-5.588960204231773199e-01 2.176095896027927597e-04
-5.588960204231773199e-01 2.176095896027927597e-04
-5.588960204231773199e-01 2.176095896027927597e-04
-5.592017355043065185e-01 2.334937500606389603e-04
-5.592526880178280146e-01 2.356519322744944167e-04
-5.593545930448710068e-01 2.395851986273333893e-04
-5.593545930448710068e-01 2.395851986273333893e-04
-5.594055455583926140e-01 2.413665257457460575e-04
-5.595074505854356062e-01 2.445720649033092105e-04
-5.597112606395217016e-01 2.496153184799823101e-04
-5.596093556124785984e-01 2.473165935007842460e-04
-5.594564980719141101e-01 2.430280002945377010e-04
-5.592017355043065185e-01 2.334937500606389603e-04
-5.590488779637419192e-01 2.262085026680307753e-04
-5.588960204231773199e-01 2.176095896027927597e-04
-5.589979254502204231e-01 2.234951724786395663e-04
-5.593545930448710068e-01 2.395851986273333893e-04
-5.588960204231773199e-01 2.176095896027927055e-04
-5.589469729366988160e-01 2.206308554815439825e-04
-5.594055455583926140e-01 2.413665257457460846e-04
-5.594055455583926140e-01 2.413665257457460846e-04
-5.596093556124785984e-01 2.473165935007842460e-04
-5.591507829907849114e-01 2.312031709933367609e-04
-5.593545930448710068e-01 2.395851986273333893e-04
-5.593036405313495107e-01 2.376813242123630688e-04
-5.593036405313495107e-01 2.376813242123630688e-04
-5.592017355043065185e-01 2.334937500606389603e-04
-5.590488779637419192e-01 2.262085026680307753e-04
-5.592526880178280146e-01 2.356519322744944438e-04
-5.590998304772634153e-01 2.287762183110056185e-04
-5.592526880178280146e-01 2.356519322744944167e-04
-5.589979254502204231e-01 2.234951724786395121e-04
-5.589469729366988160e-01 2.206308554815440367e-04
-5.588450679096558238e-01 2.144247406690528697e-04
-5.591507829907849114e-01 2.312031709933367609e-04
-5.596093556124785984e-01 2.473165935007842460e-04
-5.595074505854356062e-01 2.445720649033091562e-04
-5.596603081260002055e-01 2.485208520560984870e-04
-5.591507829907849114e-01 2.312031709933367609e-04
-5.593545930448710068e-01 2.395851986273333893e-04
-5.595584030989571023e-01 2.460009304094029669e-04
-5.597112606395217016e-01 2.496153184799822559e-04
-5.588450679096558238e-01 2.144247406690528697e-04
-5.590998304772634153e-01 2.287762183110056185e-04
-5.593036405313495107e-01 2.376813242123630417e-04
-5.592526880178280146e-01 2.356519322744944167e-04
-5.589979254502204231e-01 2.234951724786395121e-04
-5.591507829907849114e-01 2.312031709933367609e-04
-5.594564980719141101e-01 2.430280002945377010e-04
-5.593036405313495107e-01 2.376813242123629875e-04
-5.594564980719141101e-01 2.430280002945377010e-04
-5.593036405313495107e-01 2.376813242123630688e-04
-5.593036405313495107e-01 2.376813242123630417e-04
-5.594055455583926140e-01 2.413665257457460846e-04
-5.594055455583926140e-01 2.413665257457460575e-04
-5.593545930448710068e-01 2.395851986273333893e-04
-5.594564980719141101e-01 2.430280002945377010e-04
-5.592017355043065185e-01 2.334937500606389603e-04
-5.588960204231773199e-01 2.176095896027927597e-04
-5.590488779637419192e-01 2.262085026680307753e-04
-5.593545930448710068e-01 2.395851986273333893e-04
-5.593545930448710068e-01 2.395851986273333893e-04
-5.590998304772634153e-01 2.287762183110056185e-04
-5.588450679096558238e-01 2.144247406690528697e-04
-5.589979254502204231e-01 2.234951724786395121e-04
-5.592017355043065185e-01 2.334937500606389603e-04
-5.594055455583926140e-01 2.413665257457460846e-04
-5.595074505854356062e-01 2.445720649033091562e-04
-5.595074505854356062e-01 2.445720649033091562e-04
-5.597622131530431977e-01 2.506014312815343925e-04
-5.592526880178280146e-01 2.356519322744944167e-04
-5.595074505854356062e-01 2.445720649033091562e-04
-5.592017355043065185e-01 2.334937500606390146e-04
-5.588450679096558238e-01 2.144247406690528697e-04
-5.591507829907849114e-01 2.312031709933367609e-04
-5.593036405313495107e-01 2.376813242123630688e-04
-5.590488779637419192e-01 2.262085026680307753e-04
-5.592017355043065185e-01 2.334937500606389603e-04
-5.589979254502204231e-01 2.234951724786395663e-04
-5.594055455583926140e-01 2.413665257457460846e-04
-5.593036405313495107e-01 2.376813242123630417e-04
-5.592017355043065185e-01 2.334937500606389603e-04
-5.596603081260002055e-01 2.485208520560984870e-04
-5.595074505854356062e-01 2.445720649033091562e-04
-5.590488779637419192e-01 2.262085026680307211e-04
-5.593545930448710068e-01 2.395851986273333351e-04
-5.590998304772634153e-01 2.287762183110056185e-04
-5.594564980719141101e-01 2.430280002945377010e-04
-5.587431628826127206e-01 2.075337845767052871e-04
-5.590488779637419192e-01 2.262085026680307753e-04
-5.589979254502204231e-01 2.234951724786395121e-04
-5.590998304772634153e-01 2.287762183110056728e-04
-5.585393528285266251e-01 1.913943529156779681e-04
-5.592526880178280146e-01 2.356519322744944167e-04
-5.594564980719141101e-01 2.430280002945377010e-04
-5.596603081260002055e-01 2.485208520560984870e-04
-5.594564980719141101e-01 2.430280002945377010e-04
-5.594564980719141101e-01 2.430280002945377010e-04
-5.592526880178280146e-01 2.356519322744944438e-04
-5.594564980719141101e-01 2.430280002945377010e-04
-5.593545930448710068e-01 2.395851986273333893e-04
-5.587431628826127206e-01 2.075337845767052871e-04
-5.591507829907849114e-01 2.312031709933367609e-04
-5.593036405313495107e-01 2.376813242123630688e-04
-5.596093556124785984e-01 2.473165935007842460e-04
-5.589979254502204231e-01 2.234951724786395121e-04
-5.589469729366988160e-01 2.206308554815440367e-04
-5.592526880178280146e-01 2.356519322744944167e-04
-5.591507829907849114e-01 2.312031709933367609e-04
-5.593036405313495107e-01 2.376813242123630417e-04
-5.592017355043065185e-01 2.334937500606389603e-04
-5.595074505854356062e-01 2.445720649033091562e-04
-5.595074505854356062e-01 2.445720649033091562e-04
-5.595584030989571023e-01 2.460009304094029669e-04
-5.593036405313495107e-01 2.376813242123630688e-04
-5.594055455583926140e-01 2.413665257457460846e-04
-5.588960204231773199e-01 2.176095896027927597e-04
-5.593036405313495107e-01 2.376813242123630688e-04
-5.590488779637419192e-01 2.262085026680308295e-04
-5.587431628826127206e-01 2.075337845767052871e-04
-5.594055455583926140e-01 2.413665257457460575e-04
-5.592526880178280146e-01 2.356519322744944167e-04
-5.589979254502204231e-01 2.234951724786395121e-04
-5.588450679096558238e-01 2.144247406690528697e-04
-5.594055455583926140e-01 2.413665257457460575e-04
-5.592526880178280146e-01 2.356519322744944167e-04
-5.593036405313495107e-01 2.376813242123630417e-04
-5.591507829907849114e-01 2.312031709933367609e-04
-5.596093556124785984e-01 2.473165935007842460e-04
-5.594564980719141101e-01 2.430280002945377010e-04
-5.590998304772634153e-01 2.287762183110056185e-04
-5.587431628826127206e-01 2.075337845767052871e-04
-5.590488779637419192e-01 2.262085026680307753e-04
-5.587431628826127206e-01 2.075337845767052871e-04
-5.591507829907849114e-01 2.312031709933367609e-04
-5.596093556124785984e-01 2.473165935007842460e-04
-5.589469729366988160e-01 2.206308554815440367e-04
-5.593036405313495107e-01 2.376813242123630688e-04
-5.593545930448710068e-01 2.395851986273333893e-04
-5.594055455583926140e-01 2.413665257457460846e-04
-5.597112606395217016e-01 2.496153184799823101e-04
-5.594564980719141101e-01 2.430280002945377010e-04
-5.593036405313495107e-01 2.376813242123630417e-04
-5.592526880178280146e-01 2.356519322744944167e-04
-5.592017355043065185e-01 2.334937500606389332e-04
-5.588960204231773199e-01 2.176095896027927597e-04
-5.591507829907849114e-01 2.312031709933367609e-04
-5.593545930448710068e-01 2.395851986273333893e-04
-5.588960204231773199e-01 2.176095896027927868e-04
-5.587941153961343277e-01 2.110689038257460904e-04
-5.589469729366988160e-01 2.206308554815440367e-04
-5.589979254502204231e-01 2.234951724786395121e-04
-5.592017355043065185e-01 2.334937500606390146e-04
-5.594055455583926140e-01 2.413665257457460846e-04
-5.594564980719141101e-01 2.430280002945377010e-04
-5.597622131530431977e-01 2.506014312815343383e-04
-5.592017355043065185e-01 2.334937500606389603e-04
-5.590998304772634153e-01 2.287762183110056728e-04
-5.589469729366988160e-01 2.206308554815440367e-04
-5.592017355043065185e-01 2.334937500606389603e-04
-5.592017355043065185e-01 2.334937500606389603e-04
-5.593545930448710068e-01 2.395851986273333893e-04
-5.590998304772634153e-01 2.287762183110056185e-04
-5.589979254502204231e-01 2.234951724786395121e-04
-5.589469729366988160e-01 2.206308554815440367e-04
-5.590998304772634153e-01 2.287762183110056999e-04
-5.591507829907849114e-01 2.312031709933367609e-04
-5.594055455583926140e-01 2.413665257457460846e-04
-5.595074505854356062e-01 2.445720649033092105e-04
-5.592017355043065185e-01 2.334937500606389603e-04
-5.592017355043065185e-01 2.334937500606389603e-04
-5.597622131530431977e-01 2.506014312815343383e-04
-5.597112606395217016e-01 2.496153184799823101e-04
-5.593036405313495107e-01 2.376813242123630688e-04
-5.593036405313495107e-01 2.376813242123630417e-04
-5.592526880178280146e-01 2.356519322744944167e-04
-5.588960204231773199e-01 2.176095896027927055e-04
-5.593036405313495107e-01 2.376813242123630688e-04
-5.593545930448710068e-01 2.395851986273333893e-04
-5.588450679096558238e-01 2.144247406690528697e-04
-5.589469729366988160e-01 2.206308554815440367e-04
-5.589469729366988160e-01 2.206308554815439825e-04
-5.591507829907849114e-01 2.312031709933367609e-04
-5.592017355043065185e-01 2.334937500606389603e-04
-5.593036405313495107e-01 2.376813242123630688e-04
-5.597112606395217016e-01 2.496153184799823101e-04
-5.592017355043065185e-01 2.334937500606389603e-04
-5.594564980719141101e-01 2.430280002945377010e-04
-5.595584030989571023e-01 2.460009304094030211e-04
-5.587941153961343277e-01 2.110689038257460904e-04
-5.586922103690912245e-01 2.038100540860909545e-04
-5.587941153961343277e-01 2.110689038257460362e-04
-5.590998304772634153e-01 2.287762183110056185e-04
-5.590488779637419192e-01 2.262085026680307753e-04
-5.593545930448710068e-01 2.395851986273333893e-04
-5.591507829907849114e-01 2.312031709933367609e-04
-5.596093556124785984e-01 2.473165935007842460e-04
-5.596093556124785984e-01 2.473165935007842460e-04
-5.590488779637419192e-01 2.262085026680307753e-04
-5.595584030989571023e-01 2.460009304094029669e-04
-5.590998304772634153e-01 2.287762183110056728e-04
-5.593036405313495107e-01 2.376813242123630688e-04
-5.591507829907849114e-01 2.312031709933367609e-04
-5.595584030989571023e-01 2.460009304094029669e-04
-5.588960204231773199e-01 2.176095896027927597e-04
-5.589469729366988160e-01 2.206308554815440367e-04
-5.588450679096558238e-01 2.144247406690528697e-04
-5.587941153961343277e-01 2.110689038257460362e-04
-5.588960204231773199e-01 2.176095896027927597e-04
-5.588960204231773199e-01 2.176095896027927597e-04
-5.587941153961343277e-01 2.110689038257460904e-04
-5.594564980719141101e-01 2.430280002945377010e-04
-5.595584030989571023e-01 2.460009304094029669e-04
-5.592017355043065185e-01 2.334937500606389603e-04
-5.589469729366988160e-01 2.206308554815440367e-04
-5.595074505854356062e-01 2.445720649033091562e-04
-5.596093556124785984e-01 2.473165935007842460e-04
-5.596603081260002055e-01 2.485208520560984870e-04
-5.593545930448710068e-01 2.395851986273333893e-04
-5.590998304772634153e-01 2.287762183110056185e-04
-5.586922103690912245e-01 2.038100540860909545e-04
-5.588450679096558238e-01 2.144247406690528697e-04
-5.591507829907849114e-01 2.312031709933367609e-04
-5.590488779637419192e-01 2.262085026680307753e-04
-5.592017355043065185e-01 2.334937500606389603e-04
-5.588960204231773199e-01 2.176095896027927597e-04
-5.590998304772634153e-01 2.287762183110056185e-04
-5.593545930448710068e-01 2.395851986273333893e-04
-5.597112606395217016e-01 2.496153184799823101e-04
-5.591507829907849114e-01 2.312031709933367609e-04
-5.594564980719141101e-01 2.430280002945377010e-04
-5.593036405313495107e-01 2.376813242123630688e-04
-5.591507829907849114e-01 2.312031709933367609e-04
-5.586922103690912245e-01 2.038100540860910087e-04
-5.588960204231773199e-01 2.176095896027927597e-04
-5.593545930448710068e-01 2.395851986273333893e-04
-5.590998304772634153e-01 2.287762183110056728e-04
-5.588960204231773199e-01 2.176095896027927055e-04
-5.591507829907849114e-01 2.312031709933367609e-04
-5.591507829907849114e-01 2.312031709933367609e-04
-5.592526880178280146e-01 2.356519322744944167e-04
-5.592526880178280146e-01 2.356519322744944167e-04
-5.593545930448710068e-01 2.395851986273333893e-04
-5.589469729366988160e-01 2.206308554815440367e-04
-5.595584030989571023e-01 2.460009304094029669e-04
-5.594564980719141101e-01 2.430280002945377010e-04
-5.591507829907849114e-01 2.312031709933367609e-04
-5.594055455583926140e-01 2.413665257457460575e-04
-5.593036405313495107e-01 2.376813242123630688e-04
-5.590488779637419192e-01 2.262085026680307753e-04
-5.586922103690912245e-01 2.038100540860909545e-04
-5.588450679096558238e-01 2.144247406690528697e-04
-5.588450679096558238e-01 2.144247406690528697e-04
-5.588960204231773199e-01 2.176095896027927597e-04
-5.592017355043065185e-01 2.334937500606389332e-04
-5.594055455583926140e-01 2.413665257457460846e-04
-5.592526880178280146e-01 2.356519322744944167e-04
-5.591507829907849114e-01 2.312031709933367338e-04
-5.591507829907849114e-01 2.312031709933367609e-04
-5.597112606395217016e-01 2.496153184799823101e-04
-5.592526880178280146e-01 2.356519322744944167e-04
-5.593545930448710068e-01 2.395851986273333351e-04
-5.593545930448710068e-01 2.395851986273333893e-04
-5.588960204231773199e-01 2.176095896027927055e-04
-5.589979254502204231e-01 2.234951724786395663e-04
-5.590998304772634153e-01 2.287762183110056185e-04
-5.589469729366988160e-01 2.206308554815440367e-04
-5.587431628826127206e-01 2.075337845767052871e-04
-5.591507829907849114e-01 2.312031709933367609e-04
-5.589979254502204231e-01 2.234951724786395121e-04
-5.592526880178280146e-01 2.356519322744944167e-04
-5.594055455583926140e-01 2.413665257457460846e-04
-5.594564980719141101e-01 2.430280002945377010e-04
-5.592526880178280146e-01 2.356519322744944167e-04
-5.596093556124785984e-01 2.473165935007842460e-04
-5.594055455583926140e-01 2.413665257457460846e-04
-5.592017355043065185e-01 2.334937500606389603e-04
-5.590488779637419192e-01 2.262085026680307753e-04
-5.591507829907849114e-01 2.312031709933367609e-04
-5.592017355043065185e-01 2.334937500606389603e-04
-5.587431628826127206e-01 2.075337845767052871e-04
-5.588450679096558238e-01 2.144247406690528697e-04
-5.587941153961343277e-01 2.110689038257460904e-04
-5.594055455583926140e-01 2.413665257457460846e-04
-5.589979254502204231e-01 2.234951724786395663e-04
-5.594055455583926140e-01 2.413665257457460846e-04
-5.592526880178280146e-01 2.356519322744944167e-04
-5.593545930448710068e-01 2.395851986273333351e-04
-5.595074505854356062e-01 2.445720649033091562e-04
-5.590998304772634153e-01 2.287762183110056185e-04
-5.593036405313495107e-01 2.376813242123630417e-04
-5.595584030989571023e-01 2.460009304094030211e-04
-5.590998304772634153e-01 2.287762183110056185e-04
-5.588960204231773199e-01 2.176095896027927597e-04
-5.591507829907849114e-01 2.312031709933367609e-04
-5.583864952879621368e-01 1.767986141215420416e-04
-5.589469729366988160e-01 2.206308554815440367e-04
-5.586412578555697284e-01 2.124787016339733817e-04
-5.591507829907849114e-01 2.312031709933367609e-04
-5.593036405313495107e-01 2.376813242123630417e-04
-5.593036405313495107e-01 2.376813242123630417e-04
-5.596603081260002055e-01 2.485208520560984870e-04
-5.593036405313495107e-01 2.376813242123630417e-04
-5.592526880178280146e-01 2.356519322744944167e-04
-5.593036405313495107e-01 2.376813242123630417e-04
-5.593036405313495107e-01 2.376813242123630417e-04
-5.594564980719141101e-01 2.430280002945377010e-04
-5.590488779637419192e-01 2.262085026680307753e-04
-5.592017355043065185e-01 2.334937500606390146e-04
-5.589469729366988160e-01 2.206308554815440367e-04
-5.588960204231773199e-01 2.176095896027927055e-04
-5.588450679096558238e-01 2.144247406690528697e-04
-5.593545930448710068e-01 2.395851986273334435e-04
-5.591507829907849114e-01 2.312031709933367609e-04
-5.594055455583926140e-01 2.413665257457460575e-04
-5.595074505854356062e-01 2.445720649033091562e-04
-5.596093556124785984e-01 2.473165935007842460e-04
-5.592526880178280146e-01 2.356519322744944167e-04
-5.589979254502204231e-01 2.234951724786395121e-04
-5.589979254502204231e-01 2.234951724786395121e-04
-5.592017355043065185e-01 2.334937500606389603e-04
-5.590998304772634153e-01 2.287762183110056728e-04
-5.588450679096558238e-01 2.144247406690528697e-04
-5.590488779637419192e-01 2.262085026680307753e-04
-5.589469729366988160e-01 2.206308554815440367e-04
-5.588450679096558238e-01 2.144247406690528697e-04
-5.588450679096558238e-01 2.144247406690528697e-04
-5.588450679096558238e-01 2.144247406690528697e-04
-5.589469729366988160e-01 2.206308554815440367e-04
-5.594055455583926140e-01 2.413665257457460846e-04
-5.593036405313495107e-01 2.376813242123630417e-04
-5.594055455583926140e-01 2.413665257457460575e-04
-5.595074505854356062e-01 2.445720649033091562e-04
-5.593545930448710068e-01 2.395851986273333893e-04
-5.592526880178280146e-01 2.356519322744944167e-04
-5.591507829907849114e-01 2.312031709933367609e-04
-5.590488779637419192e-01 2.262085026680307753e-04
-5.589979254502204231e-01 2.234951724786395121e-04
-5.585903053420482323e-01 1.957531645726723649e-04
-5.588960204231773199e-01 2.176095896027927055e-04
-5.590998304772634153e-01 2.287762183110056185e-04
-5.591507829907849114e-01 2.312031709933367609e-04
-5.586922103690912245e-01 2.038100540860910087e-04
-5.589979254502204231e-01 2.234951724786395121e-04
-5.591507829907849114e-01 2.312031709933367609e-04
-5.589469729366988160e-01 2.206308554815439825e-04
-5.593545930448710068e-01 2.395851986273333893e-04
-5.593545930448710068e-01 2.395851986273333893e-04
-5.596093556124785984e-01 2.473165935007842460e-04
-5.593545930448710068e-01 2.395851986273333893e-04
-5.590488779637419192e-01 2.262085026680307753e-04
-5.589979254502204231e-01 2.234951724786395663e-04
-5.589979254502204231e-01 2.234951724786395121e-04
-5.589979254502204231e-01 2.234951724786395121e-04
-5.591507829907849114e-01 2.312031709933367609e-04
-5.585393528285266251e-01 1.913943529156779952e-04
-5.590488779637419192e-01 2.262085026680307753e-04
-5.589469729366988160e-01 2.206308554815440367e-04
-5.594055455583926140e-01 2.413665257457460846e-04
-5.593545930448710068e-01 2.395851986273333893e-04
-5.590998304772634153e-01 2.287762183110056728e-04
-5.590998304772634153e-01 2.287762183110056728e-04
-5.594055455583926140e-01 2.413665257457460846e-04
-5.594055455583926140e-01 2.413665257457460846e-04
-5.590998304772634153e-01 2.287762183110056728e-04
-5.590998304772634153e-01 2.287762183110056185e-04
-5.589979254502204231e-01 2.234951724786395663e-04
-5.586412578555697284e-01 1.998871716237366446e-04
-5.590998304772634153e-01 2.287762183110056728e-04
-5.589469729366988160e-01 2.206308554815440367e-04
-5.588450679096558238e-01 2.144247406690528697e-04
-5.589469729366988160e-01 2.206308554815440367e-04
-5.592017355043065185e-01 2.334937500606389603e-04
-5.589469729366988160e-01 2.206308554815440367e-04
-5.593036405313495107e-01 2.376813242123630688e-04
-5.592526880178280146e-01 2.356519322744944167e-04
-5.596603081260002055e-01 2.485208520560984870e-04
-5.592017355043065185e-01 2.334937500606389603e-04
-5.594564980719141101e-01 2.430280002945377010e-04
-5.593545930448710068e-01 2.395851986273333893e-04
-5.586412578555697284e-01 1.998871716237366446e-04
-5.585393528285266251e-01 1.913943529156780224e-04
-5.588450679096558238e-01 2.144247406690528697e-04
-5.592526880178280146e-01 2.356519322744944167e-04
-5.589979254502204231e-01 2.234951724786395121e-04
-5.589469729366988160e-01 2.206308554815440367e-04
-5.587941153961343277e-01 2.110689038257460904e-04
-5.589469729366988160e-01 2.206308554815440367e-04
-5.589979254502204231e-01 2.234951724786395663e-04
-5.589469729366988160e-01 2.206308554815440367e-04
-5.591507829907849114e-01 2.312031709933367609e-04
-5.594564980719141101e-01 2.430280002945377010e-04
-5.591507829907849114e-01 2.312031709933367609e-04
-5.592017355043065185e-01 2.334937500606389603e-04
-5.589469729366988160e-01 2.206308554815440367e-04
-5.586412578555697284e-01 1.998871716237366988e-04
-5.587431628826127206e-01 2.075337845767052871e-04
-5.585903053420482323e-01 1.957531645726723107e-04
-5.583864952879621368e-01 1.767986141215420416e-04
-5.586412578555697284e-01 2.124787016339733817e-04
-5.540555316386330809e-01 6.084293382513283801e-04
-4.928615628992875641e-01 4.160097215293954293e-03
-4.002298933171641870e-01 8.881097649752273809e-03
-3.698112427448168038e-01 1.071618820635424421e-02
-3.671107595281762337e-01 1.086997570180911997e-02
-3.686902874473433900e-01 1.075474559156406988e-02
-4.172480328333518229e-01 8.289558991314950956e-03
-5.068225516041841017e-01 3.872377619056111692e-03
-5.570617299364024610e-01 2.907420250467428668e-04
-5.584374478014836329e-01 1.819368642841582672e-04
-5.584884003150051290e-01 2.002116113302252907e-04
-5.585903053420482323e-01 1.957531645726723649e-04
-5.584884003150051290e-01 1.867950000485111520e-04
-5.585903053420482323e-01 1.957531645726723107e-04
-5.590998304772634153e-01 2.287762183110056728e-04
-5.586412578555697284e-01 1.998871716237367259e-04
-5.587941153961343277e-01 2.110689038257460362e-04
-5.589979254502204231e-01 2.234951724786395121e-04
-5.592017355043065185e-01 2.334937500606389603e-04
-5.590488779637419192e-01 2.262085026680307753e-04
-5.587431628826127206e-01 2.075337845767052871e-04
-5.588450679096558238e-01 2.144247406690528697e-04
-5.588960204231773199e-01 2.176095896027927597e-04
-5.587941153961343277e-01 2.110689038257460904e-04
-5.585903053420482323e-01 1.957531645726723107e-04
-5.585393528285266251e-01 1.913943529156779952e-04
-5.505398082056480735e-01 7.241712809138631506e-04
-4.791553367619985626e-01 4.852057271375665760e-03
-3.882051001260855005e-01 9.912227125519416926e-03
-3.609964579055938705e-01 1.125485548898640803e-02
-3.583978797159963481e-01 1.141629583353641862e-02
-3.583978797159964591e-01 1.139125347182239414e-02
-4.138342144274101964e-01 8.642379939507324749e-03
-5.164016241462298096e-01 2.939831983825080385e-03
-5.583355427744405297e-01 1.993669699047569881e-04
-5.585903053420482323e-01 1.957531645726723649e-04
-5.585903053420482323e-01 1.957531645726723649e-04
-5.592526880178280146e-01 2.356519322744944167e-04
-5.587941153961343277e-01 2.110689038257460904e-04
-5.587941153961343277e-01 2.110689038257460904e-04
-5.586922103690912245e-01 2.038100540860909545e-04
-5.590998304772634153e-01 2.287762183110056728e-04
-5.586922103690912245e-01 2.038100540860910087e-04
-5.587431628826127206e-01 2.196874803193213843e-04
-5.588960204231773199e-01 2.176095896027927055e-04
-5.591507829907849114e-01 2.312031709933367609e-04
-5.587431628826127206e-01 2.075337845767052871e-04
-5.589469729366988160e-01 2.206308554815440638e-04
-5.591507829907849114e-01 2.312031709933367609e-04
-5.593545930448710068e-01 2.395851986273333893e-04
-5.589979254502204231e-01 2.234951724786395121e-04
-5.592017355043065185e-01 2.334937500606389603e-04
-5.589979254502204231e-01 2.234951724786395121e-04
-5.594564980719141101e-01 2.430280002945377010e-04
-5.588450679096558238e-01 2.144247406690528697e-04
-5.589979254502204231e-01 2.234951724786395663e-04
-5.591507829907849114e-01 2.312031709933367609e-04
-5.589469729366988160e-01 2.206308554815440367e-04
-5.589979254502204231e-01 2.234951724786395121e-04
-5.587941153961343277e-01 2.110689038257460904e-04
-5.590998304772634153e-01 2.287762183110056185e-04
-5.594055455583926140e-01 2.413665257457460033e-04
-5.592526880178280146e-01 2.356519322744944167e-04
-5.589469729366988160e-01 2.206308554815440367e-04
-5.590998304772634153e-01 2.287762183110056728e-04
-5.592526880178280146e-01 2.356519322744944167e-04
-5.592017355043065185e-01 2.334937500606389603e-04
-5.593036405313495107e-01 2.376813242123630688e-04
-5.590488779637419192e-01 2.262085026680308295e-04
-5.590488779637419192e-01 2.262085026680307753e-04
-5.584884003150051290e-01 1.867950000485111791e-04
-5.588450679096558238e-01 2.144247406690528697e-04
-5.591507829907849114e-01 2.312031709933367609e-04
-5.585393528285266251e-01 1.913943529156779952e-04
-5.586922103690912245e-01 2.038100540860909545e-04
-5.585393528285266251e-01 1.913943529156779952e-04
-5.587431628826127206e-01 2.075337845767052871e-04
-5.587431628826127206e-01 2.075337845767052871e-04
-5.589979254502204231e-01 2.234951724786395663e-04
-5.594564980719141101e-01 2.430280002945377010e-04
-5.592526880178280146e-01 2.356519322744944167e-04
-5.592526880178280146e-01 2.356519322744944438e-04
-5.595584030989571023e-01 2.460009304094029669e-04
-5.591507829907849114e-01 2.312031709933367609e-04
-5.587941153961343277e-01 2.110689038257460904e-04
-5.585903053420482323e-01 1.957531645726723649e-04
-5.591507829907849114e-01 2.312031709933367609e-04
-5.591507829907849114e-01 2.312031709933367338e-04
-5.589979254502204231e-01 2.234951724786395121e-04
-5.592526880178280146e-01 2.356519322744944167e-04
-5.590998304772634153e-01 2.287762183110056728e-04
-5.594564980719141101e-01 2.430280002945377010e-04
-5.590488779637419192e-01 2.262085026680308295e-04
-5.594055455583926140e-01 2.413665257457460846e-04
-5.595074505854356062e-01 2.445720649033091562e-04
-5.593036405313495107e-01 2.376813242123630417e-04
-5.593036405313495107e-01 2.376813242123630417e-04
-5.592017355043065185e-01 2.334937500606389603e-04
-5.590998304772634153e-01 2.287762183110056728e-04
-5.592526880178280146e-01 2.356519322744944167e-04
-5.588450679096558238e-01 2.144247406690528697e-04
-5.592017355043065185e-01 2.334937500606389603e-04
-5.587941153961343277e-01 2.110689038257460904e-04
-5.590488779637419192e-01 2.262085026680307753e-04
-5.588960204231773199e-01 2.176095896027927597e-04
-5.590488779637419192e-01 2.262085026680307753e-04
-5.598641181800863009e-01 2.522535393672110764e-04
-5.592526880178280146e-01 2.356519322744944167e-04
-5.594055455583926140e-01 2.413665257457460575e-04
-5.589469729366988160e-01 2.206308554815440367e-04
-5.591507829907849114e-01 2.312031709933367609e-04
-5.597112606395217016e-01 2.496153184799823101e-04
-5.592017355043065185e-01 2.334937500606389603e-04
-5.589469729366988160e-01 2.206308554815440367e-04
-5.590998304772634153e-01 2.287762183110056728e-04
-5.592526880178280146e-01 2.356519322744944167e-04
-5.585903053420482323e-01 1.957531645726723649e-04
-5.590488779637419192e-01 2.262085026680307211e-04
-5.589979254502204231e-01 2.234951724786395663e-04
-5.586412578555697284e-01 1.998871716237366988e-04
-5.593545930448710068e-01 2.395851986273333893e-04
-5.595074505854356062e-01 2.445720649033091562e-04
-5.591507829907849114e-01 2.312031709933367609e-04
-5.596093556124785984e-01 2.473165935007842460e-04
-5.596603081260002055e-01 2.485208520560984870e-04
-5.592526880178280146e-01 2.356519322744944438e-04
-5.596093556124785984e-01 2.473165935007842460e-04
-5.588960204231773199e-01 2.176095896027927597e-04
-5.588960204231773199e-01 2.176095896027927868e-04
-5.592526880178280146e-01 2.356519322744944167e-04
-5.588450679096558238e-01 2.144247406690528697e-04
-5.590488779637419192e-01 2.262085026680307753e-04
-5.591507829907849114e-01 2.312031709933367609e-04
-5.590998304772634153e-01 2.287762183110056728e-04
-5.592017355043065185e-01 2.334937500606389603e-04
-5.595074505854356062e-01 2.445720649033091562e-04
-5.590998304772634153e-01 2.287762183110056185e-04
-5.590998304772634153e-01 2.287762183110056728e-04
-5.593036405313495107e-01 2.376813242123630688e-04
-5.594055455583926140e-01 2.413665257457460846e-04
-5.593036405313495107e-01 2.376813242123630688e-04
-5.595074505854356062e-01 2.445720649033091562e-04
-5.588960204231773199e-01 2.176095896027927597e-04
-5.589469729366988160e-01 2.206308554815440367e-04
-5.591507829907849114e-01 2.312031709933367338e-04
-5.585903053420482323e-01 1.957531645726723649e-04
-5.586412578555697284e-01 1.998871716237366988e-04
-5.587941153961343277e-01 2.110689038257460362e-04
-5.584884003150051290e-01 1.867950000485111791e-04
-5.592017355043065185e-01 2.334937500606389603e-04
-5.593036405313495107e-01 2.376813242123630688e-04
-5.590998304772634153e-01 2.287762183110056728e-04
-5.592017355043065185e-01 2.334937500606389603e-04
-5.593036405313495107e-01 2.376813242123630417e-04
-5.595074505854356062e-01 2.445720649033091562e-04
-5.595074505854356062e-01 2.445720649033091562e-04
-5.589979254502204231e-01 2.234951724786395663e-04
-5.592017355043065185e-01 2.334937500606389603e-04
-5.586922103690912245e-01 2.038100540860909545e-04
-5.590488779637419192e-01 2.262085026680307753e-04
-5.589979254502204231e-01 2.234951724786395121e-04
-5.589469729366988160e-01 2.206308554815440367e-04
-5.587941153961343277e-01 2.110689038257460904e-04
-5.590998304772634153e-01 2.287762183110056185e-04
-5.594564980719141101e-01 2.430280002945377010e-04
-5.591507829907849114e-01 2.312031709933367338e-04
-5.589979254502204231e-01 2.234951724786395121e-04
-5.590998304772634153e-01 2.287762183110056728e-04
-5.592526880178280146e-01 2.356519322744944167e-04
-5.592526880178280146e-01 2.356519322744944167e-04
-5.593036405313495107e-01 2.376813242123630417e-04
-5.587941153961343277e-01 2.110689038257460362e-04
-5.586922103690912245e-01 2.038100540860910087e-04
-5.589469729366988160e-01 2.206308554815440367e-04
-5.586922103690912245e-01 2.038100540860909545e-04
-5.587941153961343277e-01 2.110689038257460904e-04
-5.588450679096558238e-01 2.144247406690528697e-04
-5.590998304772634153e-01 2.287762183110056728e-04
-5.591507829907849114e-01 2.312031709933367609e-04
-5.593036405313495107e-01 2.376813242123630688e-04
-5.593036405313495107e-01 2.376813242123630417e-04
-5.591507829907849114e-01 2.312031709933367609e-04
-5.595584030989571023e-01 2.460009304094030211e-04
-5.594055455583926140e-01 2.413665257457460846e-04
-5.592017355043065185e-01 2.334937500606389603e-04
-5.590998304772634153e-01 2.287762183110056728e-04
-5.590488779637419192e-01 2.262085026680307753e-04
-5.590488779637419192e-01 2.262085026680307753e-04
-5.588450679096558238e-01 2.144247406690528697e-04
-5.592017355043065185e-01 2.334937500606389603e-04
-5.588450679096558238e-01 2.144247406690528697e-04
-5.588450679096558238e-01 2.144247406690528697e-04
-5.588450679096558238e-01 2.144247406690528697e-04
-5.592526880178280146e-01 2.356519322744944167e-04
-5.592526880178280146e-01 2.356519322744944167e-04
-5.592017355043065185e-01 2.334937500606389603e-04
-5.592017355043065185e-01 2.334937500606390146e-04
-5.592526880178280146e-01 2.356519322744944438e-04
-5.590998304772634153e-01 2.287762183110056728e-04
-5.594564980719141101e-01 2.430280002945377010e-04
-5.590998304772634153e-01 2.287762183110056185e-04
-5.586922103690912245e-01 2.038100540860909545e-04
-5.590488779637419192e-01 2.262085026680307753e-04
-5.590488779637419192e-01 2.262085026680307753e-04
-5.586922103690912245e-01 2.038100540860909545e-04
-5.587431628826127206e-01 2.075337845767052871e-04
-5.590998304772634153e-01 2.287762183110056185e-04
-5.589469729366988160e-01 2.206308554815440367e-04
-5.591507829907849114e-01 2.312031709933367609e-04
-5.590488779637419192e-01 2.262085026680308295e-04
-5.587941153961343277e-01 2.110689038257460362e-04
-5.593036405313495107e-01 2.376813242123630688e-04
-5.589979254502204231e-01 2.234951724786395663e-04
-5.592526880178280146e-01 2.356519322744944167e-04
-5.590998304772634153e-01 2.287762183110056728e-04
-5.585903053420482323e-01 1.957531645726723107e-04
-5.591507829907849114e-01 2.312031709933367609e-04
-5.589469729366988160e-01 2.206308554815440367e-04
-5.589979254502204231e-01 2.234951724786395121e-04
-5.590488779637419192e-01 2.262085026680307753e-04
-5.588960204231773199e-01 2.176095896027927055e-04
-5.589469729366988160e-01 2.320997450641423961e-04
-5.588960204231773199e-01 2.176095896027927597e-04
-5.594055455583926140e-01 2.413665257457460846e-04
-5.593036405313495107e-01 2.376813242123630688e-04
-5.593545930448710068e-01 2.395851986273333893e-04
-5.592017355043065185e-01 2.334937500606390146e-04
-5.594564980719141101e-01 2.430280002945377010e-04
-5.592017355043065185e-01 2.334937500606389603e-04
-5.593036405313495107e-01 2.376813242123630417e-04
-5.589979254502204231e-01 2.234951724786395121e-04
-5.587431628826127206e-01 2.075337845767052871e-04
-5.588960204231773199e-01 2.176095896027927868e-04
-5.591507829907849114e-01 2.312031709933367609e-04
-5.590488779637419192e-01 2.262085026680307753e-04
-5.587941153961343277e-01 2.110689038257460362e-04
-5.590998304772634153e-01 2.287762183110056185e-04
-5.588960204231773199e-01 2.176095896027927055e-04
-5.592017355043065185e-01 2.334937500606389332e-04
-5.588960204231773199e-01 2.176095896027927597e-04
-5.593036405313495107e-01 2.376813242123630417e-04
-5.594564980719141101e-01 2.430280002945377010e-04
-5.590488779637419192e-01 2.262085026680307753e-04
-5.589469729366988160e-01 2.206308554815439825e-04
-5.589469729366988160e-01 2.206308554815440367e-04
-5.587941153961343277e-01 2.110689038257460362e-04
-5.590488779637419192e-01 2.262085026680307753e-04
-5.590488779637419192e-01 2.262085026680307753e-04
-5.588960204231773199e-01 2.176095896027927597e-04
-5.587431628826127206e-01 2.075337845767052871e-04
-5.588450679096558238e-01 2.144247406690528697e-04
-5.588450679096558238e-01 2.144247406690528697e-04
-5.594564980719141101e-01 2.430280002945377010e-04
-5.592526880178280146e-01 2.356519322744944167e-04
-5.592526880178280146e-01 2.356519322744944167e-04
-5.592526880178280146e-01 2.356519322744944438e-04
-5.594055455583926140e-01 2.413665257457460846e-04
-5.589979254502204231e-01 2.234951724786395121e-04
-5.588960204231773199e-01 2.176095896027927055e-04
-5.588450679096558238e-01 2.144247406690528697e-04
-5.586412578555697284e-01 1.998871716237366988e-04
-5.588450679096558238e-01 2.144247406690528697e-04
-5.588450679096558238e-01 2.144247406690528697e-04
-5.587431628826127206e-01 2.075337845767052871e-04
-5.586922103690912245e-01 2.038100540860909545e-04
-5.589469729366988160e-01 2.206308554815440367e-04
-5.589469729366988160e-01 2.206308554815440367e-04
-5.593545930448710068e-01 2.395851986273333893e-04
-5.588960204231773199e-01 2.176095896027927597e-04
-5.589979254502204231e-01 2.234951724786395663e-04
-5.592017355043065185e-01 2.334937500606389603e-04
-5.592017355043065185e-01 2.334937500606389603e-04
-5.590998304772634153e-01 2.287762183110056728e-04
-5.588450679096558238e-01 2.144247406690528697e-04
-5.586412578555697284e-01 1.998871716237366446e-04
-5.590488779637419192e-01 2.262085026680307753e-04
-5.586412578555697284e-01 1.998871716237367259e-04
-5.587431628826127206e-01 2.075337845767052871e-04
-5.589979254502204231e-01 2.234951724786395121e-04
-5.589469729366988160e-01 2.206308554815439825e-04
-5.590998304772634153e-01 2.287762183110056185e-04
-5.590998304772634153e-01 2.287762183110056185e-04
-5.590488779637419192e-01 2.262085026680307753e-04
-5.592526880178280146e-01 2.356519322744944438e-04
-5.594564980719141101e-01 2.430280002945377010e-04
-5.592526880178280146e-01 2.356519322744944438e-04
-5.593545930448710068e-01 2.395851986273333893e-04
-5.587941153961343277e-01 2.110689038257460904e-04
-5.589979254502204231e-01 2.234951724786395121e-04
-5.589469729366988160e-01 2.206308554815440367e-04
-5.587941153961343277e-01 2.110689038257460904e-04
-5.590488779637419192e-01 2.262085026680307753e-04
-5.590488779637419192e-01 2.262085026680307753e-04
-5.587431628826127206e-01 2.075337845767052871e-04
-5.588450679096558238e-01 2.144247406690528697e-04
-5.588960204231773199e-01 2.176095896027927597e-04
-5.593036405313495107e-01 2.376813242123629875e-04
-5.594564980719141101e-01 2.430280002945377010e-04
-5.590488779637419192e-01 2.262085026680307753e-04
-5.595584030989571023e-01 2.460009304094029669e-04
-5.595074505854356062e-01 2.445720649033091562e-04
-5.592526880178280146e-01 2.356519322744944167e-04
-5.590488779637419192e-01 2.262085026680307753e-04
-5.588960204231773199e-01 2.176095896027927597e-04
-5.591507829907849114e-01 2.312031709933367609e-04
-5.589469729366988160e-01 2.206308554815440367e-04
-5.591507829907849114e-01 2.421718884298837068e-04
-5.590488779637419192e-01 2.262085026680307753e-04
-5.586412578555697284e-01 1.998871716237366446e-04
-5.587431628826127206e-01 2.075337845767052871e-04
-5.590998304772634153e-01 2.287762183110056728e-04
-5.591507829907849114e-01 2.312031709933367609e-04
-5.593545930448710068e-01 2.395851986273333893e-04
-5.592017355043065185e-01 2.334937500606389603e-04
-5.591507829907849114e-01 2.312031709933367609e-04
-5.592017355043065185e-01 2.334937500606389603e-04
-5.593545930448710068e-01 2.395851986273333893e-04
-5.592526880178280146e-01 2.356519322744944167e-04
-5.587431628826127206e-01 2.075337845767052871e-04
-5.588450679096558238e-01 2.144247406690528697e-04
-5.588960204231773199e-01 2.176095896027927597e-04
-5.587941153961343277e-01 2.110689038257460362e-04
-5.589469729366988160e-01 2.206308554815439825e-04
-5.585903053420482323e-01 1.957531645726723649e-04
-5.588450679096558238e-01 2.144247406690528697e-04
-5.588960204231773199e-01 2.176095896027927868e-04
-5.587431628826127206e-01 2.075337845767052871e-04
-5.593545930448710068e-01 2.395851986273333893e-04
-5.592017355043065185e-01 2.334937500606389603e-04
-5.594564980719141101e-01 2.430280002945377010e-04
-5.592017355043065185e-01 2.334937500606389603e-04
-5.593545930448710068e-01 2.395851986273333893e-04
-5.589469729366988160e-01 2.206308554815440367e-04
-5.585903053420482323e-01 1.957531645726723649e-04
-5.588960204231773199e-01 2.176095896027927597e-04
-5.590488779637419192e-01 2.262085026680307753e-04
-5.590488779637419192e-01 2.262085026680307753e-04
-5.587431628826127206e-01 2.075337845767052871e-04
-5.589469729366988160e-01 2.206308554815440367e-04
-5.587941153961343277e-01 2.110689038257460904e-04
-5.589979254502204231e-01 2.234951724786395663e-04
-5.586412578555697284e-01 1.998871716237366446e-04
-5.592017355043065185e-01 2.334937500606389603e-04
-5.587941153961343277e-01 2.110689038257460904e-04
-5.591507829907849114e-01 2.312031709933367609e-04
-5.593545930448710068e-01 2.395851986273333893e-04
-5.590998304772634153e-01 2.287762183110056185e-04
-5.589979254502204231e-01 2.234951724786395663e-04
-5.590998304772634153e-01 2.287762183110056728e-04
-5.587431628826127206e-01 2.075337845767052871e-04
-5.588450679096558238e-01 2.144247406690528697e-04
-5.588450679096558238e-01 2.144247406690528697e-04
-5.586412578555697284e-01 1.998871716237366988e-04
-5.586412578555697284e-01 1.998871716237366988e-04
-5.589469729366988160e-01 2.206308554815440367e-04
-5.589469729366988160e-01 2.206308554815440367e-04
-5.589469729366988160e-01 2.206308554815440367e-04
-5.590488779637419192e-01 2.262085026680307753e-04
-5.587431628826127206e-01 2.075337845767052871e-04
-5.589979254502204231e-01 2.234951724786395663e-04
-5.593545930448710068e-01 2.395851986273333893e-04
-5.588960204231773199e-01 2.176095896027927055e-04
-5.588960204231773199e-01 2.176095896027927597e-04
-5.586412578555697284e-01 1.998871716237366988e-04
-5.587941153961343277e-01 2.110689038257460904e-04
-5.587941153961343277e-01 2.110689038257460904e-04
-5.585393528285266251e-01 1.913943529156779952e-04
-5.587941153961343277e-01 2.110689038257460904e-04
-5.586412578555697284e-01 1.998871716237366446e-04
-5.586412578555697284e-01 1.998871716237367259e-04
-5.588450679096558238e-01 2.144247406690528697e-04
-5.587431628826127206e-01 2.075337845767052871e-04
-5.586922103690912245e-01 2.038100540860910087e-04
-5.589469729366988160e-01 2.206308554815440367e-04
-5.590998304772634153e-01 2.287762183110056185e-04
-5.587941153961343277e-01 2.110689038257460904e-04
-5.590488779637419192e-01 2.262085026680307753e-04
-5.585903053420482323e-01 1.957531645726723107e-04
-5.584884003150051290e-01 2.127839434256427009e-04
-5.583864952879621368e-01 1.767986141215420416e-04
-5.584884003150051290e-01 1.867950000485111520e-04
-5.584374478014836329e-01 1.819368642841582401e-04
-5.585393528285266251e-01 2.045094511173823986e-04
-5.584884003150051290e-01 2.127839434256426738e-04
-5.588960204231773199e-01 2.176095896027927597e-04
-5.584374478014836329e-01 1.819368642841582672e-04
-5.586412578555697284e-01 1.998871716237367259e-04
-5.583864952879621368e-01 1.767986141215420416e-04
-5.585903053420482323e-01 1.957531645726723107e-04
-5.584374478014836329e-01 2.085321488936323563e-04
-5.583355427744405297e-01 1.858894064240411588e-04
-5.584884003150051290e-01 2.002116113302252907e-04
-5.582336377473975375e-01 1.594251957139641992e-04
-5.582845902609190336e-01 1.655760706646335566e-04
-5.582336377473975375e-01 1.892115946898593700e-04
-5.585903053420482323e-01 2.085943880082531470e-04
-5.584374478014836329e-01 1.819368642841582401e-04
-5.585393528285266251e-01 2.045094511173823986e-04
-5.582336377473975375e-01 1.749534518000650963e-04
-5.585903053420482323e-01 1.957531645726723649e-04
-5.586412578555697284e-01 1.998871716237366988e-04
-5.585393528285266251e-01 1.913943529156780224e-04
-5.587431628826127206e-01 2.196874803193213843e-04
-5.583355427744405297e-01 1.993669699047569881e-04
-5.580807802068329382e-01 1.717334041008576791e-04
-5.579279226662684499e-01 1.956868412895311320e-04
-5.576222075851392512e-01 2.220384031259380715e-04
-5.574183975310531558e-01 2.320997450641423148e-04
-5.572655399904885565e-01 2.354866204812453511e-04
-5.569088723958379727e-01 3.088831976741616297e-04
-5.560426796659720949e-01 3.292652191813791275e-04
-5.548707718549770185e-01 3.408490851956373852e-04
-5.525269562329870876e-01 5.170864315878036244e-04
-5.453936043399748579e-01 9.425388708288873338e-04
-1.344615827889159010e-01 3.329884721301397399e-02
1.031892404232197968e+00 9.210781166932470454e-02
2.181381109277688690e+00 1.595186617481207658e-01
2.320226708623830625e+00 1.646691650101682058e-01
2.350849169250264659e+00 1.656763902698011326e-01
2.257096544370667868e+00 1.580707810717364159e-01
1.231931972317685586e+00 1.043411900506105300e-01
4.137554137384950870e-02 3.538990484092838229e-02
-5.262354592558832200e-01 9.059093253988617081e-04
-5.467693222050555857e-01 5.393270004100610181e-04
-5.531383863952452629e-01 3.293834685007528823e-04
-5.551255344225846100e-01 2.647570265778527790e-04
-5.561955372065365832e-01 2.627391445566113165e-04
-5.568579198823164766e-01 2.466859509269485264e-04
-5.578260176392253467e-01 2.329928690760848956e-04
-5.578769701527468428e-01 2.152102925824680405e-04
-5.577241126121823545e-01 2.100207970520888250e-04
-5.581826852338760414e-01 2.100825951399503679e-04
-5.583355427744405297e-01 1.993669699047569881e-04
-5.581317327203545453e-01 1.778965254028927749e-04
-5.586412578555697284e-01 1.998871716237366988e-04
-5.584884003150051290e-01 2.002116113302252636e-04
-5.582845902609190336e-01 1.655760706646335566e-04
-5.583355427744405297e-01 1.713550528941602043e-04
-5.584374478014836329e-01 1.956868412895311320e-04
-5.581826852338760414e-01 1.837119001156224760e-04
-5.584374478014836329e-01 1.819368642841582401e-04
-5.583864952879621368e-01 1.767986141215420687e-04
-5.583355427744405297e-01 1.858894064240411588e-04
-5.583864952879621368e-01 1.767986141215420687e-04
-5.586412578555697284e-01 1.998871716237366988e-04
-5.585393528285266251e-01 1.913943529156780495e-04
-5.583864952879621368e-01 2.040646576258166799e-04
-5.583355427744405297e-01 1.713550528941602043e-04
-5.581826852338760414e-01 1.528575405645682362e-04
-5.587941153961343277e-01 2.110689038257460904e-04
-5.582845902609190336e-01 1.655760706646335566e-04
-5.585393528285266251e-01 1.913943529156780224e-04
-5.584884003150051290e-01 1.867950000485111520e-04
-5.584884003150051290e-01 2.127839434256427009e-04
-5.586412578555697284e-01 1.998871716237366988e-04
-5.584884003150051290e-01 1.867950000485111520e-04
-5.583864952879621368e-01 1.767986141215420416e-04
-5.585903053420482323e-01 1.957531645726723649e-04
-5.589469729366988160e-01 2.206308554815440367e-04
-5.587941153961343277e-01 2.110689038257460904e-04
-5.585393528285266251e-01 1.913943529156779952e-04
-5.588450679096558238e-01 2.144247406690528697e-04
-5.591507829907849114e-01 2.312031709933367609e-04
-5.592017355043065185e-01 2.334937500606389603e-04
-5.590488779637419192e-01 2.262085026680307753e-04
-5.585393528285266251e-01 1.913943529156780224e-04
-5.585903053420482323e-01 1.957531645726723649e-04
-5.587431628826127206e-01 2.075337845767052871e-04
-5.584884003150051290e-01 1.867950000485111791e-04
-5.586412578555697284e-01 1.998871716237366988e-04
-5.586412578555697284e-01 1.998871716237366988e-04
-5.585393528285266251e-01 1.913943529156780224e-04
-5.588450679096558238e-01 2.144247406690528697e-04
-5.593036405313495107e-01 2.376813242123630417e-04
-5.590488779637419192e-01 2.262085026680307211e-04
-5.590488779637419192e-01 2.262085026680307753e-04
-5.592526880178280146e-01 2.356519322744944167e-04
-5.587941153961343277e-01 2.110689038257460362e-04
-5.592526880178280146e-01 2.356519322744944167e-04
-5.588960204231773199e-01 2.176095896027927597e-04
-5.589469729366988160e-01 2.206308554815440367e-04
-5.588960204231773199e-01 2.176095896027927055e-04
-5.585393528285266251e-01 1.913943529156780224e-04
-5.586412578555697284e-01 1.998871716237366988e-04
-5.585903053420482323e-01 1.957531645726723107e-04
-5.586922103690912245e-01 2.038100540860910087e-04
-5.586922103690912245e-01 2.038100540860910087e-04
-5.592526880178280146e-01 2.356519322744944167e-04
-5.590488779637419192e-01 2.262085026680307753e-04
-5.592017355043065185e-01 2.334937500606390146e-04
-5.588960204231773199e-01 2.176095896027927597e-04
-5.590998304772634153e-01 2.287762183110056185e-04
-5.589979254502204231e-01 2.234951724786395663e-04
-5.590488779637419192e-01 2.262085026680307753e-04
-5.589979254502204231e-01 2.234951724786395121e-04
-5.587941153961343277e-01 2.110689038257460904e-04
-5.587941153961343277e-01 2.110689038257460904e-04
-5.586922103690912245e-01 2.038100540860910087e-04
-5.586922103690912245e-01 2.038100540860909545e-04
-5.588960204231773199e-01 2.176095896027927597e-04
-5.587431628826127206e-01 2.075337845767052871e-04
-5.591507829907849114e-01 2.312031709933367609e-04
-5.590998304772634153e-01 2.287762183110056728e-04
-5.591507829907849114e-01 2.312031709933367609e-04
-5.592017355043065185e-01 2.334937500606389603e-04
-5.595074505854356062e-01 2.445720649033091562e-04
-5.594564980719141101e-01 2.430280002945377010e-04
-5.590488779637419192e-01 2.262085026680307753e-04
-5.592017355043065185e-01 2.334937500606389603e-04
-5.588450679096558238e-01 2.144247406690528697e-04
-5.589469729366988160e-01 2.206308554815440367e-04
-5.590998304772634153e-01 2.287762183110056728e-04
-5.590488779637419192e-01 2.262085026680307753e-04
-5.585903053420482323e-01 1.957531645726723649e-04
-5.587431628826127206e-01 2.075337845767052871e-04
-5.588960204231773199e-01 2.176095896027927868e-04
-5.590488779637419192e-01 2.262085026680307753e-04
-5.593036405313495107e-01 2.376813242123630417e-04
-5.592526880178280146e-01 2.356519322744944167e-04
-5.588450679096558238e-01 2.144247406690528697e-04
-5.587941153961343277e-01 2.110689038257460904e-04
-5.592017355043065185e-01 2.334937500606389603e-04
-5.593036405313495107e-01 2.376813242123630688e-04
-5.590488779637419192e-01 2.262085026680307753e-04
-5.586922103690912245e-01 2.038100540860909545e-04
-5.586412578555697284e-01 1.998871716237366446e-04
-5.588450679096558238e-01 2.262085026680308295e-04
-5.590998304772634153e-01 2.287762183110056728e-04
-5.588450679096558238e-01 2.144247406690528697e-04
-5.590998304772634153e-01 2.287762183110056185e-04
-5.586922103690912245e-01 2.038100540860909545e-04
-5.590488779637419192e-01 2.262085026680307753e-04
-5.591507829907849114e-01 2.312031709933367609e-04
-5.589469729366988160e-01 2.206308554815440367e-04
-5.591507829907849114e-01 2.312031709933367609e-04
-5.593036405313495107e-01 2.376813242123630688e-04
-5.588960204231773199e-01 2.176095896027927597e-04
-5.592526880178280146e-01 2.356519322744944167e-04
-5.589979254502204231e-01 2.234951724786395121e-04
-5.589469729366988160e-01 2.206308554815440367e-04
-5.586922103690912245e-01 2.038100540860909545e-04
-5.590998304772634153e-01 2.287762183110056728e-04
-5.586922103690912245e-01 2.038100540860910087e-04
-5.586922103690912245e-01 2.038100540860910087e-04
-5.589979254502204231e-01 2.234951724786395121e-04
-5.589979254502204231e-01 2.234951724786395663e-04
-5.593036405313495107e-01 2.376813242123630417e-04
-5.590488779637419192e-01 2.262085026680307753e-04
-5.590488779637419192e-01 2.262085026680307753e-04
-5.586922103690912245e-01 2.038100540860910087e-04
-5.588450679096558238e-01 2.144247406690528697e-04
-5.587941153961343277e-01 2.110689038257460362e-04
-5.589979254502204231e-01 2.234951724786395663e-04
-5.587941153961343277e-01 2.110689038257460362e-04
-5.587941153961343277e-01 2.110689038257460362e-04
-5.586922103690912245e-01 2.038100540860909545e-04
-5.588960204231773199e-01 2.176095896027927597e-04
-5.588450679096558238e-01 2.144247406690528697e-04
-5.589979254502204231e-01 2.234951724786395663e-04
-5.590488779637419192e-01 2.262085026680307753e-04
-5.589979254502204231e-01 2.234951724786395121e-04
-5.591507829907849114e-01 2.312031709933367609e-04
-5.589469729366988160e-01 2.206308554815439825e-04
-5.592017355043065185e-01 2.334937500606389603e-04
-5.590488779637419192e-01 2.262085026680307753e-04
-5.589469729366988160e-01 2.206308554815440367e-04
-5.590998304772634153e-01 2.287762183110056185e-04
-5.592526880178280146e-01 2.356519322744944167e-04
-5.588960204231773199e-01 2.176095896027927597e-04
-5.588450679096558238e-01 2.144247406690528697e-04
-5.590488779637419192e-01 2.262085026680307753e-04
-5.588450679096558238e-01 2.144247406690528697e-04
-5.592017355043065185e-01 2.334937500606389603e-04
-5.588450679096558238e-01 2.144247406690528697e-04
-5.588960204231773199e-01 2.176095896027927597e-04
-5.588960204231773199e-01 2.176095896027927597e-04
-5.589979254502204231e-01 2.234951724786395121e-04
-5.592526880178280146e-01 2.356519322744944167e-04
-5.591507829907849114e-01 2.312031709933367609e-04
-5.593545930448710068e-01 2.395851986273333893e-04
-5.594564980719141101e-01 2.430280002945377010e-04
-5.590998304772634153e-01 2.287762183110056728e-04
-5.590488779637419192e-01 2.262085026680307753e-04
-5.587431628826127206e-01 2.075337845767052871e-04
-5.590998304772634153e-01 2.287762183110056728e-04
-5.587941153961343277e-01 2.110689038257460904e-04
-5.589979254502204231e-01 2.234951724786395121e-04
-5.587941153961343277e-01 2.110689038257460904e-04
-5.590488779637419192e-01 2.262085026680307753e-04
-5.587431628826127206e-01 2.075337845767052871e-04
-5.595584030989571023e-01 2.460009304094029669e-04
-5.594564980719141101e-01 2.430280002945377010e-04
-5.593545930448710068e-01 2.395851986273333893e-04
-5.592526880178280146e-01 2.356519322744944167e-04
-5.594055455583926140e-01 2.413665257457460846e-04
-5.593545930448710068e-01 2.395851986273333893e-04
-5.591507829907849114e-01 2.312031709933367609e-04
-5.589469729366988160e-01 2.206308554815440638e-04
-5.588960204231773199e-01 2.176095896027927597e-04
-5.590998304772634153e-01 2.287762183110056185e-04
-5.589979254502204231e-01 2.234951724786395663e-04
-5.587941153961343277e-01 2.110689038257460362e-04
-5.590488779637419192e-01 2.262085026680307753e-04
-5.585903053420482323e-01 1.957531645726723649e-04
-5.591507829907849114e-01 2.312031709933367338e-04
-5.592526880178280146e-01 2.356519322744944438e-04
-5.593036405313495107e-01 2.376813242123630417e-04
-5.592017355043065185e-01 2.334937500606389603e-04
-5.592017355043065185e-01 2.334937500606389603e-04
-5.592017355043065185e-01 2.334937500606390146e-04
-5.594055455583926140e-01 2.413665257457460846e-04
-5.589469729366988160e-01 2.206308554815440367e-04
-5.589979254502204231e-01 2.234951724786395121e-04
-5.588450679096558238e-01 2.144247406690528697e-04
-5.588450679096558238e-01 2.144247406690528697e-04
-5.586922103690912245e-01 2.038100540860910087e-04
-5.585903053420482323e-01 1.957531645726723649e-04
-5.589979254502204231e-01 2.234951724786395121e-04
-5.592017355043065185e-01 2.334937500606389603e-04
-5.589979254502204231e-01 2.234951724786395121e-04
-5.593545930448710068e-01 2.395851986273333893e-04
-5.591507829907849114e-01 2.312031709933367609e-04
-5.594055455583926140e-01 2.413665257457460846e-04
-5.587431628826127206e-01 2.075337845767052871e-04
-5.589979254502204231e-01 2.234951724786395121e-04
-5.592017355043065185e-01 2.334937500606389603e-04
-5.592526880178280146e-01 2.356519322744944167e-04
-5.589469729366988160e-01 2.206308554815440367e-04
-5.589979254502204231e-01 2.234951724786395121e-04
-5.586922103690912245e-01 2.038100540860910087e-04
-5.586922103690912245e-01 2.038100540860909545e-04
-5.585393528285266251e-01 1.913943529156780224e-04
-5.586412578555697284e-01 1.998871716237367259e-04
-5.587431628826127206e-01 2.075337845767052871e-04
-5.593545930448710068e-01 2.395851986273333893e-04
-5.587431628826127206e-01 2.075337845767052871e-04
-5.591507829907849114e-01 2.312031709933367609e-04
-5.590488779637419192e-01 2.262085026680307753e-04
-5.593545930448710068e-01 2.395851986273333893e-04
-5.593545930448710068e-01 2.395851986273333893e-04
-5.590998304772634153e-01 2.287762183110056728e-04
-5.591507829907849114e-01 2.312031709933367609e-04
-5.589469729366988160e-01 2.206308554815440367e-04
-5.590488779637419192e-01 2.262085026680307753e-04
-5.591507829907849114e-01 2.312031709933367609e-04
-5.588960204231773199e-01 2.176095896027927868e-04
-5.586412578555697284e-01 1.998871716237366988e-04
-5.589979254502204231e-01 2.234951724786395121e-04
-5.591507829907849114e-01 2.312031709933367609e-04
-5.591507829907849114e-01 2.312031709933367609e-04
-5.589979254502204231e-01 2.234951724786395121e-04
-5.594564980719141101e-01 2.430280002945377010e-04
-5.592526880178280146e-01 2.356519322744944167e-04
-5.593545930448710068e-01 2.395851986273333351e-04
-5.590998304772634153e-01 2.287762183110056185e-04
-5.595074505854356062e-01 2.445720649033091562e-04
-5.588960204231773199e-01 2.176095896027927597e-04
-5.590998304772634153e-01 2.287762183110056185e-04
-5.589979254502204231e-01 2.234951724786395663e-04
-5.587431628826127206e-01 2.075337845767052871e-04
-5.590488779637419192e-01 2.262085026680308295e-04
-5.591507829907849114e-01 2.312031709933367609e-04
-5.592017355043065185e-01 2.334937500606390146e-04
-5.594055455583926140e-01 2.413665257457460846e-04
-5.592017355043065185e-01 2.334937500606389603e-04
-5.588960204231773199e-01 2.176095896027927868e-04
-5.592526880178280146e-01 2.356519322744944167e-04
-5.589979254502204231e-01 2.234951724786395121e-04
-5.593036405313495107e-01 2.376813242123630688e-04
-5.590488779637419192e-01 2.262085026680307753e-04
-5.594055455583926140e-01 2.413665257457460846e-04
-5.589469729366988160e-01 2.206308554815440367e-04
-5.588960204231773199e-01 2.176095896027927597e-04
-5.589979254502204231e-01 2.234951724786395121e-04
-5.586922103690912245e-01 2.038100540860909545e-04
-5.588450679096558238e-01 2.144247406690528697e-04
-5.587941153961343277e-01 2.110689038257460362e-04
-5.589979254502204231e-01 2.234951724786395663e-04
-5.591507829907849114e-01 2.312031709933367609e-04
-5.592526880178280146e-01 2.356519322744944438e-04
-5.591507829907849114e-01 2.312031709933367609e-04
-5.594055455583926140e-01 2.413665257457460575e-04
-5.594564980719141101e-01 2.430280002945377010e-04
-5.593545930448710068e-01 2.395851986273333893e-04
-5.589469729366988160e-01 2.206308554815440367e-04
-5.587431628826127206e-01 2.075337845767052871e-04
-5.590998304772634153e-01 2.287762183110056185e-04
-5.588960204231773199e-01 2.176095896027927055e-04
-5.589979254502204231e-01 2.234951724786395121e-04
-5.587941153961343277e-01 2.110689038257460904e-04
-5.593036405313495107e-01 2.376813242123630417e-04
-5.588960204231773199e-01 2.176095896027927055e-04
-5.591507829907849114e-01 2.312031709933367609e-04
-5.590998304772634153e-01 2.287762183110056185e-04
-5.593036405313495107e-01 2.376813242123630417e-04
-5.588960204231773199e-01 2.176095896027927868e-04
-5.594055455583926140e-01 2.413665257457460846e-04
-5.593545930448710068e-01 2.395851986273333351e-04
-5.592526880178280146e-01 2.356519322744944167e-04
-5.592526880178280146e-01 2.356519322744944167e-04
-5.589979254502204231e-01 2.234951724786395663e-04
-5.590488779637419192e-01 2.262085026680307753e-04
-5.592526880178280146e-01 2.356519322744944167e-04
-5.589979254502204231e-01 2.234951724786395121e-04
-5.589469729366988160e-01 2.206308554815440367e-04
-5.589979254502204231e-01 2.234951724786395121e-04
-5.587431628826127206e-01 2.075337845767052871e-04
-5.593545930448710068e-01 2.395851986273333893e-04
-5.596093556124785984e-01 2.473165935007842460e-04
-5.597112606395217016e-01 2.496153184799823101e-04
-5.597112606395217016e-01 2.496153184799823101e-04
-5.594055455583926140e-01 2.413665257457460033e-04
-5.593545930448710068e-01 2.395851986273334435e-04
-5.595074505854356062e-01 2.445720649033091562e-04
-5.594564980719141101e-01 2.430280002945377010e-04
-5.594055455583926140e-01 2.413665257457460846e-04
-5.589469729366988160e-01 2.206308554815440367e-04
-5.586412578555697284e-01 1.998871716237366446e-04
-5.587941153961343277e-01 2.110689038257460904e-04
-5.592017355043065185e-01 2.334937500606389603e-04
-5.587431628826127206e-01 2.075337845767052871e-04
-5.587431628826127206e-01 2.075337845767052871e-04
-5.593036405313495107e-01 2.376813242123630417e-04
-5.592526880178280146e-01 2.356519322744944167e-04
-5.586412578555697284e-01 1.998871716237366446e-04
-5.591507829907849114e-01 2.312031709933367609e-04
-5.590488779637419192e-01 2.262085026680307753e-04
-5.593545930448710068e-01 2.395851986273333893e-04
-5.586922103690912245e-01 2.038100540860909545e-04
-5.595584030989571023e-01 2.460009304094029669e-04
-5.589979254502204231e-01 2.234951724786395121e-04
-5.585393528285266251e-01 1.913943529156780224e-04
-5.589979254502204231e-01 2.234951724786395121e-04
-5.590488779637419192e-01 2.262085026680307753e-04
-5.590488779637419192e-01 2.262085026680307211e-04
-5.589469729366988160e-01 2.206308554815440367e-04
-5.587941153961343277e-01 2.110689038257460904e-04
-5.593545930448710068e-01 2.395851986273333893e-04
-5.589469729366988160e-01 2.206308554815440367e-04
-5.589469729366988160e-01 2.206308554815440367e-04
-5.592017355043065185e-01 2.334937500606389603e-04
-5.594055455583926140e-01 2.413665257457460575e-04
-5.594564980719141101e-01 2.430280002945377010e-04
-5.592017355043065185e-01 2.334937500606389603e-04
-5.589979254502204231e-01 2.234951724786395663e-04
-5.590488779637419192e-01 2.262085026680307753e-04
-5.588960204231773199e-01 2.176095896027927597e-04
-5.587941153961343277e-01 2.230300415426674020e-04
-5.591507829907849114e-01 2.312031709933367609e-04
-5.586922103690912245e-01 2.038100540860909545e-04
-5.585393528285266251e-01 1.913943529156780224e-04
-5.590998304772634153e-01 2.287762183110056728e-04
-5.593545930448710068e-01 2.395851986273333893e-04
-5.592017355043065185e-01 2.334937500606389332e-04
-5.592526880178280146e-01 2.356519322744944167e-04
-5.588450679096558238e-01 2.144247406690528697e-04
-5.592017355043065185e-01 2.334937500606389603e-04
-5.588960204231773199e-01 2.292296899518423867e-04
-5.590488779637419192e-01 2.262085026680307753e-04
-5.584374478014836329e-01 1.819368642841582401e-04
-5.585393528285266251e-01 1.913943529156780224e-04
-5.583355427744405297e-01 1.858894064240411859e-04
-5.585393528285266251e-01 1.913943529156779952e-04
-5.589469729366988160e-01 2.206308554815440367e-04
-5.588960204231773199e-01 2.176095896027927597e-04
-5.586922103690912245e-01 2.038100540860910087e-04
-5.588450679096558238e-01 2.777262555483658380e-04
-5.592017355043065185e-01 2.334937500606389603e-04
-5.590488779637419192e-01 2.262085026680307753e-04
-5.591507829907849114e-01 2.312031709933367609e-04
-5.588960204231773199e-01 2.176095896027927597e-04
-5.591507829907849114e-01 2.312031709933367609e-04
-5.592017355043065185e-01 2.334937500606389603e-04
-5.590998304772634153e-01 2.287762183110056185e-04
-5.589469729366988160e-01 2.206308554815440367e-04
-5.590998304772634153e-01 2.287762183110056185e-04
-5.588450679096558238e-01 2.144247406690528697e-04
-5.584884003150051290e-01 1.867950000485111791e-04
-5.586412578555697284e-01 1.998871716237366446e-04
-5.586922103690912245e-01 2.038100540860910087e-04
-5.588960204231773199e-01 2.176095896027927597e-04
-5.590998304772634153e-01 2.287762183110056728e-04
-5.590998304772634153e-01 2.287762183110056185e-04
-5.594564980719141101e-01 2.430280002945377010e-04
-5.589469729366988160e-01 2.206308554815440367e-04
-5.591507829907849114e-01 2.312031709933367609e-04
-5.596603081260002055e-01 2.485208520560984870e-04
-5.591507829907849114e-01 2.312031709933367609e-04
-5.590998304772634153e-01 2.287762183110056728e-04
-5.591507829907849114e-01 2.312031709933367609e-04
-5.587941153961343277e-01 2.110689038257460362e-04
-5.589979254502204231e-01 2.234951724786395121e-04
-5.588450679096558238e-01 2.144247406690528697e-04
-5.586922103690912245e-01 2.038100540860910087e-04
-5.588960204231773199e-01 2.176095896027927597e-04
-5.588960204231773199e-01 2.176095896027927597e-04
-5.596093556124785984e-01 2.473165935007842460e-04
-5.593545930448710068e-01 2.395851986273333893e-04
-5.593036405313495107e-01 2.376813242123630688e-04
-5.592526880178280146e-01 2.356519322744944167e-04
-5.591507829907849114e-01 2.312031709933367609e-04
-5.591507829907849114e-01 2.312031709933367338e-04
-5.593545930448710068e-01 2.395851986273333893e-04
-5.586922103690912245e-01 2.038100540860910087e-04
-5.586922103690912245e-01 2.038100540860909545e-04
-5.589469729366988160e-01 2.206308554815440367e-04
-5.586922103690912245e-01 2.038100540860910087e-04
-5.588960204231773199e-01 2.176095896027927055e-04
-5.589979254502204231e-01 2.234951724786395663e-04
-5.587941153961343277e-01 2.110689038257460362e-04
-5.591507829907849114e-01 2.312031709933367609e-04
-5.592526880178280146e-01 2.356519322744944438e-04
-5.594055455583926140e-01 2.413665257457460846e-04
-5.595074505854356062e-01 2.445720649033091562e-04
-5.592017355043065185e-01 2.443596705385364079e-04
-5.592526880178280146e-01 2.356519322744944167e-04
-5.588960204231773199e-01 2.176095896027927597e-04
-5.591507829907849114e-01 2.312031709933367609e-04
-5.588450679096558238e-01 2.144247406690528697e-04
-5.590488779637419192e-01 2.262085026680307753e-04
-5.587431628826127206e-01 2.075337845767052871e-04
-5.589979254502204231e-01 2.234951724786395121e-04
-5.586922103690912245e-01 2.038100540860910087e-04
-5.588960204231773199e-01 2.176095896027927597e-04
-5.588450679096558238e-01 2.144247406690528697e-04
-5.590488779637419192e-01 2.262085026680307753e-04
-5.590998304772634153e-01 2.287762183110056185e-04
-5.591507829907849114e-01 2.312031709933367609e-04
-5.589979254502204231e-01 2.234951724786395663e-04
-5.588450679096558238e-01 2.144247406690528697e-04
-5.594055455583926140e-01 2.413665257457460575e-04
-5.594564980719141101e-01 2.430280002945377010e-04
-5.590998304772634153e-01 2.287762183110056185e-04
-5.585903053420482323e-01 1.957531645726723649e-04
-5.588960204231773199e-01 2.176095896027927597e-04
-5.590488779637419192e-01 2.262085026680307753e-04
-5.591507829907849114e-01 2.312031709933367609e-04
-5.589979254502204231e-01 2.234951724786395663e-04
-5.588960204231773199e-01 2.176095896027927597e-04
-5.588960204231773199e-01 2.176095896027927597e-04
-5.592526880178280146e-01 2.356519322744944167e-04
-5.592017355043065185e-01 2.334937500606389603e-04
-5.592526880178280146e-01 2.356519322744944167e-04
-5.589979254502204231e-01 2.234951724786395121e-04
-5.585393528285266251e-01 1.913943529156780224e-04
-5.587941153961343277e-01 2.110689038257460362e-04
-5.588960204231773199e-01 2.176095896027927597e-04
-5.586412578555697284e-01 2.124787016339733817e-04
-5.586922103690912245e-01 2.161732069774079286e-04
-5.588450679096558238e-01 2.144247406690528697e-04
-5.587431628826127206e-01 2.075337845767052871e-04
-5.587431628826127206e-01 2.075337845767052871e-04
-5.587431628826127206e-01 2.075337845767052871e-04
-5.588960204231773199e-01 2.176095896027927597e-04
-5.592017355043065185e-01 2.334937500606389603e-04
-5.594055455583926140e-01 2.413665257457460846e-04
-5.589979254502204231e-01 2.234951724786395121e-04
-5.591507829907849114e-01 2.312031709933367609e-04
-5.590488779637419192e-01 2.262085026680307753e-04
-5.588960204231773199e-01 2.176095896027927597e-04
-5.586412578555697284e-01 1.998871716237366988e-04
-5.594055455583926140e-01 2.413665257457460575e-04
-5.588960204231773199e-01 2.176095896027927597e-04
-5.589979254502204231e-01 2.234951724786395121e-04
-5.588960204231773199e-01 2.176095896027927055e-04
-5.587431628826127206e-01 2.075337845767052871e-04
-5.588450679096558238e-01 2.144247406690528697e-04
-5.590488779637419192e-01 2.262085026680307753e-04
-5.588450679096558238e-01 2.144247406690528697e-04
-5.590488779637419192e-01 2.262085026680307753e-04
-5.590998304772634153e-01 2.287762183110056728e-04
-5.591507829907849114e-01 2.312031709933367609e-04
-5.594564980719141101e-01 2.430280002945377010e-04
-5.589469729366988160e-01 2.206308554815440367e-04
-5.591507829907849114e-01 2.312031709933367609e-04
-5.596093556124785984e-01 2.473165935007842460e-04
-5.590998304772634153e-01 2.287762183110056728e-04
-5.587431628826127206e-01 2.075337845767052871e-04
-5.591507829907849114e-01 2.312031709933367609e-04
-5.586412578555697284e-01 1.998871716237366988e-04
-5.587941153961343277e-01 2.110689038257460362e-04
-5.588960204231773199e-01 2.176095896027927597e-04
-5.592017355043065185e-01 2.334937500606389603e-04
-5.590998304772634153e-01 2.287762183110056728e-04
-5.587941153961343277e-01 2.110689038257460362e-04
-5.588960204231773199e-01 2.176095896027927597e-04
-5.594055455583926140e-01 2.413665257457460846e-04
-5.589979254502204231e-01 2.234951724786395121e-04
-5.595584030989571023e-01 2.460009304094030211e-04
-5.590488779637419192e-01 2.262085026680307753e-04
-5.590998304772634153e-01 2.287762183110056728e-04
-5.589979254502204231e-01 2.234951724786395663e-04
-5.583864952879621368e-01 1.767986141215420687e-04
-5.587431628826127206e-01 2.075337845767052871e-04
-5.590998304772634153e-01 2.287762183110056728e-04
-5.588960204231773199e-01 2.176095896027927597e-04
-5.594564980719141101e-01 2.430280002945377010e-04
-5.587941153961343277e-01 2.110689038257460904e-04
-5.587431628826127206e-01 2.075337845767052871e-04
-5.590998304772634153e-01 2.287762183110056185e-04
-5.591507829907849114e-01 2.312031709933367609e-04
-5.592526880178280146e-01 2.356519322744944438e-04
-5.594055455583926140e-01 2.413665257457460846e-04
-5.593036405313495107e-01 2.376813242123630417e-04
-5.592017355043065185e-01 2.334937500606389603e-04
-5.592017355043065185e-01 2.334937500606390146e-04
-5.589469729366988160e-01 2.206308554815440367e-04
-5.592526880178280146e-01 2.356519322744944167e-04
-5.587941153961343277e-01 2.110689038257460904e-04
-5.587431628826127206e-01 2.075337845767052871e-04
-5.587941153961343277e-01 2.110689038257460362e-04
-5.590998304772634153e-01 2.287762183110056728e-04
-5.590998304772634153e-01 2.287762183110056185e-04
-5.592017355043065185e-01 2.334937500606389603e-04
-5.590488779637419192e-01 2.262085026680307753e-04
-5.592526880178280146e-01 2.356519322744944167e-04
-5.594055455583926140e-01 2.413665257457460846e-04
-5.588960204231773199e-01 2.176095896027927597e-04
-5.598131656665646938e-01 2.514804651024825670e-04
-5.592017355043065185e-01 2.334937500606389603e-04
-5.592017355043065185e-01 2.334937500606389603e-04
-5.587941153961343277e-01 2.110689038257460904e-04
-5.584884003150051290e-01 1.867950000485111520e-04
-5.589469729366988160e-01 2.206308554815440367e-04
-5.592526880178280146e-01 2.356519322744944438e-04
-5.589469729366988160e-01 2.206308554815440367e-04
-5.588960204231773199e-01 2.176095896027927055e-04
-5.588960204231773199e-01 2.176095896027927055e-04
-5.593545930448710068e-01 2.395851986273333893e-04
-5.594055455583926140e-01 2.413665257457460846e-04
-5.589979254502204231e-01 2.234951724786395121e-04
-5.590488779637419192e-01 2.262085026680307753e-04
-5.589469729366988160e-01 2.206308554815440367e-04
-5.595074505854356062e-01 2.445720649033091562e-04
-5.592526880178280146e-01 2.356519322744944167e-04
-5.589469729366988160e-01 2.206308554815440367e-04
-5.588450679096558238e-01 2.144247406690528697e-04
-5.587941153961343277e-01 2.110689038257460362e-04
-5.588450679096558238e-01 2.144247406690528697e-04
-5.590488779637419192e-01 2.262085026680307753e-04
-5.589469729366988160e-01 2.206308554815440367e-04
-5.590488779637419192e-01 2.262085026680307753e-04
-5.591507829907849114e-01 2.312031709933367609e-04
-5.592526880178280146e-01 2.356519322744944167e-04
-5.592526880178280146e-01 2.356519322744944167e-04
-5.590998304772634153e-01 2.287762183110056185e-04
-5.588960204231773199e-01 2.176095896027927055e-04
-5.592526880178280146e-01 2.356519322744944167e-04
-5.592017355043065185e-01 2.334937500606389603e-04
-5.592017355043065185e-01 2.334937500606389603e-04
-5.586922103690912245e-01 2.038100540860909545e-04
-5.590488779637419192e-01 2.262085026680307753e-04
-5.588960204231773199e-01 2.176095896027927597e-04
-5.590998304772634153e-01 2.287762183110056728e-04
-5.589979254502204231e-01 2.234951724786395663e-04
-5.589469729366988160e-01 2.206308554815440367e-04
-5.587431628826127206e-01 2.075337845767052871e-04
-5.592526880178280146e-01 2.356519322744944167e-04
-5.590998304772634153e-01 2.287762183110056728e-04
-5.588450679096558238e-01 2.144247406690528697e-04
-5.592017355043065185e-01 2.334937500606389603e-04
-5.587941153961343277e-01 2.110689038257460904e-04
-5.588960204231773199e-01 2.176095896027927597e-04
-5.588450679096558238e-01 2.144247406690528697e-04
-5.589979254502204231e-01 2.234951724786395121e-04
-5.585393528285266251e-01 1.913943529156779952e-04
-5.585393528285266251e-01 1.913943529156780224e-04
-5.587431628826127206e-01 2.075337845767052871e-04
-5.589979254502204231e-01 2.234951724786395663e-04
-5.589979254502204231e-01 2.234951724786395121e-04
-5.589979254502204231e-01 2.234951724786395663e-04
-5.586412578555697284e-01 1.998871716237366446e-04
-5.592017355043065185e-01 2.334937500606389603e-04
-5.593545930448710068e-01 2.395851986273333893e-04
-5.590488779637419192e-01 2.262085026680307753e-04
-5.590488779637419192e-01 2.262085026680307753e-04
-5.591507829907849114e-01 2.312031709933367609e-04
-5.595074505854356062e-01 2.445720649033091562e-04
-5.590488779637419192e-01 2.262085026680307753e-04
-5.588450679096558238e-01 2.144247406690528697e-04
-5.587941153961343277e-01 2.110689038257460904e-04
-5.590488779637419192e-01 2.262085026680307753e-04
-5.587431628826127206e-01 2.075337845767052871e-04
-5.589979254502204231e-01 2.234951724786395121e-04
-5.587431628826127206e-01 2.075337845767052871e-04
-5.586922103690912245e-01 2.038100540860909545e-04
-5.588960204231773199e-01 2.176095896027927597e-04
-5.590998304772634153e-01 2.287762183110056185e-04
-5.593036405313495107e-01 2.376813242123630688e-04
-5.596093556124785984e-01 2.473165935007842460e-04
-5.589979254502204231e-01 2.234951724786395121e-04
-5.590998304772634153e-01 2.287762183110056728e-04
-5.592526880178280146e-01 2.356519322744944167e-04
-5.590488779637419192e-01 2.262085026680307753e-04
-5.587941153961343277e-01 2.110689038257460904e-04
-5.586922103690912245e-01 2.038100540860909545e-04
-5.588960204231773199e-01 2.176095896027927055e-04
-5.588450679096558238e-01 2.144247406690528697e-04
-5.587431628826127206e-01 2.075337845767052871e-04
-5.588960204231773199e-01 2.176095896027927597e-04
-5.589979254502204231e-01 2.234951724786395121e-04
-5.587941153961343277e-01 2.110689038257460904e-04
-5.592526880178280146e-01 2.356519322744944167e-04
-5.595074505854356062e-01 2.445720649033091562e-04
-5.589979254502204231e-01 2.234951724786395663e-04
-5.592526880178280146e-01 2.356519322744944167e-04
-5.592017355043065185e-01 2.334937500606389603e-04
-5.594564980719141101e-01 2.430280002945377010e-04
-5.589469729366988160e-01 2.206308554815440367e-04
-5.588960204231773199e-01 2.292296899518423867e-04
-5.588450679096558238e-01 2.144247406690528697e-04
-5.588450679096558238e-01 2.144247406690528697e-04
-5.588450679096558238e-01 2.144247406690528697e-04
-5.587431628826127206e-01 2.075337845767052871e-04
-5.586922103690912245e-01 2.038100540860909545e-04
-5.591507829907849114e-01 2.312031709933367609e-04
-5.592526880178280146e-01 2.356519322744944167e-04
-5.592526880178280146e-01 2.356519322744944167e-04
-5.590998304772634153e-01 2.287762183110056728e-04
-5.593545930448710068e-01 2.395851986273333893e-04
-5.590488779637419192e-01 2.262085026680307753e-04
-5.589469729366988160e-01 2.206308554815439825e-04
-5.591507829907849114e-01 2.312031709933367609e-04
-5.589979254502204231e-01 2.234951724786395663e-04
-5.588450679096558238e-01 2.144247406690528697e-04
-5.590488779637419192e-01 2.262085026680307753e-04
-5.586922103690912245e-01 2.038100540860909545e-04
-5.589469729366988160e-01 2.206308554815440367e-04
-5.592526880178280146e-01 2.356519322744944167e-04
-5.588960204231773199e-01 2.176095896027927597e-04
-5.593036405313495107e-01 2.376813242123630417e-04
-5.590488779637419192e-01 2.262085026680307753e-04
-5.590488779637419192e-01 2.262085026680307753e-04
-5.590998304772634153e-01 2.287762183110056728e-04
-5.587941153961343277e-01 2.110689038257460362e-04
-5.588960204231773199e-01 2.176095896027927597e-04
-5.589979254502204231e-01 2.234951724786395121e-04
-5.592017355043065185e-01 2.334937500606389603e-04
-5.588960204231773199e-01 2.176095896027927868e-04
-5.587431628826127206e-01 2.075337845767052871e-04
-5.584884003150051290e-01 1.867950000485111791e-04
-5.586412578555697284e-01 1.998871716237366446e-04
-5.588450679096558238e-01 2.144247406690528697e-04
-5.587941153961343277e-01 2.110689038257460904e-04
-5.586922103690912245e-01 2.038100540860909545e-04
-5.586412578555697284e-01 1.998871716237367259e-04
-5.583864952879621368e-01 2.040646576258166257e-04
-5.588450679096558238e-01 2.144247406690528697e-04
-5.587431628826127206e-01 2.075337845767052871e-04
-5.585903053420482323e-01 2.085943880082531470e-04
-5.587941153961343277e-01 2.110689038257460362e-04
-5.586412578555697284e-01 1.998871716237366446e-04
-5.589979254502204231e-01 2.234951724786395121e-04
-5.586922103690912245e-01 2.038100540860910087e-04
-5.586922103690912245e-01 2.038100540860909545e-04
-5.585393528285266251e-01 1.913943529156779952e-04
-5.588960204231773199e-01 2.176095896027927597e-04
-5.587431628826127206e-01 2.075337845767052871e-04
-5.589469729366988160e-01 2.206308554815440367e-04
-5.588960204231773199e-01 2.176095896027927597e-04
-5.589469729366988160e-01 2.206308554815440367e-04
-5.589979254502204231e-01 2.234951724786395663e-04
-5.589979254502204231e-01 2.234951724786395121e-04
-5.591507829907849114e-01 2.312031709933367609e-04
-5.594055455583926140e-01 2.413665257457460033e-04
-5.592526880178280146e-01 2.356519322744944167e-04
-5.590488779637419192e-01 2.262085026680307753e-04
-5.590488779637419192e-01 2.262085026680307211e-04
-5.592017355043065185e-01 2.334937500606389603e-04
-5.588960204231773199e-01 2.176095896027927597e-04
-5.586922103690912245e-01 2.038100540860909545e-04
-5.587941153961343277e-01 2.110689038257460362e-04
-5.588960204231773199e-01 2.176095896027927597e-04
-5.588960204231773199e-01 2.176095896027927597e-04
-5.589469729366988160e-01 2.206308554815440367e-04
-5.591507829907849114e-01 2.312031709933367609e-04
-5.590488779637419192e-01 2.262085026680307753e-04
-5.590488779637419192e-01 2.262085026680307753e-04
-5.589469729366988160e-01 2.206308554815440367e-04
-5.592017355043065185e-01 2.334937500606389603e-04
-5.593036405313495107e-01 2.376813242123630688e-04
-5.593036405313495107e-01 2.376813242123630688e-04
-5.589979254502204231e-01 2.234951724786395121e-04
-5.585393528285266251e-01 1.913943529156780224e-04
-5.588960204231773199e-01 2.176095896027927597e-04
-5.589979254502204231e-01 2.234951724786395121e-04
-5.588450679096558238e-01 2.144247406690528697e-04
-5.591507829907849114e-01 2.312031709933367609e-04
-5.586922103690912245e-01 2.038100540860910087e-04
-5.587941153961343277e-01 2.110689038257460904e-04
-5.594055455583926140e-01 2.413665257457460846e-04
-5.593036405313495107e-01 2.376813242123630688e-04
-5.590488779637419192e-01 2.262085026680307753e-04
-5.592526880178280146e-01 2.356519322744944167e-04
-5.592017355043065185e-01 2.334937500606389603e-04
-5.590998304772634153e-01 2.287762183110056185e-04
-5.590488779637419192e-01 2.262085026680307753e-04
-5.586412578555697284e-01 1.998871716237366988e-04
-5.585903053420482323e-01 2.085943880082531741e-04
-5.551255344225846100e-01 3.262552742877872117e-04
-5.477374199619647888e-01 7.806716591302434753e-04
-5.433555037991140146e-01 9.191104710368032046e-04
-5.429988362044635419e-01 9.430483029612194128e-04
-5.429988362044633199e-01 9.567140053640090435e-04
-5.431516937450280302e-01 1.012340664418299053e-03
-5.483998026377443491e-01 6.888206965380475446e-04
-5.552783919631492093e-01 3.976581728152257865e-04
-5.592526880178280146e-01 2.356519322744944167e-04
-5.594055455583926140e-01 2.413665257457460846e-04
-5.591507829907849114e-01 2.312031709933367609e-04
-5.587431628826127206e-01 2.075337845767052871e-04
-5.591507829907849114e-01 2.312031709933367609e-04
-5.589469729366988160e-01 2.206308554815440367e-04
-5.588960204231773199e-01 2.176095896027927597e-04
-5.586922103690912245e-01 2.038100540860909545e-04
-5.590488779637419192e-01 2.262085026680307753e-04
-5.592017355043065185e-01 2.334937500606389603e-04
-5.584884003150051290e-01 1.867950000485111791e-04
-5.586922103690912245e-01 2.038100540860910087e-04
-5.589469729366988160e-01 2.206308554815440367e-04
-5.593036405313495107e-01 2.376813242123630417e-04
-5.588960204231773199e-01 2.176095896027927868e-04
-5.588450679096558238e-01 2.144247406690528697e-04
-5.590998304772634153e-01 2.287762183110056728e-04
-5.594564980719141101e-01 2.430280002945377010e-04
-5.593036405313495107e-01 2.376813242123629875e-04
-5.585393528285266251e-01 1.913943529156779952e-04
-5.587941153961343277e-01 2.110689038257460362e-04
-5.585903053420482323e-01 1.957531645726723649e-04
-5.587431628826127206e-01 2.075337845767052871e-04
-5.588450679096558238e-01 2.144247406690528697e-04
-5.587431628826127206e-01 2.075337845767052871e-04
-5.587431628826127206e-01 2.075337845767052871e-04
-5.584884003150051290e-01 1.867950000485111791e-04
-5.592526880178280146e-01 2.356519322744944167e-04
-5.593036405313495107e-01 2.376813242123630417e-04
-5.589979254502204231e-01 2.234951724786395121e-04
-5.589979254502204231e-01 2.234951724786395663e-04
-5.587941153961343277e-01 2.110689038257460904e-04
-5.592017355043065185e-01 2.334937500606389603e-04
-5.587431628826127206e-01 2.075337845767052871e-04
-5.587941153961343277e-01 2.110689038257460904e-04
-5.588960204231773199e-01 2.176095896027927597e-04
-5.589979254502204231e-01 2.234951724786395121e-04
-5.584374478014836329e-01 1.819368642841582672e-04
-5.585903053420482323e-01 1.957531645726723649e-04
-5.589469729366988160e-01 2.206308554815440367e-04
-5.588450679096558238e-01 2.144247406690528697e-04
-5.588960204231773199e-01 2.176095896027927868e-04
-5.592526880178280146e-01 2.356519322744944167e-04
-5.588960204231773199e-01 2.176095896027927597e-04
-5.593545930448710068e-01 2.395851986273333893e-04
-5.591507829907849114e-01 2.312031709933367609e-04
-5.590998304772634153e-01 2.287762183110056728e-04
-5.589469729366988160e-01 2.206308554815440367e-04
-5.592017355043065185e-01 2.334937500606390146e-04
-5.585393528285266251e-01 1.913943529156779952e-04
-5.591507829907849114e-01 2.312031709933367609e-04
-5.586412578555697284e-01 1.998871716237366446e-04
-5.588450679096558238e-01 2.144247406690528697e-04
-5.588450679096558238e-01 2.144247406690528697e-04
-5.586922103690912245e-01 2.038100540860909545e-04
-5.587941153961343277e-01 2.110689038257460904e-04
-5.589469729366988160e-01 2.206308554815440367e-04
-5.592526880178280146e-01 2.356519322744944438e-04
-5.590488779637419192e-01 2.262085026680307753e-04
-5.590998304772634153e-01 2.287762183110056185e-04
-5.590488779637419192e-01 2.262085026680307753e-04
-5.588450679096558238e-01 2.144247406690528697e-04
-5.592526880178280146e-01 2.356519322744944167e-04
-5.588960204231773199e-01 2.176095896027927597e-04
-5.586922103690912245e-01 2.038100540860909545e-04
-5.590998304772634153e-01 2.287762183110056185e-04
-5.588960204231773199e-01 2.176095896027927597e-04
-5.585393528285266251e-01 1.913943529156780495e-04
-5.591507829907849114e-01 2.312031709933367609e-04
-5.587941153961343277e-01 2.110689038257460904e-04
-5.587431628826127206e-01 2.075337845767052871e-04
-5.593545930448710068e-01 2.395851986273333893e-04
-5.591507829907849114e-01 2.312031709933367609e-04
-5.594055455583926140e-01 2.413665257457460575e-04
-5.595074505854356062e-01 2.445720649033092105e-04
-5.592017355043065185e-01 2.334937500606389603e-04
-5.590998304772634153e-01 2.287762183110056728e-04
-5.592017355043065185e-01 2.334937500606389603e-04
-5.586412578555697284e-01 1.998871716237366988e-04
-5.588960204231773199e-01 2.176095896027927055e-04
-5.587941153961343277e-01 2.110689038257460362e-04
-5.589979254502204231e-01 2.234951724786395663e-04
-5.589469729366988160e-01 2.206308554815440367e-04
-5.588450679096558238e-01 2.144247406690528697e-04
-5.588960204231773199e-01 2.176095896027927868e-04
-5.589979254502204231e-01 2.234951724786395121e-04
-5.590998304772634153e-01 2.287762183110056728e-04
-5.588450679096558238e-01 2.144247406690528697e-04
-5.589979254502204231e-01 2.234951724786395121e-04
-5.588960204231773199e-01 2.176095896027927055e-04
-5.592526880178280146e-01 2.356519322744944167e-04
-5.590488779637419192e-01 2.262085026680307753e-04
-5.592526880178280146e-01 2.356519322744944167e-04
-5.585903053420482323e-01 1.957531645726723107e-04
-5.588960204231773199e-01 2.176095896027927868e-04
-5.588960204231773199e-01 2.176095896027927597e-04
-5.589469729366988160e-01 2.206308554815440367e-04
-5.587941153961343277e-01 2.110689038257460904e-04
-5.588450679096558238e-01 2.144247406690528697e-04
-5.586922103690912245e-01 2.038100540860910087e-04
-5.590998304772634153e-01 2.287762183110056728e-04
-5.590998304772634153e-01 2.287762183110056999e-04
-5.592526880178280146e-01 2.356519322744944167e-04
-5.589979254502204231e-01 2.234951724786395121e-04
-5.591507829907849114e-01 2.312031709933367609e-04
-5.592526880178280146e-01 2.356519322744944167e-04
-5.590998304772634153e-01 2.287762183110056185e-04
-5.586922103690912245e-01 2.038100540860909545e-04
-5.586922103690912245e-01 2.038100540860910087e-04
-5.589469729366988160e-01 2.206308554815440367e-04
-5.585393528285266251e-01 1.913943529156780495e-04
-5.588450679096558238e-01 2.144247406690528697e-04
-5.585903053420482323e-01 1.957531645726723649e-04
-5.586412578555697284e-01 1.998871716237366988e-04
-5.584884003150051290e-01 2.002116113302252907e-04
-5.588960204231773199e-01 2.176095896027927597e-04
-5.592017355043065185e-01 2.334937500606389603e-04
-5.593545930448710068e-01 2.395851986273333893e-04
-5.590488779637419192e-01 2.262085026680307753e-04
-5.592017355043065185e-01 2.334937500606389603e-04
-5.588960204231773199e-01 2.176095896027927055e-04
-5.590488779637419192e-01 2.262085026680308295e-04
-5.589469729366988160e-01 2.206308554815440367e-04
-5.588450679096558238e-01 2.144247406690528697e-04
-5.587431628826127206e-01 2.075337845767052871e-04
-5.589979254502204231e-01 2.234951724786395121e-04
-5.587941153961343277e-01 2.110689038257460904e-04
-5.587941153961343277e-01 2.110689038257460904e-04
-5.585393528285266251e-01 1.913943529156779952e-04
-5.586922103690912245e-01 2.038100540860910087e-04
-5.589979254502204231e-01 2.234951724786395121e-04
-5.592017355043065185e-01 2.334937500606389603e-04
-5.588960204231773199e-01 2.176095896027927597e-04
-5.591507829907849114e-01 2.312031709933367609e-04
-5.593036405313495107e-01 2.376813242123630688e-04
-5.592017355043065185e-01 2.334937500606389603e-04
-5.592017355043065185e-01 2.334937500606389603e-04
-5.587431628826127206e-01 2.075337845767052871e-04
-5.588450679096558238e-01 2.144247406690528697e-04
-5.589469729366988160e-01 2.206308554815440638e-04
-5.585903053420482323e-01 1.957531645726723107e-04
-5.589979254502204231e-01 2.234951724786395121e-04
-5.585393528285266251e-01 1.913943529156779952e-04
-5.590488779637419192e-01 2.262085026680307753e-04
-5.594055455583926140e-01 2.413665257457460575e-04
-5.588450679096558238e-01 2.144247406690528697e-04
-5.589469729366988160e-01 2.206308554815440367e-04
-5.593545930448710068e-01 2.395851986273333893e-04
-5.591507829907849114e-01 2.312031709933367609e-04
-5.589979254502204231e-01 2.234951724786395663e-04
-5.589979254502204231e-01 2.234951724786395121e-04
-5.588960204231773199e-01 2.176095896027927868e-04
-5.583864952879621368e-01 1.767986141215420687e-04
-5.586412578555697284e-01 1.998871716237366988e-04
-5.584374478014836329e-01 1.819368642841582401e-04
-5.586412578555697284e-01 1.998871716237366988e-04
-5.589979254502204231e-01 2.234951724786395121e-04
-5.583864952879621368e-01 1.767986141215420687e-04
-5.587431628826127206e-01 2.075337845767052871e-04
-5.589469729366988160e-01 2.206308554815440367e-04
-5.591507829907849114e-01 2.312031709933367609e-04
-5.590998304772634153e-01 2.287762183110056728e-04
-5.591507829907849114e-01 2.312031709933367609e-04
-5.593036405313495107e-01 2.376813242123630417e-04
-5.590998304772634153e-01 2.287762183110056728e-04
-5.589469729366988160e-01 2.206308554815440367e-04
-5.587431628826127206e-01 2.075337845767052871e-04
-5.587941153961343277e-01 2.110689038257460362e-04
-5.586412578555697284e-01 1.998871716237367259e-04
-5.589979254502204231e-01 2.234951724786395121e-04
-5.587941153961343277e-01 2.110689038257460362e-04
-5.585903053420482323e-01 1.957531645726723920e-04
-5.585903053420482323e-01 1.957531645726723649e-04
-5.587431628826127206e-01 2.075337845767052871e-04
-5.590998304772634153e-01 2.287762183110056728e-04
-5.590488779637419192e-01 2.262085026680307753e-04
-5.588450679096558238e-01 2.144247406690528697e-04
-5.592526880178280146e-01 2.356519322744944167e-04
-5.588960204231773199e-01 2.176095896027927597e-04
-5.590998304772634153e-01 2.287762183110056185e-04
-5.591507829907849114e-01 2.312031709933367609e-04
-5.586922103690912245e-01 2.038100540860910087e-04
-5.587431628826127206e-01 2.196874803193213843e-04
-5.585393528285266251e-01 1.913943529156779952e-04
-5.587941153961343277e-01 2.110689038257460904e-04
-5.585903053420482323e-01 1.957531645726723649e-04
-5.588960204231773199e-01 2.176095896027927055e-04
-5.585393528285266251e-01 1.913943529156780224e-04
-5.588960204231773199e-01 2.176095896027927597e-04
-5.587431628826127206e-01 2.075337845767052871e-04
-5.589979254502204231e-01 2.234951724786395121e-04
-5.590998304772634153e-01 2.287762183110056999e-04
-5.589469729366988160e-01 2.206308554815440367e-04
-5.592017355043065185e-01 2.334937500606389603e-04
-5.589469729366988160e-01 2.206308554815440367e-04
-5.594055455583926140e-01 2.413665257457460846e-04
-5.587941153961343277e-01 2.110689038257460904e-04
-5.585903053420482323e-01 1.957531645726723649e-04
-5.586412578555697284e-01 1.998871716237366446e-04
-5.588960204231773199e-01 2.176095896027927597e-04
-5.586412578555697284e-01 1.998871716237366446e-04
-5.586922103690912245e-01 2.038100540860910087e-04
-5.587431628826127206e-01 2.075337845767052871e-04
-5.589469729366988160e-01 2.206308554815440367e-04
-5.588450679096558238e-01 2.144247406690528697e-04
-5.592017355043065185e-01 2.334937500606389603e-04
-5.590998304772634153e-01 2.287762183110056728e-04
-5.590998304772634153e-01 2.287762183110056728e-04
-5.589979254502204231e-01 2.234951724786395121e-04
-5.589469729366988160e-01 2.206308554815440367e-04
-5.589469729366988160e-01 2.206308554815440367e-04
-5.587941153961343277e-01 2.110689038257460904e-04
-5.587941153961343277e-01 2.110689038257460904e-04
-5.585903053420482323e-01 1.957531645726723107e-04
-5.586412578555697284e-01 1.998871716237366446e-04
-5.587941153961343277e-01 2.110689038257460904e-04
-5.587431628826127206e-01 2.075337845767052871e-04
-5.588960204231773199e-01 2.176095896027927597e-04
-5.593036405313495107e-01 2.376813242123630417e-04
-5.592017355043065185e-01 2.334937500606389603e-04
-5.594055455583926140e-01 2.413665257457460846e-04
-5.589469729366988160e-01 2.206308554815439825e-04
-5.587941153961343277e-01 2.110689038257460904e-04
-5.588450679096558238e-01 2.144247406690528697e-04
-5.586922103690912245e-01 2.038100540860909545e-04
-5.587941153961343277e-01 2.110689038257460904e-04
-5.587431628826127206e-01 2.075337845767052871e-04
-5.584884003150051290e-01 1.867950000485111791e-04
-5.584884003150051290e-01 1.867950000485111791e-04
-5.586412578555697284e-01 1.998871716237366988e-04
-5.587941153961343277e-01 2.110689038257460362e-04
-5.587431628826127206e-01 2.075337845767052871e-04
-5.589469729366988160e-01 2.206308554815440367e-04
-5.592526880178280146e-01 2.356519322744944167e-04
-5.587941153961343277e-01 2.110689038257460904e-04
-5.589469729366988160e-01 2.206308554815440367e-04
-5.589979254502204231e-01 2.234951724786395121e-04
-5.591507829907849114e-01 2.312031709933367338e-04
-5.590488779637419192e-01 2.262085026680307753e-04
-5.586922103690912245e-01 2.038100540860910087e-04
-5.587941153961343277e-01 2.110689038257460362e-04
-5.587431628826127206e-01 2.075337845767052871e-04
-5.589979254502204231e-01 2.234951724786395121e-04
-5.589979254502204231e-01 2.234951724786395663e-04
-5.588450679096558238e-01 2.144247406690528697e-04
-5.585903053420482323e-01 1.957531645726723649e-04
-5.587431628826127206e-01 2.075337845767052871e-04
-5.592017355043065185e-01 2.334937500606389603e-04
-5.592017355043065185e-01 2.334937500606389603e-04
-5.588960204231773199e-01 2.176095896027927597e-04
-5.592526880178280146e-01 2.356519322744944167e-04
-5.590488779637419192e-01 2.262085026680307753e-04
-5.595074505854356062e-01 2.445720649033091562e-04
-5.592017355043065185e-01 2.334937500606389603e-04
-5.589979254502204231e-01 2.234951724786395663e-04
-5.587431628826127206e-01 2.075337845767052871e-04
-5.586922103690912245e-01 2.038100540860909545e-04
-5.586412578555697284e-01 1.998871716237366988e-04
-5.586922103690912245e-01 2.038100540860909545e-04
-5.589469729366988160e-01 2.206308554815440367e-04
-5.586922103690912245e-01 2.038100540860909545e-04
-5.590488779637419192e-01 2.262085026680307753e-04
-5.588450679096558238e-01 2.144247406690528697e-04
-5.590998304772634153e-01 2.287762183110056728e-04
-5.592017355043065185e-01 2.334937500606389603e-04
-5.592017355043065185e-01 2.334937500606389603e-04
-5.594055455583926140e-01 2.413665257457460575e-04
-5.594055455583926140e-01 2.413665257457460575e-04
-5.590488779637419192e-01 2.262085026680307753e-04
-5.585903053420482323e-01 1.957531645726723649e-04
-5.586922103690912245e-01 2.038100540860909545e-04
-5.588450679096558238e-01 2.144247406690528697e-04
-5.586412578555697284e-01 1.998871716237366988e-04
-5.586412578555697284e-01 1.998871716237366988e-04
-5.588450679096558238e-01 2.144247406690528697e-04
-5.587941153961343277e-01 2.110689038257460904e-04
-5.588960204231773199e-01 2.176095896027927597e-04
-5.587431628826127206e-01 2.075337845767052871e-04
-5.588450679096558238e-01 2.144247406690528697e-04
-5.592017355043065185e-01 2.334937500606389603e-04
-5.593545930448710068e-01 2.395851986273333893e-04
-5.590488779637419192e-01 2.262085026680307753e-04
-5.590998304772634153e-01 2.287762183110056185e-04
-5.590998304772634153e-01 2.287762183110056185e-04
-5.586412578555697284e-01 1.998871716237366446e-04
-5.589469729366988160e-01 2.206308554815440367e-04
-5.587431628826127206e-01 2.075337845767052871e-04
-5.590488779637419192e-01 2.262085026680307753e-04
-5.588960204231773199e-01 2.176095896027927597e-04
-5.588960204231773199e-01 2.176095896027927597e-04
-5.587431628826127206e-01 2.075337845767052871e-04
-5.593545930448710068e-01 2.395851986273333893e-04
-5.590488779637419192e-01 2.262085026680307753e-04
-5.592017355043065185e-01 2.334937500606389603e-04
-5.588960204231773199e-01 2.176095896027927868e-04
-5.592017355043065185e-01 2.334937500606389603e-04
-5.589469729366988160e-01 2.206308554815440367e-04
-5.589469729366988160e-01 2.206308554815440367e-04
-5.589469729366988160e-01 2.206308554815440367e-04
-5.585393528285266251e-01 1.913943529156779952e-04
-5.588450679096558238e-01 2.144247406690528697e-04
-5.585393528285266251e-01 1.913943529156779681e-04
-5.589469729366988160e-01 2.206308554815440367e-04
-5.586412578555697284e-01 1.998871716237366988e-04
-5.588450679096558238e-01 2.262085026680307753e-04
-5.585903053420482323e-01 1.957531645726723649e-04
-5.593036405313495107e-01 2.376813242123630688e-04
-5.592526880178280146e-01 2.356519322744944167e-04
-5.586412578555697284e-01 1.998871716237367259e-04
-5.591507829907849114e-01 2.312031709933367609e-04
-5.590488779637419192e-01 2.262085026680307753e-04
-5.587431628826127206e-01 2.075337845767052871e-04
-5.587941153961343277e-01 2.110689038257460362e-04
-5.588960204231773199e-01 2.176095896027927055e-04
-5.585393528285266251e-01 1.913943529156780224e-04
-5.588960204231773199e-01 2.176095896027927597e-04
-5.587941153961343277e-01 2.110689038257460904e-04
-5.585903053420482323e-01 1.957531645726723649e-04
-5.585903053420482323e-01 1.957531645726723649e-04
-5.587941153961343277e-01 2.110689038257460362e-04
-5.589469729366988160e-01 2.206308554815440367e-04
-5.590488779637419192e-01 2.262085026680308295e-04
-5.592526880178280146e-01 2.356519322744944167e-04
-5.589469729366988160e-01 2.206308554815440367e-04
-5.588960204231773199e-01 2.176095896027927597e-04
-5.590998304772634153e-01 2.287762183110056185e-04
-5.590488779637419192e-01 2.262085026680307753e-04
-5.593036405313495107e-01 2.376813242123630688e-04
-5.584374478014836329e-01 1.819368642841582401e-04
-5.587941153961343277e-01 2.110689038257460904e-04
-5.586922103690912245e-01 2.038100540860909545e-04
-5.587431628826127206e-01 2.075337845767052871e-04
-5.586922103690912245e-01 2.038100540860910087e-04
-5.586922103690912245e-01 2.038100540860909545e-04
-5.589979254502204231e-01 2.234951724786395663e-04
-5.588960204231773199e-01 2.176095896027927597e-04
-5.590998304772634153e-01 2.287762183110056728e-04
-5.589979254502204231e-01 2.234951724786395121e-04
-5.588450679096558238e-01 2.144247406690528697e-04
-5.589979254502204231e-01 2.234951724786395121e-04
-5.589469729366988160e-01 2.206308554815440367e-04
-5.590998304772634153e-01 2.287762183110056728e-04
-5.589979254502204231e-01 2.234951724786395121e-04
-5.587941153961343277e-01 2.110689038257460362e-04
-5.586412578555697284e-01 1.998871716237366446e-04
-5.587431628826127206e-01 2.075337845767052871e-04
-5.585393528285266251e-01 1.913943529156779952e-04
-5.586922103690912245e-01 2.038100540860909545e-04
-5.587941153961343277e-01 2.110689038257460362e-04
-5.586412578555697284e-01 1.998871716237366988e-04
-5.589979254502204231e-01 2.234951724786395121e-04
-5.588960204231773199e-01 2.176095896027927597e-04
-5.590998304772634153e-01 2.287762183110056185e-04
-5.587431628826127206e-01 2.075337845767052871e-04
-5.592526880178280146e-01 2.356519322744944167e-04
-5.590998304772634153e-01 2.287762183110056185e-04
-5.589469729366988160e-01 2.206308554815440367e-04
-5.588960204231773199e-01 2.176095896027927597e-04
-5.587431628826127206e-01 2.075337845767052871e-04
-5.585393528285266251e-01 1.913943529156779952e-04
-5.586412578555697284e-01 1.998871716237366446e-04
-5.584374478014836329e-01 1.819368642841582401e-04
-5.586922103690912245e-01 2.038100540860910087e-04
-5.587431628826127206e-01 2.075337845767052871e-04
-5.588450679096558238e-01 2.144247406690528697e-04
-5.587941153961343277e-01 2.110689038257460904e-04
-5.588960204231773199e-01 2.176095896027927597e-04
-5.586922103690912245e-01 2.038100540860909545e-04
-5.587941153961343277e-01 2.110689038257460362e-04
-5.587431628826127206e-01 2.196874803193213843e-04
-5.586922103690912245e-01 2.038100540860909545e-04
-5.589469729366988160e-01 2.206308554815439825e-04
-5.585393528285266251e-01 1.913943529156779952e-04
-5.585903053420482323e-01 1.957531645726723107e-04
-5.588450679096558238e-01 2.144247406690528697e-04
-5.587941153961343277e-01 2.110689038257460904e-04
-5.586922103690912245e-01 2.038100540860910087e-04
-5.586922103690912245e-01 2.038100540860909545e-04
-5.589469729366988160e-01 2.206308554815440367e-04
-5.589469729366988160e-01 2.206308554815440367e-04
-5.590998304772634153e-01 2.287762183110056185e-04
-5.590488779637419192e-01 2.262085026680307753e-04
-5.588960204231773199e-01 2.176095896027927597e-04
-5.590488779637419192e-01 2.262085026680307753e-04
-5.592017355043065185e-01 2.334937500606389603e-04
-5.592017355043065185e-01 2.334937500606390146e-04
-5.586412578555697284e-01 1.998871716237366988e-04
-5.585393528285266251e-01 1.913943529156780495e-04
-5.586922103690912245e-01 2.038100540860909545e-04
-5.585903053420482323e-01 2.085943880082531470e-04
-5.588450679096558238e-01 2.144247406690528697e-04
-5.585393528285266251e-01 1.913943529156779681e-04
-5.586412578555697284e-01 1.998871716237366988e-04
-5.588450679096558238e-01 2.144247406690528697e-04
-5.591507829907849114e-01 2.312031709933367609e-04
-5.588450679096558238e-01 2.144247406690528697e-04
-5.589979254502204231e-01 2.234951724786395663e-04
-5.588960204231773199e-01 2.176095896027927597e-04
-5.590998304772634153e-01 2.287762183110056185e-04
-5.590998304772634153e-01 2.287762183110056728e-04
-5.588960204231773199e-01 2.176095896027927597e-04
-5.588960204231773199e-01 2.176095896027927597e-04
-5.586922103690912245e-01 2.038100540860910087e-04
-5.586412578555697284e-01 1.998871716237366988e-04
-5.586922103690912245e-01 2.038100540860910087e-04
-5.586412578555697284e-01 1.998871716237366988e-04
-5.588450679096558238e-01 2.144247406690528697e-04
-5.588450679096558238e-01 2.144247406690528697e-04
-5.587431628826127206e-01 2.075337845767052871e-04
-5.588450679096558238e-01 2.144247406690528697e-04
-5.593036405313495107e-01 2.376813242123630417e-04
-5.588960204231773199e-01 2.176095896027927597e-04
-5.590488779637419192e-01 2.262085026680307753e-04
-5.593545930448710068e-01 2.395851986273333893e-04
-5.589469729366988160e-01 2.206308554815440367e-04
-5.590998304772634153e-01 2.287762183110056185e-04
-5.585903053420482323e-01 1.957531645726723649e-04
-5.585903053420482323e-01 1.957531645726723107e-04
-5.580807802068329382e-01 1.717334041008576791e-04
-5.578260176392253467e-01 1.967453309111550188e-04
-5.579788751797899460e-01 2.015041464543035192e-04
-5.579279226662684499e-01 1.507195675713952692e-04
-5.579788751797899460e-01 1.881797113664368548e-04
-5.584374478014836329e-01 2.085321488936323563e-04
-5.588960204231773199e-01 2.176095896027927597e-04
-5.588960204231773199e-01 2.176095896027927597e-04
-5.588960204231773199e-01 2.176095896027927055e-04
-5.588450679096558238e-01 2.262085026680307753e-04
-5.588450679096558238e-01 2.144247406690528697e-04
-5.588450679096558238e-01 2.144247406690528697e-04
-5.590488779637419192e-01 2.262085026680307753e-04
-5.587941153961343277e-01 2.110689038257460904e-04
-5.586412578555697284e-01 1.998871716237366988e-04
-5.585903053420482323e-01 1.957531645726723107e-04
-5.585903053420482323e-01 1.957531645726723649e-04
-5.586922103690912245e-01 2.038100540860909545e-04
-5.587941153961343277e-01 2.110689038257460362e-04
-5.586412578555697284e-01 1.998871716237366446e-04
-5.589469729366988160e-01 2.206308554815440367e-04
-5.589469729366988160e-01 2.206308554815440367e-04
-5.588960204231773199e-01 2.176095896027927597e-04
-5.590488779637419192e-01 2.262085026680307753e-04
-5.589979254502204231e-01 2.234951724786395121e-04
-5.589469729366988160e-01 2.206308554815440638e-04
-5.590488779637419192e-01 2.262085026680308295e-04
-5.588450679096558238e-01 2.144247406690528697e-04
-5.588450679096558238e-01 2.144247406690528697e-04
-5.585393528285266251e-01 1.913943529156779952e-04
-5.586922103690912245e-01 2.038100540860910087e-04
-5.587431628826127206e-01 2.075337845767052871e-04
-5.586412578555697284e-01 1.998871716237366446e-04
-5.586412578555697284e-01 1.998871716237366988e-04
-5.584884003150051290e-01 2.002116113302252907e-04
-5.591507829907849114e-01 2.312031709933367609e-04
-5.588960204231773199e-01 2.176095896027927597e-04
-5.589979254502204231e-01 2.348242095474373041e-04
-5.590998304772634153e-01 2.287762183110056185e-04
-5.594564980719141101e-01 2.430280002945377010e-04
-5.591507829907849114e-01 2.312031709933367609e-04
-5.592017355043065185e-01 2.334937500606389603e-04
-5.588960204231773199e-01 2.176095896027927868e-04
-5.587431628826127206e-01 2.075337845767052871e-04
-5.584374478014836329e-01 1.819368642841582401e-04
-5.584374478014836329e-01 1.819368642841582672e-04
-5.587431628826127206e-01 2.075337845767052871e-04
-5.585393528285266251e-01 1.913943529156779952e-04
-5.586922103690912245e-01 2.038100540860909545e-04
-5.585903053420482323e-01 1.957531645726723649e-04
-5.588960204231773199e-01 2.176095896027927597e-04
-5.588450679096558238e-01 2.144247406690528697e-04
-5.590998304772634153e-01 2.287762183110056728e-04
-5.587941153961343277e-01 2.110689038257460362e-04
-5.587941153961343277e-01 2.110689038257460904e-04
-5.587941153961343277e-01 2.110689038257460904e-04
-5.590488779637419192e-01 2.262085026680307753e-04
-5.586412578555697284e-01 1.998871716237366988e-04
-5.588450679096558238e-01 2.144247406690528697e-04
-5.587941153961343277e-01 2.110689038257460904e-04
-5.586412578555697284e-01 1.998871716237366988e-04
-5.583864952879621368e-01 1.767986141215420687e-04
-5.587941153961343277e-01 2.110689038257460904e-04
-5.586412578555697284e-01 1.998871716237366988e-04
-5.592017355043065185e-01 2.334937500606389603e-04
-5.589979254502204231e-01 2.234951724786395121e-04
-5.587941153961343277e-01 2.110689038257460904e-04
-5.586412578555697284e-01 1.998871716237366988e-04
-5.590998304772634153e-01 2.287762183110056728e-04
-5.589469729366988160e-01 2.206308554815440367e-04
-5.588960204231773199e-01 2.176095896027927597e-04
-5.588450679096558238e-01 2.144247406690528697e-04
-5.586922103690912245e-01 2.038100540860909545e-04
-5.585393528285266251e-01 1.913943529156780224e-04
-5.588960204231773199e-01 2.176095896027927055e-04
-5.584374478014836329e-01 1.819368642841582672e-04
-5.588450679096558238e-01 2.144247406690528697e-04
-5.587941153961343277e-01 2.110689038257460904e-04
-5.588450679096558238e-01 2.144247406690528697e-04
-5.588450679096558238e-01 2.144247406690528697e-04
-5.589469729366988160e-01 2.206308554815440367e-04
-5.590998304772634153e-01 2.287762183110056728e-04
-5.587431628826127206e-01 2.075337845767052871e-04
-5.590488779637419192e-01 2.262085026680307753e-04
-5.591507829907849114e-01 2.312031709933367609e-04
-5.590488779637419192e-01 2.262085026680307753e-04
-5.587941153961343277e-01 2.110689038257460904e-04
-5.587431628826127206e-01 2.075337845767052871e-04
-5.586922103690912245e-01 2.038100540860909545e-04
-5.584884003150051290e-01 1.867950000485111249e-04
-5.586412578555697284e-01 1.998871716237366988e-04
-5.585903053420482323e-01 1.957531645726723107e-04
-5.586412578555697284e-01 2.124787016339733275e-04
-5.585903053420482323e-01 1.957531645726723649e-04
-5.588960204231773199e-01 2.176095896027927597e-04
-5.585903053420482323e-01 1.957531645726723107e-04
-5.587431628826127206e-01 2.075337845767052871e-04
-5.588450679096558238e-01 2.144247406690528697e-04
-5.586412578555697284e-01 1.998871716237366988e-04
-5.589979254502204231e-01 2.234951724786395663e-04
-5.590998304772634153e-01 2.398559470453188753e-04
-5.588450679096558238e-01 2.144247406690528697e-04
-5.587431628826127206e-01 2.196874803193213843e-04
-5.586412578555697284e-01 1.998871716237366988e-04
-5.586922103690912245e-01 2.038100540860909545e-04
-5.588450679096558238e-01 2.144247406690528697e-04
-5.586922103690912245e-01 2.038100540860910087e-04
-5.584884003150051290e-01 1.867950000485111791e-04
-5.586922103690912245e-01 2.038100540860909545e-04
-5.589979254502204231e-01 2.234951724786395663e-04
-5.586412578555697284e-01 1.998871716237366446e-04
-5.588960204231773199e-01 2.176095896027927055e-04
-5.588960204231773199e-01 2.176095896027927597e-04
-5.587431628826127206e-01 2.075337845767052871e-04
-5.588960204231773199e-01 2.176095896027927055e-04
-5.587431628826127206e-01 2.075337845767052871e-04
-5.585903053420482323e-01 1.957531645726723649e-04
-5.586922103690912245e-01 2.038100540860909545e-04
-5.586412578555697284e-01 1.998871716237366988e-04
-5.586412578555697284e-01 2.124787016339733817e-04
-5.584884003150051290e-01 1.867950000485111520e-04
-5.585903053420482323e-01 1.957531645726723107e-04
-5.585903053420482323e-01 1.957531645726723649e-04
-5.587431628826127206e-01 2.075337845767052871e-04
-5.588450679096558238e-01 2.144247406690528697e-04
-5.585903053420482323e-01 1.957531645726723107e-04
-5.587431628826127206e-01 2.075337845767052871e-04
-5.586922103690912245e-01 2.038100540860910087e-04
-5.586922103690912245e-01 2.038100540860909545e-04
-5.588960204231773199e-01 2.176095896027927597e-04
-5.588450679096558238e-01 2.144247406690528697e-04
-5.585903053420482323e-01 1.957531645726723107e-04
-5.586922103690912245e-01 2.038100540860910087e-04
-5.585393528285266251e-01 1.913943529156780224e-04
-5.584884003150051290e-01 1.867950000485111791e-04
-5.583864952879621368e-01 1.767986141215420687e-04
-5.588960204231773199e-01 2.176095896027927597e-04
-5.584374478014836329e-01 1.956868412895310778e-04
-5.587431628826127206e-01 2.075337845767052871e-04
-5.588450679096558238e-01 2.144247406690528697e-04
-5.587941153961343277e-01 2.110689038257460904e-04
-5.588960204231773199e-01 2.176095896027927055e-04
-5.585903053420482323e-01 1.957531645726723649e-04
-5.588450679096558238e-01 2.144247406690528697e-04
-5.588960204231773199e-01 2.176095896027927597e-04
-5.582845902609190336e-01 1.655760706646335566e-04
-5.587431628826127206e-01 2.075337845767052871e-04
-5.584374478014836329e-01 1.819368642841582401e-04
-5.585903053420482323e-01 2.085943880082530928e-04
-5.582845902609190336e-01 1.655760706646335566e-04
-5.585393528285266251e-01 2.045094511173823986e-04
-5.582845902609190336e-01 1.805761679875327117e-04
-5.585903053420482323e-01 1.957531645726723649e-04
-5.586922103690912245e-01 2.038100540860910087e-04
-5.589469729366988160e-01 2.206308554815440367e-04
-5.588450679096558238e-01 2.144247406690528697e-04
-5.588960204231773199e-01 2.176095896027927597e-04
-5.587941153961343277e-01 2.110689038257460904e-04
-5.587941153961343277e-01 2.110689038257460904e-04
-5.586922103690912245e-01 2.038100540860910087e-04
-5.584374478014836329e-01 1.956868412895311320e-04
-5.585903053420482323e-01 1.957531645726723107e-04
-5.584374478014836329e-01 1.819368642841582401e-04
-5.584884003150051290e-01 1.867950000485111520e-04
-5.586412578555697284e-01 1.998871716237366988e-04
-5.587431628826127206e-01 2.196874803193213843e-04
-5.586412578555697284e-01 1.998871716237367259e-04
-5.587431628826127206e-01 2.075337845767052871e-04
-5.588960204231773199e-01 2.176095896027927055e-04
-5.585903053420482323e-01 1.957531645726723649e-04
-5.586412578555697284e-01 1.998871716237366988e-04
-5.586412578555697284e-01 1.998871716237366446e-04
-5.586412578555697284e-01 1.998871716237366446e-04
-5.588450679096558238e-01 2.144247406690528697e-04
-5.586922103690912245e-01 2.038100540860909545e-04
-5.583355427744405297e-01 1.713550528941601772e-04
-5.584374478014836329e-01 1.956868412895310778e-04
-5.584884003150051290e-01 1.867950000485111791e-04
-5.587431628826127206e-01 2.075337845767052871e-04
-5.585903053420482323e-01 1.957531645726723649e-04
-5.583864952879621368e-01 1.767986141215420687e-04
-5.585393528285266251e-01 1.913943529156779952e-04
-5.586412578555697284e-01 2.124787016339733275e-04
-5.588450679096558238e-01 2.144247406690528697e-04
-5.587941153961343277e-01 2.110689038257460904e-04
-5.585903053420482323e-01 1.957531645726723649e-04
-5.586922103690912245e-01 2.038100540860910087e-04
-5.583355427744405297e-01 1.713550528941602043e-04
-5.588450679096558238e-01 2.144247406690528697e-04
-5.583355427744405297e-01 1.713550528941602043e-04
-5.585393528285266251e-01 1.913943529156779952e-04
-5.585393528285266251e-01 2.045094511173823986e-04
-5.584374478014836329e-01 1.819368642841582401e-04
-5.585903053420482323e-01 1.957531645726723649e-04
-5.583864952879621368e-01 1.909190069731661371e-04
-5.583355427744405297e-01 1.713550528941602043e-04
-5.585393528285266251e-01 2.045094511173823986e-04
-5.586922103690912245e-01 2.038100540860909545e-04
-5.585903053420482323e-01 2.085943880082530928e-04
-5.587431628826127206e-01 2.075337845767052871e-04
-5.585903053420482323e-01 1.957531645726723649e-04
-5.585393528285266251e-01 1.913943529156779952e-04
-5.585393528285266251e-01 2.168327301508122076e-04
-5.586412578555697284e-01 2.124787016339733817e-04
-5.581826852338760414e-01 1.528575405645682362e-04
-5.584374478014836329e-01 1.956868412895311320e-04
-5.584884003150051290e-01 2.002116113302252907e-04
-5.586412578555697284e-01 1.998871716237366988e-04
-5.582845902609190336e-01 1.805761679875327388e-04
-5.584374478014836329e-01 1.956868412895310778e-04
-5.582336377473975375e-01 1.892115946898593700e-04
-5.585393528285266251e-01 1.913943529156780224e-04
-5.587431628826127206e-01 2.196874803193213843e-04
-5.586922103690912245e-01 2.038100540860910087e-04
-5.586412578555697284e-01 1.998871716237366988e-04
-5.585393528285266251e-01 2.045094511173823986e-04
-5.586922103690912245e-01 2.038100540860910087e-04
-5.585393528285266251e-01 1.913943529156779952e-04
-5.587941153961343277e-01 2.110689038257460362e-04
-5.582845902609190336e-01 1.944224002356301499e-04
-5.581826852338760414e-01 1.689903694764010461e-04
-5.582336377473975375e-01 1.594251957139641992e-04
-5.583355427744405297e-01 1.993669699047569881e-04
-5.583355427744405297e-01 1.858894064240411588e-04
-5.581317327203545453e-01 1.626494896459873920e-04
-5.583355427744405297e-01 1.993669699047569881e-04
-5.585903053420482323e-01 2.085943880082531470e-04
-5.584374478014836329e-01 1.819368642841582672e-04
-5.581317327203545453e-01 1.778965254028927749e-04
-5.585903053420482323e-01 1.957531645726723649e-04
-5.584374478014836329e-01 1.819368642841582401e-04
-5.586412578555697284e-01 2.124787016339733817e-04
-5.584374478014836329e-01 2.085321488936323563e-04
-5.583355427744405297e-01 1.858894064240411588e-04
-5.581317327203545453e-01 2.050166049057146876e-04
-5.579788751797899460e-01 1.738369537861083009e-04
-5.578769701527468428e-01 1.895543075131442972e-04
-5.578769701527468428e-01 2.152102925824680405e-04
-5.576731600986607473e-01 2.038100540860910087e-04
-5.575712550716177551e-01 2.159328809364864155e-04
-5.575712550716177551e-01 2.159328809364864426e-04
-5.577241126121823545e-01 2.334381496907447003e-04
-5.577241126121823545e-01 2.443065430956781452e-04
-5.574693500445746519e-01 2.590072182521544223e-04
-5.575203025580962590e-01 2.329928690760848956e-04
-5.573164925040101636e-01 2.905187036949131844e-04
-5.574693500445746519e-01 2.590072182521544223e-04
-5.573164925040101636e-01 2.720597042193660404e-04
-5.573164925040101636e-01 2.720597042193659862e-04
-5.571126824499240682e-01 2.485208520560984870e-04
-5.571636349634455643e-01 2.743876826511492729e-04
-5.568069673687948695e-01 2.701444413758397880e-04
-5.569598249093594688e-01 2.884110307157427481e-04
-5.571126824499240682e-01 2.485208520560985412e-04
-5.573164925040101636e-01 2.720597042193659862e-04
-5.573674450175316597e-01 2.773988859323893962e-04
-5.570107774228809649e-01 2.940714948850049618e-04
-5.571126824499240682e-01 2.961827142969332112e-04
-5.571126824499240682e-01 2.780999203733344250e-04
-5.568579198823164766e-01 2.856977904325137254e-04
-5.566031573147087741e-01 3.082100654163479623e-04
-5.566031573147087741e-01 3.246198992061228141e-04
-5.565522048011872780e-01 3.268912500848944686e-04
-5.558388696118859995e-01 3.419517288779361491e-04
-5.556860120713214002e-01 3.447870413142440629e-04
-5.549217243684985146e-01 3.703795650802902848e-04
-5.547179143144124192e-01 3.958587313145379158e-04
-5.538517215845465413e-01 4.345923844652707928e-04
-5.528326713141161752e-01 4.634998672888747525e-04
-5.512531433949493520e-01 5.925407105709034564e-04
-5.494698054216962113e-01 6.717041082431604929e-04
-5.447312216641951865e-01 9.678831962331458380e-04
-5.353559591762352410e-01 1.555145503558676492e-03
-3.104006119787244833e-01 1.887850172775017848e-02
1.898798469287339419e+00 1.709651879079956971e-01
5.766298055624791807e+00 3.728880558963333924e-01
6.821422705628427785e+00 3.892852586200499232e-01
6.889189548612049130e+00 3.875720781219104127e-01
6.907124833371625527e+00 3.869227620856158234e-01
6.414668790186133229e+00 3.767796538914751636e-01
2.224079315608722407e+00 1.662946633649813044e-01
-3.569712093373936801e-01 1.261152319784991128e-02
-5.149749537676270306e-01 1.094661125272657293e-03
-5.390754926633064548e-01 8.227687183269468416e-04
-5.482469450971797498e-01 5.914662931673327680e-04
-5.517117160166427059e-01 4.728162645125273678e-04
-5.527307662870731830e-01 4.167840858426607380e-04
-5.510493333408631456e-01 5.963838804662587381e-04
-5.339802413111541801e-01 1.425532592012302866e-03
-5.076377918205283724e-01 3.028465845344376680e-03
-5.028992080630269035e-01 3.148663332940033512e-03
-5.028992080630270145e-01 3.126321835313244837e-03
-5.073320767393991737e-01 2.841743690249834593e-03
-5.325026184190301271e-01 1.715549263072886632e-03
-5.545141042603263237e-01 3.865680935906439181e-04
-5.558388696118859995e-01 3.016113368907076824e-04
-5.557879170983643924e-01 2.851065184024728356e-04
-5.504379031786049703e-01 5.906097477063832141e-04
-5.421326434745975531e-01 9.704414173672456373e-04
-5.379035848523113783e-01 1.246578000793862511e-03
-5.379035848523112673e-01 1.259011761530905594e-03
-5.378526323387897712e-01 1.272579189835783622e-03
-5.400945429337367099e-01 1.091323862756235323e-03
-5.483998026377442381e-01 8.003924690834125517e-04
-5.568579198823164766e-01 2.764614081380954583e-04
-5.567560148552733734e-01 2.732499264747736208e-04
-5.570617299364024610e-01 2.995383821759788154e-04
-5.564502997741442858e-01 2.610042194302298019e-04
-5.568069673687948695e-01 2.887259145676195375e-04
-5.573164925040101636e-01 2.070327970394966375e-04
-5.575203025580962590e-01 2.329928690760848956e-04
-5.577750651257038506e-01 2.035551320925338089e-04
-5.577750651257038506e-01 1.608034203499512970e-04
-5.580298276933114421e-01 2.070327970394966917e-04
-5.580807802068329382e-01 1.717334041008576791e-04
-5.582845902609190336e-01 1.805761679875327117e-04
-5.582336377473975375e-01 2.024681328836751195e-04
-5.582845902609190336e-01 1.805761679875327117e-04
-5.582845902609190336e-01 1.655760706646335566e-04
-5.582336377473975375e-01 2.024681328836751737e-04
-5.584374478014836329e-01 1.819368642841582672e-04
-5.583864952879621368e-01 1.909190069731661100e-04
-5.583864952879621368e-01 2.164132661374151281e-04
-5.584374478014836329e-01 1.819368642841582672e-04
-5.580807802068329382e-01 1.862382327890554218e-04
-5.583864952879621368e-01 1.767986141215420687e-04
-5.582845902609190336e-01 1.805761679875327117e-04
-5.582845902609190336e-01 1.944224002356301499e-04
-5.583864952879621368e-01 1.767986141215420687e-04
-5.585903053420482323e-01 1.957531645726723649e-04
-5.584374478014836329e-01 1.819368642841582401e-04
-5.583355427744405297e-01 1.713550528941602043e-04
-5.584884003150051290e-01 1.867950000485111520e-04
-5.583355427744405297e-01 1.713550528941602043e-04
-5.585903053420482323e-01 1.957531645726723107e-04
-5.587431628826127206e-01 2.075337845767052871e-04
-5.584374478014836329e-01 1.819368642841582401e-04
-5.586412578555697284e-01 1.998871716237366988e-04
-5.583355427744405297e-01 1.713550528941602043e-04
-5.583355427744405297e-01 1.713550528941602043e-04
-5.583355427744405297e-01 1.858894064240411317e-04
-5.583355427744405297e-01 1.713550528941602043e-04
-5.585903053420482323e-01 1.957531645726723649e-04
-5.582845902609190336e-01 1.655760706646335566e-04
-5.587941153961343277e-01 2.110689038257460362e-04
-5.588450679096558238e-01 2.144247406690528697e-04
-5.585903053420482323e-01 1.957531645726723649e-04
-5.586412578555697284e-01 1.998871716237366446e-04
-5.586412578555697284e-01 1.998871716237366446e-04
-5.585903053420482323e-01 1.957531645726723649e-04
-5.587941153961343277e-01 2.110689038257460904e-04
-5.582845902609190336e-01 1.655760706646335566e-04
-5.584884003150051290e-01 1.867950000485111520e-04
-5.586922103690912245e-01 2.038100540860910087e-04
-5.584884003150051290e-01 1.867950000485111791e-04
-5.585393528285266251e-01 1.913943529156779952e-04
-5.583864952879621368e-01 1.767986141215420687e-04
-5.585393528285266251e-01 1.913943529156779952e-04
-5.586412578555697284e-01 1.998871716237366446e-04
-5.584374478014836329e-01 1.819368642841582401e-04
-5.585393528285266251e-01 1.913943529156779952e-04
-5.585903053420482323e-01 1.957531645726723649e-04
-5.586922103690912245e-01 2.038100540860909545e-04
-5.585393528285266251e-01 1.913943529156779952e-04
-5.585903053420482323e-01 1.957531645726723107e-04
-5.585903053420482323e-01 1.957531645726723649e-04
-5.583864952879621368e-01 1.767986141215420687e-04
-5.586922103690912245e-01 2.038100540860909545e-04
-5.584884003150051290e-01 1.867950000485111791e-04
-5.587431628826127206e-01 2.075337845767052871e-04
-5.585903053420482323e-01 1.957531645726723649e-04
-5.590998304772634153e-01 2.398559470453189566e-04
-5.584884003150051290e-01 1.867950000485111520e-04
-5.587431628826127206e-01 2.075337845767052871e-04
-5.584374478014836329e-01 1.819368642841582672e-04
-5.586412578555697284e-01 1.998871716237367259e-04
-5.587431628826127206e-01 2.075337845767052871e-04
-5.587431628826127206e-01 2.075337845767052871e-04
-5.588960204231773199e-01 2.176095896027927868e-04
-5.587941153961343277e-01 2.110689038257460904e-04
-5.586922103690912245e-01 2.038100540860909545e-04
-5.584374478014836329e-01 1.819368642841582672e-04
-5.589469729366988160e-01 2.206308554815440367e-04
-5.585393528285266251e-01 2.045094511173823986e-04
-5.584884003150051290e-01 1.867950000485111791e-04
-5.584374478014836329e-01 1.819368642841582401e-04
-5.583864952879621368e-01 1.767986141215420416e-04
-5.585903053420482323e-01 1.957531645726723107e-04
-5.587941153961343277e-01 2.110689038257460904e-04
-5.590998304772634153e-01 2.287762183110056185e-04
-5.586922103690912245e-01 2.038100540860910087e-04
-5.589469729366988160e-01 2.206308554815440367e-04
-5.589979254502204231e-01 2.234951724786395121e-04
-5.585903053420482323e-01 1.957531645726723649e-04
-5.587941153961343277e-01 2.110689038257460362e-04
-5.586412578555697284e-01 1.998871716237366988e-04
-5.586922103690912245e-01 2.038100540860910087e-04
-5.586412578555697284e-01 1.998871716237366988e-04
-5.588450679096558238e-01 2.144247406690528697e-04
-5.582845902609190336e-01 1.655760706646335566e-04
-5.585903053420482323e-01 1.957531645726723107e-04
-5.585903053420482323e-01 1.957531645726723649e-04
-5.588450679096558238e-01 2.144247406690528697e-04
-5.589469729366988160e-01 2.206308554815440367e-04
-5.588960204231773199e-01 2.176095896027927597e-04
-5.588960204231773199e-01 2.176095896027927597e-04
-5.588450679096558238e-01 2.144247406690528697e-04
-5.587431628826127206e-01 2.075337845767052871e-04
-5.589469729366988160e-01 2.206308554815439825e-04
-5.588450679096558238e-01 2.144247406690528697e-04
-5.585903053420482323e-01 1.957531645726723107e-04
-5.584374478014836329e-01 1.819368642841582672e-04
-5.583864952879621368e-01 1.767986141215420416e-04
-5.584884003150051290e-01 2.127839434256427009e-04
-5.584884003150051290e-01 1.867950000485111791e-04
-5.582845902609190336e-01 2.073460561035716208e-04
-5.583355427744405297e-01 2.119894005777793271e-04
-5.583864952879621368e-01 1.909190069731661100e-04
-5.587431628826127206e-01 2.075337845767052871e-04
-5.587431628826127206e-01 2.075337845767052871e-04
-5.586412578555697284e-01 1.998871716237366446e-04
-5.590488779637419192e-01 2.262085026680307753e-04
-5.585393528285266251e-01 1.913943529156779952e-04
-5.586922103690912245e-01 2.038100540860909545e-04
-5.588960204231773199e-01 2.176095896027927597e-04
-5.586922103690912245e-01 2.038100540860910087e-04
-5.586922103690912245e-01 2.038100540860910087e-04
-5.585903053420482323e-01 1.957531645726723649e-04
-5.585393528285266251e-01 1.913943529156779952e-04
-5.582845902609190336e-01 1.655760706646335566e-04
-5.585903053420482323e-01 2.085943880082531470e-04
-5.583355427744405297e-01 1.713550528941602043e-04
-5.588450679096558238e-01 2.144247406690528697e-04
-5.588960204231773199e-01 2.176095896027927055e-04
-5.589469729366988160e-01 2.206308554815440367e-04
-5.590998304772634153e-01 2.287762183110056185e-04
-5.587941153961343277e-01 2.110689038257460904e-04
-5.586412578555697284e-01 1.998871716237366988e-04
-5.584884003150051290e-01 1.867950000485111520e-04
-5.584884003150051290e-01 1.867950000485111791e-04
-5.583355427744405297e-01 1.713550528941601772e-04
-5.586412578555697284e-01 1.998871716237366446e-04
-5.586412578555697284e-01 1.998871716237366988e-04
-5.584374478014836329e-01 1.819368642841582672e-04
-5.586412578555697284e-01 1.998871716237366446e-04
-5.587941153961343277e-01 2.110689038257460904e-04
-5.588450679096558238e-01 2.144247406690528697e-04
-5.587941153961343277e-01 2.110689038257460904e-04
-5.586412578555697284e-01 1.998871716237366988e-04
-5.586922103690912245e-01 2.038100540860910087e-04
-5.588450679096558238e-01 2.144247406690528697e-04
-5.589469729366988160e-01 2.206308554815440367e-04
-5.587431628826127206e-01 2.075337845767052871e-04
-5.587431628826127206e-01 2.075337845767052871e-04
-5.585393528285266251e-01 2.045094511173823986e-04
-5.584884003150051290e-01 1.867950000485111520e-04
-5.588450679096558238e-01 2.144247406690528697e-04
-5.586412578555697284e-01 1.998871716237366988e-04
-5.587941153961343277e-01 2.110689038257460904e-04
-5.586922103690912245e-01 2.038100540860909545e-04
-5.584884003150051290e-01 1.867950000485111520e-04
-5.585903053420482323e-01 1.957531645726723920e-04
-5.590998304772634153e-01 2.287762183110056185e-04
-5.587431628826127206e-01 2.196874803193213843e-04
-5.587941153961343277e-01 2.110689038257460904e-04
-5.590998304772634153e-01 2.287762183110056185e-04
-5.588960204231773199e-01 2.176095896027927597e-04
-5.590488779637419192e-01 2.262085026680307753e-04
-5.587941153961343277e-01 2.110689038257460904e-04
-5.585393528285266251e-01 1.913943529156779952e-04
-5.585393528285266251e-01 1.913943529156779952e-04
-5.584374478014836329e-01 1.819368642841582672e-04
-5.586922103690912245e-01 2.038100540860910087e-04
-5.585903053420482323e-01 1.957531645726723649e-04
-5.587431628826127206e-01 2.075337845767052328e-04
-5.586922103690912245e-01 2.038100540860910087e-04
-5.590998304772634153e-01 2.287762183110056728e-04
-5.586922103690912245e-01 2.038100540860909545e-04
-5.588960204231773199e-01 2.176095896027927597e-04
-5.588960204231773199e-01 2.176095896027927597e-04
-5.587941153961343277e-01 2.110689038257460362e-04
-5.587941153961343277e-01 2.110689038257460362e-04
-5.589469729366988160e-01 2.206308554815440367e-04
-5.587431628826127206e-01 2.075337845767052871e-04
-5.586412578555697284e-01 1.998871716237366446e-04
-5.583355427744405297e-01 1.713550528941602043e-04
-5.585903053420482323e-01 1.957531645726723649e-04
-5.586922103690912245e-01 2.038100540860909545e-04
-5.588960204231773199e-01 2.176095896027927597e-04
-5.584374478014836329e-01 1.819368642841582401e-04
-5.585393528285266251e-01 1.913943529156779952e-04
-5.587431628826127206e-01 2.075337845767052871e-04
-5.587431628826127206e-01 2.075337845767052871e-04
-5.587941153961343277e-01 2.110689038257460362e-04
-5.588960204231773199e-01 2.176095896027927597e-04
-5.587431628826127206e-01 2.075337845767052871e-04
-5.589469729366988160e-01 2.206308554815440367e-04
-5.586922103690912245e-01 2.161732069774079286e-04
-5.584884003150051290e-01 1.867950000485111520e-04
-5.585903053420482323e-01 1.957531645726723649e-04
-5.585393528285266251e-01 1.913943529156780224e-04
-5.582845902609190336e-01 1.655760706646335566e-04
-5.584374478014836329e-01 1.819368642841582401e-04
-5.585903053420482323e-01 1.957531645726723649e-04
-5.586922103690912245e-01 2.038100540860909545e-04
-5.588450679096558238e-01 2.144247406690528697e-04
-5.586922103690912245e-01 2.038100540860909545e-04
-5.586922103690912245e-01 2.038100540860909545e-04
-5.587941153961343277e-01 2.110689038257460362e-04
-5.586922103690912245e-01 2.038100540860909545e-04
-5.589979254502204231e-01 2.234951724786395121e-04
-5.590488779637419192e-01 2.262085026680307753e-04
-5.587941153961343277e-01 2.110689038257460362e-04
-5.585393528285266251e-01 1.913943529156779952e-04
-5.586922103690912245e-01 2.038100540860909545e-04
-5.586922103690912245e-01 2.038100540860909545e-04
-5.586412578555697284e-01 1.998871716237366446e-04
-5.588450679096558238e-01 2.144247406690528697e-04
-5.586412578555697284e-01 1.998871716237367259e-04
-5.586412578555697284e-01 1.998871716237366988e-04
-5.588960204231773199e-01 2.176095896027927055e-04
-5.589979254502204231e-01 2.234951724786395663e-04
-5.592526880178280146e-01 2.356519322744944167e-04
-5.588960204231773199e-01 2.176095896027927597e-04
-5.586922103690912245e-01 2.038100540860910087e-04
-5.588450679096558238e-01 2.144247406690528697e-04
-5.589979254502204231e-01 2.234951724786395121e-04
-5.587941153961343277e-01 2.110689038257460362e-04
-5.585393528285266251e-01 1.913943529156779952e-04
-5.586412578555697284e-01 1.998871716237366988e-04
-5.584884003150051290e-01 2.002116113302252907e-04
-5.584884003150051290e-01 1.867950000485111249e-04
-5.586412578555697284e-01 1.998871716237366988e-04
-5.585393528285266251e-01 1.913943529156780224e-04
-5.587431628826127206e-01 2.075337845767052871e-04
-5.586412578555697284e-01 1.998871716237366988e-04
-5.586412578555697284e-01 1.998871716237366988e-04
-5.587941153961343277e-01 2.110689038257460362e-04
-5.591507829907849114e-01 2.312031709933367609e-04
-5.586412578555697284e-01 1.998871716237366988e-04
-5.587941153961343277e-01 2.110689038257460904e-04
-5.588960204231773199e-01 2.176095896027927868e-04
-5.583864952879621368e-01 1.767986141215420687e-04
-5.586922103690912245e-01 2.038100540860909545e-04
-5.584374478014836329e-01 1.819368642841582672e-04
-5.586922103690912245e-01 2.038100540860910087e-04
-5.587431628826127206e-01 2.075337845767052871e-04
-5.582336377473975375e-01 1.749534518000651234e-04
-5.585393528285266251e-01 1.913943529156779952e-04
-5.582845902609190336e-01 1.655760706646335566e-04
-5.581826852338760414e-01 2.334937500606389603e-04
-5.582845902609190336e-01 1.944224002356301499e-04
-5.581826852338760414e-01 2.100825951399503679e-04
-5.580298276933114421e-01 2.070327970394966917e-04
-5.583864952879621368e-01 1.767986141215420687e-04
-5.586922103690912245e-01 2.038100540860910087e-04
-5.588960204231773199e-01 2.176095896027927597e-04
-5.585393528285266251e-01 1.913943529156780224e-04
-5.585903053420482323e-01 1.957531645726723649e-04
-5.585393528285266251e-01 1.913943529156779952e-04
-5.582845902609190336e-01 1.655760706646335566e-04
-5.584374478014836329e-01 1.819368642841582401e-04
-5.584884003150051290e-01 1.867950000485111791e-04
-5.582845902609190336e-01 1.655760706646335566e-04
-5.587431628826127206e-01 2.075337845767052871e-04
-5.589979254502204231e-01 2.234951724786395121e-04
-5.585903053420482323e-01 1.957531645726723649e-04
-5.588450679096558238e-01 2.144247406690528697e-04
-5.586922103690912245e-01 2.038100540860910087e-04
-5.587431628826127206e-01 2.075337845767052871e-04
-5.587431628826127206e-01 2.075337845767052328e-04
-5.588450679096558238e-01 2.144247406690528697e-04
-5.583864952879621368e-01 1.767986141215420416e-04
-5.586412578555697284e-01 1.998871716237366988e-04
-5.587431628826127206e-01 2.075337845767052871e-04
-5.585903053420482323e-01 1.957531645726723649e-04
-5.585903053420482323e-01 1.957531645726723107e-04
-5.587941153961343277e-01 2.110689038257460362e-04
-5.582845902609190336e-01 1.805761679875327388e-04
-5.586922103690912245e-01 2.038100540860909545e-04
-5.589979254502204231e-01 2.234951724786395121e-04
-5.588450679096558238e-01 2.144247406690528697e-04
-5.585393528285266251e-01 1.913943529156779952e-04
-5.587431628826127206e-01 2.075337845767052871e-04
-5.588450679096558238e-01 2.144247406690528697e-04
-5.589469729366988160e-01 2.206308554815440367e-04
-5.582336377473975375e-01 1.594251957139641992e-04
-5.585903053420482323e-01 1.957531645726723649e-04
-5.584374478014836329e-01 1.819368642841582401e-04
-5.587941153961343277e-01 2.110689038257460904e-04
-5.580298276933114421e-01 1.651836167573276170e-04
-5.576731600986607473e-01 2.161732069774079286e-04
-5.572655399904885565e-01 2.665162288316488956e-04
-5.574693500445746519e-01 2.269532711853992847e-04
-5.579279226662684499e-01 2.320997450641423419e-04
-5.578769701527468428e-01 2.381178375722309021e-04
-5.583864952879621368e-01 1.767986141215420687e-04
-5.587941153961343277e-01 2.110689038257460904e-04
-5.586922103690912245e-01 2.038100540860910087e-04
-5.586922103690912245e-01 2.038100540860910087e-04
-5.587431628826127206e-01 2.075337845767052871e-04
-5.583864952879621368e-01 1.767986141215420687e-04
-5.584374478014836329e-01 1.956868412895311320e-04
-5.583355427744405297e-01 1.713550528941601772e-04
-5.584884003150051290e-01 1.867950000485111520e-04
-5.584374478014836329e-01 1.819368642841582401e-04
-5.582845902609190336e-01 1.655760706646335566e-04
-5.584374478014836329e-01 1.819368642841582672e-04
-5.585393528285266251e-01 1.913943529156779952e-04
-5.587431628826127206e-01 2.075337845767052871e-04
-5.586922103690912245e-01 2.038100540860909545e-04
-5.585903053420482323e-01 1.957531645726723649e-04
-5.587941153961343277e-01 2.110689038257460904e-04
-5.584374478014836329e-01 1.819368642841582672e-04
-5.586412578555697284e-01 1.998871716237366446e-04
-5.586412578555697284e-01 1.998871716237366988e-04
-5.583864952879621368e-01 1.909190069731661371e-04
-5.582845902609190336e-01 1.655760706646335566e-04
-5.583355427744405297e-01 1.858894064240411588e-04
-5.583355427744405297e-01 1.858894064240411588e-04
-5.585393528285266251e-01 2.168327301508122076e-04
-5.581317327203545453e-01 1.626494896459873920e-04
-5.583355427744405297e-01 1.713550528941602043e-04
-5.584374478014836329e-01 1.956868412895310778e-04
-5.581826852338760414e-01 1.973382363162657911e-04
-5.581317327203545453e-01 2.173111261656609605e-04
-5.562974422335796865e-01 2.958318907041056125e-04
-4.987720544677838874e-01 4.018031349894741686e-03
-3.344501983608820783e-01 1.396874007513740010e-02
-2.309656433986748136e-01 1.883469569538670507e-02
-2.235775289380544095e-01 1.920257605551953933e-02
-2.204694256132417318e-01 1.938425145626998178e-02
-2.244437216679202873e-01 1.922335090421102913e-02
-3.297116146033806650e-01 1.311225490239429151e-02
-4.861867836279685218e-01 4.903344925322397282e-03
-5.569088723958379727e-01 2.534855542146015285e-04
-5.572145874769670604e-01 2.705285787065710764e-04
-5.581826852338760414e-01 2.220968573597074220e-04
-5.580298276933114421e-01 1.940882834734634552e-04
-5.579788751797899460e-01 2.015041464543035192e-04
-5.583355427744405297e-01 2.119894005777793271e-04
-5.578260176392253467e-01 1.682976253507341186e-04
-5.582336377473975375e-01 2.149084970440290462e-04
-5.582845902609190336e-01 1.944224002356301499e-04
-5.581317327203545453e-01 2.050166049057146876e-04
-5.578769701527468428e-01 1.895543075131442701e-04
-5.580807802068329382e-01 1.862382327890554218e-04
-5.582336377473975375e-01 1.892115946898593700e-04
-5.581317327203545453e-01 1.919361639158811126e-04
-5.580298276933114421e-01 1.940882834734634281e-04
-5.578769701527468428e-01 1.895543075131442701e-04
-5.581317327203545453e-01 1.778965254028927749e-04
-5.582845902609190336e-01 2.195101461209193641e-04
-5.583864952879621368e-01 2.164132661374151552e-04
-5.578769701527468428e-01 2.152102925824680676e-04
-5.579788751797899460e-01 2.370250468689820314e-04
-5.578769701527468428e-01 2.381178375722309021e-04
-5.578769701527468428e-01 2.152102925824680405e-04
-5.576222075851392512e-01 2.443065430956781452e-04
-5.574183975310531558e-01 2.320997450641423419e-04
-5.570617299364024610e-01 2.816710987303435018e-04
-5.565522048011872780e-01 2.844227540835216951e-04
-5.560426796659720949e-01 3.046943267564984799e-04
-5.554312495037138087e-01 2.998848697205905669e-04
-5.543612467197618354e-01 3.905436208120115845e-04
-5.521193361248148967e-01 5.100089543886190784e-04
-5.439159814478508048e-01 1.163012746446779331e-03
-2.191446602616822781e-01 2.532953123301703163e-02
1.315850762087628967e+00 1.231274948133135039e-01
2.964979814725146046e+00 2.122324981490639195e-01
3.217602376764840511e+00 2.243497877804140617e-01
3.273802999179077133e+00 2.272122374404533240e-01
3.095316344313192136e+00 2.171131480991723151e-01
1.150458903196775129e+00 9.528368302991840899e-02
-2.116036882604973302e-01 2.370060753434989967e-02
-5.295983251483036280e-01 9.572972559620466625e-04
-5.468202747185771928e-01 5.178891276084998316e-04
-5.529855288546806635e-01 3.579754044374904563e-04
-5.547179143144124192e-01 3.072398540848703770e-04
-5.555331545307568009e-01 2.514804651024825670e-04
-5.559407746389289917e-01 2.717255077381172884e-04
-5.567050623417518773e-01 2.567420256236729046e-04
-5.574183975310531558e-01 2.320997450641423419e-04
-5.575203025580962590e-01 2.329928690760848414e-04
-5.576222075851392512e-01 2.100207970520887707e-04
-5.574693500445746519e-01 2.269532711853992847e-04
-5.580298276933114421e-01 2.192142703345732139e-04
-5.581826852338760414e-01 2.334937500606389332e-04
-5.580807802068329382e-01 2.241910594947000689e-04
-5.579279226662684499e-01 2.085321488936323563e-04
-5.577750651257038506e-01 2.035551320925338360e-04
-5.581826852338760414e-01 1.837119001156224760e-04
-5.580298276933114421e-01 1.802163824777136959e-04
-5.581826852338760414e-01 1.973382363162657911e-04
-5.581317327203545453e-01 1.778965254028927749e-04
-5.580298276933114421e-01 1.802163824777137230e-04
-5.583864952879621368e-01 2.040646576258166257e-04
-5.580298276933114421e-01 1.940882834734634281e-04
-5.583864952879621368e-01 2.040646576258166257e-04
-5.580298276933114421e-01 2.192142703345732139e-04
-5.579279226662684499e-01 2.206308554815440638e-04
-5.579279226662684499e-01 2.320997450641423961e-04
-5.581317327203545453e-01 1.919361639158811397e-04
-5.581317327203545453e-01 1.919361639158811126e-04
-5.583355427744405297e-01 2.119894005777793271e-04
