# V, V_err
-5.304135653646480097e-01 2.430280002945377010e-04
-5.299040402294327157e-01 2.534855542146015827e-04
-5.301078502835189221e-01 2.506014312815343383e-04
-5.303116603376050175e-01 2.460009304094029669e-04
-5.304645178781695058e-01 2.413665257457460575e-04
-5.302097553105619143e-01 2.485208520560985412e-04
-5.301078502835189221e-01 2.506014312815343925e-04
-5.304135653646478987e-01 2.430280002945377010e-04
-5.301588027970405292e-01 2.496153184799822559e-04
-5.303626128511266247e-01 2.445720649033091562e-04
-5.300059452564757079e-01 2.522535393672109679e-04
-5.301588027970401962e-01 2.496153184799823101e-04
-5.300568977699974260e-01 2.514804651024826212e-04
-5.298530877159113306e-01 2.539460188161220115e-04
-5.300059452564757079e-01 2.522535393672109679e-04
-5.298530877159112196e-01 2.539460188161220657e-04
-5.300059452564758189e-01 2.522535393672110764e-04
-5.298530877159111085e-01 2.539460188161219573e-04
-5.303116603376050175e-01 2.460009304094029669e-04
-5.305154703916911130e-01 2.395851986273333893e-04
-5.300568977699972040e-01 2.514804651024825670e-04
-5.303116603376047955e-01 2.460009304094029669e-04
-5.304135653646480097e-01 2.430280002945377010e-04
-5.301588027970403072e-01 2.496153184799823101e-04
-5.303116603376047955e-01 2.460009304094029669e-04
-5.303626128511266247e-01 2.445720649033091562e-04
-5.300568977699974260e-01 2.514804651024825670e-04
-5.298021352023896124e-01 2.543035815259971641e-04
-5.298021352023897235e-01 2.543035815259971641e-04
-5.303116603376050175e-01 2.460009304094029669e-04
-5.299040402294328267e-01 2.534855542146015285e-04
-5.302097553105618033e-01 2.485208520560984870e-04
-5.304135653646480097e-01 2.430280002945377010e-04
-5.302607078240835214e-01 2.473165935007842460e-04
-5.303116603376047955e-01 2.460009304094029669e-04
-5.302097553105618033e-01 2.485208520560984870e-04
-5.303116603376050175e-01 2.460009304094029669e-04
-5.301078502835188111e-01 2.506014312815343925e-04
-5.303116603376047955e-01 2.460009304094029669e-04
-5.306173754187341052e-01 2.356519322744944167e-04
-5.299040402294328267e-01 2.534855542146015827e-04
-5.301588027970401962e-01 2.496153184799823643e-04
-5.300059452564758189e-01 2.522535393672110764e-04
-5.302097553105619143e-01 2.485208520560984870e-04
-5.299040402294327157e-01 2.534855542146015827e-04
-5.300568977699972040e-01 2.514804651024825670e-04
-5.299549927429544338e-01 2.529216256980135018e-04
-5.303116603376047955e-01 2.460009304094029669e-04
-5.303116603376047955e-01 2.460009304094029669e-04
-5.300568977699974260e-01 2.514804651024826212e-04
-5.302097553105619143e-01 2.485208520560984870e-04
-5.302097553105618033e-01 2.485208520560984870e-04
-5.303116603376050175e-01 2.460009304094029669e-04
-5.303626128511266247e-01 2.445720649033091562e-04
-5.301078502835188111e-01 2.506014312815343925e-04
-5.302607078240832994e-01 2.473165935007842460e-04
-5.299549927429544338e-01 2.529216256980135018e-04
-5.299040402294327157e-01 2.534855542146015827e-04
-5.299040402294327157e-01 2.534855542146015827e-04
-5.300059452564758189e-01 2.522535393672110764e-04
-5.301078502835189221e-01 2.506014312815343925e-04
-5.298021352023896124e-01 2.543035815259971641e-04
-5.302097553105619143e-01 2.485208520560985412e-04
-5.305154703916911130e-01 2.395851986273333893e-04
-5.302097553105618033e-01 2.485208520560984870e-04
-5.301588027970403072e-01 2.496153184799823101e-04
-5.298530877159113306e-01 2.539460188161220115e-04
-5.300059452564757079e-01 2.522535393672109679e-04
-5.302607078240832994e-01 2.473165935007842460e-04
-5.299549927429544338e-01 2.529216256980135018e-04
-5.300059452564758189e-01 2.522535393672110764e-04
-5.301078502835188111e-01 2.506014312815343925e-04
-5.302097553105619143e-01 2.485208520560985412e-04
-5.300568977699974260e-01 2.514804651024825670e-04
-5.301588027970401962e-01 2.496153184799823643e-04
-5.298530877159112196e-01 2.539460188161220657e-04
-5.302607078240835214e-01 2.473165935007842460e-04
-5.301078502835188111e-01 2.506014312815343925e-04
-5.301588027970401962e-01 2.496153184799823101e-04
-5.299040402294328267e-01 2.534855542146015827e-04
-5.302097553105619143e-01 2.485208520560984870e-04
-5.303116603376050175e-01 2.460009304094029669e-04
-5.301078502835189221e-01 2.506014312815343383e-04
-5.300568977699974260e-01 2.514804651024825670e-04
-5.299040402294327157e-01 2.534855542146015827e-04
-5.297511826888681163e-01 2.545586759642215523e-04
-5.300059452564758189e-01 2.522535393672110764e-04
-5.298530877159112196e-01 2.539460188161220115e-04
-5.298530877159111085e-01 2.539460188161219573e-04
-5.301078502835189221e-01 2.506014312815343383e-04
-5.301078502835188111e-01 2.506014312815343925e-04
-5.299549927429542118e-01 2.529216256980133934e-04
-5.304135653646480097e-01 2.430280002945377010e-04
-5.300568977699974260e-01 2.514804651024825670e-04
-5.300059452564757079e-01 2.522535393672109679e-04
-5.301078502835188111e-01 2.506014312815343925e-04
-5.303626128511266247e-01 2.445720649033091562e-04
-5.303116603376047955e-01 2.460009304094029669e-04
-5.300568977699972040e-01 2.514804651024825670e-04
-5.300568977699974260e-01 2.514804651024825670e-04
-5.299549927429544338e-01 2.529216256980135018e-04
-5.300059452564757079e-01 2.522535393672109679e-04
-5.297511826888681163e-01 2.545586759642215523e-04
-5.301078502835189221e-01 2.506014312815343925e-04
-5.300568977699972040e-01 2.514804651024825670e-04
-5.295983251483036280e-01 2.547116099978215362e-04
-5.301078502835189221e-01 2.506014312815343925e-04
-5.299040402294327157e-01 2.534855542146015827e-04
-5.304135653646480097e-01 2.430280002945377010e-04
-5.300059452564758189e-01 2.522535393672110764e-04
-5.300568977699973150e-01 2.514804651024825670e-04
-5.303626128511262916e-01 2.445720649033092105e-04
-5.301588027970405292e-01 2.496153184799822559e-04
-5.300568977699973150e-01 2.514804651024825670e-04
-5.301078502835188111e-01 2.506014312815343925e-04
-5.298530877159113306e-01 2.539460188161219573e-04
-5.301588027970405292e-01 2.496153184799823101e-04
-5.301588027970401962e-01 2.496153184799823101e-04
-5.297511826888681163e-01 2.545586759642214981e-04
-5.301078502835189221e-01 2.506014312815343383e-04
-5.300568977699974260e-01 2.514804651024825670e-04
-5.298021352023896124e-01 2.543035815259971641e-04
-5.301078502835189221e-01 2.506014312815343925e-04
-5.300568977699974260e-01 2.514804651024825670e-04
-5.301078502835188111e-01 2.506014312815343925e-04
-5.302097553105619143e-01 2.485208520560985412e-04
-5.304135653646480097e-01 2.430280002945377010e-04
-5.301078502835188111e-01 2.506014312815343925e-04
-5.302097553105618033e-01 2.485208520560984870e-04
-5.301078502835189221e-01 2.506014312815343383e-04
-5.300568977699973150e-01 2.514804651024825670e-04
-5.300568977699973150e-01 2.514804651024825670e-04
-5.300059452564758189e-01 2.522535393672110764e-04
-5.299040402294328267e-01 2.534855542146015827e-04
-5.298021352023896124e-01 2.543035815259971641e-04
-5.301078502835189221e-01 2.506014312815343383e-04
-5.303116603376050175e-01 2.460009304094029669e-04
-5.303116603376047955e-01 2.460009304094029669e-04
-5.301588027970403072e-01 2.496153184799823101e-04
-5.303116603376050175e-01 2.460009304094029669e-04
-5.302097553105618033e-01 2.485208520560984870e-04
-5.300568977699972040e-01 2.514804651024825670e-04
-5.304645178781696169e-01 2.413665257457460033e-04
-5.302607078240835214e-01 2.473165935007842460e-04
-5.299040402294327157e-01 2.534855542146015827e-04
-5.301078502835189221e-01 2.506014312815343925e-04
-5.301078502835189221e-01 2.506014312815343925e-04
-5.299549927429542118e-01 2.529216256980133934e-04
-5.302607078240832994e-01 2.473165935007842460e-04
-5.297511826888683384e-01 2.545586759642215523e-04
-5.304645178781696169e-01 2.413665257457460033e-04
-5.304135653646478987e-01 2.430280002945377010e-04
-5.303116603376050175e-01 2.460009304094029669e-04
-5.302607078240834104e-01 2.473165935007842460e-04
-5.301588027970401962e-01 2.496153184799823101e-04
-5.300059452564758189e-01 2.522535393672110764e-04
-5.302097553105619143e-01 2.485208520560984870e-04
-5.300568977699972040e-01 2.514804651024825670e-04
-5.299040402294327157e-01 2.534855542146015827e-04
-5.299040402294328267e-01 2.534855542146015827e-04
-5.301078502835188111e-01 2.506014312815343925e-04
-5.299549927429541007e-01 2.529216256980133934e-04
-5.300568977699974260e-01 2.514804651024825670e-04
-5.299549927429544338e-01 2.529216256980135018e-04
-5.300568977699972040e-01 2.514804651024825670e-04
-5.301588027970403072e-01 2.496153184799823101e-04
-5.302607078240835214e-01 2.473165935007842460e-04
-5.300059452564757079e-01 2.522535393672109679e-04
-5.302097553105618033e-01 2.485208520560984870e-04
-5.300568977699974260e-01 2.514804651024825670e-04
-5.300568977699973150e-01 2.514804651024825670e-04
-5.300568977699972040e-01 2.514804651024825670e-04
-5.299040402294328267e-01 2.534855542146015827e-04
-5.298021352023897235e-01 2.543035815259971641e-04
-5.300059452564757079e-01 2.522535393672109679e-04
-5.298021352023897235e-01 2.543035815259971641e-04
-5.302097553105619143e-01 2.485208520560984870e-04
-5.301078502835188111e-01 2.506014312815343925e-04
-5.302097553105619143e-01 2.485208520560985412e-04
-5.302607078240835214e-01 2.473165935007842460e-04
-5.301588027970401962e-01 2.496153184799823101e-04
-5.300568977699973150e-01 2.514804651024825670e-04
-5.301588027970405292e-01 2.496153184799822559e-04
-5.300568977699974260e-01 2.514804651024825670e-04
-5.301078502835188111e-01 2.506014312815343925e-04
-5.299040402294328267e-01 2.534855542146015827e-04
-5.301588027970405292e-01 2.496153184799823101e-04
-5.300059452564757079e-01 2.522535393672109679e-04
-5.300568977699974260e-01 2.514804651024825670e-04
-5.301588027970405292e-01 2.496153184799823101e-04
-5.300059452564757079e-01 2.522535393672109679e-04
-5.303626128511264026e-01 2.445720649033091562e-04
-5.300059452564758189e-01 2.522535393672110764e-04
-5.300568977699974260e-01 2.514804651024825670e-04
-5.301588027970401962e-01 2.496153184799823101e-04
-5.299549927429544338e-01 2.529216256980135018e-04
-5.303116603376050175e-01 2.460009304094029669e-04
-5.305154703916908909e-01 2.395851986273333351e-04
-5.302607078240835214e-01 2.473165935007842460e-04
-5.305664229052127201e-01 2.376813242123630688e-04
-5.302607078240832994e-01 2.473165935007842460e-04
-5.302097553105618033e-01 2.485208520560984870e-04
-5.302607078240835214e-01 2.473165935007842460e-04
-5.300059452564758189e-01 2.522535393672110764e-04
-5.298530877159111085e-01 2.539460188161219573e-04
-5.300568977699974260e-01 2.514804651024825670e-04
-5.301078502835189221e-01 2.506014312815343925e-04
-5.303626128511262916e-01 2.445720649033092105e-04
-5.301078502835189221e-01 2.506014312815343925e-04
-5.302607078240835214e-01 2.473165935007842460e-04
-5.300568977699972040e-01 2.514804651024825670e-04
-5.301588027970403072e-01 2.496153184799823101e-04
-5.302607078240835214e-01 2.473165935007842460e-04
-5.303626128511264026e-01 2.445720649033091562e-04
-5.299040402294327157e-01 2.534855542146015827e-04
-5.305154703916911130e-01 2.395851986273333893e-04
-5.300568977699974260e-01 2.514804651024825670e-04
-5.299549927429541007e-01 2.529216256980133934e-04
-5.300568977699973150e-01 2.514804651024825670e-04
-5.301078502835189221e-01 2.506014312815343925e-04
-5.299040402294327157e-01 2.534855542146015285e-04
-5.301078502835188111e-01 2.506014312815343925e-04
-5.299040402294328267e-01 2.534855542146015827e-04
-5.301588027970405292e-01 2.496153184799823101e-04
-5.301078502835189221e-01 2.506014312815343925e-04
-5.301588027970405292e-01 2.496153184799822559e-04
-5.301588027970405292e-01 2.496153184799823101e-04
-5.302607078240832994e-01 2.473165935007842460e-04
-5.301078502835189221e-01 2.506014312815343925e-04
-5.304135653646480097e-01 2.430280002945377010e-04
-5.304645178781695058e-01 2.413665257457460575e-04
-5.298021352023897235e-01 2.543035815259971641e-04
-5.298530877159113306e-01 2.539460188161219573e-04
-5.301078502835189221e-01 2.506014312815343383e-04
-5.304135653646478987e-01 2.430280002945377010e-04
-5.298530877159113306e-01 2.539460188161220115e-04
-5.298530877159113306e-01 2.539460188161220115e-04
-5.300059452564757079e-01 2.522535393672109679e-04
-5.300568977699974260e-01 2.514804651024826212e-04
-5.303116603376050175e-01 2.460009304094029669e-04
-5.301588027970401962e-01 2.496153184799823643e-04
-5.301588027970403072e-01 2.496153184799823101e-04
-5.305664229052127201e-01 2.376813242123630688e-04
-5.301078502835189221e-01 2.506014312815343383e-04
-5.305664229052123870e-01 2.376813242123631230e-04
-5.304135653646480097e-01 2.430280002945377010e-04
-5.299040402294328267e-01 2.534855542146015827e-04
-5.302097553105618033e-01 2.485208520560984870e-04
-5.300568977699973150e-01 2.514804651024825670e-04
-5.300568977699974260e-01 2.514804651024825670e-04
-5.299549927429541007e-01 2.529216256980133934e-04
-5.300059452564758189e-01 2.522535393672110764e-04
-5.297511826888683384e-01 2.545586759642215523e-04
-5.302607078240832994e-01 2.473165935007842460e-04
-5.302607078240832994e-01 2.473165935007842460e-04
-5.302607078240835214e-01 2.473165935007842460e-04
-5.301588027970405292e-01 2.496153184799823101e-04
-5.302097553105618033e-01 2.485208520560984870e-04
-5.301588027970405292e-01 2.496153184799822559e-04
-5.300568977699974260e-01 2.514804651024825670e-04
-5.300059452564757079e-01 2.522535393672109679e-04
-5.302097553105619143e-01 2.485208520560985412e-04
-5.299549927429544338e-01 2.529216256980135018e-04
-5.299549927429541007e-01 2.529216256980133934e-04
-5.300568977699973150e-01 2.514804651024825670e-04
-5.299549927429544338e-01 2.529216256980135018e-04
-5.297511826888681163e-01 2.545586759642214981e-04
-5.300568977699973150e-01 2.514804651024825670e-04
-5.302607078240835214e-01 2.473165935007842460e-04
-5.300059452564758189e-01 2.522535393672110764e-04
-5.303626128511262916e-01 2.445720649033092105e-04
-5.301588027970403072e-01 2.496153184799823101e-04
-5.301588027970405292e-01 2.496153184799823101e-04
-5.300568977699973150e-01 2.514804651024825670e-04
-5.303116603376047955e-01 2.460009304094029669e-04
-5.299549927429544338e-01 2.529216256980135018e-04
-5.303626128511266247e-01 2.445720649033092105e-04
-5.300568977699973150e-01 2.514804651024825670e-04
-5.299040402294327157e-01 2.534855542146015827e-04
-5.300059452564758189e-01 2.522535393672110764e-04
-5.297511826888683384e-01 2.545586759642214981e-04
-5.300059452564757079e-01 2.522535393672109679e-04
-5.300059452564758189e-01 2.522535393672110222e-04
-5.301078502835189221e-01 2.506014312815343925e-04
-5.302607078240832994e-01 2.473165935007842460e-04
-5.301588027970401962e-01 2.496153184799823101e-04
-5.298530877159113306e-01 2.539460188161219573e-04
-5.303116603376050175e-01 2.460009304094029669e-04
-5.301078502835188111e-01 2.506014312815343925e-04
-5.303116603376050175e-01 2.460009304094029669e-04
-5.298530877159113306e-01 2.539460188161220115e-04
-5.300059452564757079e-01 2.522535393672109679e-04
-5.299040402294328267e-01 2.534855542146015285e-04
-5.301078502835189221e-01 2.506014312815343925e-04
-5.298530877159111085e-01 2.539460188161219573e-04
-5.298530877159112196e-01 2.539460188161220657e-04
-5.299040402294328267e-01 2.534855542146015827e-04
-5.295983251483035170e-01 2.547116099978215904e-04
-5.300568977699973150e-01 2.514804651024825670e-04
-5.302097553105619143e-01 2.485208520560984870e-04
-5.301588027970405292e-01 2.496153184799823101e-04
-5.299040402294327157e-01 2.534855542146015827e-04
-5.297511826888681163e-01 2.545586759642215523e-04
-5.301078502835189221e-01 2.506014312815343925e-04
-5.299040402294327157e-01 2.534855542146015827e-04
-5.298530877159112196e-01 2.539460188161220657e-04
-5.299549927429544338e-01 2.529216256980135018e-04
-5.299040402294327157e-01 2.534855542146015827e-04
-5.298021352023896124e-01 2.543035815259971641e-04
-5.297511826888683384e-01 2.545586759642215523e-04
-5.295983251483036280e-01 2.547116099978215362e-04
-5.297511826888680053e-01 2.545586759642214981e-04
-5.300059452564758189e-01 2.522535393672110222e-04
-5.298530877159113306e-01 2.539460188161219573e-04
-5.298530877159111085e-01 2.539460188161219573e-04
-5.300568977699973150e-01 2.514804651024825670e-04
-5.302607078240835214e-01 2.473165935007842460e-04
-5.302097553105618033e-01 2.485208520560984870e-04
-5.302607078240834104e-01 2.473165935007843002e-04
-5.298530877159113306e-01 2.539460188161219573e-04
-5.298530877159113306e-01 2.539460188161220115e-04
-5.298530877159112196e-01 2.539460188161220657e-04
-5.301078502835189221e-01 2.506014312815343383e-04
-5.300568977699974260e-01 2.514804651024825670e-04
-5.300059452564757079e-01 2.522535393672109679e-04
-5.300059452564758189e-01 2.522535393672110764e-04
-5.302607078240835214e-01 2.473165935007842460e-04
-5.305664229052123870e-01 2.376813242123630688e-04
-5.299549927429541007e-01 2.529216256980133934e-04
-5.302097553105619143e-01 2.485208520560985412e-04
-5.300568977699973150e-01 2.514804651024825670e-04
-5.301588027970401962e-01 2.496153184799823101e-04
-5.301078502835189221e-01 2.506014312815343383e-04
-5.302607078240835214e-01 2.473165935007842460e-04
-5.301078502835188111e-01 2.506014312815343925e-04
-5.300059452564758189e-01 2.522535393672110764e-04
-5.298021352023897235e-01 2.543035815259971641e-04
-5.296492776618250131e-01 2.547625676076137541e-04
-5.297511826888681163e-01 2.545586759642214981e-04
-5.298021352023897235e-01 2.543035815259971641e-04
-5.297511826888681163e-01 2.545586759642215523e-04
-5.299040402294327157e-01 2.534855542146015827e-04
-5.301078502835189221e-01 2.506014312815343383e-04
-5.299549927429544338e-01 2.529216256980135018e-04
-5.304135653646478987e-01 2.430280002945377010e-04
-5.298021352023897235e-01 2.543035815259971641e-04
-5.301588027970405292e-01 2.496153184799823101e-04
-5.303116603376047955e-01 2.460009304094029669e-04
-5.299549927429544338e-01 2.529216256980134476e-04
-5.299040402294328267e-01 2.534855542146015827e-04
-5.295473726347822430e-01 2.545586759642214981e-04
-5.300568977699972040e-01 2.514804651024825670e-04
-5.299549927429544338e-01 2.529216256980135018e-04
-5.300059452564758189e-01 2.522535393672110764e-04
-5.299040402294327157e-01 2.534855542146015827e-04
-5.299040402294328267e-01 2.534855542146015285e-04
-5.301588027970405292e-01 2.496153184799823101e-04
-5.300059452564757079e-01 2.522535393672109679e-04
-5.301588027970403072e-01 2.496153184799823101e-04
-5.302097553105619143e-01 2.485208520560984870e-04
-5.302097553105619143e-01 2.485208520560984870e-04
-5.300568977699972040e-01 2.514804651024825670e-04
-5.302097553105619143e-01 2.485208520560985412e-04
-5.295473726347822430e-01 2.545586759642214981e-04
-5.300568977699972040e-01 2.514804651024825670e-04
-5.299040402294328267e-01 2.534855542146015827e-04
-5.297002301753467313e-01 2.547116099978215362e-04
-5.301078502835188111e-01 2.506014312815343925e-04
-5.298530877159112196e-01 2.539460188161220657e-04
-5.300059452564758189e-01 2.522535393672110764e-04
-5.299549927429541007e-01 2.529216256980133934e-04
-5.302607078240832994e-01 2.473165935007842460e-04
-5.300568977699974260e-01 2.514804651024826212e-04
-5.299040402294328267e-01 2.534855542146015285e-04
-5.301078502835188111e-01 2.506014312815343925e-04
-5.301588027970405292e-01 2.496153184799822559e-04
-5.302097553105619143e-01 2.485208520560984870e-04
-5.301078502835188111e-01 2.506014312815343925e-04
-5.299040402294328267e-01 2.534855542146015285e-04
-5.298530877159113306e-01 2.539460188161219573e-04
-5.298530877159111085e-01 2.539460188161220115e-04
-5.302097553105618033e-01 2.485208520560984870e-04
-5.297002301753467313e-01 2.547116099978215362e-04
-5.298530877159113306e-01 2.539460188161220115e-04
-5.297002301753466202e-01 2.547116099978215362e-04
-5.302607078240835214e-01 2.473165935007842460e-04
-5.300059452564758189e-01 2.522535393672110764e-04
-5.299549927429541007e-01 2.529216256980133934e-04
-5.301588027970403072e-01 2.496153184799823101e-04
-5.300059452564758189e-01 2.522535393672110764e-04
-5.302607078240834104e-01 2.473165935007843002e-04
-5.299549927429541007e-01 2.529216256980133934e-04
-5.301078502835189221e-01 2.506014312815343383e-04
-5.298530877159113306e-01 2.539460188161220115e-04
-5.299549927429541007e-01 2.529216256980133934e-04
-5.298530877159112196e-01 2.539460188161220115e-04
-5.299549927429544338e-01 2.529216256980135018e-04
-5.300059452564757079e-01 2.522535393672109679e-04
-5.299040402294327157e-01 2.534855542146015285e-04
-5.297511826888683384e-01 2.545586759642214981e-04
-5.300568977699973150e-01 2.514804651024825670e-04
-5.300059452564757079e-01 2.522535393672109679e-04
-5.299549927429544338e-01 2.529216256980135018e-04
-5.300059452564758189e-01 2.522535393672110764e-04
-5.298021352023896124e-01 2.543035815259971641e-04
-5.297002301753467313e-01 2.547116099978215362e-04
-5.293435625806960365e-01 2.529216256980133934e-04
-5.293435625806958145e-01 2.529216256980135018e-04
-5.294454676077389177e-01 2.539460188161220657e-04
-5.296492776618252352e-01 2.547625676076137541e-04
-5.299549927429541007e-01 2.529216256980133934e-04
-5.295473726347819099e-01 2.545586759642214981e-04
-5.296492776618252352e-01 2.547625676076137541e-04
-5.292416575536529333e-01 2.514804651024825670e-04
-5.291907050401313262e-01 2.506014312815343925e-04
-5.293945150942175326e-01 2.534855542146015285e-04
-5.295983251483036280e-01 2.547116099978215362e-04
-5.299549927429541007e-01 2.529216256980133934e-04
-5.300059452564758189e-01 2.522535393672110764e-04
-5.301588027970405292e-01 2.496153184799823101e-04
-5.302097553105618033e-01 2.485208520560984870e-04
-5.301588027970403072e-01 2.496153184799823101e-04
-5.300059452564758189e-01 2.522535393672110764e-04
-5.300568977699973150e-01 2.514804651024825670e-04
-5.299549927429541007e-01 2.529216256980133934e-04
-5.297511826888683384e-01 2.545586759642215523e-04
-5.299549927429542118e-01 2.529216256980133934e-04
-5.297002301753466202e-01 2.547116099978215362e-04
-5.299040402294327157e-01 2.534855542146015285e-04
-5.301078502835189221e-01 2.506014312815343925e-04
-5.301588027970403072e-01 2.496153184799823101e-04
-5.301078502835188111e-01 2.506014312815343925e-04
-5.301588027970405292e-01 2.496153184799822559e-04
-5.300059452564757079e-01 2.522535393672109679e-04
-5.301588027970401962e-01 2.496153184799823101e-04
-5.303116603376050175e-01 2.460009304094029669e-04
-5.299549927429544338e-01 2.529216256980135018e-04
-5.295983251483035170e-01 2.547116099978215362e-04
-5.297511826888681163e-01 2.545586759642215523e-04
-5.299549927429544338e-01 2.529216256980135018e-04
-5.300568977699972040e-01 2.514804651024825670e-04
-5.291907050401313262e-01 2.506014312815343925e-04
-5.290378474995669489e-01 2.473165935007842460e-04
-5.288340374454806314e-01 2.413665257457460033e-04
-5.290378474995667268e-01 2.473165935007842460e-04
-5.287830849319593574e-01 2.501866996257409194e-04
-5.295473726347821319e-01 2.545586759642214981e-04
-5.302607078240832994e-01 2.473165935007842460e-04
-5.300568977699974260e-01 2.514804651024826212e-04
-5.296492776618252352e-01 2.547625676076137541e-04
-5.296492776618251241e-01 2.547625676076136999e-04
-5.293435625806960365e-01 2.529216256980133934e-04
-5.290888000130884450e-01 2.485208520560984870e-04
-5.296492776618251241e-01 2.547625676076136999e-04
-5.293435625806958145e-01 2.629860566913158051e-04
-5.293945150942175326e-01 2.534855542146015827e-04
-5.298021352023897235e-01 2.543035815259971641e-04
-5.295473726347819099e-01 2.545586759642215523e-04
-5.298530877159113306e-01 2.539460188161219573e-04
-5.301078502835189221e-01 2.506014312815343925e-04
-5.300568977699972040e-01 2.514804651024825670e-04
-5.301588027970405292e-01 2.496153184799822559e-04
-5.299040402294328267e-01 2.534855542146015827e-04
-5.301078502835188111e-01 2.506014312815343925e-04
-5.300059452564757079e-01 2.522535393672109679e-04
-5.302607078240835214e-01 2.473165935007842460e-04
-5.303116603376050175e-01 2.460009304094029669e-04
-5.298021352023896124e-01 2.543035815259971641e-04
-5.299040402294328267e-01 2.534855542146015827e-04
-5.298021352023897235e-01 2.543035815259971641e-04
-5.294454676077389177e-01 2.539460188161219573e-04
-5.299040402294328267e-01 2.534855542146015827e-04
-5.298021352023897235e-01 2.543035815259971641e-04
-5.301588027970403072e-01 2.496153184799823101e-04
-5.299549927429542118e-01 2.529216256980133934e-04
-5.299549927429544338e-01 2.529216256980135018e-04
-5.301078502835189221e-01 2.506014312815343925e-04
-5.300568977699972040e-01 2.514804651024825670e-04
-5.302607078240835214e-01 2.473165935007842460e-04
-5.300568977699974260e-01 2.514804651024825670e-04
-5.302097553105618033e-01 2.485208520560984870e-04
-5.298021352023897235e-01 2.543035815259971641e-04
-5.296492776618252352e-01 2.547625676076137541e-04
-5.300568977699972040e-01 2.514804651024825670e-04
-5.297511826888681163e-01 2.545586759642215523e-04
-5.298021352023897235e-01 2.543035815259971641e-04
-5.297511826888681163e-01 2.545586759642215523e-04
-5.298530877159111085e-01 2.539460188161219573e-04
-5.302097553105619143e-01 2.485208520560985412e-04
-5.299549927429544338e-01 2.529216256980135018e-04
-5.301078502835188111e-01 2.506014312815343925e-04
-5.299040402294328267e-01 2.534855542146015285e-04
-5.296492776618252352e-01 2.547625676076137541e-04
-5.301078502835188111e-01 2.506014312815343925e-04
-5.301588027970403072e-01 2.496153184799823101e-04
-5.299040402294328267e-01 2.534855542146015827e-04
-5.301588027970403072e-01 2.496153184799823101e-04
-5.298021352023896124e-01 2.543035815259971641e-04
-5.300059452564758189e-01 2.522535393672110764e-04
-5.299549927429544338e-01 2.529216256980134476e-04
-5.299549927429541007e-01 2.529216256980133934e-04
-5.299040402294327157e-01 2.534855542146015285e-04
-5.298021352023897235e-01 2.543035815259971641e-04
-5.300059452564757079e-01 2.522535393672109679e-04
-5.301588027970403072e-01 2.496153184799823101e-04
-5.301078502835189221e-01 2.506014312815343925e-04
-5.299040402294327157e-01 2.534855542146015285e-04
-5.298530877159111085e-01 2.539460188161219573e-04
-5.301078502835189221e-01 2.506014312815343383e-04
-5.300059452564758189e-01 2.522535393672110764e-04
-5.299040402294327157e-01 2.534855542146015827e-04
-5.300568977699974260e-01 2.514804651024825670e-04
-5.295473726347822430e-01 2.545586759642214981e-04
-5.298021352023897235e-01 2.543035815259971641e-04
-5.299040402294327157e-01 2.534855542146015827e-04
-5.298530877159113306e-01 2.539460188161220115e-04
-5.296492776618252352e-01 2.547625676076137541e-04
-5.297511826888680053e-01 2.545586759642214981e-04
-5.302097553105619143e-01 2.485208520560984870e-04
-5.299549927429544338e-01 2.529216256980135018e-04
-5.298530877159112196e-01 2.539460188161220115e-04
-5.298530877159111085e-01 2.539460188161219573e-04
-5.299549927429544338e-01 2.529216256980135018e-04
-5.300568977699974260e-01 2.514804651024825670e-04
-5.300568977699972040e-01 2.514804651024825670e-04
-5.296492776618251241e-01 2.547625676076136999e-04
-5.300059452564758189e-01 2.522535393672110764e-04
-5.298530877159112196e-01 2.539460188161220115e-04
-5.295473726347819099e-01 2.545586759642214981e-04
-5.298021352023897235e-01 2.543035815259971641e-04
-5.299040402294328267e-01 2.534855542146015285e-04
-5.299549927429541007e-01 2.529216256980133934e-04
-5.301078502835189221e-01 2.506014312815343383e-04
-5.301078502835189221e-01 2.506014312815343925e-04
-5.303116603376047955e-01 2.460009304094029669e-04
-5.300059452564758189e-01 2.522535393672110222e-04
-5.301588027970405292e-01 2.496153184799823101e-04
-5.302607078240832994e-01 2.473165935007842460e-04
-5.299549927429542118e-01 2.529216256980133934e-04
-5.299549927429544338e-01 2.529216256980135018e-04
-5.297511826888680053e-01 2.545586759642214981e-04
-5.297511826888680053e-01 2.545586759642214981e-04
-5.297002301753467313e-01 2.547116099978215362e-04
-5.294964201212606358e-01 2.543035815259971641e-04
-5.301588027970401962e-01 2.496153184799823643e-04
-5.300568977699974260e-01 2.514804651024826212e-04
-5.296492776618252352e-01 2.547625676076137541e-04
-5.297511826888681163e-01 2.545586759642214981e-04
-5.300568977699973150e-01 2.514804651024825670e-04
-5.299549927429544338e-01 2.529216256980135018e-04
-5.302607078240835214e-01 2.473165935007842460e-04
-5.299549927429541007e-01 2.529216256980133934e-04
-5.302097553105619143e-01 2.485208520560985412e-04
-5.300568977699974260e-01 2.514804651024825670e-04
-5.298530877159112196e-01 2.539460188161220657e-04
-5.296492776618251241e-01 2.547625676076136999e-04
-5.299549927429544338e-01 2.529216256980135018e-04
-5.298530877159111085e-01 2.539460188161219573e-04
-5.300059452564758189e-01 2.522535393672110222e-04
-5.297511826888683384e-01 2.545586759642214981e-04
-5.297002301753466202e-01 2.547116099978215362e-04
-5.298021352023896124e-01 2.543035815259971641e-04
-5.299040402294328267e-01 2.534855542146015827e-04
-5.298530877159113306e-01 2.539460188161220115e-04
-5.300059452564757079e-01 2.522535393672109679e-04
-5.301588027970405292e-01 2.496153184799822559e-04
-5.300059452564758189e-01 2.522535393672110764e-04
-5.297511826888680053e-01 2.545586759642214981e-04
-5.299040402294327157e-01 2.534855542146015285e-04
-5.297002301753467313e-01 2.547116099978215362e-04
-5.294454676077390287e-01 2.539460188161220657e-04
-5.296492776618250131e-01 2.547625676076137541e-04
-5.298021352023897235e-01 2.543035815259971641e-04
-5.297511826888683384e-01 2.545586759642214981e-04
-5.298530877159111085e-01 2.539460188161219573e-04
-5.297511826888683384e-01 2.545586759642214981e-04
-5.300568977699974260e-01 2.514804651024825670e-04
-5.298021352023896124e-01 2.543035815259971641e-04
-5.301078502835189221e-01 2.506014312815343925e-04
-5.301588027970405292e-01 2.496153184799822559e-04
-5.301588027970403072e-01 2.496153184799823101e-04
-5.297002301753466202e-01 2.547116099978215362e-04
-5.299040402294328267e-01 2.534855542146015827e-04
-5.298530877159112196e-01 2.539460188161220115e-04
-5.297511826888680053e-01 2.545586759642214981e-04
-5.298021352023897235e-01 2.543035815259971641e-04
-5.298021352023897235e-01 2.543035815259971641e-04
-5.299040402294327157e-01 2.534855542146015827e-04
-5.295983251483035170e-01 2.547116099978215904e-04
-5.297511826888683384e-01 2.545586759642214981e-04
-5.297511826888680053e-01 2.545586759642214981e-04
-5.300059452564757079e-01 2.522535393672109679e-04
-5.301078502835189221e-01 2.506014312815343383e-04
-5.300059452564758189e-01 2.522535393672110764e-04
-5.300059452564757079e-01 2.522535393672109679e-04
-5.299549927429544338e-01 2.529216256980135018e-04
-5.296492776618252352e-01 2.547625676076137541e-04
-5.297002301753466202e-01 2.547116099978215362e-04
-5.297002301753467313e-01 2.547116099978215904e-04
-5.298530877159113306e-01 2.539460188161219573e-04
-5.298530877159111085e-01 2.539460188161219573e-04
-5.295983251483035170e-01 2.547116099978215904e-04
-5.298530877159113306e-01 2.539460188161219573e-04
-5.295983251483035170e-01 2.547116099978215904e-04
-5.297511826888680053e-01 2.545586759642214981e-04
-5.299549927429544338e-01 2.529216256980135018e-04
-5.299040402294328267e-01 2.534855542146015827e-04
-5.299549927429542118e-01 2.529216256980133934e-04
-5.297511826888683384e-01 2.545586759642215523e-04
-5.297002301753467313e-01 2.547116099978215362e-04
-5.298530877159111085e-01 2.539460188161219573e-04
-5.299549927429542118e-01 2.529216256980133934e-04
-5.298021352023897235e-01 2.543035815259971641e-04
-5.296492776618250131e-01 2.547625676076137541e-04
-5.298021352023896124e-01 2.543035815259971641e-04
-5.299040402294328267e-01 2.534855542146015827e-04
-5.296492776618252352e-01 2.547625676076137541e-04
-5.294964201212605248e-01 2.543035815259971641e-04
-5.297511826888683384e-01 2.545586759642215523e-04
-5.295983251483036280e-01 2.647079929582864884e-04
-5.297511826888680053e-01 2.545586759642214981e-04
-5.299040402294327157e-01 2.534855542146015827e-04
-5.297511826888683384e-01 2.545586759642214981e-04
-5.298530877159111085e-01 2.539460188161219573e-04
-5.300059452564757079e-01 2.522535393672109679e-04
-5.300568977699974260e-01 2.514804651024825670e-04
-5.300059452564758189e-01 2.522535393672110764e-04
-5.298021352023896124e-01 2.543035815259971641e-04
-5.293435625806960365e-01 2.529216256980133934e-04
-5.297511826888683384e-01 2.545586759642214981e-04
-5.297511826888680053e-01 2.545586759642214981e-04
-5.295473726347821319e-01 2.545586759642215523e-04
-5.299040402294328267e-01 2.534855542146015827e-04
-5.296492776618250131e-01 2.547625676076137541e-04
-5.295983251483035170e-01 2.547116099978215362e-04
-5.298021352023897235e-01 2.543035815259971641e-04
-5.301078502835189221e-01 2.506014312815343925e-04
-5.302097553105618033e-01 2.485208520560984870e-04
-5.300059452564758189e-01 2.522535393672110764e-04
-5.301078502835189221e-01 2.506014312815343925e-04
-5.300059452564757079e-01 2.522535393672109679e-04
-5.299549927429542118e-01 2.529216256980133934e-04
-5.299549927429544338e-01 2.529216256980135018e-04
-5.293945150942174216e-01 2.534855542146015827e-04
-5.293945150942174216e-01 2.635284490596900018e-04
-5.295983251483036280e-01 2.547116099978215362e-04
-5.296492776618251241e-01 2.547625676076136999e-04
-5.299549927429541007e-01 2.529216256980133934e-04
-5.297002301753467313e-01 2.547116099978215362e-04
-5.295473726347822430e-01 2.545586759642214981e-04
-5.296492776618250131e-01 2.547625676076137541e-04
-5.299040402294327157e-01 2.534855542146015827e-04
-5.299040402294328267e-01 2.534855542146015827e-04
-5.300568977699972040e-01 2.514804651024825670e-04
-5.295983251483035170e-01 2.547116099978215904e-04
-5.302097553105619143e-01 2.485208520560985412e-04
-5.298530877159113306e-01 2.539460188161220115e-04
-5.298021352023896124e-01 2.543035815259971641e-04
-5.297511826888683384e-01 2.545586759642215523e-04
-5.297002301753467313e-01 2.547116099978215904e-04
-5.299549927429541007e-01 2.529216256980133934e-04
-5.294964201212605248e-01 2.543035815259971641e-04
-5.298530877159113306e-01 2.539460188161219573e-04
-5.296492776618250131e-01 2.547625676076137541e-04
-5.298021352023896124e-01 2.643153965346540092e-04
-5.297002301753467313e-01 2.547116099978215362e-04
-5.298530877159112196e-01 2.539460188161220115e-04
-5.296492776618250131e-01 2.547625676076137541e-04
-5.297002301753467313e-01 2.647079929582864884e-04
-5.297002301753467313e-01 2.547116099978215904e-04
-5.299549927429541007e-01 2.529216256980133934e-04
-5.295473726347821319e-01 2.545586759642214981e-04
-5.296492776618252352e-01 2.547625676076137541e-04
-5.297511826888680053e-01 2.545586759642214981e-04
-5.296492776618251241e-01 2.547625676076136999e-04
-5.296492776618252352e-01 2.547625676076137541e-04
-5.297002301753466202e-01 2.547116099978215362e-04
-5.295983251483035170e-01 2.547116099978215904e-04
-5.293945150942175326e-01 2.534855542146015827e-04
-5.298530877159113306e-01 2.539460188161220115e-04
-5.297002301753466202e-01 2.547116099978215362e-04
-5.300568977699974260e-01 2.514804651024825670e-04
-5.298021352023897235e-01 2.543035815259971641e-04
-5.295983251483035170e-01 2.547116099978215362e-04
-5.298530877159112196e-01 2.539460188161220657e-04
-5.298530877159113306e-01 2.539460188161219573e-04
-5.296492776618251241e-01 2.547625676076136999e-04
-5.292926100671744294e-01 2.522535393672110764e-04
-5.295983251483036280e-01 2.547116099978215362e-04
-5.297002301753467313e-01 2.547116099978215904e-04
-5.295983251483035170e-01 2.547116099978215362e-04
-5.295983251483036280e-01 2.547116099978215362e-04
-5.297511826888681163e-01 2.545586759642215523e-04
-5.295473726347819099e-01 2.545586759642214981e-04
-5.294964201212605248e-01 2.543035815259971641e-04
-5.298530877159113306e-01 2.539460188161219573e-04
-5.295473726347821319e-01 2.545586759642215523e-04
-5.297002301753466202e-01 2.547116099978215362e-04
-5.297511826888683384e-01 2.545586759642214981e-04
-5.298530877159113306e-01 2.539460188161220657e-04
-5.295473726347819099e-01 2.545586759642214981e-04
-5.290888000130884450e-01 2.485208520560984870e-04
-5.295473726347822430e-01 2.545586759642214981e-04
-5.295473726347819099e-01 2.645608375723425927e-04
-5.293945150942174216e-01 2.534855542146015827e-04
-5.291907050401314372e-01 2.506014312815343925e-04
-5.292926100671744294e-01 2.522535393672110222e-04
-5.293435625806958145e-01 2.529216256980135018e-04
-5.295983251483036280e-01 2.547116099978215362e-04
-5.293945150942174216e-01 2.534855542146015285e-04
-5.297002301753466202e-01 2.547116099978215362e-04
-5.298530877159113306e-01 2.539460188161219573e-04
-5.295473726347822430e-01 2.545586759642214981e-04
-5.298021352023896124e-01 2.543035815259971641e-04
-5.296492776618252352e-01 2.547625676076137541e-04
-5.293435625806961475e-01 2.529216256980133934e-04
-5.292416575536528223e-01 2.514804651024825670e-04
-5.293435625806958145e-01 2.629860566913158051e-04
-5.293435625806961475e-01 2.529216256980133934e-04
-5.291907050401313262e-01 2.506014312815343925e-04
-5.294964201212605248e-01 2.543035815259971641e-04
-5.294454676077390287e-01 2.639713956868814239e-04
-5.293435625806960365e-01 2.529216256980133934e-04
-5.294454676077389177e-01 2.539460188161219573e-04
-5.292926100671745404e-01 2.522535393672109679e-04
-5.294454676077391397e-01 2.539460188161219573e-04
-5.291907050401313262e-01 2.506014312815343383e-04
-5.294454676077390287e-01 2.539460188161220657e-04
-5.293435625806961475e-01 2.529216256980133934e-04
-5.291397525266099411e-01 2.496153184799823101e-04
-5.291397525266097190e-01 2.496153184799822559e-04
-5.287830849319593574e-01 2.501866996257409194e-04
-5.290378474995668379e-01 2.473165935007843002e-04
-5.291907050401313262e-01 2.506014312815343925e-04
-5.288849899590023496e-01 2.430280002945377010e-04
-5.290888000130884450e-01 2.485208520560984870e-04
-5.290888000130883340e-01 2.587565094350499856e-04
-5.286302273913945360e-01 2.443596705385364079e-04
-5.289868949860452307e-01 2.460009304094029669e-04
-5.287321324184375282e-01 2.376813242123630688e-04
-5.289868949860452307e-01 2.460009304094029669e-04
-5.287830849319591353e-01 2.501866996257409194e-04
-5.285792748778730399e-01 2.312031709933368151e-04
-5.286811799049161431e-01 2.356519322744944167e-04
-5.284773698508300477e-01 2.374080957921073068e-04
-5.279168922020932575e-01 2.127839434256426738e-04
-5.279678447156147536e-01 2.395851986273334435e-04
-5.278149871750501543e-01 2.164132661374151552e-04
-5.276111771209641699e-01 1.973382363162657911e-04
-5.273054620398350822e-01 1.753240377942105006e-04
-5.274583195803995705e-01 2.192142703345732139e-04
-5.273564145533565783e-01 2.206308554815440638e-04
-5.273564145533565783e-01 1.819368642841582672e-04
-5.275602246074426738e-01 1.919361639158811126e-04
-5.271016519857489868e-01 1.906468485925047137e-04
-5.272545095263134751e-01 1.967453309111550188e-04
-5.272035570127919790e-01 2.159328809364863613e-04
-5.271016519857488758e-01 2.038100540860910087e-04
-5.269997469587057726e-01 2.035551320925338360e-04
-5.269487944451843875e-01 1.967453309111549917e-04
-5.267449843910982921e-01 1.940882834734634281e-04
-5.269997469587057726e-01 2.159328809364864155e-04
-5.266430793640551888e-01 2.173111261656610147e-04
-5.264392693099690934e-01 2.239013694144100148e-04
-5.260826017153185097e-01 2.161732069774079286e-04
-5.258278391477108071e-01 2.320997450641423148e-04
-5.257768866341892000e-01 2.348242095474373584e-04
-5.255730765801034376e-01 2.443596705385363537e-04
-5.249616464178449293e-01 2.616003470878486585e-04
-5.235859285527639795e-01 2.854705230427696480e-04
-5.208854453361232428e-01 3.188503914279282900e-04
-5.191530598763914872e-01 3.479724683035528322e-04
-5.155863839298846507e-01 3.502035606297578354e-04
-5.099816074425181922e-01 4.807930581712174930e-04
-4.319223567275495279e-01 6.065224214156026382e-03
6.616204884713121626e-01 4.039782493913396388e-02
2.317118605299018252e+00 7.041992386663059600e-02
3.419323377796538388e+00 9.221654577768303995e-02
3.472772564480612889e+00 9.053549035048100158e-02
3.462429204235744962e+00 9.165663236266061165e-02
3.288986848208490521e+00 8.811604519410004555e-02
1.373732817448075627e+00 5.748088616505627607e-02
-1.261563230849082062e-01 1.387531435086501209e-02
9.161282935113045367e-01 5.433976876842695758e-02
2.999423713865692065e+00 8.261787152984184646e-02
3.648660641156899587e+00 1.008460411406235380e-01
3.648711593670421749e+00 1.011694040885623147e-01
3.587925245039248701e+00 9.612930762717861177e-02
2.472421866512611199e+00 7.837399940784604835e-02
3.911135941855626852e-01 3.509421050298203171e-02
-4.994344371435638918e-01 1.438007758565749321e-03
-5.153825738757986663e-01 3.709398975717370758e-04
-5.190511548493483840e-01 3.155766867283043512e-04
-5.220573531471183193e-01 3.013960693328496818e-04
-5.241464062015005476e-01 3.072398540848703770e-04
-5.252673614989743500e-01 2.649530703119182978e-04
-5.255221240665817195e-01 2.464227068535381512e-04
-5.260826017153185097e-01 2.278665677172041020e-04
-5.266430793640551888e-01 2.289463754325665994e-04
-5.267959369046196771e-01 1.881797113664368548e-04
-5.272545095263134751e-01 2.215702140902150465e-04
-5.274583195803995705e-01 2.192142703345732139e-04
-5.272035570127919790e-01 2.159328809364863613e-04
-5.272545095263135861e-01 1.967453309111550188e-04
-5.273054620398349712e-01 1.895543075131442972e-04
-5.273054620398349712e-01 2.152102925824680405e-04
-5.268468894181412843e-01 1.956868412895311320e-04
-5.267959369046196771e-01 2.015041464543035192e-04
-5.270506994722273797e-01 1.836412280991140452e-04
-5.272545095263134751e-01 1.830748698402322346e-04
-5.271526044992704829e-01 2.443065430956781994e-04
-5.274073670668782965e-01 2.140005567903955524e-04
-5.273564145533565783e-01 2.320997450641423961e-04
-5.277640346615286582e-01 2.239013694144100419e-04
-5.277640346615286582e-01 2.119894005777793271e-04
-5.274073670668779634e-01 2.258064560080628254e-04
-5.275602246074426738e-01 2.400182494978905735e-04
-5.276621296344856660e-01 2.149084970440291004e-04
-5.281716547697008490e-01 2.196874803193213843e-04
-5.281716547697008490e-01 2.075337845767052871e-04
-5.282735597967439523e-01 2.481026425009542858e-04
-5.289359424725238457e-01 2.445720649033091562e-04
-5.285283223643514328e-01 2.504459873931477861e-04
-5.290378474995668379e-01 2.473165935007843002e-04
-5.289868949860454528e-01 2.662725902133671269e-04
-5.290378474995667268e-01 2.473165935007842460e-04
-5.290888000130883340e-01 2.485208520560984870e-04
-5.293945150942175326e-01 2.534855542146015827e-04
-5.292416575536529333e-01 2.514804651024825670e-04
-5.295473726347819099e-01 2.645608375723425927e-04
-5.294964201212606358e-01 2.543035815259971641e-04
-5.296492776618252352e-01 2.547625676076137541e-04
-5.294454676077389177e-01 2.539460188161219573e-04
-5.293435625806960365e-01 2.529216256980133934e-04
-5.296492776618252352e-01 2.547625676076137541e-04
-5.292926100671744294e-01 2.522535393672110764e-04
-5.292416575536528223e-01 2.514804651024825670e-04
-5.295473726347822430e-01 2.545586759642214981e-04
-5.291907050401313262e-01 2.506014312815343383e-04
-5.293945150942174216e-01 2.534855542146015827e-04
-5.292926100671745404e-01 2.522535393672109679e-04
-5.292926100671744294e-01 2.522535393672109679e-04
-5.296492776618250131e-01 2.547625676076137541e-04
-5.296492776618252352e-01 2.547625676076137541e-04
-5.297002301753467313e-01 2.547116099978215904e-04
-5.294454676077389177e-01 2.539460188161220115e-04
-5.295983251483036280e-01 2.547116099978215362e-04
-5.294454676077389177e-01 2.539460188161219573e-04
-5.293435625806958145e-01 2.529216256980135018e-04
-5.297002301753467313e-01 2.547116099978215362e-04
-5.294964201212606358e-01 2.543035815259971641e-04
-5.294454676077389177e-01 2.539460188161220115e-04
-5.293435625806960365e-01 2.529216256980133934e-04
-5.295473726347822430e-01 2.545586759642214981e-04
-5.292926100671744294e-01 2.522535393672110764e-04
-5.293945150942174216e-01 2.534855542146015285e-04
-5.296492776618252352e-01 2.547625676076136999e-04
-5.297511826888681163e-01 2.545586759642214981e-04
-5.297511826888683384e-01 2.545586759642215523e-04
-5.299040402294328267e-01 2.534855542146015827e-04
-5.297511826888680053e-01 2.545586759642214981e-04
-5.297002301753467313e-01 2.547116099978215904e-04
-5.298021352023897235e-01 2.543035815259971641e-04
-5.299040402294327157e-01 2.534855542146015827e-04
-5.299040402294328267e-01 2.534855542146015827e-04
-5.293435625806958145e-01 2.529216256980135018e-04
-5.294454676077391397e-01 2.539460188161219573e-04
-5.297511826888683384e-01 2.545586759642215523e-04
-5.295473726347821319e-01 2.545586759642215523e-04
-5.299040402294327157e-01 2.534855542146015827e-04
-5.295473726347819099e-01 2.545586759642214981e-04
-5.294964201212606358e-01 2.543035815259971641e-04
-5.298530877159111085e-01 2.539460188161219573e-04
-5.297002301753467313e-01 2.547116099978215362e-04
-5.300568977699973150e-01 2.514804651024825670e-04
-5.299040402294327157e-01 2.534855542146015827e-04
-5.298021352023897235e-01 2.543035815259971641e-04
-5.295983251483036280e-01 2.547116099978215362e-04
-5.298021352023896124e-01 2.543035815259971641e-04
-5.297511826888680053e-01 2.545586759642214981e-04
-5.293435625806960365e-01 2.529216256980133934e-04
-5.295983251483035170e-01 2.547116099978215904e-04
-5.298530877159111085e-01 2.539460188161219573e-04
-5.294964201212606358e-01 2.543035815259971641e-04
-5.298530877159113306e-01 2.539460188161220115e-04
-5.295983251483035170e-01 2.547116099978215362e-04
-5.298021352023896124e-01 2.543035815259971641e-04
-5.301078502835189221e-01 2.506014312815343925e-04
-5.298021352023896124e-01 2.543035815259971641e-04
-5.296492776618250131e-01 2.547625676076137541e-04
-5.299040402294328267e-01 2.534855542146015827e-04
-5.302097553105619143e-01 2.485208520560985412e-04
-5.298530877159111085e-01 2.539460188161219573e-04
-5.300059452564758189e-01 2.522535393672110764e-04
-5.297002301753467313e-01 2.547116099978215904e-04
-5.296492776618250131e-01 2.547625676076137541e-04
-5.297002301753466202e-01 2.547116099978215904e-04
-5.297002301753467313e-01 2.547116099978215362e-04
-5.293945150942174216e-01 2.534855542146015827e-04
-5.294454676077389177e-01 2.539460188161220115e-04
-5.295473726347822430e-01 2.545586759642214981e-04
-5.299549927429544338e-01 2.529216256980135018e-04
-5.298021352023896124e-01 2.543035815259971641e-04
-5.299549927429544338e-01 2.529216256980135018e-04
-5.298021352023897235e-01 2.543035815259971641e-04
-5.300568977699972040e-01 2.514804651024825670e-04
-5.298530877159112196e-01 2.539460188161220657e-04
-5.297002301753467313e-01 2.547116099978215362e-04
-5.298530877159111085e-01 2.539460188161219573e-04
-5.298021352023896124e-01 2.543035815259971641e-04
-5.298021352023897235e-01 2.543035815259971641e-04
-5.297511826888681163e-01 2.545586759642214981e-04
-5.300568977699972040e-01 2.514804651024825670e-04
-5.298530877159113306e-01 2.539460188161219573e-04
-5.295983251483036280e-01 2.547116099978215362e-04
-5.297511826888680053e-01 2.545586759642214981e-04
-5.301588027970403072e-01 2.496153184799823101e-04
-5.299549927429544338e-01 2.529216256980135018e-04
-5.301588027970403072e-01 2.496153184799823101e-04
-5.301588027970401962e-01 2.496153184799823101e-04
-5.299040402294328267e-01 2.534855542146015827e-04
-5.299040402294328267e-01 2.534855542146015827e-04
-5.302097553105618033e-01 2.485208520560984870e-04
-5.299040402294328267e-01 2.534855542146015827e-04
-5.299040402294328267e-01 2.534855542146015827e-04
-5.297511826888680053e-01 2.545586759642214981e-04
-5.295473726347821319e-01 2.545586759642214981e-04
-5.296492776618252352e-01 2.547625676076137541e-04
-5.300059452564757079e-01 2.522535393672109679e-04
-5.297511826888680053e-01 2.545586759642214981e-04
-5.294964201212606358e-01 2.543035815259971641e-04
-5.300568977699973150e-01 2.514804651024825670e-04
-5.298530877159111085e-01 2.539460188161219573e-04
-5.300059452564758189e-01 2.522535393672110764e-04
-5.299040402294328267e-01 2.534855542146015827e-04
-5.300059452564757079e-01 2.522535393672109679e-04
-5.299549927429542118e-01 2.529216256980133934e-04
-5.298021352023897235e-01 2.543035815259971641e-04
-5.299549927429542118e-01 2.529216256980133934e-04
-5.298021352023896124e-01 2.543035815259971641e-04
-5.299040402294328267e-01 2.534855542146015827e-04
-5.298021352023896124e-01 2.543035815259971641e-04
-5.299549927429541007e-01 2.529216256980133934e-04
-5.302607078240835214e-01 2.473165935007842460e-04
-5.297511826888683384e-01 2.545586759642214981e-04
-5.301078502835188111e-01 2.506014312815343925e-04
-5.300059452564757079e-01 2.522535393672109679e-04
-5.301588027970405292e-01 2.496153184799823101e-04
-5.301588027970401962e-01 2.496153184799823101e-04
-5.301588027970403072e-01 2.496153184799823101e-04
-5.300568977699974260e-01 2.514804651024825670e-04
-5.301078502835189221e-01 2.506014312815343383e-04
-5.304645178781695058e-01 2.413665257457460846e-04
-5.300059452564758189e-01 2.522535393672110764e-04
-5.297002301753467313e-01 2.547116099978215904e-04
-5.300568977699972040e-01 2.514804651024825670e-04
-5.297511826888681163e-01 2.545586759642215523e-04
-5.298021352023897235e-01 2.543035815259971641e-04
-5.297511826888680053e-01 2.545586759642214981e-04
-5.301588027970405292e-01 2.496153184799822559e-04
-5.301588027970405292e-01 2.496153184799823101e-04
-5.300568977699973150e-01 2.514804651024825670e-04
-5.299549927429541007e-01 2.529216256980133934e-04
-5.301078502835189221e-01 2.506014312815343383e-04
-5.301078502835189221e-01 2.506014312815343925e-04
-5.302097553105618033e-01 2.485208520560984870e-04
-5.303116603376050175e-01 2.460009304094029669e-04
-5.303116603376050175e-01 2.460009304094029669e-04
-5.301588027970401962e-01 2.496153184799824185e-04
-5.296492776618250131e-01 2.547625676076137541e-04
-5.296492776618252352e-01 2.547625676076137541e-04
-5.299040402294327157e-01 2.534855542146015827e-04
-5.299549927429541007e-01 2.529216256980133934e-04
-5.299549927429544338e-01 2.529216256980135018e-04
-5.300568977699973150e-01 2.514804651024825670e-04
-5.302097553105618033e-01 2.485208520560984870e-04
-5.300568977699974260e-01 2.514804651024825670e-04
-5.303116603376050175e-01 2.460009304094029669e-04
-5.301078502835188111e-01 2.506014312815343925e-04
-5.302607078240835214e-01 2.473165935007842460e-04
-5.302607078240835214e-01 2.473165935007842460e-04
-5.300059452564757079e-01 2.522535393672109679e-04
-5.300059452564757079e-01 2.522535393672109679e-04
-5.299549927429544338e-01 2.529216256980135018e-04
-5.299040402294328267e-01 2.534855542146015827e-04
-5.297002301753467313e-01 2.547116099978215362e-04
-5.297002301753466202e-01 2.547116099978215362e-04
-5.300568977699973150e-01 2.514804651024825670e-04
-5.300059452564758189e-01 2.522535393672110764e-04
-5.298530877159113306e-01 2.539460188161220657e-04
-5.299040402294327157e-01 2.534855542146015827e-04
-5.300568977699973150e-01 2.514804651024825670e-04
-5.301588027970405292e-01 2.496153184799823101e-04
-5.302097553105618033e-01 2.485208520560984870e-04
-5.299549927429542118e-01 2.529216256980133934e-04
-5.301588027970405292e-01 2.496153184799823101e-04
-5.301078502835188111e-01 2.506014312815343925e-04
-5.300568977699972040e-01 2.514804651024825670e-04
-5.298530877159113306e-01 2.539460188161219573e-04
-5.301078502835188111e-01 2.506014312815343925e-04
-5.299549927429541007e-01 2.529216256980133934e-04
-5.294964201212606358e-01 2.543035815259971641e-04
-5.295983251483036280e-01 2.547116099978215362e-04
-5.300568977699972040e-01 2.514804651024825670e-04
-5.301588027970403072e-01 2.496153184799823101e-04
-5.300568977699974260e-01 2.514804651024825670e-04
-5.300059452564758189e-01 2.522535393672110764e-04
-5.301588027970401962e-01 2.496153184799823101e-04
-5.301078502835189221e-01 2.506014312815343925e-04
-5.302097553105619143e-01 2.485208520560984870e-04
-5.301078502835188111e-01 2.506014312815343925e-04
-5.300568977699974260e-01 2.514804651024825670e-04
-5.297511826888683384e-01 2.545586759642214981e-04
-5.298021352023896124e-01 2.543035815259971641e-04
-5.297511826888681163e-01 2.545586759642214981e-04
-5.297002301753467313e-01 2.547116099978215362e-04
-5.298021352023896124e-01 2.543035815259971641e-04
-5.299549927429541007e-01 2.529216256980133934e-04
-5.297511826888683384e-01 2.545586759642215523e-04
-5.298021352023896124e-01 2.543035815259971641e-04
-5.302607078240832994e-01 2.473165935007842460e-04
-5.300568977699974260e-01 2.514804651024825670e-04
-5.301588027970405292e-01 2.496153184799823101e-04
-5.301078502835188111e-01 2.506014312815343925e-04
-5.300059452564758189e-01 2.522535393672110222e-04
-5.299549927429544338e-01 2.529216256980135018e-04
-5.296492776618250131e-01 2.547625676076137541e-04
-5.295983251483035170e-01 2.547116099978215904e-04
-5.296492776618251241e-01 2.547625676076136999e-04
-5.300568977699974260e-01 2.514804651024825670e-04
-5.298021352023896124e-01 2.543035815259971641e-04
-5.293945150942175326e-01 2.534855542146015827e-04
-5.297511826888683384e-01 2.545586759642214981e-04
-5.297002301753466202e-01 2.547116099978215362e-04
-5.303116603376050175e-01 2.460009304094029669e-04
-5.300059452564758189e-01 2.522535393672110764e-04
-5.299040402294327157e-01 2.534855542146015827e-04
-5.298530877159112196e-01 2.539460188161220657e-04
-5.284773698508300477e-01 2.262085026680307753e-04
-5.206306827685155403e-01 4.192682925276350206e-04
-5.124273280915506712e-01 5.500984006500703617e-04
-5.105930376047761454e-01 5.724849919224263067e-04
-5.108478001723835149e-01 5.840456171758787044e-04
-5.107968476588620188e-01 5.581568203464532842e-04
-5.155863839298850948e-01 5.702130368049152052e-04
-5.254711715530602234e-01 2.960512041679174648e-04
-5.244521212826299683e-01 3.260960865377455597e-04
-5.201211576333004682e-01 3.649779438798990980e-04
-5.199683000927359799e-01 3.812936971850031933e-04
-5.197644900386496625e-01 3.696779551207142402e-04
-5.208854453361233539e-01 3.499069036001301925e-04
-5.251654564719310248e-01 2.862424959612388489e-04
-5.298530877159113306e-01 2.539460188161220115e-04
-5.298530877159111085e-01 2.539460188161219573e-04
-5.300568977699973150e-01 2.514804651024825670e-04
-5.302097553105619143e-01 2.485208520560985412e-04
-5.297511826888680053e-01 2.545586759642214981e-04
-5.299040402294327157e-01 2.534855542146015827e-04
-5.300568977699974260e-01 2.514804651024825670e-04
-5.299549927429542118e-01 2.529216256980133934e-04
-5.300568977699972040e-01 2.514804651024825670e-04
-5.299549927429544338e-01 2.529216256980135018e-04
-5.295983251483036280e-01 2.547116099978215362e-04
-5.299549927429541007e-01 2.529216256980133934e-04
-5.300059452564758189e-01 2.522535393672109679e-04
-5.300059452564758189e-01 2.522535393672110764e-04
-5.300568977699972040e-01 2.514804651024825670e-04
-5.300568977699973150e-01 2.514804651024825670e-04
-5.297002301753467313e-01 2.547116099978215362e-04
-5.297002301753467313e-01 2.547116099978215904e-04
-5.299549927429541007e-01 2.529216256980133934e-04
-5.294964201212606358e-01 2.543035815259971641e-04
-5.297511826888683384e-01 2.545586759642214981e-04
-5.300059452564757079e-01 2.522535393672109679e-04
-5.294964201212605248e-01 2.543035815259971641e-04
-5.298530877159113306e-01 2.639713956868813697e-04
-5.295983251483035170e-01 2.547116099978215362e-04
-5.299549927429542118e-01 2.529216256980133934e-04
-5.300059452564758189e-01 2.522535393672110764e-04
-5.301588027970403072e-01 2.496153184799822559e-04
-5.299549927429541007e-01 2.529216256980133934e-04
-5.300059452564758189e-01 2.522535393672110764e-04
-5.303116603376050175e-01 2.460009304094029669e-04
-5.298530877159111085e-01 2.539460188161219573e-04
-5.299549927429544338e-01 2.529216256980135018e-04
-5.298021352023897235e-01 2.543035815259971641e-04
-5.299549927429541007e-01 2.529216256980133934e-04
-5.298530877159112196e-01 2.539460188161220657e-04
-5.298021352023897235e-01 2.543035815259971641e-04
-5.297511826888681163e-01 2.545586759642214981e-04
-5.299040402294327157e-01 2.534855542146015827e-04
-5.299549927429544338e-01 2.529216256980135018e-04
-5.300568977699974260e-01 2.514804651024825670e-04
-5.303116603376047955e-01 2.460009304094029669e-04
-5.299040402294328267e-01 2.534855542146015285e-04
-5.300059452564758189e-01 2.522535393672110764e-04
-5.303116603376047955e-01 2.460009304094029669e-04
-5.300568977699973150e-01 2.514804651024825670e-04
-5.298530877159112196e-01 2.539460188161220115e-04
-5.300059452564758189e-01 2.522535393672110764e-04
-5.298530877159111085e-01 2.539460188161219573e-04
-5.300568977699974260e-01 2.514804651024825670e-04
-5.299549927429544338e-01 2.529216256980135018e-04
-5.295983251483035170e-01 2.547116099978215362e-04
-5.298530877159111085e-01 2.539460188161219573e-04
-5.298021352023897235e-01 2.543035815259971641e-04
-5.300568977699972040e-01 2.514804651024825670e-04
-5.301588027970403072e-01 2.496153184799823101e-04
-5.299040402294328267e-01 2.534855542146015827e-04
-5.298021352023896124e-01 2.543035815259971641e-04
-5.301588027970401962e-01 2.496153184799823101e-04
-5.301078502835189221e-01 2.506014312815343925e-04
-5.300568977699974260e-01 2.514804651024825670e-04
-5.301078502835188111e-01 2.506014312815343925e-04
-5.299549927429542118e-01 2.529216256980133934e-04
-5.298530877159112196e-01 2.539460188161220657e-04
-5.302097553105618033e-01 2.485208520560984870e-04
-5.299549927429542118e-01 2.529216256980133934e-04
-5.300059452564758189e-01 2.522535393672110764e-04
-5.295983251483036280e-01 2.547116099978215362e-04
-5.298530877159111085e-01 2.539460188161219573e-04
-5.299040402294328267e-01 2.534855542146015827e-04
-5.299040402294328267e-01 2.534855542146015285e-04
-5.302607078240832994e-01 2.473165935007842460e-04
-5.299549927429542118e-01 2.529216256980133934e-04
-5.299549927429544338e-01 2.529216256980135018e-04
-5.299549927429542118e-01 2.529216256980133934e-04
-5.300059452564757079e-01 2.522535393672109679e-04
-5.296492776618252352e-01 2.547625676076137541e-04
-5.299040402294328267e-01 2.534855542146015285e-04
-5.298530877159111085e-01 2.539460188161219573e-04
-5.300059452564758189e-01 2.522535393672110764e-04
-5.300059452564758189e-01 2.522535393672110764e-04
-5.298530877159112196e-01 2.539460188161220657e-04
-5.298021352023897235e-01 2.543035815259971641e-04
-5.300059452564758189e-01 2.522535393672110764e-04
-5.298530877159111085e-01 2.539460188161219573e-04
-5.302607078240834104e-01 2.473165935007842460e-04
-5.300568977699974260e-01 2.514804651024825670e-04
-5.302097553105619143e-01 2.485208520560984870e-04
-5.300568977699973150e-01 2.514804651024825670e-04
-5.301588027970405292e-01 2.496153184799822559e-04
-5.301078502835189221e-01 2.506014312815343925e-04
-5.300059452564757079e-01 2.522535393672109679e-04
-5.295473726347821319e-01 2.545586759642214981e-04
-5.297511826888681163e-01 2.545586759642215523e-04
-5.297511826888680053e-01 2.545586759642214981e-04
-5.296492776618251241e-01 2.547625676076136999e-04
-5.297511826888683384e-01 2.545586759642214981e-04
-5.292926100671744294e-01 2.522535393672110764e-04
-5.290888000130883340e-01 2.485208520560984870e-04
-5.293435625806961475e-01 2.629860566913157509e-04
-5.294454676077390287e-01 2.539460188161220657e-04
-5.294964201212605248e-01 2.543035815259971641e-04
-5.297511826888681163e-01 2.545586759642215523e-04
-5.294964201212606358e-01 2.543035815259971641e-04
-5.294964201212605248e-01 2.543035815259971641e-04
-5.295473726347821319e-01 2.545586759642215523e-04
-5.290888000130884450e-01 2.485208520560984870e-04
-5.288340374454807424e-01 2.413665257457460846e-04
-5.295473726347819099e-01 2.545586759642214981e-04
-5.297511826888683384e-01 2.545586759642215523e-04
-5.298530877159112196e-01 2.539460188161220115e-04
-5.298530877159111085e-01 2.539460188161219573e-04
-5.294964201212606358e-01 2.543035815259971641e-04
-5.299549927429544338e-01 2.529216256980135018e-04
-5.301588027970401962e-01 2.496153184799823101e-04
-5.300568977699974260e-01 2.514804651024825670e-04
-5.299549927429544338e-01 2.529216256980135018e-04
-5.302607078240832994e-01 2.473165935007842460e-04
-5.301588027970403072e-01 2.496153184799823101e-04
-5.301078502835189221e-01 2.506014312815343925e-04
-5.298530877159112196e-01 2.539460188161220115e-04
-5.297002301753466202e-01 2.547116099978215362e-04
-5.299040402294328267e-01 2.534855542146015827e-04
-5.299549927429544338e-01 2.529216256980135018e-04
-5.299549927429541007e-01 2.529216256980133934e-04
-5.297511826888683384e-01 2.545586759642215523e-04
-5.300059452564758189e-01 2.522535393672110764e-04
-5.297511826888681163e-01 2.545586759642214981e-04
-5.295473726347822430e-01 2.545586759642214981e-04
-5.300568977699974260e-01 2.514804651024825670e-04
-5.303626128511262916e-01 2.445720649033092105e-04
-5.300568977699973150e-01 2.514804651024825670e-04
-5.299549927429544338e-01 2.529216256980135018e-04
-5.300568977699973150e-01 2.514804651024825670e-04
-5.301078502835188111e-01 2.506014312815343925e-04
-5.302607078240835214e-01 2.473165935007842460e-04
-5.295983251483036280e-01 2.547116099978215362e-04
-5.297002301753466202e-01 2.547116099978215362e-04
-5.298530877159112196e-01 2.539460188161220657e-04
-5.300568977699974260e-01 2.514804651024825670e-04
-5.298021352023896124e-01 2.543035815259971641e-04
-5.299040402294327157e-01 2.534855542146015827e-04
-5.300568977699974260e-01 2.514804651024825670e-04
-5.300568977699974260e-01 2.514804651024825670e-04
-5.303116603376047955e-01 2.460009304094029669e-04
-5.299549927429544338e-01 2.529216256980135018e-04
-5.300059452564758189e-01 2.522535393672110764e-04
-5.300568977699972040e-01 2.514804651024825670e-04
-5.301588027970403072e-01 2.496153184799823101e-04
-5.299549927429544338e-01 2.529216256980135018e-04
-5.298021352023896124e-01 2.543035815259971641e-04
-5.298021352023896124e-01 2.543035815259971641e-04
-5.296492776618252352e-01 2.547625676076137541e-04
-5.298021352023897235e-01 2.543035815259971641e-04
-5.298530877159112196e-01 2.539460188161220657e-04
-5.297511826888683384e-01 2.545586759642215523e-04
-5.297511826888681163e-01 2.545586759642215523e-04
-5.297511826888680053e-01 2.545586759642214981e-04
-5.302097553105619143e-01 2.485208520560984870e-04
-5.301588027970405292e-01 2.496153184799823101e-04
-5.299040402294327157e-01 2.534855542146015285e-04
-5.302097553105618033e-01 2.485208520560984870e-04
-5.301588027970405292e-01 2.496153184799822559e-04
-5.300568977699973150e-01 2.514804651024825670e-04
-5.301588027970401962e-01 2.496153184799823101e-04
-5.295983251483036280e-01 2.647079929582864884e-04
-5.299549927429544338e-01 2.529216256980135018e-04
-5.298530877159113306e-01 2.539460188161220115e-04
-5.297002301753466202e-01 2.547116099978215362e-04
-5.298021352023897235e-01 2.543035815259971641e-04
-5.297002301753467313e-01 2.547116099978215362e-04
-5.298021352023896124e-01 2.543035815259971641e-04
-5.300568977699973150e-01 2.514804651024825670e-04
-5.301078502835189221e-01 2.506014312815343925e-04
-5.299040402294327157e-01 2.534855542146015285e-04
-5.300568977699972040e-01 2.514804651024825670e-04
-5.300059452564758189e-01 2.522535393672110764e-04
-5.301078502835189221e-01 2.506014312815343925e-04
-5.300059452564757079e-01 2.522535393672109679e-04
-5.301588027970403072e-01 2.496153184799823101e-04
-5.300059452564758189e-01 2.522535393672110764e-04
-5.299549927429541007e-01 2.529216256980133934e-04
-5.302097553105619143e-01 2.485208520560984870e-04
-5.297511826888683384e-01 2.545586759642215523e-04
-5.299040402294328267e-01 2.534855542146015285e-04
-5.299040402294327157e-01 2.534855542146015827e-04
-5.300059452564758189e-01 2.522535393672110764e-04
-5.300568977699974260e-01 2.514804651024825670e-04
-5.303116603376047955e-01 2.460009304094029669e-04
-5.299040402294328267e-01 2.534855542146015827e-04
-5.302097553105619143e-01 2.485208520560985412e-04
-5.301078502835188111e-01 2.506014312815343925e-04
-5.300568977699973150e-01 2.514804651024825670e-04
-5.299549927429544338e-01 2.529216256980135018e-04
-5.301588027970403072e-01 2.496153184799823101e-04
-5.297511826888680053e-01 2.545586759642214981e-04
-5.299549927429544338e-01 2.529216256980135018e-04
-5.296492776618252352e-01 2.547625676076137541e-04
-5.298021352023896124e-01 2.543035815259971641e-04
-5.299040402294328267e-01 2.534855542146015285e-04
-5.300568977699974260e-01 2.514804651024825670e-04
-5.297511826888680053e-01 2.545586759642214981e-04
-5.301588027970403072e-01 2.496153184799822559e-04
-5.301078502835189221e-01 2.506014312815343383e-04
-5.301078502835188111e-01 2.506014312815343925e-04
-5.304645178781695058e-01 2.413665257457460575e-04
-5.302607078240835214e-01 2.473165935007842460e-04
-5.302097553105619143e-01 2.485208520560984870e-04
-5.303626128511262916e-01 2.445720649033092105e-04
-5.302607078240835214e-01 2.473165935007842460e-04
-5.302097553105619143e-01 2.485208520560985412e-04
-5.300059452564757079e-01 2.522535393672109679e-04
-5.299040402294327157e-01 2.534855542146015285e-04
-5.299549927429544338e-01 2.529216256980135018e-04
-5.297002301753466202e-01 2.547116099978215362e-04
-5.300059452564757079e-01 2.522535393672109679e-04
-5.296492776618252352e-01 2.547625676076137541e-04
-5.299549927429544338e-01 2.529216256980135018e-04
-5.304135653646478987e-01 2.430280002945377010e-04
-5.301078502835189221e-01 2.506014312815343383e-04
-5.300568977699974260e-01 2.514804651024825670e-04
-5.302607078240832994e-01 2.473165935007842460e-04
-5.300059452564757079e-01 2.522535393672109679e-04
-5.302607078240835214e-01 2.473165935007842460e-04
-5.301588027970403072e-01 2.496153184799823101e-04
-5.297511826888680053e-01 2.545586759642214981e-04
-5.300059452564758189e-01 2.522535393672110764e-04
-5.299040402294328267e-01 2.534855542146015285e-04
-5.298530877159111085e-01 2.539460188161219573e-04
-5.294964201212606358e-01 2.543035815259971641e-04
-5.298530877159113306e-01 2.539460188161219573e-04
-5.300568977699972040e-01 2.514804651024825670e-04
-5.298530877159111085e-01 2.539460188161219573e-04
-5.300568977699974260e-01 2.514804651024825670e-04
-5.303116603376050175e-01 2.460009304094029669e-04
-5.301078502835188111e-01 2.506014312815343925e-04
-5.300059452564758189e-01 2.522535393672110764e-04
-5.301078502835188111e-01 2.506014312815343925e-04
-5.299549927429541007e-01 2.529216256980133934e-04
-5.302097553105619143e-01 2.485208520560985412e-04
-5.301078502835189221e-01 2.506014312815343925e-04
-5.304645178781693948e-01 2.413665257457460033e-04
-5.300059452564758189e-01 2.522535393672109679e-04
-5.300568977699974260e-01 2.514804651024825670e-04
-5.302097553105618033e-01 2.485208520560984870e-04
-5.299040402294328267e-01 2.534855542146015285e-04
-5.299549927429544338e-01 2.529216256980135018e-04
-5.300059452564757079e-01 2.522535393672109679e-04
-5.299040402294327157e-01 2.534855542146015827e-04
-5.298530877159112196e-01 2.539460188161220657e-04
-5.298530877159113306e-01 2.539460188161220115e-04
-5.301588027970401962e-01 2.496153184799823643e-04
-5.302097553105619143e-01 2.485208520560985412e-04
-5.298021352023897235e-01 2.543035815259971641e-04
-5.298530877159111085e-01 2.539460188161219573e-04
-5.302097553105618033e-01 2.485208520560984870e-04
-5.300568977699974260e-01 2.514804651024825670e-04
-5.298530877159112196e-01 2.539460188161220115e-04
-5.300568977699972040e-01 2.514804651024825670e-04
-5.300059452564758189e-01 2.522535393672110764e-04
-5.301078502835189221e-01 2.506014312815343925e-04
-5.303116603376047955e-01 2.460009304094029669e-04
-5.303116603376047955e-01 2.460009304094029669e-04
-5.302607078240835214e-01 2.473165935007842460e-04
-5.301078502835188111e-01 2.506014312815343925e-04
-5.300059452564757079e-01 2.522535393672109679e-04
-5.301588027970405292e-01 2.496153184799822559e-04
-5.302097553105619143e-01 2.485208520560984870e-04
-5.295983251483035170e-01 2.547116099978215362e-04
-5.298530877159113306e-01 2.539460188161219573e-04
-5.297511826888681163e-01 2.545586759642215523e-04
-5.297511826888680053e-01 2.545586759642214981e-04
-5.296492776618251241e-01 2.547625676076136999e-04
-5.300059452564758189e-01 2.522535393672110764e-04
-5.299040402294327157e-01 2.534855542146015827e-04
-5.297002301753466202e-01 2.547116099978215362e-04
-5.303626128511266247e-01 2.445720649033091562e-04
-5.300568977699972040e-01 2.514804651024825670e-04
-5.300568977699972040e-01 2.514804651024825670e-04
-5.303116603376050175e-01 2.460009304094029669e-04
-5.300568977699974260e-01 2.514804651024825670e-04
-5.303116603376047955e-01 2.460009304094029669e-04
-5.301588027970405292e-01 2.496153184799822559e-04
-5.297002301753467313e-01 2.547116099978215362e-04
-5.298530877159111085e-01 2.539460188161219573e-04
-5.300568977699973150e-01 2.514804651024825670e-04
-5.299040402294328267e-01 2.534855542146015827e-04
-5.298530877159111085e-01 2.539460188161219573e-04
-5.300059452564757079e-01 2.522535393672109679e-04
-5.299549927429544338e-01 2.529216256980135018e-04
-5.301078502835189221e-01 2.506014312815343925e-04
-5.299549927429541007e-01 2.529216256980133934e-04
-5.303116603376050175e-01 2.460009304094029669e-04
-5.302097553105619143e-01 2.485208520560984870e-04
-5.300059452564757079e-01 2.522535393672109679e-04
-5.299040402294327157e-01 2.534855542146015285e-04
-5.301078502835189221e-01 2.506014312815343925e-04
-5.299549927429542118e-01 2.529216256980133934e-04
-5.298021352023896124e-01 2.543035815259971641e-04
-5.299040402294328267e-01 2.534855542146015827e-04
-5.299040402294328267e-01 2.534855542146015285e-04
-5.299549927429541007e-01 2.529216256980133934e-04
-5.297002301753467313e-01 2.547116099978215362e-04
-5.301078502835189221e-01 2.506014312815343925e-04
-5.301588027970401962e-01 2.496153184799823101e-04
-5.299549927429544338e-01 2.529216256980134476e-04
-5.303626128511266247e-01 2.445720649033091562e-04
-5.301078502835188111e-01 2.506014312815343925e-04
-5.301588027970403072e-01 2.496153184799823101e-04
-5.303116603376050175e-01 2.460009304094029669e-04
-5.304645178781695058e-01 2.413665257457460575e-04
-5.299549927429541007e-01 2.529216256980133934e-04
-5.297511826888681163e-01 2.545586759642215523e-04
-5.299040402294328267e-01 2.534855542146015827e-04
-5.303116603376047955e-01 2.460009304094029669e-04
-5.300568977699973150e-01 2.514804651024825670e-04
-5.301078502835189221e-01 2.506014312815343925e-04
-5.301078502835188111e-01 2.506014312815343925e-04
-5.298021352023896124e-01 2.543035815259971641e-04
-5.301588027970405292e-01 2.496153184799823101e-04
-5.303116603376050175e-01 2.460009304094029669e-04
-5.304135653646478987e-01 2.430280002945377010e-04
-5.299549927429544338e-01 2.529216256980135018e-04
-5.300059452564758189e-01 2.522535393672110764e-04
-5.298530877159111085e-01 2.539460188161219573e-04
-5.299040402294327157e-01 2.534855542146015827e-04
-5.300059452564758189e-01 2.522535393672110764e-04
-5.298530877159111085e-01 2.539460188161219573e-04
-5.299040402294327157e-01 2.534855542146015827e-04
-5.299549927429544338e-01 2.529216256980135018e-04
-5.297002301753466202e-01 2.547116099978215362e-04
-5.301078502835188111e-01 2.506014312815343925e-04
-5.298530877159113306e-01 2.539460188161219573e-04
-5.300059452564758189e-01 2.522535393672110764e-04
-5.303116603376047955e-01 2.460009304094029669e-04
-5.299549927429544338e-01 2.529216256980135018e-04
-5.298021352023897235e-01 2.543035815259971641e-04
-5.303116603376050175e-01 2.460009304094029669e-04
-5.306173754187339942e-01 2.356519322744944167e-04
-5.299549927429544338e-01 2.529216256980135018e-04
-5.301078502835189221e-01 2.506014312815343925e-04
-5.299549927429541007e-01 2.529216256980133934e-04
-5.300568977699974260e-01 2.514804651024826212e-04
-5.299040402294328267e-01 2.534855542146015285e-04
-5.301588027970401962e-01 2.496153184799823101e-04
-5.301588027970405292e-01 2.496153184799822559e-04
-5.300568977699974260e-01 2.514804651024825670e-04
-5.299040402294327157e-01 2.534855542146015827e-04
-5.298021352023896124e-01 2.543035815259971641e-04
-5.301588027970405292e-01 2.496153184799822559e-04
-5.303626128511266247e-01 2.445720649033092105e-04
-5.300059452564757079e-01 2.522535393672109679e-04
-5.301588027970405292e-01 2.496153184799822559e-04
-5.301078502835189221e-01 2.506014312815343925e-04
-5.302097553105618033e-01 2.485208520560984870e-04
-5.302607078240835214e-01 2.473165935007842460e-04
-5.299549927429544338e-01 2.529216256980135018e-04
-5.298530877159111085e-01 2.539460188161219573e-04
-5.294454676077390287e-01 2.539460188161220657e-04
-5.301588027970405292e-01 2.496153184799823101e-04
-5.298530877159112196e-01 2.539460188161220115e-04
-5.297002301753466202e-01 2.547116099978215362e-04
-5.299040402294328267e-01 2.534855542146015827e-04
-5.297002301753467313e-01 2.547116099978215904e-04
-5.302097553105618033e-01 2.485208520560984870e-04
-5.304135653646480097e-01 2.430280002945377010e-04
-5.300059452564758189e-01 2.522535393672110764e-04
-5.305154703916908909e-01 2.395851986273333351e-04
-5.301588027970403072e-01 2.496153184799822559e-04
-5.302607078240835214e-01 2.473165935007842460e-04
-5.304135653646480097e-01 2.430280002945377010e-04
-5.299040402294327157e-01 2.534855542146015827e-04
-5.300059452564758189e-01 2.522535393672110764e-04
-5.298530877159112196e-01 2.539460188161220115e-04
-5.300568977699972040e-01 2.514804651024825670e-04
-5.297002301753467313e-01 2.547116099978215904e-04
-5.300568977699974260e-01 2.514804651024825670e-04
-5.297511826888680053e-01 2.545586759642214981e-04
-5.302607078240835214e-01 2.473165935007842460e-04
-5.300059452564758189e-01 2.522535393672110764e-04
-5.301588027970401962e-01 2.496153184799824185e-04
-5.303626128511266247e-01 2.445720649033091562e-04
-5.303626128511266247e-01 2.445720649033092105e-04
-5.306173754187339942e-01 2.356519322744944167e-04
-5.299549927429541007e-01 2.529216256980133934e-04
-5.300568977699974260e-01 2.514804651024825670e-04
-5.301078502835189221e-01 2.506014312815343925e-04
-5.298021352023896124e-01 2.543035815259971641e-04
-5.297002301753467313e-01 2.547116099978215362e-04
-5.296492776618252352e-01 2.547625676076137541e-04
-5.299040402294327157e-01 2.534855542146015285e-04
-5.297002301753467313e-01 2.547116099978215904e-04
-5.297511826888683384e-01 2.545586759642214981e-04
-5.300059452564757079e-01 2.522535393672109679e-04
-5.302097553105619143e-01 2.485208520560984870e-04
-5.301078502835189221e-01 2.506014312815343925e-04
-5.299040402294327157e-01 2.534855542146015827e-04
-5.299549927429541007e-01 2.529216256980133934e-04
-5.302607078240835214e-01 2.473165935007842460e-04
-5.299549927429544338e-01 2.529216256980135018e-04
-5.299549927429541007e-01 2.529216256980133934e-04
-5.300568977699974260e-01 2.514804651024825670e-04
-5.296492776618252352e-01 2.547625676076137541e-04
-5.300059452564757079e-01 2.522535393672109679e-04
-5.300059452564757079e-01 2.522535393672109679e-04
-5.298021352023897235e-01 2.543035815259971641e-04
-5.300059452564757079e-01 2.522535393672109679e-04
-5.298530877159111085e-01 2.539460188161219573e-04
-5.305154703916911130e-01 2.395851986273333893e-04
-5.301588027970405292e-01 2.496153184799823101e-04
-5.302607078240834104e-01 2.473165935007843002e-04
-5.300568977699974260e-01 2.514804651024825670e-04
-5.301588027970405292e-01 2.496153184799823101e-04
-5.300568977699972040e-01 2.514804651024825670e-04
-5.299549927429544338e-01 2.529216256980134476e-04
-5.299549927429544338e-01 2.529216256980135018e-04
-5.298530877159112196e-01 2.539460188161220115e-04
-5.299549927429541007e-01 2.529216256980133934e-04
-5.298021352023897235e-01 2.543035815259971641e-04
-5.297002301753467313e-01 2.547116099978215904e-04
-5.299040402294327157e-01 2.534855542146015827e-04
-5.297002301753466202e-01 2.547116099978215362e-04
-5.298021352023897235e-01 2.543035815259971641e-04
-5.302607078240832994e-01 2.473165935007842460e-04
-5.302097553105619143e-01 2.485208520560985412e-04
-5.299040402294328267e-01 2.534855542146015827e-04
-5.301588027970403072e-01 2.496153184799823101e-04
-5.301078502835189221e-01 2.506014312815343925e-04
-5.298530877159113306e-01 2.539460188161219573e-04
-5.301078502835189221e-01 2.506014312815343925e-04
-5.302097553105618033e-01 2.485208520560984870e-04
-5.297511826888683384e-01 2.545586759642214981e-04
-5.301588027970405292e-01 2.496153184799823101e-04
-5.299549927429541007e-01 2.529216256980133934e-04
-5.296492776618250131e-01 2.547625676076137541e-04
-5.297002301753467313e-01 2.547116099978215362e-04
-5.298530877159112196e-01 2.539460188161220115e-04
-5.299549927429541007e-01 2.529216256980133934e-04
-5.301078502835189221e-01 2.506014312815343925e-04
-5.300059452564758189e-01 2.522535393672110764e-04
-5.302097553105618033e-01 2.485208520560984870e-04
-5.298021352023897235e-01 2.543035815259971641e-04
-5.303116603376050175e-01 2.460009304094029669e-04
-5.301078502835188111e-01 2.506014312815343925e-04
-5.300568977699973150e-01 2.514804651024825670e-04
-5.301078502835189221e-01 2.506014312815343925e-04
-5.300059452564757079e-01 2.522535393672109679e-04
-5.295983251483035170e-01 2.547116099978215904e-04
-5.294964201212606358e-01 2.543035815259971641e-04
-5.292416575536529333e-01 2.514804651024825670e-04
-5.299549927429541007e-01 2.529216256980133934e-04
-5.298530877159112196e-01 2.539460188161220657e-04
-5.305664229052127201e-01 2.376813242123630688e-04
-5.302607078240832994e-01 2.473165935007842460e-04
-5.300568977699973150e-01 2.514804651024825670e-04
-5.301078502835189221e-01 2.506014312815343925e-04
-5.302607078240834104e-01 2.473165935007843002e-04
-5.300059452564758189e-01 2.522535393672109679e-04
-5.297002301753467313e-01 2.547116099978215362e-04
-5.300059452564758189e-01 2.522535393672110764e-04
-5.300568977699972040e-01 2.514804651024825127e-04
-5.300059452564758189e-01 2.522535393672110764e-04
-5.299040402294328267e-01 2.534855542146015827e-04
-5.299549927429541007e-01 2.529216256980133934e-04
-5.299549927429541007e-01 2.529216256980133934e-04
-5.298021352023897235e-01 2.543035815259971641e-04
-5.299040402294328267e-01 2.534855542146015285e-04
-5.302607078240832994e-01 2.473165935007842460e-04
-5.302607078240835214e-01 2.473165935007842460e-04
-5.300568977699974260e-01 2.514804651024825670e-04
-5.300568977699973150e-01 2.514804651024825127e-04
-5.300059452564758189e-01 2.522535393672110764e-04
-5.300059452564758189e-01 2.522535393672110764e-04
-5.301078502835188111e-01 2.506014312815343925e-04
-5.297002301753467313e-01 2.547116099978215904e-04
-5.299040402294328267e-01 2.534855542146015827e-04
-5.300568977699972040e-01 2.514804651024825670e-04
-5.300059452564757079e-01 2.522535393672109679e-04
-5.299549927429544338e-01 2.529216256980135018e-04
-5.301078502835189221e-01 2.506014312815343925e-04
-5.300568977699972040e-01 2.514804651024825670e-04
-5.301588027970405292e-01 2.496153184799822559e-04
-5.301078502835188111e-01 2.506014312815343925e-04
-5.299040402294327157e-01 2.534855542146015827e-04
-5.301078502835189221e-01 2.506014312815343925e-04
-5.300059452564758189e-01 2.522535393672110764e-04
-5.302097553105618033e-01 2.485208520560984870e-04
-5.302097553105618033e-01 2.485208520560984870e-04
-5.300568977699974260e-01 2.514804651024825670e-04
-5.302097553105619143e-01 2.485208520560984870e-04
-5.300059452564757079e-01 2.522535393672109679e-04
-5.300568977699974260e-01 2.514804651024825670e-04
-5.298530877159113306e-01 2.539460188161220115e-04
-5.300059452564757079e-01 2.522535393672109679e-04
-5.299040402294327157e-01 2.534855542146015827e-04
-5.301588027970405292e-01 2.496153184799823101e-04
-5.304135653646478987e-01 2.430280002945377010e-04
-5.299549927429541007e-01 2.529216256980133934e-04
-5.302607078240835214e-01 2.473165935007842460e-04
-5.300568977699974260e-01 2.514804651024825670e-04
-5.302097553105618033e-01 2.485208520560984870e-04
-5.302607078240835214e-01 2.473165935007842460e-04
-5.302607078240835214e-01 2.473165935007842460e-04
-5.299549927429541007e-01 2.529216256980133934e-04
-5.300059452564758189e-01 2.522535393672110222e-04
-5.298021352023897235e-01 2.543035815259971641e-04
-5.300568977699973150e-01 2.514804651024825670e-04
-5.302097553105618033e-01 2.485208520560984870e-04
-5.298530877159113306e-01 2.539460188161219573e-04
-5.300568977699973150e-01 2.514804651024825670e-04
-5.300059452564757079e-01 2.522535393672109679e-04
-5.299040402294328267e-01 2.534855542146015827e-04
-5.302607078240834104e-01 2.473165935007842460e-04
-5.300059452564757079e-01 2.522535393672109679e-04
-5.299040402294328267e-01 2.534855542146015285e-04
-5.300059452564758189e-01 2.522535393672110764e-04
-5.298530877159111085e-01 2.539460188161219573e-04
-5.301078502835188111e-01 2.506014312815343925e-04
-5.297002301753467313e-01 2.547116099978215362e-04
-5.299549927429544338e-01 2.529216256980135018e-04
-5.300059452564758189e-01 2.522535393672110764e-04
-5.298530877159111085e-01 2.539460188161219573e-04
-5.299040402294328267e-01 2.534855542146015827e-04
-5.299549927429544338e-01 2.529216256980135018e-04
-5.299549927429541007e-01 2.529216256980133934e-04
-5.302607078240835214e-01 2.473165935007842460e-04
-5.301588027970405292e-01 2.496153184799822559e-04
-5.299040402294327157e-01 2.534855542146015827e-04
-5.303116603376050175e-01 2.460009304094029669e-04
-5.302097553105619143e-01 2.485208520560985412e-04
-5.302607078240834104e-01 2.473165935007842460e-04
-5.299040402294327157e-01 2.534855542146015285e-04
-5.299040402294328267e-01 2.534855542146015827e-04
-5.299040402294328267e-01 2.534855542146015827e-04
-5.300568977699972040e-01 2.514804651024825670e-04
-5.298530877159112196e-01 2.539460188161220657e-04
-5.297002301753467313e-01 2.547116099978215362e-04
-5.297002301753466202e-01 2.547116099978215362e-04
-5.298530877159111085e-01 2.539460188161219573e-04
-5.298021352023897235e-01 2.543035815259971641e-04
-5.300568977699973150e-01 2.514804651024825670e-04
-5.301588027970401962e-01 2.496153184799823643e-04
-5.300059452564758189e-01 2.522535393672110764e-04
-5.300059452564758189e-01 2.522535393672110764e-04
-5.300059452564757079e-01 2.522535393672109679e-04
-5.300568977699974260e-01 2.514804651024825670e-04
-5.299549927429544338e-01 2.529216256980135018e-04
-5.298530877159111085e-01 2.539460188161220115e-04
-5.299549927429541007e-01 2.529216256980133934e-04
-5.298530877159112196e-01 2.539460188161220657e-04
-5.298530877159113306e-01 2.539460188161220657e-04
-5.300059452564757079e-01 2.522535393672109679e-04
-5.299040402294328267e-01 2.534855542146015827e-04
-5.300059452564758189e-01 2.522535393672110764e-04
-5.299549927429542118e-01 2.529216256980133934e-04
-5.302097553105619143e-01 2.485208520560985412e-04
-5.298530877159113306e-01 2.539460188161219573e-04
-5.302097553105618033e-01 2.485208520560984870e-04
-5.301078502835189221e-01 2.506014312815343925e-04
-5.301078502835189221e-01 2.506014312815343925e-04
-5.300568977699973150e-01 2.514804651024825670e-04
-5.301588027970401962e-01 2.496153184799823101e-04
-5.300568977699974260e-01 2.514804651024825670e-04
-5.301078502835189221e-01 2.506014312815343925e-04
-5.299040402294327157e-01 2.534855542146015827e-04
-5.300059452564757079e-01 2.522535393672109679e-04
-5.301078502835189221e-01 2.506014312815343925e-04
-5.299040402294327157e-01 2.534855542146015285e-04
-5.295983251483035170e-01 2.547116099978215904e-04
-5.302607078240835214e-01 2.473165935007842460e-04
-5.300059452564758189e-01 2.522535393672110764e-04
-5.301078502835188111e-01 2.506014312815343925e-04
-5.299040402294328267e-01 2.534855542146015827e-04
-5.303116603376050175e-01 2.460009304094029669e-04
-5.300568977699972040e-01 2.514804651024825670e-04
-5.300059452564758189e-01 2.522535393672110222e-04
-5.301078502835189221e-01 2.506014312815343925e-04
-5.298530877159111085e-01 2.539460188161219573e-04
-5.300059452564757079e-01 2.522535393672109679e-04
-5.298021352023897235e-01 2.543035815259971641e-04
-5.300059452564758189e-01 2.522535393672110764e-04
-5.299040402294327157e-01 2.534855542146015827e-04
-5.299040402294328267e-01 2.534855542146015827e-04
-5.297511826888683384e-01 2.545586759642214981e-04
-5.302097553105618033e-01 2.485208520560984870e-04
-5.300059452564757079e-01 2.522535393672109679e-04
-5.301588027970405292e-01 2.496153184799823101e-04
-5.304135653646478987e-01 2.430280002945377010e-04
-5.298530877159112196e-01 2.539460188161220657e-04
-5.300568977699974260e-01 2.514804651024825670e-04
-5.303116603376047955e-01 2.460009304094029669e-04
-5.300568977699973150e-01 2.514804651024825670e-04
-5.299040402294328267e-01 2.534855542146015827e-04
-5.299549927429542118e-01 2.529216256980133934e-04
-5.298021352023896124e-01 2.543035815259971641e-04
-5.298021352023896124e-01 2.543035815259971641e-04
-5.300059452564758189e-01 2.522535393672110764e-04
-5.300568977699972040e-01 2.514804651024825670e-04
-5.299549927429542118e-01 2.529216256980133934e-04
-5.299549927429544338e-01 2.529216256980135018e-04
-5.300059452564758189e-01 2.522535393672110764e-04
-5.304135653646478987e-01 2.430280002945377010e-04
-5.299040402294328267e-01 2.534855542146015827e-04
-5.300059452564758189e-01 2.522535393672110764e-04
-5.300568977699972040e-01 2.514804651024825670e-04
-5.300059452564758189e-01 2.522535393672110764e-04
-5.300059452564758189e-01 2.522535393672110764e-04
-5.299040402294327157e-01 2.534855542146015827e-04
-5.300059452564758189e-01 2.522535393672109679e-04
-5.299040402294328267e-01 2.534855542146015827e-04
-5.296492776618250131e-01 2.547625676076137541e-04
-5.300568977699972040e-01 2.514804651024825670e-04
-5.299040402294328267e-01 2.534855542146015827e-04
-5.302097553105619143e-01 2.485208520560984870e-04
-5.301588027970401962e-01 2.496153184799823643e-04
-5.300568977699974260e-01 2.514804651024825670e-04
-5.300568977699974260e-01 2.514804651024825670e-04
-5.298021352023896124e-01 2.543035815259971641e-04
-5.300059452564757079e-01 2.522535393672109679e-04
-5.298530877159113306e-01 2.539460188161219573e-04
-5.296492776618251241e-01 2.547625676076136999e-04
-5.296492776618250131e-01 2.547625676076137541e-04
-5.295983251483036280e-01 2.547116099978215362e-04
-5.299549927429542118e-01 2.529216256980133934e-04
-5.299040402294327157e-01 2.534855542146015827e-04
-5.297002301753467313e-01 2.547116099978215362e-04
-5.300568977699974260e-01 2.514804651024825670e-04
-5.299040402294327157e-01 2.534855542146015827e-04
-5.302097553105619143e-01 2.485208520560984870e-04
-5.301078502835189221e-01 2.506014312815343925e-04
-5.301078502835188111e-01 2.506014312815343925e-04
-5.300568977699973150e-01 2.514804651024825670e-04
-5.300568977699974260e-01 2.514804651024825670e-04
-5.302607078240835214e-01 2.473165935007842460e-04
-5.300059452564757079e-01 2.522535393672109679e-04
-5.299549927429544338e-01 2.529216256980135018e-04
-5.299549927429544338e-01 2.529216256980135018e-04
-5.300568977699972040e-01 2.514804651024825670e-04
-5.299040402294327157e-01 2.534855542146015285e-04
-5.298021352023897235e-01 2.543035815259971641e-04
-5.297002301753466202e-01 2.547116099978215362e-04
-5.299040402294327157e-01 2.534855542146015285e-04
-5.302097553105619143e-01 2.485208520560985412e-04
-5.301588027970405292e-01 2.496153184799823101e-04
-5.300059452564757079e-01 2.522535393672109679e-04
-5.301588027970405292e-01 2.496153184799822559e-04
-5.301588027970405292e-01 2.496153184799823101e-04
-5.302097553105618033e-01 2.485208520560984870e-04
-5.301078502835189221e-01 2.506014312815343383e-04
-5.300568977699974260e-01 2.514804651024825670e-04
-5.299040402294327157e-01 2.534855542146015827e-04
-5.295473726347819099e-01 2.545586759642214981e-04
-5.294964201212606358e-01 2.543035815259971641e-04
-5.299040402294328267e-01 2.534855542146015285e-04
-5.298530877159111085e-01 2.539460188161219573e-04
-5.296492776618252352e-01 2.547625676076137541e-04
-5.299549927429544338e-01 2.529216256980135018e-04
-5.302097553105618033e-01 2.485208520560984870e-04
-5.301588027970405292e-01 2.496153184799822559e-04
-5.300059452564758189e-01 2.522535393672110764e-04
-5.295473726347819099e-01 2.545586759642215523e-04
-5.290378474995668379e-01 2.576001061512865728e-04
-5.283245123102655594e-01 2.292296899518423867e-04
-5.285283223643516548e-01 2.398559470453188753e-04
-5.288849899590022385e-01 2.430280002945377010e-04
-5.283245123102656704e-01 2.292296899518424138e-04
-5.287321324184377502e-01 2.376813242123630688e-04
-5.288340374454806314e-01 2.413665257457460033e-04
-5.291397525266099411e-01 2.496153184799823101e-04
-5.291907050401313262e-01 2.506014312815343925e-04
-5.289868949860452307e-01 2.460009304094029669e-04
-5.297511826888680053e-01 2.545586759642214981e-04
-5.298530877159113306e-01 2.539460188161219573e-04
-5.300059452564758189e-01 2.522535393672110764e-04
-5.299549927429541007e-01 2.529216256980133934e-04
-5.299549927429544338e-01 2.529216256980135018e-04
-5.300568977699974260e-01 2.514804651024825670e-04
-5.301588027970403072e-01 2.496153184799823101e-04
-5.298530877159112196e-01 2.539460188161220657e-04
-5.300568977699974260e-01 2.514804651024825670e-04
-5.298021352023896124e-01 2.543035815259971641e-04
-5.299549927429541007e-01 2.529216256980133934e-04
-5.298530877159113306e-01 2.539460188161219573e-04
-5.297511826888681163e-01 2.545586759642214981e-04
-5.299549927429541007e-01 2.529216256980133934e-04
-5.300568977699974260e-01 2.514804651024825670e-04
-5.298530877159113306e-01 2.539460188161220115e-04
-5.300059452564757079e-01 2.522535393672109679e-04
-5.300568977699974260e-01 2.514804651024825670e-04
-5.297511826888681163e-01 2.545586759642215523e-04
-5.301078502835188111e-01 2.506014312815343925e-04
-5.300059452564758189e-01 2.522535393672110222e-04
-5.297511826888683384e-01 2.545586759642214981e-04
-5.302607078240835214e-01 2.473165935007842460e-04
-5.300568977699972040e-01 2.514804651024825670e-04
-5.295983251483036280e-01 2.547116099978215362e-04
-5.301078502835189221e-01 2.506014312815343925e-04
-5.296492776618250131e-01 2.547625676076137541e-04
-5.298530877159113306e-01 2.539460188161220115e-04
-5.297511826888683384e-01 2.545586759642215523e-04
-5.300059452564757079e-01 2.522535393672109679e-04
-5.296492776618252352e-01 2.547625676076137541e-04
-5.300059452564758189e-01 2.522535393672110764e-04
-5.300568977699974260e-01 2.514804651024825670e-04
-5.300059452564757079e-01 2.522535393672109679e-04
-5.300568977699974260e-01 2.514804651024826212e-04
-5.299549927429544338e-01 2.529216256980135018e-04
-5.299040402294327157e-01 2.534855542146015827e-04
-5.300059452564758189e-01 2.522535393672109679e-04
-5.296492776618252352e-01 2.547625676076137541e-04
-5.299040402294327157e-01 2.534855542146015827e-04
-5.297002301753466202e-01 2.547116099978215362e-04
-5.300059452564758189e-01 2.522535393672110764e-04
-5.299040402294328267e-01 2.534855542146015285e-04
-5.298530877159111085e-01 2.539460188161219573e-04
-5.299549927429544338e-01 2.529216256980135018e-04
-5.301078502835189221e-01 2.506014312815343925e-04
-5.300568977699973150e-01 2.514804651024825670e-04
-5.300059452564758189e-01 2.522535393672110222e-04
-5.301078502835189221e-01 2.506014312815343925e-04
-5.300059452564757079e-01 2.522535393672109679e-04
-5.303116603376050175e-01 2.460009304094029669e-04
-5.302097553105619143e-01 2.485208520560985412e-04
-5.299040402294328267e-01 2.534855542146015285e-04
-5.299549927429542118e-01 2.529216256980133934e-04
-5.298530877159113306e-01 2.539460188161219573e-04
-5.297002301753467313e-01 2.547116099978215904e-04
-5.298530877159111085e-01 2.539460188161219573e-04
-5.297002301753467313e-01 2.547116099978215904e-04
-5.299040402294328267e-01 2.534855542146015827e-04
-5.298530877159111085e-01 2.539460188161219573e-04
-5.303116603376047955e-01 2.460009304094029669e-04
-5.300059452564758189e-01 2.522535393672110764e-04
-5.304135653646480097e-01 2.430280002945377010e-04
-5.299549927429541007e-01 2.529216256980133934e-04
-5.300059452564758189e-01 2.522535393672110764e-04
-5.300568977699974260e-01 2.514804651024825670e-04
-5.302097553105618033e-01 2.485208520560984870e-04
-5.301078502835189221e-01 2.506014312815343383e-04
-5.301588027970405292e-01 2.496153184799823101e-04
-5.298530877159111085e-01 2.539460188161219573e-04
-5.300059452564757079e-01 2.522535393672109679e-04
-5.297002301753467313e-01 2.547116099978215362e-04
-5.297511826888681163e-01 2.545586759642214981e-04
-5.297002301753466202e-01 2.547116099978215362e-04
-5.298021352023897235e-01 2.543035815259971641e-04
-5.300059452564758189e-01 2.522535393672110764e-04
-5.302097553105618033e-01 2.485208520560984870e-04
-5.298530877159112196e-01 2.539460188161220657e-04
-5.300059452564758189e-01 2.522535393672110764e-04
-5.302607078240832994e-01 2.473165935007842460e-04
-5.300568977699973150e-01 2.514804651024825670e-04
-5.301078502835189221e-01 2.506014312815343925e-04
-5.298530877159112196e-01 2.539460188161220115e-04
-5.297002301753466202e-01 2.547116099978215362e-04
-5.294454676077389177e-01 2.539460188161219573e-04
-5.298021352023897235e-01 2.543035815259971641e-04
-5.298530877159113306e-01 2.539460188161220115e-04
-5.298530877159111085e-01 2.539460188161219573e-04
-5.299040402294328267e-01 2.534855542146015827e-04
-5.304135653646480097e-01 2.430280002945377010e-04
-5.300059452564757079e-01 2.522535393672109679e-04
-5.297002301753467313e-01 2.547116099978215904e-04
-5.300568977699974260e-01 2.514804651024825670e-04
-5.300059452564757079e-01 2.522535393672109679e-04
-5.305154703916908909e-01 2.395851986273333351e-04
-5.299549927429544338e-01 2.529216256980135018e-04
-5.297511826888681163e-01 2.545586759642215523e-04
-5.299040402294327157e-01 2.534855542146015827e-04
-5.299040402294328267e-01 2.534855542146015827e-04
-5.298021352023897235e-01 2.543035815259971641e-04
-5.297511826888680053e-01 2.545586759642214981e-04
-5.298530877159113306e-01 2.539460188161219573e-04
-5.299549927429542118e-01 2.529216256980133934e-04
-5.299549927429541007e-01 2.529216256980133934e-04
-5.300568977699974260e-01 2.514804651024825670e-04
-5.301078502835188111e-01 2.506014312815343925e-04
-5.304135653646480097e-01 2.430280002945377010e-04
-5.300059452564758189e-01 2.522535393672110764e-04
-5.298021352023896124e-01 2.543035815259971641e-04
-5.302607078240835214e-01 2.473165935007842460e-04
-5.301588027970405292e-01 2.496153184799823101e-04
-5.299040402294327157e-01 2.534855542146015827e-04
-5.297002301753466202e-01 2.547116099978215362e-04
-5.298530877159113306e-01 2.539460188161219573e-04
-5.295473726347821319e-01 2.545586759642215523e-04
-5.299549927429541007e-01 2.529216256980133934e-04
-5.297511826888683384e-01 2.545586759642215523e-04
-5.298021352023897235e-01 2.543035815259971641e-04
-5.299549927429541007e-01 2.529216256980133934e-04
-5.299549927429544338e-01 2.529216256980135018e-04
-5.299549927429544338e-01 2.529216256980135018e-04
-5.300059452564757079e-01 2.522535393672109679e-04
-5.304135653646480097e-01 2.430280002945377010e-04
-5.300059452564758189e-01 2.522535393672110764e-04
-5.302097553105619143e-01 2.485208520560984870e-04
-5.302607078240834104e-01 2.473165935007843002e-04
-5.300059452564758189e-01 2.522535393672110764e-04
-5.298530877159113306e-01 2.539460188161220115e-04
-5.297511826888680053e-01 2.545586759642214981e-04
-5.298021352023897235e-01 2.543035815259971641e-04
-5.298530877159113306e-01 2.539460188161220115e-04
-5.301078502835188111e-01 2.506014312815343925e-04
-5.300059452564757079e-01 2.522535393672109679e-04
-5.298021352023897235e-01 2.543035815259971641e-04
-5.301588027970403072e-01 2.496153184799823101e-04
-5.299549927429541007e-01 2.529216256980133934e-04
-5.301588027970405292e-01 2.496153184799822559e-04
-5.300059452564758189e-01 2.522535393672110764e-04
-5.300059452564757079e-01 2.522535393672109679e-04
-5.301078502835189221e-01 2.506014312815343925e-04
-5.302097553105619143e-01 2.485208520560985412e-04
-5.297511826888680053e-01 2.545586759642214981e-04
-5.297002301753466202e-01 2.547116099978215362e-04
-5.297511826888683384e-01 2.545586759642214981e-04
-5.297511826888681163e-01 2.545586759642214981e-04
-5.300568977699973150e-01 2.514804651024825670e-04
-5.297002301753467313e-01 2.547116099978215362e-04
-5.295983251483035170e-01 2.547116099978215904e-04
-5.301078502835188111e-01 2.506014312815343925e-04
-5.301588027970405292e-01 2.496153184799822559e-04
-5.300568977699974260e-01 2.514804651024825670e-04
-5.303626128511262916e-01 2.445720649033092105e-04
-5.303626128511266247e-01 2.445720649033091562e-04
-5.300568977699974260e-01 2.514804651024825670e-04
-5.303626128511262916e-01 2.445720649033092105e-04
-5.300059452564757079e-01 2.522535393672109679e-04
-5.297002301753467313e-01 2.547116099978215362e-04
-5.296492776618251241e-01 2.547625676076136999e-04
-5.298021352023896124e-01 2.543035815259971641e-04
-5.296492776618252352e-01 2.547625676076137541e-04
-5.297511826888683384e-01 2.545586759642214981e-04
-5.300059452564757079e-01 2.522535393672109679e-04
-5.299040402294327157e-01 2.534855542146015285e-04
-5.300059452564758189e-01 2.522535393672110764e-04
-5.298021352023896124e-01 2.543035815259971641e-04
-5.298530877159111085e-01 2.539460188161219573e-04
-5.301078502835189221e-01 2.506014312815343925e-04
-5.300059452564758189e-01 2.522535393672110764e-04
-5.301078502835188111e-01 2.506014312815343925e-04
-5.302097553105619143e-01 2.485208520560985412e-04
-5.301588027970401962e-01 2.496153184799823643e-04
-5.296492776618250131e-01 2.547625676076137541e-04
-5.296492776618252352e-01 2.547625676076137541e-04
-5.297002301753466202e-01 2.547116099978215362e-04
-5.297002301753466202e-01 2.547116099978215362e-04
-5.297511826888683384e-01 2.545586759642214981e-04
-5.298021352023897235e-01 2.543035815259971641e-04
-5.299549927429541007e-01 2.529216256980133934e-04
-5.298530877159113306e-01 2.539460188161219573e-04
-5.301078502835189221e-01 2.506014312815343925e-04
-5.299040402294327157e-01 2.534855542146015827e-04
-5.301588027970403072e-01 2.496153184799823101e-04
-5.302607078240835214e-01 2.473165935007842460e-04
-5.300059452564757079e-01 2.522535393672109679e-04
-5.299549927429542118e-01 2.529216256980133934e-04
-5.299549927429544338e-01 2.529216256980135018e-04
-5.296492776618250131e-01 2.547625676076137541e-04
-5.298530877159112196e-01 2.539460188161220657e-04
-5.298021352023897235e-01 2.543035815259971641e-04
-5.299040402294328267e-01 2.534855542146015827e-04
-5.296492776618250131e-01 2.547625676076137541e-04
-5.296492776618251241e-01 2.547625676076136999e-04
-5.299549927429544338e-01 2.529216256980135018e-04
-5.301588027970401962e-01 2.496153184799823643e-04
-5.302097553105618033e-01 2.485208520560984870e-04
-5.299040402294328267e-01 2.534855542146015827e-04
-5.299549927429541007e-01 2.529216256980133934e-04
-5.301078502835188111e-01 2.506014312815343925e-04
-5.300568977699974260e-01 2.514804651024826212e-04
-5.301078502835189221e-01 2.506014312815343925e-04
-5.298530877159111085e-01 2.539460188161219573e-04
-5.298021352023896124e-01 2.543035815259971641e-04
-5.295983251483036280e-01 2.547116099978215362e-04
-5.299549927429544338e-01 2.529216256980135018e-04
-5.296492776618250131e-01 2.547625676076137541e-04
-5.267959369046198992e-01 2.015041464543034649e-04
-5.236368810662854756e-01 3.292652191813791275e-04
-5.230764034175487964e-01 3.764628797621974335e-04
-5.229235458769843081e-01 3.630165454493916219e-04
-5.229744983905055822e-01 3.580841729834059154e-04
-5.234330710121993802e-01 3.679886334628225354e-04
-5.248087888772805520e-01 3.408490851956374394e-04
-5.256240290936247117e-01 2.724411410757592586e-04
-5.262354592558829980e-01 2.168327301508122618e-04
-5.262864117694046051e-01 2.569946996594575672e-04
-5.260316492017971246e-01 2.421718884298837068e-04
-5.276111771209641699e-01 1.973382363162657911e-04
-5.298021352023897235e-01 2.543035815259971641e-04
-5.301078502835188111e-01 2.506014312815343925e-04
-5.299040402294328267e-01 2.534855542146015827e-04
-5.295473726347822430e-01 2.545586759642214981e-04
-5.300059452564757079e-01 2.522535393672109679e-04
-5.301078502835189221e-01 2.506014312815343925e-04
-5.298530877159113306e-01 2.539460188161219573e-04
-5.302607078240832994e-01 2.473165935007842460e-04
-5.302097553105619143e-01 2.485208520560985412e-04
-5.301078502835189221e-01 2.506014312815343925e-04
-5.302097553105618033e-01 2.485208520560984870e-04
-5.300059452564757079e-01 2.522535393672109679e-04
-5.299040402294328267e-01 2.534855542146015827e-04
-5.295473726347822430e-01 2.545586759642214981e-04
-5.299549927429541007e-01 2.529216256980133934e-04
-5.297511826888681163e-01 2.545586759642215523e-04
-5.296492776618252352e-01 2.547625676076137541e-04
-5.299040402294327157e-01 2.534855542146015827e-04
-5.297002301753467313e-01 2.547116099978215904e-04
-5.299040402294328267e-01 2.534855542146015827e-04
-5.302097553105619143e-01 2.485208520560984870e-04
-5.299040402294327157e-01 2.534855542146015827e-04
-5.299549927429544338e-01 2.529216256980135018e-04
-5.300059452564758189e-01 2.522535393672110764e-04
-5.300568977699972040e-01 2.514804651024825670e-04
-5.299040402294328267e-01 2.534855542146015827e-04
-5.299549927429544338e-01 2.529216256980135018e-04
-5.295473726347819099e-01 2.545586759642215523e-04
-5.299549927429544338e-01 2.529216256980134476e-04
-5.294964201212606358e-01 2.543035815259971641e-04
-5.301588027970405292e-01 2.496153184799822559e-04
-5.297511826888681163e-01 2.545586759642215523e-04
-5.298530877159113306e-01 2.539460188161219573e-04
-5.295983251483036280e-01 2.547116099978215362e-04
-5.301588027970401962e-01 2.496153184799823101e-04
-5.299040402294328267e-01 2.534855542146015285e-04
-5.302607078240835214e-01 2.473165935007842460e-04
-5.299040402294327157e-01 2.534855542146015827e-04
-5.297002301753467313e-01 2.547116099978215904e-04
-5.300059452564758189e-01 2.522535393672110764e-04
-5.301078502835188111e-01 2.506014312815343925e-04
-5.303626128511262916e-01 2.445720649033092105e-04
-5.297511826888683384e-01 2.545586759642215523e-04
-5.298530877159112196e-01 2.539460188161220115e-04
-5.297511826888680053e-01 2.545586759642214981e-04
-5.297511826888681163e-01 2.545586759642214981e-04
-5.298530877159113306e-01 2.539460188161219573e-04
-5.297511826888680053e-01 2.545586759642214981e-04
-5.297002301753466202e-01 2.547116099978215362e-04
-5.302607078240835214e-01 2.473165935007842460e-04
-5.303116603376047955e-01 2.460009304094029669e-04
-5.302097553105618033e-01 2.485208520560984870e-04
-5.301588027970405292e-01 2.496153184799823101e-04
-5.302097553105619143e-01 2.485208520560984870e-04
-5.300059452564757079e-01 2.522535393672109679e-04
-5.301588027970405292e-01 2.496153184799822559e-04
-5.300059452564757079e-01 2.522535393672109679e-04
-5.295473726347819099e-01 2.545586759642214981e-04
-5.298530877159113306e-01 2.539460188161219573e-04
-5.299549927429544338e-01 2.529216256980135018e-04
-5.296492776618250131e-01 2.547625676076137541e-04
-5.297511826888681163e-01 2.545586759642215523e-04
-5.296492776618252352e-01 2.547625676076137541e-04
-5.299040402294328267e-01 2.534855542146015285e-04
-5.302607078240834104e-01 2.473165935007843002e-04
-5.304135653646480097e-01 2.430280002945377010e-04
-5.301078502835189221e-01 2.506014312815343925e-04
-5.299040402294327157e-01 2.534855542146015827e-04
-5.299549927429544338e-01 2.529216256980135018e-04
-5.303116603376050175e-01 2.460009304094029669e-04
-5.300568977699972040e-01 2.514804651024825670e-04
-5.299040402294328267e-01 2.534855542146015285e-04
-5.298021352023897235e-01 2.543035815259971641e-04
-5.299549927429542118e-01 2.529216256980133934e-04
-5.298530877159111085e-01 2.539460188161219573e-04
-5.297511826888683384e-01 2.545586759642215523e-04
-5.299040402294328267e-01 2.534855542146015285e-04
-5.297002301753466202e-01 2.547116099978215362e-04
-5.301588027970405292e-01 2.496153184799822559e-04
-5.299549927429544338e-01 2.529216256980135018e-04
-5.299040402294327157e-01 2.534855542146015827e-04
-5.298530877159112196e-01 2.539460188161220657e-04
-5.300568977699974260e-01 2.514804651024825670e-04
-5.301078502835188111e-01 2.506014312815343925e-04
-5.300568977699972040e-01 2.514804651024825670e-04
-5.301588027970405292e-01 2.496153184799822559e-04
-5.295983251483036280e-01 2.547116099978215362e-04
-5.295983251483035170e-01 2.547116099978215362e-04
-5.298021352023897235e-01 2.543035815259971641e-04
-5.298530877159113306e-01 2.539460188161220115e-04
-5.302097553105618033e-01 2.485208520560984870e-04
-5.300568977699974260e-01 2.514804651024825670e-04
-5.298530877159113306e-01 2.539460188161219573e-04
-5.301588027970403072e-01 2.496153184799823101e-04
-5.300568977699972040e-01 2.514804651024825670e-04
-5.299040402294328267e-01 2.534855542146015827e-04
-5.303626128511266247e-01 2.445720649033092105e-04
-5.301588027970401962e-01 2.496153184799823101e-04
-5.301588027970405292e-01 2.496153184799822559e-04
-5.300568977699974260e-01 2.514804651024825670e-04
-5.299040402294327157e-01 2.534855542146015827e-04
-5.298530877159113306e-01 2.539460188161219573e-04
-5.300568977699974260e-01 2.514804651024825670e-04
-5.297002301753467313e-01 2.547116099978215904e-04
-5.298021352023896124e-01 2.543035815259971641e-04
-5.298021352023897235e-01 2.543035815259971641e-04
-5.297511826888681163e-01 2.545586759642214981e-04
-5.298530877159111085e-01 2.539460188161219573e-04
-5.301588027970405292e-01 2.496153184799822559e-04
-5.301078502835189221e-01 2.506014312815343925e-04
-5.299549927429541007e-01 2.529216256980133934e-04
-5.301588027970401962e-01 2.496153184799823101e-04
-5.299549927429544338e-01 2.529216256980135018e-04
-5.303116603376050175e-01 2.460009304094029669e-04
-5.301588027970401962e-01 2.496153184799823643e-04
-5.298530877159112196e-01 2.539460188161220657e-04
-5.297002301753467313e-01 2.547116099978215362e-04
-5.297511826888683384e-01 2.545586759642215523e-04
-5.299549927429541007e-01 2.529216256980133934e-04
-5.299040402294327157e-01 2.534855542146015285e-04
-5.298530877159113306e-01 2.539460188161219573e-04
-5.297511826888683384e-01 2.545586759642214981e-04
-5.299549927429541007e-01 2.529216256980133934e-04
-5.301078502835189221e-01 2.506014312815343383e-04
-5.300568977699974260e-01 2.514804651024825670e-04
-5.299549927429541007e-01 2.529216256980133934e-04
-5.298530877159112196e-01 2.539460188161220657e-04
-5.300568977699974260e-01 2.514804651024825670e-04
-5.300568977699972040e-01 2.514804651024825670e-04
-5.300568977699972040e-01 2.514804651024825670e-04
-5.301078502835189221e-01 2.506014312815343383e-04
-5.301588027970405292e-01 2.496153184799823101e-04
-5.298021352023896124e-01 2.543035815259971641e-04
-5.295983251483036280e-01 2.547116099978215362e-04
-5.295983251483036280e-01 2.547116099978215362e-04
-5.300059452564757079e-01 2.522535393672109679e-04
-5.301078502835189221e-01 2.506014312815343383e-04
-5.300059452564758189e-01 2.522535393672110764e-04
-5.301078502835189221e-01 2.506014312815343383e-04
-5.301588027970401962e-01 2.496153184799823101e-04
-5.299549927429544338e-01 2.529216256980135018e-04
-5.302097553105619143e-01 2.485208520560984870e-04
-5.299040402294327157e-01 2.534855542146015827e-04
-5.298530877159113306e-01 2.539460188161219573e-04
-5.297002301753467313e-01 2.547116099978215362e-04
-5.295983251483035170e-01 2.547116099978215362e-04
-5.297002301753466202e-01 2.547116099978215362e-04
-5.295983251483036280e-01 2.547116099978215362e-04
-5.295983251483035170e-01 2.547116099978215362e-04
-5.295983251483035170e-01 2.547116099978215904e-04
-5.298021352023897235e-01 2.543035815259971641e-04
-5.296492776618251241e-01 2.547625676076136999e-04
-5.304645178781693948e-01 2.413665257457460575e-04
-5.300568977699974260e-01 2.514804651024825670e-04
-5.301078502835189221e-01 2.506014312815343925e-04
-5.301078502835188111e-01 2.506014312815343925e-04
-5.299040402294328267e-01 2.534855542146015285e-04
-5.301588027970405292e-01 2.496153184799823101e-04
-5.298530877159111085e-01 2.539460188161219573e-04
-5.301588027970401962e-01 2.496153184799823101e-04
-5.297002301753467313e-01 2.547116099978215362e-04
-5.299040402294328267e-01 2.534855542146015285e-04
-5.298530877159111085e-01 2.539460188161219573e-04
-5.299040402294328267e-01 2.534855542146015827e-04
-5.299549927429544338e-01 2.529216256980135018e-04
-5.298021352023896124e-01 2.543035815259971641e-04
-5.301078502835189221e-01 2.506014312815343383e-04
-5.301078502835189221e-01 2.506014312815343925e-04
-5.302097553105618033e-01 2.485208520560984870e-04
-5.303116603376050175e-01 2.460009304094029669e-04
-5.299040402294328267e-01 2.534855542146015827e-04
-5.300059452564758189e-01 2.522535393672110764e-04
-5.302607078240832994e-01 2.473165935007842460e-04
-5.299040402294328267e-01 2.534855542146015827e-04
-5.297511826888681163e-01 2.545586759642215523e-04
-5.301588027970401962e-01 2.496153184799823643e-04
-5.299040402294328267e-01 2.534855542146015285e-04
-5.299040402294328267e-01 2.534855542146015827e-04
-5.298530877159112196e-01 2.539460188161220115e-04
-5.297002301753466202e-01 2.547116099978215362e-04
-5.298021352023897235e-01 2.543035815259971641e-04
-5.303116603376050175e-01 2.460009304094029669e-04
-5.298021352023896124e-01 2.543035815259971641e-04
-5.300568977699974260e-01 2.514804651024825670e-04
-5.300568977699974260e-01 2.514804651024825670e-04
-5.300568977699972040e-01 2.514804651024825127e-04
-5.301588027970405292e-01 2.496153184799822559e-04
-5.301588027970405292e-01 2.496153184799823101e-04
-5.301078502835188111e-01 2.506014312815343925e-04
-5.295983251483035170e-01 2.547116099978215904e-04
-5.297002301753467313e-01 2.547116099978215362e-04
-5.297511826888681163e-01 2.545586759642215523e-04
-5.295473726347819099e-01 2.545586759642214981e-04
-5.300059452564758189e-01 2.522535393672110764e-04
-5.300059452564758189e-01 2.522535393672110764e-04
-5.298021352023896124e-01 2.543035815259971641e-04
-5.299549927429544338e-01 2.529216256980135018e-04
-5.304135653646480097e-01 2.430280002945377010e-04
-5.302097553105618033e-01 2.485208520560984870e-04
-5.299549927429542118e-01 2.529216256980133934e-04
-5.302607078240835214e-01 2.473165935007842460e-04
-5.302097553105619143e-01 2.485208520560984870e-04
-5.301588027970401962e-01 2.496153184799823101e-04
-5.296492776618252352e-01 2.547625676076137541e-04
-5.300059452564758189e-01 2.522535393672110764e-04
-5.298530877159111085e-01 2.539460188161219573e-04
-5.299040402294328267e-01 2.534855542146015827e-04
-5.298530877159113306e-01 2.539460188161219573e-04
-5.295473726347819099e-01 2.545586759642214981e-04
-5.301078502835188111e-01 2.506014312815343925e-04
-5.298530877159113306e-01 2.539460188161219573e-04
-5.299549927429542118e-01 2.529216256980133934e-04
-5.297511826888680053e-01 2.545586759642214981e-04
-5.300059452564758189e-01 2.522535393672110764e-04
-5.299549927429542118e-01 2.529216256980133934e-04
-5.301588027970401962e-01 2.496153184799823643e-04
-5.303116603376050175e-01 2.460009304094029669e-04
-5.302097553105619143e-01 2.485208520560985412e-04
-5.300059452564757079e-01 2.522535393672109679e-04
-5.299549927429542118e-01 2.529216256980133934e-04
-5.301078502835189221e-01 2.506014312815343925e-04
-5.299040402294328267e-01 2.534855542146015285e-04
-5.299549927429541007e-01 2.529216256980133934e-04
-5.297002301753467313e-01 2.547116099978215904e-04
-5.295473726347822430e-01 2.545586759642214981e-04
-5.303116603376047955e-01 2.460009304094029669e-04
-5.302097553105619143e-01 2.485208520560985412e-04
-5.299549927429544338e-01 2.529216256980135018e-04
-5.300568977699972040e-01 2.514804651024825670e-04
-5.299549927429542118e-01 2.529216256980133934e-04
-5.300059452564758189e-01 2.522535393672110764e-04
-5.304135653646480097e-01 2.430280002945377010e-04
-5.301078502835188111e-01 2.506014312815343925e-04
-5.299040402294328267e-01 2.534855542146015827e-04
-5.299040402294328267e-01 2.534855542146015827e-04
-5.300568977699972040e-01 2.514804651024825670e-04
-5.299040402294328267e-01 2.534855542146015827e-04
-5.300568977699974260e-01 2.514804651024825670e-04
-5.299040402294327157e-01 2.534855542146015827e-04
-5.299040402294327157e-01 2.534855542146015285e-04
-5.301078502835189221e-01 2.506014312815343383e-04
-5.299549927429542118e-01 2.529216256980133934e-04
-5.299040402294327157e-01 2.534855542146015827e-04
-5.303116603376050175e-01 2.460009304094029669e-04
-5.300568977699973150e-01 2.514804651024825670e-04
-5.298530877159111085e-01 2.539460188161219573e-04
-5.301078502835189221e-01 2.506014312815343925e-04
-5.303116603376050175e-01 2.460009304094029669e-04
-5.300568977699973150e-01 2.514804651024825670e-04
-5.299040402294327157e-01 2.534855542146015827e-04
-5.299549927429544338e-01 2.529216256980135018e-04
-5.298021352023896124e-01 2.543035815259971641e-04
-5.295473726347819099e-01 2.545586759642214981e-04
-5.298530877159112196e-01 2.539460188161220657e-04
-5.299549927429544338e-01 2.529216256980135018e-04
-5.301588027970401962e-01 2.496153184799823101e-04
-5.298530877159113306e-01 2.539460188161219573e-04
-5.301078502835189221e-01 2.506014312815343925e-04
-5.299040402294327157e-01 2.534855542146015827e-04
-5.301588027970403072e-01 2.496153184799823101e-04
-5.301588027970405292e-01 2.496153184799823101e-04
-5.300568977699973150e-01 2.514804651024825670e-04
-5.300568977699972040e-01 2.514804651024825670e-04
-5.297002301753467313e-01 2.547116099978215362e-04
-5.297002301753467313e-01 2.547116099978215904e-04
-5.299549927429541007e-01 2.529216256980133934e-04
-5.297511826888683384e-01 2.545586759642215523e-04
-5.298530877159113306e-01 2.539460188161220115e-04
-5.297511826888680053e-01 2.545586759642214981e-04
-5.300568977699973150e-01 2.514804651024825670e-04
-5.299040402294328267e-01 2.534855542146015827e-04
-5.298530877159112196e-01 2.539460188161220115e-04
-5.300059452564757079e-01 2.522535393672109679e-04
-5.301588027970405292e-01 2.496153184799822559e-04
-5.302097553105619143e-01 2.485208520560984870e-04
-5.303626128511262916e-01 2.445720649033092105e-04
-5.301588027970403072e-01 2.496153184799823101e-04
-5.297511826888683384e-01 2.545586759642214981e-04
-5.299040402294327157e-01 2.534855542146015827e-04
-5.299040402294328267e-01 2.534855542146015827e-04
-5.294964201212606358e-01 2.543035815259971641e-04
-5.300568977699973150e-01 2.514804651024825670e-04
-5.295983251483035170e-01 2.547116099978215904e-04
-5.292926100671744294e-01 2.522535393672110764e-04
-5.294964201212606358e-01 2.543035815259971641e-04
-5.297511826888680053e-01 2.545586759642214981e-04
-5.295983251483036280e-01 2.547116099978215904e-04
-5.300059452564758189e-01 2.522535393672110764e-04
-5.298530877159111085e-01 2.539460188161219573e-04
-5.300059452564757079e-01 2.522535393672109679e-04
-5.299040402294328267e-01 2.534855542146015827e-04
-5.299040402294327157e-01 2.534855542146015827e-04
-5.297511826888680053e-01 2.545586759642214981e-04
-5.301588027970405292e-01 2.496153184799822559e-04
-5.299549927429544338e-01 2.529216256980135018e-04
-5.300568977699972040e-01 2.514804651024825670e-04
-5.297511826888683384e-01 2.545586759642215523e-04
-5.298530877159113306e-01 2.539460188161220115e-04
-5.299040402294327157e-01 2.534855542146015827e-04
-5.301078502835189221e-01 2.506014312815343925e-04
-5.300568977699974260e-01 2.514804651024825670e-04
-5.302607078240834104e-01 2.473165935007843002e-04
-5.302097553105618033e-01 2.485208520560984870e-04
-5.302607078240835214e-01 2.473165935007842460e-04
-5.299040402294327157e-01 2.534855542146015285e-04
-5.298530877159111085e-01 2.539460188161220115e-04
-5.295983251483036280e-01 2.547116099978215362e-04
-5.299549927429544338e-01 2.529216256980135018e-04
-5.297002301753466202e-01 2.547116099978215362e-04
-5.298021352023897235e-01 2.543035815259971641e-04
-5.301078502835189221e-01 2.506014312815343925e-04
-5.298021352023896124e-01 2.543035815259971641e-04
-5.296492776618250131e-01 2.547625676076137541e-04
-5.301588027970405292e-01 2.496153184799822559e-04
-5.300059452564758189e-01 2.522535393672110764e-04
-5.299549927429541007e-01 2.529216256980133934e-04
-5.301078502835189221e-01 2.506014312815343383e-04
-5.300059452564758189e-01 2.522535393672110764e-04
-5.302097553105618033e-01 2.485208520560984870e-04
-5.300568977699973150e-01 2.514804651024825670e-04
-5.299549927429544338e-01 2.529216256980135018e-04
-5.298021352023896124e-01 2.543035815259971641e-04
-5.298021352023896124e-01 2.543035815259971641e-04
-5.299040402294328267e-01 2.534855542146015827e-04
-5.298021352023897235e-01 2.543035815259971641e-04
-5.300568977699972040e-01 2.514804651024825670e-04
-5.296492776618251241e-01 2.547625676076136999e-04
-5.297511826888683384e-01 2.545586759642214981e-04
-5.299549927429541007e-01 2.529216256980133934e-04
-5.300568977699974260e-01 2.514804651024825670e-04
-5.299549927429544338e-01 2.529216256980135018e-04
-5.299549927429541007e-01 2.529216256980133934e-04
-5.300568977699973150e-01 2.514804651024825670e-04
-5.304645178781696169e-01 2.413665257457460033e-04
-5.300059452564758189e-01 2.522535393672110764e-04
-5.297511826888680053e-01 2.545586759642214981e-04
-5.298530877159112196e-01 2.539460188161220657e-04
-5.299549927429544338e-01 2.529216256980135018e-04
-5.299549927429542118e-01 2.529216256980133934e-04
-5.300059452564758189e-01 2.522535393672110764e-04
-5.299040402294328267e-01 2.534855542146015827e-04
-5.295983251483035170e-01 2.547116099978215362e-04
-5.298530877159111085e-01 2.539460188161219573e-04
-5.298021352023897235e-01 2.543035815259971641e-04
-5.302097553105619143e-01 2.485208520560984870e-04
-5.298530877159111085e-01 2.539460188161219573e-04
-5.300059452564758189e-01 2.522535393672110764e-04
-5.297002301753467313e-01 2.547116099978215904e-04
-5.300568977699972040e-01 2.514804651024825670e-04
-5.297002301753467313e-01 2.547116099978215904e-04
-5.294454676077391397e-01 2.539460188161219573e-04
-5.298021352023896124e-01 2.543035815259971641e-04
-5.296492776618250131e-01 2.547625676076137541e-04
-5.296492776618252352e-01 2.547625676076137541e-04
-5.297002301753466202e-01 2.547116099978215362e-04
-5.296492776618250131e-01 2.547625676076137541e-04
-5.302097553105619143e-01 2.485208520560985412e-04
-5.300568977699974260e-01 2.514804651024825670e-04
-5.301078502835188111e-01 2.506014312815343925e-04
-5.301588027970405292e-01 2.496153184799822559e-04
-5.300059452564758189e-01 2.522535393672110764e-04
-5.300059452564757079e-01 2.522535393672109679e-04
-5.302607078240834104e-01 2.473165935007842460e-04
-5.302607078240835214e-01 2.473165935007842460e-04
-5.300568977699973150e-01 2.514804651024825670e-04
-5.299040402294327157e-01 2.534855542146015827e-04
-5.300568977699974260e-01 2.514804651024826212e-04
-5.297002301753467313e-01 2.547116099978215904e-04
-5.298530877159111085e-01 2.539460188161219573e-04
-5.299549927429542118e-01 2.529216256980133934e-04
-5.299549927429544338e-01 2.529216256980135018e-04
-5.298021352023896124e-01 2.543035815259971641e-04
-5.301078502835188111e-01 2.506014312815343925e-04
-5.300568977699974260e-01 2.514804651024825670e-04
-5.299549927429542118e-01 2.529216256980133934e-04
-5.302097553105618033e-01 2.485208520560984870e-04
-5.302607078240835214e-01 2.473165935007842460e-04
-5.301588027970405292e-01 2.496153184799823101e-04
-5.303116603376047955e-01 2.460009304094029669e-04
-5.301588027970403072e-01 2.496153184799823101e-04
-5.299040402294328267e-01 2.534855542146015827e-04
-5.297511826888680053e-01 2.545586759642214981e-04
-5.298021352023896124e-01 2.543035815259971641e-04
-5.297002301753467313e-01 2.547116099978215362e-04
-5.300059452564758189e-01 2.522535393672110764e-04
-5.299549927429541007e-01 2.529216256980133934e-04
-5.298021352023897235e-01 2.543035815259971641e-04
-5.295983251483035170e-01 2.547116099978215904e-04
-5.290888000130883340e-01 2.485208520560985412e-04
-5.288849899590022385e-01 2.430280002945377010e-04
-5.290378474995669489e-01 2.473165935007842460e-04
-5.287321324184375282e-01 2.376813242123630688e-04
-5.286811799049161431e-01 2.464227068535382054e-04
-5.292416575536530443e-01 2.514804651024825670e-04
-5.291907050401313262e-01 2.506014312815343925e-04
-5.292416575536528223e-01 2.514804651024825670e-04
-5.294454676077389177e-01 2.539460188161220657e-04
-5.291907050401314372e-01 2.506014312815343925e-04
-5.300059452564757079e-01 2.522535393672109679e-04
-5.297511826888683384e-01 2.545586759642215523e-04
-5.299549927429544338e-01 2.529216256980135018e-04
-5.300059452564757079e-01 2.522535393672109679e-04
-5.303626128511262916e-01 2.445720649033092105e-04
-5.299549927429544338e-01 2.529216256980135018e-04
-5.302607078240835214e-01 2.473165935007842460e-04
-5.301078502835188111e-01 2.506014312815343925e-04
-5.301078502835189221e-01 2.506014312815343383e-04
-5.302097553105619143e-01 2.485208520560984870e-04
-5.297002301753466202e-01 2.547116099978215362e-04
-5.301078502835189221e-01 2.506014312815343925e-04
-5.299549927429542118e-01 2.529216256980133934e-04
-5.300059452564757079e-01 2.522535393672109679e-04
-5.299040402294327157e-01 2.534855542146015827e-04
-5.298021352023897235e-01 2.543035815259971641e-04
-5.299549927429542118e-01 2.529216256980133934e-04
-5.296492776618250131e-01 2.547625676076137541e-04
-5.302607078240835214e-01 2.473165935007842460e-04
-5.300059452564758189e-01 2.522535393672110764e-04
-5.302097553105618033e-01 2.485208520560984870e-04
-5.298530877159113306e-01 2.539460188161219573e-04
-5.300568977699974260e-01 2.514804651024825670e-04
-5.303116603376047955e-01 2.460009304094029669e-04
-5.301588027970403072e-01 2.496153184799823101e-04
-5.302097553105619143e-01 2.485208520560985412e-04
-5.297002301753466202e-01 2.547116099978215362e-04
-5.298021352023896124e-01 2.543035815259971641e-04
-5.299549927429544338e-01 2.529216256980135018e-04
-5.297002301753467313e-01 2.547116099978215904e-04
-5.299040402294327157e-01 2.534855542146015827e-04
-5.299549927429542118e-01 2.529216256980133934e-04
-5.299549927429544338e-01 2.529216256980135018e-04
-5.301588027970401962e-01 2.496153184799823643e-04
-5.301078502835189221e-01 2.506014312815343925e-04
-5.297511826888683384e-01 2.545586759642214981e-04
-5.302607078240834104e-01 2.473165935007842460e-04
-5.300059452564757079e-01 2.522535393672109679e-04
-5.300568977699974260e-01 2.514804651024825670e-04
-5.300568977699974260e-01 2.514804651024825670e-04
-5.299549927429541007e-01 2.529216256980133934e-04
-5.297002301753467313e-01 2.547116099978215904e-04
-5.296492776618252352e-01 2.547625676076137541e-04
-5.298021352023896124e-01 2.543035815259971641e-04
-5.301588027970403072e-01 2.496153184799822559e-04
-5.298530877159113306e-01 2.539460188161219573e-04
-5.298530877159112196e-01 2.539460188161220115e-04
-5.300059452564757079e-01 2.522535393672109679e-04
-5.301588027970405292e-01 2.496153184799822559e-04
-5.298530877159112196e-01 2.539460188161220115e-04
-5.299549927429541007e-01 2.529216256980133934e-04
-5.299040402294328267e-01 2.534855542146015827e-04
-5.300059452564758189e-01 2.522535393672110764e-04
-5.299549927429542118e-01 2.529216256980133934e-04
-5.301078502835189221e-01 2.506014312815343925e-04
-5.298530877159113306e-01 2.539460188161219573e-04
-5.302607078240832994e-01 2.473165935007842460e-04
-5.297002301753466202e-01 2.547116099978215362e-04
-5.299549927429541007e-01 2.529216256980133934e-04
-5.300059452564758189e-01 2.522535393672110764e-04
-5.298530877159112196e-01 2.539460188161220115e-04
-5.299040402294327157e-01 2.534855542146015285e-04
-5.297511826888683384e-01 2.545586759642215523e-04
-5.300568977699974260e-01 2.514804651024825670e-04
-5.304135653646478987e-01 2.430280002945377010e-04
-5.298021352023897235e-01 2.543035815259971641e-04
-5.306173754187341052e-01 2.356519322744944167e-04
-5.302097553105618033e-01 2.485208520560985412e-04
-5.302607078240835214e-01 2.473165935007842460e-04
-5.302607078240835214e-01 2.473165935007842460e-04
-5.299040402294327157e-01 2.534855542146015285e-04
-5.298530877159111085e-01 2.539460188161219573e-04
-5.297511826888681163e-01 2.545586759642215523e-04
-5.300568977699974260e-01 2.514804651024825670e-04
-5.300568977699972040e-01 2.514804651024825670e-04
-5.297511826888683384e-01 2.545586759642215523e-04
-5.300568977699974260e-01 2.514804651024825670e-04
-5.301078502835188111e-01 2.506014312815343925e-04
-5.300059452564757079e-01 2.522535393672109679e-04
-5.302097553105619143e-01 2.485208520560984870e-04
-5.301078502835188111e-01 2.506014312815343925e-04
-5.303116603376047955e-01 2.460009304094029669e-04
-5.299040402294328267e-01 2.534855542146015827e-04
-5.297002301753467313e-01 2.547116099978215904e-04
-5.295983251483035170e-01 2.547116099978215362e-04
-5.293945150942175326e-01 2.534855542146015827e-04
-5.295983251483036280e-01 2.547116099978215362e-04
-5.295473726347819099e-01 2.545586759642215523e-04
-5.297511826888681163e-01 2.545586759642214981e-04
-5.300059452564758189e-01 2.522535393672110764e-04
-5.294964201212605248e-01 2.543035815259971641e-04
-5.297002301753466202e-01 2.547116099978215362e-04
-5.300568977699974260e-01 2.514804651024825670e-04
-5.295473726347822430e-01 2.545586759642214981e-04
-5.301078502835188111e-01 2.506014312815343925e-04
-5.298530877159113306e-01 2.539460188161219573e-04
-5.297511826888683384e-01 2.545586759642214981e-04
-5.300568977699972040e-01 2.514804651024825670e-04
-5.298530877159112196e-01 2.539460188161220657e-04
-5.295473726347822430e-01 2.545586759642214981e-04
-5.297511826888680053e-01 2.545586759642214981e-04
-5.298021352023896124e-01 2.543035815259971641e-04
-5.297002301753467313e-01 2.547116099978215362e-04
-5.297511826888680053e-01 2.545586759642214981e-04
-5.298021352023896124e-01 2.543035815259971641e-04
-5.297002301753467313e-01 2.547116099978215904e-04
-5.298021352023897235e-01 2.543035815259971641e-04
-5.300568977699972040e-01 2.514804651024825670e-04
-5.300059452564758189e-01 2.522535393672109679e-04
-5.299549927429544338e-01 2.529216256980135018e-04
-5.297002301753466202e-01 2.547116099978215362e-04
-5.299549927429541007e-01 2.529216256980133934e-04
-5.301588027970405292e-01 2.496153184799822559e-04
-5.297511826888681163e-01 2.545586759642214981e-04
-5.298021352023896124e-01 2.543035815259971641e-04
-5.299549927429544338e-01 2.529216256980135018e-04
-5.297002301753467313e-01 2.547116099978215904e-04
-5.297002301753466202e-01 2.547116099978215362e-04
-5.297511826888680053e-01 2.545586759642214981e-04
-5.297511826888683384e-01 2.545586759642214981e-04
-5.298021352023896124e-01 2.543035815259971641e-04
-5.301078502835188111e-01 2.506014312815343925e-04
-5.300568977699974260e-01 2.514804651024825670e-04
-5.301078502835189221e-01 2.506014312815343925e-04
-5.298021352023896124e-01 2.543035815259971641e-04
-5.300059452564758189e-01 2.522535393672110222e-04
-5.297511826888683384e-01 2.545586759642214981e-04
-5.302097553105618033e-01 2.485208520560984870e-04
-5.297511826888681163e-01 2.545586759642215523e-04
-5.300059452564758189e-01 2.522535393672110764e-04
-5.295983251483035170e-01 2.547116099978215362e-04
-5.297002301753466202e-01 2.547116099978215362e-04
-5.298021352023897235e-01 2.543035815259971641e-04
-5.297002301753466202e-01 2.547116099978215904e-04
-5.295473726347819099e-01 2.545586759642214981e-04
-5.298530877159113306e-01 2.539460188161219573e-04
-5.302097553105619143e-01 2.485208520560984870e-04
-5.302097553105618033e-01 2.485208520560984870e-04
-5.299040402294327157e-01 2.534855542146015827e-04
-5.301588027970405292e-01 2.496153184799823101e-04
-5.298530877159112196e-01 2.539460188161220115e-04
-5.300059452564758189e-01 2.522535393672110222e-04
-5.299040402294328267e-01 2.534855542146015827e-04
-5.298530877159111085e-01 2.539460188161219573e-04
-5.295983251483035170e-01 2.547116099978215362e-04
-5.299040402294328267e-01 2.534855542146015827e-04
-5.298530877159113306e-01 2.539460188161220115e-04
-5.293945150942174216e-01 2.534855542146015827e-04
-5.297002301753467313e-01 2.547116099978215904e-04
-5.294454676077391397e-01 2.639713956868813697e-04
-5.299040402294327157e-01 2.534855542146015827e-04
-5.298021352023897235e-01 2.543035815259971641e-04
-5.298530877159113306e-01 2.539460188161219573e-04
-5.300059452564758189e-01 2.522535393672110764e-04
-5.297002301753466202e-01 2.547116099978215362e-04
-5.298530877159113306e-01 2.539460188161219573e-04
-5.297002301753467313e-01 2.547116099978215904e-04
-5.300568977699972040e-01 2.514804651024825670e-04
-5.294964201212606358e-01 2.543035815259971641e-04
-5.302097553105619143e-01 2.485208520560985412e-04
-5.294964201212605248e-01 2.543035815259971641e-04
-5.298021352023896124e-01 2.543035815259971641e-04
-5.300059452564758189e-01 2.522535393672110764e-04
-5.298021352023896124e-01 2.543035815259971641e-04
-5.300059452564757079e-01 2.522535393672109679e-04
-5.298021352023897235e-01 2.543035815259971641e-04
-5.301588027970403072e-01 2.496153184799823101e-04
-5.296492776618250131e-01 2.547625676076137541e-04
-5.299040402294328267e-01 2.534855542146015285e-04
-5.299549927429544338e-01 2.529216256980135018e-04
-5.297511826888680053e-01 2.545586759642214981e-04
-5.298021352023896124e-01 2.543035815259971641e-04
-5.302607078240835214e-01 2.473165935007842460e-04
-5.298530877159111085e-01 2.539460188161219573e-04
-5.296492776618250131e-01 2.547625676076137541e-04
-5.294454676077391397e-01 2.539460188161219573e-04
-5.295983251483036280e-01 2.547116099978215362e-04
-5.292416575536528223e-01 2.514804651024825670e-04
-5.292416575536528223e-01 2.514804651024825670e-04
-5.296492776618252352e-01 2.647570265778528332e-04
-5.300059452564757079e-01 2.522535393672109679e-04
-5.299549927429542118e-01 2.529216256980133934e-04
-5.299040402294328267e-01 2.534855542146015827e-04
-5.301078502835188111e-01 2.607554306791624648e-04
-5.302097553105618033e-01 2.485208520560984870e-04
-5.301078502835189221e-01 2.506014312815343925e-04
-5.299040402294328267e-01 2.534855542146015827e-04
-5.296492776618250131e-01 2.547625676076137541e-04
-5.298530877159113306e-01 2.539460188161219573e-04
-5.294964201212606358e-01 2.643153965346540092e-04
-5.289359424725236236e-01 2.445720649033091562e-04
-5.285283223643514328e-01 2.287762183110056185e-04
-5.285283223643516548e-01 2.287762183110056185e-04
-5.286811799049161431e-01 2.464227068535382054e-04
-5.287321324184375282e-01 2.586059674794576263e-04
-5.290888000130884450e-01 2.485208520560984870e-04
-5.301588027970405292e-01 2.496153184799823101e-04
-5.299040402294327157e-01 2.534855542146015827e-04
-5.301588027970405292e-01 2.496153184799822559e-04
-5.299549927429544338e-01 2.529216256980135018e-04
-5.299549927429541007e-01 2.529216256980133934e-04
-5.297002301753466202e-01 2.547116099978215362e-04
-5.297002301753467313e-01 2.547116099978215362e-04
-5.297002301753466202e-01 2.547116099978215362e-04
-5.295983251483035170e-01 2.547116099978215904e-04
-5.297511826888683384e-01 2.545586759642214981e-04
-5.292926100671745404e-01 2.522535393672109679e-04
-5.295983251483035170e-01 2.547116099978215362e-04
-5.291907050401313262e-01 2.506014312815343925e-04
-5.295473726347822430e-01 2.545586759642214981e-04
-5.296492776618250131e-01 2.547625676076137541e-04
-5.297002301753467313e-01 2.547116099978215904e-04
-5.297511826888683384e-01 2.545586759642215523e-04
-5.296492776618250131e-01 2.547625676076137541e-04
-5.298530877159111085e-01 2.539460188161219573e-04
-5.299549927429544338e-01 2.529216256980135018e-04
-5.295983251483035170e-01 2.547116099978215904e-04
-5.300059452564757079e-01 2.522535393672109679e-04
-5.298530877159113306e-01 2.539460188161219573e-04
-5.297511826888683384e-01 2.545586759642214981e-04
-5.294964201212605248e-01 2.543035815259971641e-04
-5.297002301753466202e-01 2.547116099978215362e-04
-5.296492776618252352e-01 2.547625676076137541e-04
-5.294454676077389177e-01 2.539460188161219573e-04
-5.298021352023896124e-01 2.543035815259971641e-04
-5.302097553105619143e-01 2.485208520560985412e-04
-5.297511826888683384e-01 2.545586759642214981e-04
-5.299549927429541007e-01 2.529216256980133934e-04
-5.302097553105619143e-01 2.485208520560985412e-04
-5.298530877159113306e-01 2.539460188161220115e-04
-5.299040402294327157e-01 2.534855542146015827e-04
-5.295473726347819099e-01 2.545586759642214981e-04
-5.298530877159112196e-01 2.539460188161220115e-04
-5.295473726347819099e-01 2.545586759642215523e-04
-5.295473726347821319e-01 2.545586759642215523e-04
-5.297002301753467313e-01 2.547116099978215362e-04
-5.298021352023897235e-01 2.543035815259971641e-04
-5.296492776618250131e-01 2.547625676076137541e-04
-5.300568977699974260e-01 2.514804651024825670e-04
-5.300568977699974260e-01 2.514804651024825670e-04
-5.297002301753466202e-01 2.547116099978215362e-04
-5.298530877159112196e-01 2.539460188161220657e-04
-5.300059452564758189e-01 2.522535393672110764e-04
-5.299040402294327157e-01 2.534855542146015285e-04
-5.299040402294327157e-01 2.534855542146015827e-04
-5.299549927429544338e-01 2.529216256980135018e-04
-5.295473726347821319e-01 2.545586759642215523e-04
-5.295983251483035170e-01 2.547116099978215904e-04
-5.299040402294328267e-01 2.534855542146015827e-04
-5.296492776618251241e-01 2.547625676076136999e-04
-5.297002301753466202e-01 2.547116099978215362e-04
-5.299040402294327157e-01 2.534855542146015285e-04
-5.298021352023897235e-01 2.543035815259971641e-04
-5.299040402294327157e-01 2.534855542146015827e-04
-5.302607078240834104e-01 2.473165935007843002e-04
-5.299549927429544338e-01 2.529216256980135018e-04
-5.297002301753466202e-01 2.547116099978215362e-04
-5.301078502835188111e-01 2.506014312815343925e-04
-5.300059452564758189e-01 2.522535393672110764e-04
-5.299040402294328267e-01 2.534855542146015285e-04
-5.299040402294327157e-01 2.534855542146015827e-04
-5.297511826888680053e-01 2.545586759642214981e-04
-5.297511826888683384e-01 2.545586759642214981e-04
-5.295983251483035170e-01 2.547116099978215362e-04
-5.296492776618251241e-01 2.547625676076136999e-04
-5.299040402294328267e-01 2.534855542146015827e-04
-5.297002301753467313e-01 2.547116099978215904e-04
-5.296492776618250131e-01 2.547625676076137541e-04
-5.300568977699974260e-01 2.514804651024826212e-04
-5.298530877159113306e-01 2.539460188161220115e-04
-5.300059452564757079e-01 2.522535393672109679e-04
-5.298530877159113306e-01 2.539460188161219573e-04
-5.300568977699974260e-01 2.514804651024825670e-04
-5.299549927429541007e-01 2.529216256980133934e-04
-5.295983251483035170e-01 2.547116099978215904e-04
-5.299549927429544338e-01 2.529216256980135018e-04
-5.297511826888681163e-01 2.545586759642214981e-04
-5.299040402294327157e-01 2.534855542146015827e-04
-5.297511826888683384e-01 2.545586759642214981e-04
-5.297002301753467313e-01 2.547116099978215904e-04
-5.298021352023896124e-01 2.543035815259971641e-04
-5.297511826888683384e-01 2.545586759642215523e-04
-5.295473726347822430e-01 2.545586759642214981e-04
-5.300059452564757079e-01 2.522535393672109679e-04
-5.299549927429542118e-01 2.529216256980133934e-04
-5.298021352023897235e-01 2.543035815259971641e-04
-5.301078502835188111e-01 2.506014312815343925e-04
-5.298530877159112196e-01 2.539460188161220657e-04
-5.300059452564758189e-01 2.522535393672110764e-04
-5.298530877159113306e-01 2.539460188161220115e-04
-5.299040402294327157e-01 2.534855542146015827e-04
-5.295983251483035170e-01 2.547116099978215904e-04
-5.297002301753467313e-01 2.547116099978215362e-04
-5.294454676077391397e-01 2.539460188161219573e-04
-5.297002301753466202e-01 2.547116099978215362e-04
-5.296492776618251241e-01 2.547625676076136999e-04
-5.297002301753467313e-01 2.547116099978215362e-04
-5.298021352023896124e-01 2.543035815259971641e-04
-5.298530877159112196e-01 2.539460188161220657e-04
-5.299549927429544338e-01 2.529216256980135018e-04
-5.301078502835188111e-01 2.506014312815343925e-04
-5.299549927429541007e-01 2.529216256980133934e-04
-5.299549927429544338e-01 2.529216256980135018e-04
-5.301078502835189221e-01 2.506014312815343925e-04
-5.300059452564757079e-01 2.522535393672109679e-04
-5.298021352023897235e-01 2.643153965346539550e-04
-5.298021352023897235e-01 2.543035815259971641e-04
-5.296492776618250131e-01 2.547625676076137541e-04
-5.296492776618251241e-01 2.547625676076136999e-04
-5.293435625806961475e-01 2.529216256980133934e-04
-5.298530877159113306e-01 2.539460188161220115e-04
-5.296492776618250131e-01 2.547625676076137541e-04
-5.299040402294328267e-01 2.534855542146015827e-04
-5.297511826888683384e-01 2.545586759642214981e-04
-5.299549927429541007e-01 2.529216256980133934e-04
-5.297511826888681163e-01 2.545586759642215523e-04
-5.302607078240835214e-01 2.473165935007842460e-04
-5.298530877159112196e-01 2.539460188161220115e-04
-5.299549927429542118e-01 2.529216256980133934e-04
-5.299549927429544338e-01 2.529216256980135018e-04
-5.294964201212605248e-01 2.543035815259971641e-04
-5.299040402294327157e-01 2.534855542146015285e-04
-5.296492776618252352e-01 2.547625676076137541e-04
-5.296492776618252352e-01 2.647570265778528874e-04
-5.295983251483035170e-01 2.547116099978215362e-04
-5.297002301753467313e-01 2.547116099978215904e-04
-5.297002301753467313e-01 2.547116099978215362e-04
-5.300568977699972040e-01 2.514804651024825670e-04
-5.300568977699972040e-01 2.514804651024825670e-04
-5.302097553105619143e-01 2.485208520560985412e-04
-5.301588027970405292e-01 2.496153184799823101e-04
-5.297002301753466202e-01 2.547116099978215362e-04
-5.298530877159113306e-01 2.539460188161219573e-04
-5.298530877159112196e-01 2.539460188161220115e-04
-5.298021352023896124e-01 2.543035815259971641e-04
-5.296492776618251241e-01 2.547625676076136999e-04
-5.298021352023897235e-01 2.543035815259971641e-04
-5.298530877159111085e-01 2.539460188161219573e-04
-5.297002301753467313e-01 2.547116099978215904e-04
-5.295473726347822430e-01 2.545586759642214981e-04
-5.297002301753466202e-01 2.547116099978215362e-04
-5.298021352023896124e-01 2.543035815259971641e-04
-5.297002301753467313e-01 2.547116099978215362e-04
-5.300059452564758189e-01 2.522535393672110764e-04
-5.295983251483035170e-01 2.547116099978215362e-04
-5.298021352023897235e-01 2.543035815259971099e-04
-5.301078502835189221e-01 2.506014312815343925e-04
-5.299549927429542118e-01 2.529216256980133934e-04
-5.300059452564758189e-01 2.522535393672110222e-04
-5.296492776618252352e-01 2.547625676076137541e-04
-5.299549927429542118e-01 2.529216256980133934e-04
-5.294454676077389177e-01 2.539460188161219573e-04
-5.296492776618252352e-01 2.547625676076137541e-04
-5.298021352023897235e-01 2.543035815259971641e-04
-5.297511826888680053e-01 2.545586759642214981e-04
-5.299549927429544338e-01 2.529216256980135018e-04
-5.298530877159112196e-01 2.539460188161220115e-04
-5.300059452564757079e-01 2.522535393672109679e-04
-5.299549927429542118e-01 2.529216256980133934e-04
-5.301078502835189221e-01 2.506014312815343925e-04
-5.295983251483035170e-01 2.547116099978215904e-04
-5.301078502835188111e-01 2.506014312815343925e-04
-5.300059452564758189e-01 2.522535393672110764e-04
-5.297002301753467313e-01 2.547116099978215904e-04
-5.298021352023896124e-01 2.543035815259971641e-04
-5.294454676077390287e-01 2.539460188161220115e-04
-5.296492776618252352e-01 2.547625676076137541e-04
-5.297002301753466202e-01 2.547116099978215362e-04
-5.297511826888680053e-01 2.545586759642214981e-04
-5.296492776618252352e-01 2.547625676076137541e-04
-5.298021352023896124e-01 2.543035815259971641e-04
-5.297002301753466202e-01 2.547116099978215362e-04
-5.299549927429544338e-01 2.529216256980135018e-04
-5.294454676077390287e-01 2.539460188161220657e-04
-5.299549927429541007e-01 2.529216256980133934e-04
-5.301588027970405292e-01 2.496153184799822559e-04
-5.297002301753467313e-01 2.547116099978215904e-04
-5.300568977699972040e-01 2.514804651024825670e-04
-5.298530877159112196e-01 2.539460188161220657e-04
-5.296492776618252352e-01 2.547625676076137541e-04
-5.299040402294327157e-01 2.534855542146015827e-04
-5.296492776618250131e-01 2.547625676076137541e-04
-5.297002301753467313e-01 2.547116099978215362e-04
-5.297002301753467313e-01 2.547116099978215904e-04
-5.298021352023896124e-01 2.543035815259971641e-04
-5.297002301753467313e-01 2.547116099978215904e-04
-5.299040402294328267e-01 2.534855542146015827e-04
-5.300568977699972040e-01 2.514804651024825670e-04
-5.298530877159112196e-01 2.539460188161220657e-04
-5.298530877159113306e-01 2.539460188161219573e-04
-5.300059452564757079e-01 2.522535393672109679e-04
-5.294454676077389177e-01 2.539460188161220115e-04
-5.298530877159113306e-01 2.539460188161219573e-04
-5.295473726347819099e-01 2.545586759642215523e-04
-5.297511826888680053e-01 2.545586759642214981e-04
-5.294964201212606358e-01 2.543035815259971641e-04
-5.297002301753467313e-01 2.547116099978215904e-04
-5.297002301753466202e-01 2.547116099978215362e-04
-5.295983251483036280e-01 2.547116099978215362e-04
-5.294964201212606358e-01 2.543035815259971641e-04
-5.291907050401313262e-01 2.506014312815343383e-04
-5.293435625806960365e-01 2.529216256980133934e-04
-5.292926100671745404e-01 2.522535393672109679e-04
-5.291907050401313262e-01 2.506014312815343925e-04
-5.295473726347819099e-01 2.545586759642214981e-04
-5.298530877159113306e-01 2.539460188161219573e-04
-5.302097553105619143e-01 2.485208520560985412e-04
-5.300059452564757079e-01 2.522535393672109679e-04
-5.294454676077390287e-01 2.539460188161220115e-04
-5.294964201212606358e-01 2.543035815259971641e-04
-5.298021352023896124e-01 2.543035815259971641e-04
-5.290888000130883340e-01 2.485208520560984870e-04
-5.287830849319593574e-01 2.395851986273333351e-04
-5.274073670668779634e-01 2.015041464543034649e-04
-5.267959369046196771e-01 2.258064560080628796e-04
-5.267449843910982921e-01 2.814405797468638943e-04
-5.269487944451844985e-01 2.095257561820546466e-04
-5.273054620398349712e-01 2.381178375722309021e-04
-5.286811799049161431e-01 2.464227068535382054e-04
-5.300059452564758189e-01 2.522535393672110764e-04
-5.298021352023896124e-01 2.543035815259971641e-04
-5.297002301753466202e-01 2.547116099978215362e-04
-5.298021352023897235e-01 2.543035815259971641e-04
-5.297002301753466202e-01 2.547116099978215362e-04
-5.298530877159112196e-01 2.539460188161220657e-04
-5.297511826888683384e-01 2.545586759642214981e-04
-5.298021352023897235e-01 2.543035815259971641e-04
-5.297002301753466202e-01 2.547116099978215362e-04
-5.297511826888683384e-01 2.545586759642215523e-04
-5.297511826888683384e-01 2.545586759642214981e-04
-5.299549927429541007e-01 2.529216256980133934e-04
-5.300568977699973150e-01 2.514804651024825670e-04
-5.299549927429544338e-01 2.529216256980135018e-04
-5.299549927429541007e-01 2.529216256980133934e-04
-5.295473726347819099e-01 2.545586759642215523e-04
-5.301078502835189221e-01 2.506014312815343925e-04
-5.299549927429544338e-01 2.529216256980135018e-04
-5.294964201212605248e-01 2.543035815259971641e-04
-5.297511826888683384e-01 2.545586759642214981e-04
-5.299040402294328267e-01 2.534855542146015285e-04
-5.294964201212605248e-01 2.543035815259971641e-04
-5.299040402294327157e-01 2.534855542146015285e-04
-5.294964201212606358e-01 2.543035815259971641e-04
-5.298530877159112196e-01 2.539460188161220115e-04
-5.298530877159111085e-01 2.539460188161219573e-04
-5.298530877159113306e-01 2.539460188161219573e-04
-5.299549927429544338e-01 2.529216256980135018e-04
-5.302097553105618033e-01 2.485208520560984870e-04
-5.298530877159113306e-01 2.539460188161219573e-04
-5.300568977699974260e-01 2.514804651024825670e-04
-5.298530877159111085e-01 2.539460188161219573e-04
-5.300059452564757079e-01 2.522535393672109679e-04
-5.298530877159113306e-01 2.539460188161219573e-04
-5.298021352023896124e-01 2.543035815259971641e-04
-5.284773698508300477e-01 2.262085026680307753e-04
-5.280187972291362497e-01 2.085943880082531470e-04
-5.279678447156147536e-01 2.603568741899138701e-04
-5.273564145533565783e-01 2.085321488936323563e-04
-5.273564145533565783e-01 2.320997450641423961e-04
-5.272545095263134751e-01 2.329928690760848956e-04
-5.275602246074426738e-01 2.173111261656609605e-04
-5.292416575536529333e-01 2.514804651024825670e-04
-5.300568977699974260e-01 2.514804651024825670e-04
-5.299040402294327157e-01 2.534855542146015827e-04
-5.300059452564757079e-01 2.522535393672109679e-04
-5.299549927429544338e-01 2.529216256980135018e-04
-5.297511826888681163e-01 2.545586759642214981e-04
-5.297511826888680053e-01 2.545586759642214981e-04
-5.294454676077391397e-01 2.539460188161220115e-04
-5.297511826888683384e-01 2.545586759642214981e-04
-5.298530877159111085e-01 2.539460188161219573e-04
-5.299549927429544338e-01 2.529216256980135018e-04
-5.297002301753467313e-01 2.547116099978215362e-04
-5.297002301753466202e-01 2.547116099978215362e-04
-5.299549927429542118e-01 2.529216256980133934e-04
-5.302097553105619143e-01 2.485208520560984870e-04
-5.299549927429542118e-01 2.529216256980133934e-04
-5.299040402294327157e-01 2.534855542146015827e-04
-5.299040402294328267e-01 2.534855542146015827e-04
-5.297002301753467313e-01 2.547116099978215904e-04
-5.298530877159111085e-01 2.539460188161219573e-04
-5.297002301753467313e-01 2.547116099978215904e-04
-5.296492776618251241e-01 2.547625676076136999e-04
-5.293945150942174216e-01 2.534855542146015285e-04
-5.297511826888681163e-01 2.545586759642214981e-04
-5.295983251483036280e-01 2.547116099978215362e-04
-5.295473726347821319e-01 2.545586759642215523e-04
-5.298021352023896124e-01 2.543035815259971641e-04
-5.295983251483036280e-01 2.547116099978215362e-04
-5.295473726347821319e-01 2.545586759642215523e-04
-5.281716547697008490e-01 2.075337845767052871e-04
-5.267959369046196771e-01 2.678765100717285150e-04
-5.268468894181412843e-01 2.825453556518836887e-04
-5.266940318775767960e-01 2.665162288316488956e-04
-5.264392693099690934e-01 2.758503390740306904e-04
-5.274073670668780744e-01 2.370250468689820314e-04
-5.286302273913946470e-01 2.334937500606390146e-04
-5.293945150942174216e-01 2.534855542146015827e-04
-5.283754648237871665e-01 2.320997450641423419e-04
-5.278149871750504873e-01 2.280943204654285283e-04
-5.276111771209641699e-01 2.100825951399503679e-04
-5.275602246074426738e-01 2.173111261656609605e-04
-5.274583195803995705e-01 2.070327970394966917e-04
-5.280697497426578568e-01 2.124787016339733817e-04
-5.291907050401313262e-01 2.506014312815343925e-04
-5.298530877159113306e-01 2.539460188161219573e-04
-5.298530877159112196e-01 2.539460188161220115e-04
-5.291907050401313262e-01 2.506014312815343925e-04
-5.273054620398349712e-01 2.269532711853993660e-04
-5.272545095263135861e-01 2.095257561820546466e-04
-5.270506994722274907e-01 2.547116099978215904e-04
-5.269997469587057726e-01 2.694227076753932847e-04
-5.277640346615286582e-01 1.993669699047569881e-04
-5.291907050401313262e-01 2.506014312815343925e-04
-5.297511826888681163e-01 2.545586759642215523e-04
-5.297002301753467313e-01 2.547116099978215362e-04
-5.300568977699974260e-01 2.514804651024825670e-04
-5.294454676077389177e-01 2.539460188161219573e-04
-5.293945150942175326e-01 2.534855542146015285e-04
-5.293945150942175326e-01 2.534855542146015827e-04
-5.293945150942174216e-01 2.534855542146015827e-04
-5.297002301753467313e-01 2.547116099978215904e-04
-5.294454676077391397e-01 2.539460188161219573e-04
-5.295983251483035170e-01 2.547116099978215904e-04
-5.299549927429541007e-01 2.529216256980133934e-04
-5.298530877159113306e-01 2.539460188161219573e-04
-5.295473726347819099e-01 2.545586759642215523e-04
-5.294964201212605248e-01 2.543035815259971641e-04
-5.295473726347819099e-01 2.545586759642214981e-04
-5.298021352023897235e-01 2.543035815259971099e-04
-5.298021352023897235e-01 2.543035815259971641e-04
-5.293435625806958145e-01 2.529216256980135018e-04
-5.299040402294328267e-01 2.534855542146015285e-04
-5.298530877159113306e-01 2.539460188161220115e-04
-5.297002301753466202e-01 2.547116099978215362e-04
-5.299040402294328267e-01 2.534855542146015285e-04
-5.300059452564758189e-01 2.522535393672110764e-04
-5.297002301753466202e-01 2.547116099978215362e-04
-5.297511826888681163e-01 2.545586759642215523e-04
-5.300059452564758189e-01 2.522535393672110764e-04
-5.298021352023897235e-01 2.543035815259971641e-04
-5.298021352023896124e-01 2.543035815259971641e-04
-5.297511826888683384e-01 2.545586759642215523e-04
-5.298530877159113306e-01 2.539460188161219573e-04
-5.298021352023896124e-01 2.543035815259971641e-04
-5.295473726347821319e-01 2.545586759642214981e-04
-5.295983251483036280e-01 2.547116099978215362e-04
-5.295983251483035170e-01 2.547116099978215904e-04
-5.301078502835188111e-01 2.506014312815343925e-04
-5.299549927429544338e-01 2.529216256980135018e-04
-5.296492776618251241e-01 2.547625676076136999e-04
-5.299040402294327157e-01 2.534855542146015827e-04
-5.296492776618251241e-01 2.547625676076136999e-04
-5.297511826888683384e-01 2.545586759642214981e-04
-5.297002301753466202e-01 2.547116099978215362e-04
-5.299040402294327157e-01 2.534855542146015285e-04
-5.297511826888683384e-01 2.545586759642215523e-04
-5.297002301753467313e-01 2.547116099978215904e-04
-5.297002301753466202e-01 2.547116099978215362e-04
-5.299549927429544338e-01 2.529216256980135018e-04
-5.295983251483036280e-01 2.547116099978215362e-04
-5.295983251483035170e-01 2.547116099978215362e-04
-5.300568977699974260e-01 2.514804651024825670e-04
-5.298021352023897235e-01 2.543035815259971641e-04
-5.302097553105618033e-01 2.485208520560984870e-04
-5.301588027970401962e-01 2.496153184799823101e-04
-5.300059452564758189e-01 2.522535393672110764e-04
-5.299040402294328267e-01 2.534855542146015285e-04
-5.298530877159111085e-01 2.539460188161219573e-04
-5.300059452564758189e-01 2.522535393672110764e-04
-5.297002301753467313e-01 2.547116099978215904e-04
-5.298530877159111085e-01 2.539460188161219573e-04
-5.299040402294328267e-01 2.534855542146015827e-04
-5.295983251483036280e-01 2.547116099978215362e-04
-5.296492776618250131e-01 2.547625676076137541e-04
-5.297002301753466202e-01 2.547116099978215362e-04
-5.296492776618252352e-01 2.547625676076137541e-04
-5.298021352023897235e-01 2.543035815259971641e-04
-5.301078502835189221e-01 2.506014312815343925e-04
-5.297002301753467313e-01 2.547116099978215362e-04
-5.291397525266100521e-01 2.496153184799823101e-04
-5.267959369046200102e-01 2.477361300084528705e-04
-5.233821184986778841e-01 3.663978206437139762e-04
-5.217516380659891206e-01 4.345923844652707928e-04
-5.202230626603433494e-01 5.114322852457758167e-04
-5.190002023358267769e-01 5.100089543886326309e-04
-5.190511548493482730e-01 5.352682195553957675e-04
-5.230764034175485744e-01 3.764628797621974335e-04
-5.262864117694046051e-01 2.569946996594575672e-04
-5.268978419316627804e-01 2.487818760247563184e-04
-5.280697497426579679e-01 1.998871716237366446e-04
-5.299040402294327157e-01 2.534855542146015827e-04
-5.297511826888681163e-01 2.545586759642215523e-04
-5.294454676077391397e-01 2.539460188161219573e-04
-5.282226072832223451e-01 2.343815621990046668e-04
-5.270506994722273797e-01 2.443065430956781452e-04
-5.269487944451843875e-01 2.329928690760848956e-04
-5.265921268505335817e-01 2.647570265778528874e-04
-5.269487944451843875e-01 2.543035815259971641e-04
-5.286302273913945360e-01 2.647570265778528874e-04
-5.298021352023897235e-01 2.543035815259971641e-04
-5.298530877159111085e-01 2.539460188161219573e-04
-5.296492776618252352e-01 2.547625676076137541e-04
-5.297002301753467313e-01 2.547116099978215362e-04
-5.294454676077389177e-01 2.539460188161219573e-04
-5.289868949860452307e-01 2.460009304094029669e-04
-5.286811799049161431e-01 2.464227068535382054e-04
-5.287321324184375282e-01 2.376813242123630688e-04
-5.285792748778730399e-01 2.421718884298837068e-04
-5.284264173373087736e-01 2.348242095474373041e-04
-5.293435625806961475e-01 2.529216256980133934e-04
-5.298021352023896124e-01 2.543035815259971641e-04
-5.298021352023897235e-01 2.543035815259971641e-04
-5.298021352023896124e-01 2.543035815259971641e-04
-5.296492776618250131e-01 2.547625676076137541e-04
-5.294964201212605248e-01 2.643153965346540092e-04
-5.295983251483036280e-01 2.547116099978215362e-04
-5.295473726347821319e-01 2.545586759642215523e-04
-5.294454676077389177e-01 2.539460188161219573e-04
-5.295983251483036280e-01 2.547116099978215362e-04
-5.294454676077390287e-01 2.539460188161220657e-04
-5.302097553105618033e-01 2.485208520560984870e-04
-5.299549927429544338e-01 2.529216256980135018e-04
-5.299549927429544338e-01 2.529216256980135018e-04
-5.300059452564757079e-01 2.522535393672109679e-04
-5.300568977699973150e-01 2.514804651024825670e-04
-5.297511826888683384e-01 2.545586759642214981e-04
-5.293945150942174216e-01 2.534855542146015827e-04
-5.289868949860452307e-01 2.460009304094029669e-04
-5.286302273913947580e-01 2.334937500606389603e-04
-5.286302273913945360e-01 2.443596705385364621e-04
-5.290378474995667268e-01 2.473165935007842460e-04
-5.289359424725238457e-01 2.445720649033091562e-04
-5.265921268505335817e-01 2.743876826511493271e-04
-5.231273559310700705e-01 3.919039994653821793e-04
-5.211911604172522194e-01 4.306617847272483398e-04
-5.212421129307739376e-01 4.634998672888906361e-04
-5.213949704713383149e-01 4.740500937379640628e-04
-5.212930654442955447e-01 4.834853911131676467e-04
-5.219044956065538310e-01 4.322263010440509259e-04
-5.256749816071462078e-01 3.147529403827423362e-04
-5.287830849319591353e-01 2.603568741899138701e-04
-5.300568977699974260e-01 2.514804651024825670e-04
-5.297002301753467313e-01 2.647079929582865426e-04
-5.300059452564757079e-01 2.522535393672109679e-04
-5.297002301753466202e-01 2.547116099978215362e-04
-5.298530877159113306e-01 2.539460188161219573e-04
-5.295473726347819099e-01 2.545586759642215523e-04
-5.293945150942174216e-01 2.534855542146015827e-04
-5.295473726347822430e-01 2.545586759642214981e-04
-5.297002301753467313e-01 2.547116099978215904e-04
-5.301078502835188111e-01 2.506014312815343925e-04
-5.298530877159113306e-01 2.539460188161219573e-04
-5.298530877159113306e-01 2.539460188161220115e-04
-5.300059452564757079e-01 2.522535393672109679e-04
-5.301588027970403072e-01 2.496153184799823101e-04
-5.300059452564758189e-01 2.522535393672110764e-04
-5.300568977699972040e-01 2.514804651024825670e-04
-5.299040402294327157e-01 2.534855542146015285e-04
-5.293435625806961475e-01 2.529216256980133934e-04
-5.294964201212605248e-01 2.543035815259971641e-04
-5.295983251483035170e-01 2.547116099978215362e-04
-5.297002301753467313e-01 2.547116099978215362e-04
-5.298530877159113306e-01 2.539460188161220115e-04
-5.297511826888680053e-01 2.545586759642214981e-04
-5.299040402294328267e-01 2.534855542146015827e-04
-5.297002301753467313e-01 2.547116099978215362e-04
-5.300059452564757079e-01 2.522535393672109679e-04
-5.299040402294327157e-01 2.534855542146015285e-04
-5.301078502835189221e-01 2.506014312815343925e-04
-5.299040402294327157e-01 2.534855542146015285e-04
-5.303626128511262916e-01 2.445720649033092105e-04
-5.295473726347822430e-01 2.545586759642214981e-04
-5.298530877159113306e-01 2.539460188161220115e-04
-5.297002301753466202e-01 2.547116099978215362e-04
-5.297511826888681163e-01 2.545586759642215523e-04
-5.297511826888683384e-01 2.545586759642215523e-04
-5.297511826888680053e-01 2.545586759642214981e-04
-5.297511826888681163e-01 2.545586759642214981e-04
-5.295473726347822430e-01 2.545586759642214981e-04
-5.298021352023897235e-01 2.543035815259971641e-04
-5.300059452564757079e-01 2.522535393672109679e-04
-5.300568977699974260e-01 2.514804651024825670e-04
-5.298530877159113306e-01 2.539460188161220115e-04
-5.301078502835188111e-01 2.506014312815343925e-04
-5.298021352023897235e-01 2.543035815259971641e-04
-5.300059452564758189e-01 2.522535393672110764e-04
-5.298530877159112196e-01 2.539460188161220115e-04
-5.298021352023897235e-01 2.543035815259971641e-04
-5.297002301753467313e-01 2.547116099978215362e-04
-5.299040402294328267e-01 2.534855542146015285e-04
-5.297002301753466202e-01 2.547116099978215362e-04
-5.298021352023897235e-01 2.543035815259971641e-04
-5.296492776618252352e-01 2.547625676076137541e-04
-5.301078502835188111e-01 2.506014312815343925e-04
-5.301588027970403072e-01 2.496153184799822559e-04
-5.301078502835189221e-01 2.506014312815343925e-04
-5.299549927429542118e-01 2.529216256980133934e-04
-5.297511826888680053e-01 2.545586759642214981e-04
-5.300568977699974260e-01 2.514804651024825670e-04
-5.299549927429542118e-01 2.529216256980133934e-04
-5.297002301753466202e-01 2.547116099978215362e-04
-5.298021352023897235e-01 2.543035815259971099e-04
-5.294964201212606358e-01 2.543035815259971641e-04
-5.297511826888680053e-01 2.545586759642214981e-04
-5.298530877159112196e-01 2.539460188161220657e-04
-5.296492776618252352e-01 2.547625676076137541e-04
-5.297511826888681163e-01 2.545586759642214981e-04
-5.296492776618251241e-01 2.547625676076136999e-04
-5.301078502835189221e-01 2.506014312815343925e-04
-5.298021352023896124e-01 2.543035815259971641e-04
-5.297002301753466202e-01 2.547116099978215362e-04
-5.299040402294328267e-01 2.534855542146015827e-04
-5.298530877159113306e-01 2.539460188161220115e-04
-5.300059452564757079e-01 2.522535393672109679e-04
-5.300568977699973150e-01 2.514804651024825670e-04
-5.293945150942175326e-01 2.534855542146015827e-04
-5.299040402294327157e-01 2.534855542146015827e-04
-5.298021352023897235e-01 2.543035815259971641e-04
-5.298021352023897235e-01 2.543035815259971641e-04
-5.298021352023897235e-01 2.543035815259971641e-04
-5.296492776618250131e-01 2.547625676076137541e-04
-5.295473726347822430e-01 2.545586759642214981e-04
-5.298021352023897235e-01 2.543035815259971641e-04
-5.300568977699972040e-01 2.514804651024825127e-04
-5.303116603376050175e-01 2.460009304094029669e-04
-5.299040402294328267e-01 2.534855542146015827e-04
-5.300568977699972040e-01 2.514804651024825670e-04
-5.299040402294328267e-01 2.534855542146015285e-04
-5.297511826888681163e-01 2.545586759642215523e-04
-5.299040402294328267e-01 2.534855542146015285e-04
-5.295983251483035170e-01 2.547116099978215904e-04
-5.298530877159112196e-01 2.539460188161220657e-04
-5.295983251483036280e-01 2.547116099978215362e-04
-5.297511826888680053e-01 2.545586759642214981e-04
-5.299040402294328267e-01 2.534855542146015827e-04
-5.299040402294328267e-01 2.534855542146015827e-04
-5.295473726347819099e-01 2.545586759642215523e-04
-5.298530877159112196e-01 2.539460188161220657e-04
-5.297511826888683384e-01 2.545586759642215523e-04
-5.300568977699974260e-01 2.514804651024825670e-04
-5.301078502835188111e-01 2.506014312815343925e-04
-5.298530877159113306e-01 2.539460188161220115e-04
-5.297002301753467313e-01 2.547116099978215904e-04
-5.301078502835188111e-01 2.506014312815343925e-04
-5.298530877159113306e-01 2.539460188161219573e-04
-5.298021352023897235e-01 2.543035815259971641e-04
-5.298021352023896124e-01 2.543035815259971641e-04
-5.298530877159112196e-01 2.539460188161220657e-04
-5.297002301753467313e-01 2.547116099978215362e-04
-5.295983251483035170e-01 2.547116099978215904e-04
-5.298530877159111085e-01 2.539460188161219573e-04
-5.297511826888683384e-01 2.545586759642214981e-04
-5.296492776618252352e-01 2.547625676076137541e-04
-5.296492776618250131e-01 2.547625676076137541e-04
-5.299549927429544338e-01 2.529216256980135018e-04
-5.303626128511266247e-01 2.445720649033092105e-04
-5.297002301753466202e-01 2.547116099978215362e-04
-5.299040402294327157e-01 2.534855542146015827e-04
-5.298021352023897235e-01 2.543035815259971641e-04
-5.297002301753467313e-01 2.547116099978215904e-04
-5.299549927429541007e-01 2.529216256980133934e-04
-5.298530877159111085e-01 2.539460188161219573e-04
-5.294964201212606358e-01 2.543035815259971641e-04
-5.294454676077391397e-01 2.539460188161219573e-04
-5.296492776618250131e-01 2.547625676076137541e-04
-5.294964201212606358e-01 2.543035815259971641e-04
-5.295983251483036280e-01 2.547116099978215362e-04
-5.301078502835188111e-01 2.506014312815343925e-04
-5.298021352023897235e-01 2.543035815259971641e-04
-5.298021352023897235e-01 2.543035815259971641e-04
-5.301588027970403072e-01 2.496153184799823101e-04
-5.297511826888680053e-01 2.545586759642214981e-04
-5.300059452564758189e-01 2.522535393672110764e-04
-5.299549927429542118e-01 2.529216256980133934e-04
-5.294964201212605248e-01 2.543035815259971641e-04
-5.288340374454807424e-01 2.413665257457460575e-04
-5.286302273913946470e-01 2.334937500606389603e-04
-5.283754648237869445e-01 2.534855542146015285e-04
-5.268978419316627804e-01 9.984612739199292945e-05
-5.259297441747539104e-01 2.262085026680307753e-04
-5.259297441747539104e-01 2.374080957921073068e-04
-5.261335542288400058e-01 2.356519322744944167e-04
-5.266940318775766849e-01 1.996922547839858589e-04
-5.271526044992704829e-01 1.527725961064582423e-04
-5.286811799049161431e-01 2.464227068535382054e-04
-5.298021352023897235e-01 2.543035815259971641e-04
