# V, V_err
1.063584867642583642e+00 3.069604564962140087e-03
1.068170593859520290e+00 3.139348888768894123e-03
1.066692970967396237e+00 3.171359101195954291e-03
1.066081540805137839e+00 3.271992531960671302e-03
1.066336303372745764e+00 3.090810716900561743e-03
1.065215348075272184e+00 3.134714415813950363e-03
1.070514409481510221e+00 3.377021741151414128e-03
1.067864878778391313e+00 3.390126932601818938e-03
1.068323451400084778e+00 3.321134704698035060e-03
1.066743923480917511e+00 3.116607442759262818e-03
1.068323451400085000e+00 3.217101516054406227e-03
1.068170593859520290e+00 2.998930939330393761e-03
1.061241052020593489e+00 3.093329571757966190e-03
1.068017736318955579e+00 3.168754799574312331e-03
1.065521063156401382e+00 3.270702923477665329e-03
1.071686317292505297e+00 3.020912607881302316e-03
1.061903434696373383e+00 3.143419095182968005e-03
1.070718219535596427e+00 2.874277308131519167e-03
1.066081540805138284e+00 2.867753035906122922e-03
1.068221546373042008e+00 3.238993214047118478e-03
1.065011538021185977e+00 3.089634548539956470e-03
1.070514409481510443e+00 3.202619821944258614e-03
1.077291093779872533e+00 3.013771184268828219e-03
1.071584412265462083e+00 3.240291436679416763e-03
1.073979180400973510e+00 3.604223206092559834e-03
1.070667267022074709e+00 3.212175124314183786e-03
1.074641563076753181e+00 2.837391719674542921e-03
1.071074887130247122e+00 3.299913880917034002e-03
1.069342501670514922e+00 3.420185335249510510e-03
1.068731071508257191e+00 2.931430551637182608e-03
1.071737269806026571e+00 3.553034620276502957e-03
1.071992032373634274e+00 3.044147249250354383e-03
1.073062035157586136e+00 3.190437111883811204e-03
1.068374403913606496e+00 3.150542694135859134e-03
1.070361551940945510e+00 3.260546849922976199e-03
1.072450604995327961e+00 2.841720850671833158e-03
1.067661068724305329e+00 3.550988105377445199e-03
1.071125839643768396e+00 3.272924701547034413e-03
1.064145345291320321e+00 3.266131630502088715e-03
1.069597264238122847e+00 3.242321871574942692e-03
1.069036786589386390e+00 3.223824761152098949e-03
1.069902979319252045e+00 3.388441754134483876e-03
1.069750121778687335e+00 2.936739515633246447e-03
1.073062035157586358e+00 3.213948687466375385e-03
1.069648216751644343e+00 3.148172701016644336e-03
1.068985834075864449e+00 3.250095451327748765e-03
1.077494903833958517e+00 2.866666477675217442e-03
1.074488705536188915e+00 3.099366471368666855e-03
1.077291093779872533e+00 2.848131566826415505e-03
1.075405850779576289e+00 3.559750599656098195e-03
1.078259191536781181e+00 3.079366066718634137e-03
1.073062035157586136e+00 3.189623276754990824e-03
1.072195842427720480e+00 3.281816549311310314e-03
1.065928683264573573e+00 3.435707244494222261e-03
1.069495359211079855e+00 2.896124912243009351e-03
1.071584412265462083e+00 3.065732756411399060e-03
1.070259646913902296e+00 3.047369264528465398e-03
1.068832976535300183e+00 3.237453905693206575e-03
1.074845373130839388e+00 3.384413079681161153e-03
1.077036331212264830e+00 3.833346246662211552e-03
1.070157741886859748e+00 2.850136228313202187e-03
1.074590610563231463e+00 3.161007045741252332e-03
1.071074887130246900e+00 2.853540920773152932e-03
1.071074887130246900e+00 3.358400723051521101e-03
1.075303945752533075e+00 3.218081855714765346e-03
1.071584412265462083e+00 3.032526497867638407e-03
1.076272043509441723e+00 3.045988818170235896e-03
1.072144889914198762e+00 3.620609030681702731e-03
1.074896325644360884e+00 3.091852092374432724e-03
1.074692515590274899e+00 3.013232741232661424e-03
1.074437753022667197e+00 3.116761545411693250e-03
1.077647761374523006e+00 3.216371110035615155e-03
1.072042984887155770e+00 3.292947854921270123e-03
1.078055381482695418e+00 3.553882116913080307e-03
1.069036786589386390e+00 2.953154234072084133e-03
1.080552054645249838e+00 3.428979236998730938e-03
1.084730160754014294e+00 3.066664129429410961e-03
1.079125384266647281e+00 3.453603312977099934e-03
1.073724417833365807e+00 3.142064322645360484e-03
1.075966328428312746e+00 3.084020578038629799e-03
1.078921574212560852e+00 2.836915889817327643e-03
1.079940624482991440e+00 3.046091094910043269e-03
1.077036331212264830e+00 3.545544483440550478e-03
1.073520607779279823e+00 3.480485603093204892e-03
1.078004428969173700e+00 3.319336288632495496e-03
1.072756320076456937e+00 3.149586668047348135e-03
1.072654415049414167e+00 3.322053084997275002e-03
1.080246339564120639e+00 3.251728575935412813e-03
1.078157286509738189e+00 3.071870374139428622e-03
1.077545856347480013e+00 3.136171702427028966e-03
1.079431099347776479e+00 3.219698965152418494e-03
1.077800618915087494e+00 3.480455766224925009e-03
1.080348244591163631e+00 3.487534853545899791e-03
1.076934426185221838e+00 3.205310003297824097e-03
1.074998230671403876e+00 3.208192149282262234e-03
1.074488705536188915e+00 2.966692324332686082e-03
1.075303945752533297e+00 3.409248633284318354e-03
1.081927772510330676e+00 3.080242747384898724e-03
1.079329194320733265e+00 3.601503008696261415e-03
1.082997775294282761e+00 2.975382486754921899e-03
1.080297292077641913e+00 3.083746977729126884e-03
1.085137780862186485e+00 3.218634425872168858e-03
1.083965873051191631e+00 2.816429855194020268e-03
1.078361096563824395e+00 3.053832851360017454e-03
1.081520152402158708e+00 3.078556601441765402e-03
1.082590155186110126e+00 2.872095158214079715e-03
1.089672554565601859e+00 2.797933305828032881e-03
1.086768261294875026e+00 3.354068937855988163e-03
1.084577303213449806e+00 3.338610716798099710e-03
1.086564451240789042e+00 2.960073544743827868e-03
1.086615403754310760e+00 3.057401317552636052e-03
1.084883018294578783e+00 2.931124993857187749e-03
1.084169683105277615e+00 3.248881056686055060e-03
1.085647305997401668e+00 2.805147585029286756e-03
1.085188733375708203e+00 3.094504335703544915e-03
1.087226833916568935e+00 3.012715745382485780e-03
1.094105423241974018e+00 3.110508021440332258e-03
1.089519697025037148e+00 3.101062231931608383e-03
1.088245884186999080e+00 3.149553696454610811e-03
1.095532093620576575e+00 3.083717511632526852e-03
1.089672554565601859e+00 2.972497322776947691e-03
1.094156375755495514e+00 2.855791794190541341e-03
1.089519697025036926e+00 3.699643726722415173e-03
1.087685406538262400e+00 3.397184090677527694e-03
1.092067322701113063e+00 3.026064587556942520e-03
1.094818758431275407e+00 3.374333814452344735e-03
1.088806361835735759e+00 3.301329700673940291e-03
1.097570194161437307e+00 3.160715468148898692e-03
1.089825412106166347e+00 3.146060874048618641e-03
1.092576847836328469e+00 3.199298545727882748e-03
1.094462090836624713e+00 3.359293458904407705e-03
1.098793054485953657e+00 3.158644904239718641e-03
1.095481141107054857e+00 3.006090345590891732e-03
1.098844006999475376e+00 3.516015105564827218e-03
1.095735903674662559e+00 3.360162778789863632e-03
1.102410682945981657e+00 3.500326427130989650e-03
1.096551143891006941e+00 3.568291503187907051e-03
1.103480685729933519e+00 3.329488477457278380e-03
1.098640196945389391e+00 3.295217663366612100e-03
1.105213071189665497e+00 3.222133179177094024e-03
1.099557342188776543e+00 2.986160723853184280e-03
1.103888305838105710e+00 3.010513210709250213e-03
1.099812104756384246e+00 3.065207676002963157e-03
1.099812104756384246e+00 3.296198398756128994e-03
1.102104967864852680e+00 3.033600718361108024e-03
1.102257825405417169e+00 3.137268360769379563e-03
1.105620691297837466e+00 3.175711207998295569e-03
1.102869255567675566e+00 3.350103546978308675e-03
1.105264023703186993e+00 3.560596497749103726e-03
1.100423534918642421e+00 2.823321027439425028e-03
1.104652593540928818e+00 3.338361870258113595e-03
1.110817847677032510e+00 3.373210326698411563e-03
1.101238775134986803e+00 3.285690523763369446e-03
1.105977358892488160e+00 3.020839558382479133e-03
1.112550233136764266e+00 3.172177622077111594e-03
1.105264023703186771e+00 3.243122482448282471e-03
1.107404029271090717e+00 3.165865452203303794e-03
1.107607839325176924e+00 2.927047842140610614e-03
1.110257370028295831e+00 3.400006670325651879e-03
1.108728794622650282e+00 3.196128155403622165e-03
1.111327372812247916e+00 3.509677777515218117e-03
1.107811649379262908e+00 2.830186247504278951e-03
1.120142157651470960e+00 3.279454344290781871e-03
1.109340224784908679e+00 2.869721374107154100e-03
1.119530727489212341e+00 3.167308406178135586e-03
1.117390721921308616e+00 2.805975783528942731e-03
1.115760241488620075e+00 2.965992160043552390e-03
1.113722140947759343e+00 3.113073485648029659e-03
1.111531182866333678e+00 3.166443532597494007e-03
1.116218814110313540e+00 3.037966441239253051e-03
1.123963596165584944e+00 3.164737686635411221e-03
1.117390721921308616e+00 3.210715947665488453e-03
1.119326917435126134e+00 3.161237003462576047e-03
1.120244062678513508e+00 3.247953976346051354e-03
1.117951199570045295e+00 3.421050565124953043e-03
1.124167406219670484e+00 2.900876548635441480e-03
1.121365017975987310e+00 3.698503236326215662e-03
1.115454526407490876e+00 3.340911668606836357e-03
1.119326917435126578e+00 2.980312650820430686e-03
1.120040252624427746e+00 3.179416430010033236e-03
1.113467378380151640e+00 3.382095666264715167e-03
1.118766439786389677e+00 3.379792026732070936e-03
1.119887395083863257e+00 2.848897149505139580e-03
1.119326917435126356e+00 2.896375900353704430e-03
1.120193110164992234e+00 3.493499926891273540e-03
1.122231210705852966e+00 3.285153183978788225e-03
1.131198853085640721e+00 3.266068040072766295e-03
1.126154554247010164e+00 3.066016431792045228e-03
1.130944090518033018e+00 3.267399206373349657e-03
1.126103601733488446e+00 3.250131396885119241e-03
1.131096948058597285e+00 3.154384476824224296e-03
1.128855037463650568e+00 3.302100280650915355e-03
1.127530272112090781e+00 3.082201732603843600e-03
1.127734082166177210e+00 3.437373027392684553e-03
1.129262657571822759e+00 3.050928271948462073e-03
1.129975992761124148e+00 3.417679487674400718e-03
1.126103601733488446e+00 3.503829161869114438e-03
1.136905534600050727e+00 3.345978279608095244e-03
1.131912188274941888e+00 3.602166133527861473e-03
1.129721230193516446e+00 2.774976051494919618e-03
1.128855037463650568e+00 3.544039428684363745e-03
1.134867434059189772e+00 3.618977373688377769e-03
1.129975992761123926e+00 3.131470348990450601e-03
1.131147900572119003e+00 2.995708824074020098e-03
1.134612671491582514e+00 3.286855775040822304e-03
1.133236953626501453e+00 3.154960546459717376e-03
1.134969339086232987e+00 3.163982884486505383e-03
1.130995043031554514e+00 2.822401336931601532e-03
1.137058392140615437e+00 3.184344584324759562e-03
1.135937436843141857e+00 2.990087815221513338e-03
1.134816481545668498e+00 2.865194439940478739e-03
1.139606017816691574e+00 3.004811896990836236e-03
1.133338858653544223e+00 3.254011179904328643e-03
1.137924584870481315e+00 3.201164399779193957e-03
1.141746023384595299e+00 2.840989887227422534e-03
1.136803629573007512e+00 3.570546237658159174e-03
1.140828878141207703e+00 3.567676659064168785e-03
1.142816026168547161e+00 3.432868642772045169e-03
1.143325551303762344e+00 3.223099906158029358e-03
1.140268400492471024e+00 3.643813707253698402e-03
1.140472210546557230e+00 3.524264219834578968e-03
1.141083640708815405e+00 3.623723274697554335e-03
1.143172693763197634e+00 3.181734592397650330e-03
1.141338403276423108e+00 3.247698183473381271e-03
1.142866978682068435e+00 3.318080729550885143e-03
1.141796975898116795e+00 3.311850667519206006e-03
1.147911277520699214e+00 3.393314989884497861e-03
1.149745568007473739e+00 3.614756756094475443e-03
1.144140791520106504e+00 3.062241823662593693e-03
1.146178892060967458e+00 3.006630067724906565e-03
1.145924129493359755e+00 3.169209478073222591e-03
1.148675565223521877e+00 3.150740456419299455e-03
1.148369850142392901e+00 3.627343040763591174e-03
1.154229389197367617e+00 3.414183419360493268e-03
1.150560808223818121e+00 3.044061964446797414e-03
1.157541302576266418e+00 3.134018653774487372e-03
1.147197942331398046e+00 3.083363896509204102e-03
1.156063679684142365e+00 3.097829017498695929e-03
1.154942724386668784e+00 3.175678507644501877e-03
1.156827967386965028e+00 3.403913927036458179e-03
1.160751310928122226e+00 3.159565322385356288e-03
1.159426545576562440e+00 3.290285930500571991e-03
1.157643207603309410e+00 3.457551369199222957e-03
1.159732260657691860e+00 3.036547521681565685e-03
1.160547500874035798e+00 3.450941181804827174e-03
1.157592255089787692e+00 2.946905915975750207e-03
1.159936070711777845e+00 3.145466667250879089e-03
1.155299391981319479e+00 2.832973497944871015e-03
1.166814660037182927e+00 3.343024660453938930e-03
1.160343690819950258e+00 3.278729910496921973e-03
1.167477042712962820e+00 3.108671268155314277e-03
1.162840363982504455e+00 3.355179490753141484e-03
1.158611305360218280e+00 3.067933727874753644e-03
1.163502746658284126e+00 3.168902270019301973e-03
1.167120375118312126e+00 3.301703218530451130e-03
1.165540847199145080e+00 3.052901815754449459e-03
1.161413693603901898e+00 3.355055684248409251e-03
1.162381791360810768e+00 3.579159303252245957e-03
1.163655604198848614e+00 3.080883240880964886e-03
1.161923218739117303e+00 3.588080922333898061e-03
1.172011816416378194e+00 3.207544701621738679e-03
1.171247528713555308e+00 3.652182906734735383e-03
1.173744201876109727e+00 3.479497120699853556e-03
1.171094671172990820e+00 3.030107038371137630e-03
1.171655148821727499e+00 3.044386033990034365e-03
1.167324185172398110e+00 3.661054218188126378e-03
1.172215626470464178e+00 3.038833707217816326e-03
1.173081819200330056e+00 3.410303154115125555e-03
1.168597998010436179e+00 3.046091094910045437e-03
1.171400386254119796e+00 3.661054218188121608e-03
1.173489439308502469e+00 3.078409019730591559e-03
1.178075165525438894e+00 3.217859994286859874e-03
1.174202774497803636e+00 3.227752251782468104e-03
1.176088017498099658e+00 3.311407734588231542e-03
1.173642296849066735e+00 3.038662836951398511e-03
1.173081819200330056e+00 3.496753364025647313e-03
1.183068511850547955e+00 3.590268996183026886e-03
1.168547045496914683e+00 2.995639493205660801e-03
1.172215626470464178e+00 3.231767352957528629e-03
1.174202774497803636e+00 3.250993971029183909e-03
1.178890405741783276e+00 3.266036244393818923e-03
1.181081363823208719e+00 3.609635874322207442e-03
1.184698992283236718e+00 3.051983255849711509e-03
1.181539936444902406e+00 3.153479011922287641e-03
1.183781847039849122e+00 3.393284386532327730e-03
1.181998509066596093e+00 3.190339462629850163e-03
1.187705190581006320e+00 3.189623276754974777e-03
1.181641841471945398e+00 3.033724806973265350e-03
1.182355176661246565e+00 3.326773851259947398e-03
1.188316620743264496e+00 3.588486087876987911e-03
1.186176615175360771e+00 3.154429743246685378e-03
1.183476131958720146e+00 3.269770120490908451e-03
1.194838542474019327e+00 3.035311837847587922e-03
1.189233765986651647e+00 2.841830478972206565e-03
1.190915198932862129e+00 3.873986317220367431e-03
1.188826145878479679e+00 3.382767265623864116e-03
1.192341869311464686e+00 2.858267978395687657e-03
1.193462824608938044e+00 3.205459841572779692e-03
1.189131860959608655e+00 3.236230756243117703e-03
1.189998053689474533e+00 3.294228755079342541e-03
1.196876643014880059e+00 3.357747445610125524e-03
1.195959497771492464e+00 3.360591560432284360e-03
1.194074254771196220e+00 3.383645900009121278e-03
1.191424724068077312e+00 3.710154776246047705e-03
1.195144257555148304e+00 3.428990593823105087e-03
1.200698081528994043e+00 3.493499926891267902e-03
1.193513777122459318e+00 3.176017757441149895e-03
1.198354265907003890e+00 3.179142873343821559e-03
1.195755687717406257e+00 3.278155791900021297e-03
1.197742835744745715e+00 3.256563245846924495e-03
1.200239508907299912e+00 3.254980403078226812e-03
1.195755687717406257e+00 3.581679022548571456e-03
1.201309511691252219e+00 3.524632526922526210e-03
1.197895693285310204e+00 3.312599207108921865e-03
1.204825235124236782e+00 3.217759143126349038e-03
1.198659980988133311e+00 3.224533350705728694e-03
1.201462369231816707e+00 3.376252881959670386e-03
1.201462369231816707e+00 3.082837608438647285e-03
1.199729983772084729e+00 3.133554726590261248e-03
1.201615226772380973e+00 3.404360076177994406e-03
1.204774282610715508e+00 3.242197759193069569e-03
1.201360464204773715e+00 3.404951038437651310e-03
1.208646673638351210e+00 3.300700522425079053e-03
1.210888584233297927e+00 2.822695670496398485e-03
1.203449517259155721e+00 3.529005074297018180e-03
1.206353810529882775e+00 3.299972885534662066e-03
1.212671922206550734e+00 3.533309756024810566e-03
1.210888584233297927e+00 3.798269807429537678e-03
1.206965240692140950e+00 3.027329773255122737e-03
1.215321452909669864e+00 3.226106989867675526e-03
1.213589067449938330e+00 3.293956851771755352e-03
1.206812383151576240e+00 3.322869644010337242e-03
1.215983835585449979e+00 3.317396034573965452e-03
1.210073344016953545e+00 2.956844206708369310e-03
1.213028589801201873e+00 3.126409028145475666e-03
1.222505757316204367e+00 3.139088381278053348e-03
1.212875732260636941e+00 3.486801531803619680e-03
1.219907179126606955e+00 2.993350673687442294e-03
1.217512410991095528e+00 3.663623907910123351e-03
1.219346701477870276e+00 2.974614547011384530e-03
1.212264302098378987e+00 3.267049579392861981e-03
1.219295748964348780e+00 3.127982233404305503e-03
1.229486251668652663e+00 3.699850731890492409e-03
1.223728617640720939e+00 3.277462756212165453e-03
1.225002430478758786e+00 3.234304862904830401e-03
1.221486707045774001e+00 3.477022818621423872e-03
1.227448151127791709e+00 3.593055503053420481e-03
1.228823868992872770e+00 3.435257609131428611e-03
1.226632910911447327e+00 3.050941036030243615e-03
1.229791966749781640e+00 3.588225629565405025e-03
1.229944824290346128e+00 3.163753126349842099e-03
1.225511955613973969e+00 3.580809104077242819e-03
1.226683863424968823e+00 3.499810914316663080e-03
1.235091028156019677e+00 3.444762992876269133e-03
1.233919120345024600e+00 3.993051968258832553e-03
1.237536748805052600e+00 3.648039848488139614e-03
1.237180081210401905e+00 2.988111882267933950e-03
1.228925774019915984e+00 3.229376577571706122e-03
1.236262935967014975e+00 3.491403643879155416e-03
1.239371039291827348e+00 3.301074111473367191e-03
1.237587701318574318e+00 3.332792964877715706e-03
1.231371494668948907e+00 3.554484739404696440e-03
1.243192477805941332e+00 3.207435431940982348e-03
1.238351989021396982e+00 2.832790210482289978e-03
1.240186279508171729e+00 3.811149238546086317e-03
1.248899159320351782e+00 3.636824662248687619e-03
1.247727251509356483e+00 3.283220404798445520e-03
1.234734360561368982e+00 2.977632804937519438e-03
1.241256282292123592e+00 3.358864511550583611e-03
1.243141525292420058e+00 3.217081341319771165e-03
1.249357731942045246e+00 3.428142514130189285e-03
1.236874366129272929e+00 3.134304431873831918e-03
1.236670556075186944e+00 3.397978775082557881e-03
1.241307234805645310e+00 3.287329657378482671e-03
1.239778659399999539e+00 3.463912862802227648e-03
1.243294382832984546e+00 3.258109462510662500e-03
1.244109623049328706e+00 4.011215389969582067e-03
1.244262480589893194e+00 3.218791709520307884e-03
1.249612494509652727e+00 3.764628797621775817e-03
1.248083919104007178e+00 3.455016266223757872e-03
1.243651050427635019e+00 3.595280265182245697e-03
1.249408684455566743e+00 3.202494170913303649e-03
1.248797254293308789e+00 3.615417449979675592e-03
1.254554888321240513e+00 3.575439929862733821e-03
1.248848206806830285e+00 2.989636288540229846e-03
1.250020114617824918e+00 3.260626472362236541e-03
1.250682497293604811e+00 3.461093643367345232e-03
1.255879653672799856e+00 2.762035138818382494e-03
1.258529184375918986e+00 3.408395641384742887e-03
1.253433933023766933e+00 2.988767776273076014e-03
1.257000608970273214e+00 3.059167016769548213e-03
1.253943458158982116e+00 3.460553530827791772e-03
1.261841097754817786e+00 3.174223000858252160e-03
1.256440131321536757e+00 3.393544506228741292e-03
1.258325374321832779e+00 3.918440433714242069e-03
1.254758698375326498e+00 3.097891871168523357e-03
1.260057759781564535e+00 3.741021539245889017e-03
1.261586335187210084e+00 3.309462832222988433e-03
1.261688240214253298e+00 3.257181023536139669e-03
1.259293472078741649e+00 3.678475064649128993e-03
1.259344424592263367e+00 3.070619313096039239e-03
1.268210161945007464e+00 3.068487954423513263e-03
1.267038254134012831e+00 3.347607281906367447e-03
1.268159209431486190e+00 3.157592669261828112e-03
1.274426368594633319e+00 3.467209038559306098e-03
1.273662080891810211e+00 3.785041341967986753e-03
1.266477776485276152e+00 3.312693252477627581e-03
1.270248262485868418e+00 3.150311955781168009e-03
1.272337315540250868e+00 3.274245151214010777e-03
1.269891594891217945e+00 3.200596646302968605e-03
1.271165407729255792e+00 3.546423052143905016e-03
1.274986846243369776e+00 3.693885041941111225e-03
1.271318265269820502e+00 3.607869732446030570e-03
1.272337315540250868e+00 3.481007706889901153e-03
1.277636376946488905e+00 3.631595498060901598e-03
1.283037343379770157e+00 3.506939766818264852e-03
1.284260203704286507e+00 3.511289984269180819e-03
1.277738281973532120e+00 3.251057856306091478e-03
1.282680675785119240e+00 3.141498284308321624e-03
1.280846385298344714e+00 3.046990130146200529e-03
1.282374960703990041e+00 3.387215643199088019e-03
1.288540214840093956e+00 3.443138485942244011e-03
1.286960686920927133e+00 3.199440551130540954e-03
1.288336404786008194e+00 2.975818727866692565e-03
1.290221647786304437e+00 3.386755737157855130e-03
1.290476410353911918e+00 3.763649411590049790e-03
1.280234955136086539e+00 3.853098338185111105e-03
1.284616871298937424e+00 3.800152413273063991e-03
1.289763075164610528e+00 3.730461753752418140e-03
1.293839276246332659e+00 2.810048443589148372e-03
1.288081642218400491e+00 3.306323482176565069e-03
1.291546413137863780e+00 3.155153917683799127e-03
1.287826879650792788e+00 3.576851932795620942e-03
1.287521164569663812e+00 3.392855910617758458e-03
1.286705924353319652e+00 3.586260730522335734e-03
1.296335949408886856e+00 3.290013701338104831e-03
1.291444508110820566e+00 3.735966017964861656e-03
1.291546413137863780e+00 3.509629695760176690e-03
1.293686418705767727e+00 3.534044446422327564e-03
1.300768818085258793e+00 3.260658320793556695e-03
1.298526907490312077e+00 3.394753036236846343e-03
1.295622614219585689e+00 3.356571999265536236e-03
1.298730717544398283e+00 3.010271739066062817e-03
1.296947379571144809e+00 3.350099672232200072e-03
1.301991678409775366e+00 3.799964536262982664e-03
1.299342147706656680e+00 3.755597751891635167e-03
1.298526907490312077e+00 3.801685825574296386e-03
1.301482153274560183e+00 3.319570919895075030e-03
1.297253094652274008e+00 3.091247465455806368e-03
1.304488351572330229e+00 3.931906790877662608e-03
1.303978826437114824e+00 3.542321200579527565e-03
1.307647407410664098e+00 3.169799234074974735e-03
1.314627901763112838e+00 3.653277453580355914e-03
1.305405496815717381e+00 3.360066198798214530e-03
1.307188834788970633e+00 3.580479204727405294e-03
1.310857415762519906e+00 3.424130222005448369e-03
1.313455993952117318e+00 3.322365667178634688e-03
1.310449795654347938e+00 3.412312312868802291e-03
1.304233589004722083e+00 3.484332416754128310e-03
1.303622158842464351e+00 3.227752251782475910e-03
1.315239331925371014e+00 3.038564582197266200e-03
1.311214083357170379e+00 3.789918376135698735e-03
1.312385991168165678e+00 3.409617943029128514e-03
1.317022669898624043e+00 3.117906664286328351e-03
1.314169329141418707e+00 3.653444449748301150e-03
1.310857415762520128e+00 3.479784369053195211e-03
1.319213627980049264e+00 3.353217393921143451e-03
1.321506491088517699e+00 3.416247292339886533e-03
1.316564097276930134e+00 3.298733566926322167e-03
1.311265035870692097e+00 3.543306810706774689e-03
1.324257926818679598e+00 3.612511649014735291e-03
1.317939815142011417e+00 3.522654266029378277e-03
1.327518887684056681e+00 3.346222680508381675e-03
1.325327929602631460e+00 3.303137920564177231e-03
1.328792700522094972e+00 3.447584270943896724e-03
1.323238876548249454e+00 4.075165977364268895e-03
1.322984113980641530e+00 4.007796585351132250e-03
1.324665546926852011e+00 3.491831179613641596e-03
1.327264125116449867e+00 3.241653210010923304e-03
1.327875555278707820e+00 3.536574286266004619e-03
1.324003164251072340e+00 3.108938499710182414e-03
1.322525541358948065e+00 3.723715523971435522e-03
1.326805552494755513e+00 3.566948895956169405e-03
1.328537937954487491e+00 3.284516954866410678e-03
1.327977460305750368e+00 3.420033517964715664e-03
1.331493183738735597e+00 3.532192733950437723e-03
1.325480787143196171e+00 3.069942851608766128e-03
1.331136516144084903e+00 3.671764124667647837e-03
1.326499837413626537e+00 3.441686711866020348e-03
1.336996055199060063e+00 3.281891700448712808e-03
1.336129862469193741e+00 3.374333814452343868e-03
1.330576038495348223e+00 3.397501222607417128e-03
1.331798898819864796e+00 3.447535323189217845e-03
1.343416071902771014e+00 3.693895584316832757e-03
1.339390823334571046e+00 3.477396129268035298e-03
1.340307968577958420e+00 3.341568237448558267e-03
1.342855594254034557e+00 3.340402641841637259e-03
1.342651784199948350e+00 3.085821525091806718e-03
1.347390367957449708e+00 3.804003553297290174e-03
1.346320365173498068e+00 3.371254873527548650e-03
1.346065602605889922e+00 3.178436416651404112e-03
1.344435122173201158e+00 3.336277051822006227e-03
1.342804641740513061e+00 3.156174063274738185e-03
1.343619881956856776e+00 3.400006670325662287e-03
1.347594178011535693e+00 3.472446506131608105e-03
1.356459915364280233e+00 3.532339730720422764e-03
1.350600376309305739e+00 3.537792663362747218e-03
1.348766085822530769e+00 3.367278881408354747e-03
1.350090851174090334e+00 3.266672099171988308e-03
1.348817038336052265e+00 3.411958512793824422e-03
1.352944191931295670e+00 3.569571785258739225e-03
1.353963242201726036e+00 3.348460252544106005e-03
1.353300859525945921e+00 3.500089078144397268e-03
1.350804186363391723e+00 3.511156894318565903e-03
1.353657527120596837e+00 3.586477899341800057e-03
1.345097504848981496e+00 3.446228537717264343e-03
1.352536571823123035e+00 3.344674506525016546e-03
1.343925597037986641e+00 4.003126630976574889e-03
1.355491817607371585e+00 3.360147326177740593e-03
1.356612772904844721e+00 3.559754246199912063e-03
1.359364208635007065e+00 3.284062430036263028e-03
1.359058493553878089e+00 3.381635063901125733e-03
1.362472311959819216e+00 3.798867832346982613e-03
1.362625169500384370e+00 3.381558290740938923e-03
1.363338504689685315e+00 3.694658069709771779e-03
1.359109446067399363e+00 3.357994855568895241e-03
1.363695172284336010e+00 3.446059033561589720e-03
1.364561365014202110e+00 3.421505861386576249e-03
1.370726619150306025e+00 3.608254688355410408e-03
1.365988035392804445e+00 3.661086128840746693e-03
1.366956133149713537e+00 3.346501973967032448e-03
1.363389457203207034e+00 3.213205445311573434e-03
1.368688518609444849e+00 3.301514499000419295e-03
1.365427557744067988e+00 3.293641573460402792e-03
1.367924230906622629e+00 3.211770986640964751e-03
1.370420904069176826e+00 3.525748262497165920e-03
1.379388546448964137e+00 3.607966874727570970e-03
1.374395200123855743e+00 3.411684577860284694e-03
1.386216183260848167e+00 3.056721930885764396e-03
1.386216183260848167e+00 3.218888495637737927e-03
1.383566652557729038e+00 3.401625063240782537e-03
1.383719510098293526e+00 3.229746359346540724e-03
1.382190934692648421e+00 3.672881110038871046e-03
1.387235233531278533e+00 3.459743203920616437e-03
1.379541403989528625e+00 3.417998515757881498e-03
1.390139526802005143e+00 3.542632668357558520e-03
1.390037621774962373e+00 3.367201780923130636e-03
1.387795711180015212e+00 2.760272180997616013e-03
1.388458093855794662e+00 3.187994983227002838e-03
1.385197132990417357e+00 3.771652908001169816e-03
1.390292384342569632e+00 3.601225469128517716e-03
1.393349535153860730e+00 3.789096266532307987e-03
1.386674755882541854e+00 3.953993841031564968e-03
1.387388091071843021e+00 3.892865400404704745e-03
1.396661448532759753e+00 3.230019649101766900e-03
1.393706202748511869e+00 3.563748615147915941e-03
1.392279532369908646e+00 3.774271111835978462e-03
1.394725253018941569e+00 3.297678795823945439e-03
1.398393833992491286e+00 3.361707681298517405e-03
1.390954767018349303e+00 3.406067867637950670e-03
1.397935261370797599e+00 3.852694046166138010e-03
1.400584792073916951e+00 3.712935216892824554e-03
1.397170973667974714e+00 3.663071133781245579e-03
1.407921954021015498e+00 3.698784005051232969e-03
1.400737649614481217e+00 3.746669665349777658e-03
1.399769551857572569e+00 3.024755957797579595e-03
1.403438132831121621e+00 4.184870482193537959e-03
1.404610040642116697e+00 3.832821336941781478e-03
1.412966252859646055e+00 3.589256499719339997e-03
1.406800998723542584e+00 3.404585035194292262e-03
1.400431934533352241e+00 3.867359550313322590e-03
1.408023859048058712e+00 3.762417920305779172e-03
1.410163864615962659e+00 3.613172753433485738e-03
1.408023859048058490e+00 3.571981979498176259e-03
1.409297671886097003e+00 3.667816606216732587e-03
1.415310068481635986e+00 4.011085942893170830e-03
1.412151012643301673e+00 3.683412143939868329e-03
1.422290562834084282e+00 3.167341192946741650e-03
1.422137705293519794e+00 3.645380834859395739e-03
1.415921498643894161e+00 3.146060874048610401e-03
1.415411973508678978e+00 3.830002527555311821e-03
1.422749135455778191e+00 3.639365092075204974e-03
1.421984847752955305e+00 3.486771748981776827e-03
1.421271512563653694e+00 3.963106678271341964e-03
1.422545325401692429e+00 3.516476563387378566e-03
1.423666280699165121e+00 4.078760641916484228e-03
1.422392467861127718e+00 3.803321011462243613e-03
1.424991046050724908e+00 3.569789969353336177e-03
1.427589624240322319e+00 3.205277604912004034e-03
1.424889141023681915e+00 3.839061417342799157e-03
1.423207708077472100e+00 3.510813055260991744e-03
1.430392012484005493e+00 3.770059076985065542e-03
1.430188202429919730e+00 3.576140556273049113e-03
1.429882487348790976e+00 3.668354510943980240e-03
1.430697727565135136e+00 3.080938013748998981e-03
1.433449163295297257e+00 3.580174655269310370e-03
1.433143448214168059e+00 3.114428365303289602e-03
1.428557721997231411e+00 3.735469124560056222e-03
1.439869179999008653e+00 3.509381879345249613e-03
1.438850129728578287e+00 3.532093507672338234e-03
1.437780126944625980e+00 3.722432462744240840e-03
1.436710124160674784e+00 3.424206040672491368e-03
1.434570118592770616e+00 3.510180747159127000e-03
1.441142992837046943e+00 3.770000543367294649e-03
1.442518710702127560e+00 3.692085368849076180e-03
1.438442509620405652e+00 3.629536056826468925e-03
1.440276800107180621e+00 3.687835784653209579e-03
1.436251551538981097e+00 3.433197602314668005e-03
1.447613962054279835e+00 3.605998333527425746e-03
1.440480610161266606e+00 3.424615432468702120e-03
1.453218738541646848e+00 3.479142690700686488e-03
1.444098238621294605e+00 3.721734961335082699e-03
1.453320643568689841e+00 3.605681539155186546e-03
1.452709213406431887e+00 3.711022357398843178e-03
1.446645864297370743e+00 3.860744944682707649e-03
1.445575861513418436e+00 3.664842551094411177e-03
1.450059682703312758e+00 3.500493303501227109e-03
1.451129685487264620e+00 3.576398265133667789e-03
1.452097783244173490e+00 3.070978622653933003e-03
1.456530651920545649e+00 3.627085372742060252e-03
1.452148735757694986e+00 3.480004452396727368e-03
1.457243987109847039e+00 3.912658741314776339e-03
1.451078732973742902e+00 3.408201403571555540e-03
1.457193034596325543e+00 3.493366159176712095e-03
1.451690163136001299e+00 2.851993837155126187e-03
1.453728263676862476e+00 3.272976260625661601e-03
1.459944470326487664e+00 3.844116426345229372e-03
1.456479699407024375e+00 3.969393751030641203e-03
1.453881121217426742e+00 4.003126630976574021e-03
1.458110179839712472e+00 3.944646060594042374e-03
1.457396844650411305e+00 3.458380976878176055e-03
1.458364942407320619e+00 3.583418225941327386e-03
1.464581149056945808e+00 3.529280937158420835e-03
1.458110179839713139e+00 3.210234799484119276e-03
1.460403042948181351e+00 3.183822757106093311e-03
1.465651151840897670e+00 3.598199981735220737e-03
1.469880210463184067e+00 3.768595463798459725e-03
1.466670202111327814e+00 3.648356522784169855e-03
1.471306880841786402e+00 3.438668078422504795e-03
1.470440688111920302e+00 3.550567692933461611e-03
1.467587347354715854e+00 3.814625184487362760e-03
1.467944014949366327e+00 3.555284426043828824e-03
1.469166875273882678e+00 3.440932301770384567e-03
1.466619249597806318e+00 3.733324427607201922e-03
1.471103070787700862e+00 3.279264344352749491e-03
1.472376883625738264e+00 3.680013322379470549e-03
1.476300227166895240e+00 3.654893797995233031e-03
1.472886408760953447e+00 3.112260274737331349e-03
1.477013562356196408e+00 3.715731044345949117e-03
1.476707847275067431e+00 3.717686872541520367e-03
1.482108813708348682e+00 3.996480138172370418e-03
1.478287375194234476e+00 3.591469157826436727e-03
1.479561188032272989e+00 3.499851713061546445e-03
1.481497383546090507e+00 3.599494869847150863e-03
1.477319277437326051e+00 3.815588084038931595e-03
1.488070257790366169e+00 3.841089626386645032e-03
1.480936905897353828e+00 3.685878203707065176e-03
1.479663093059315537e+00 3.703357533996993328e-03
1.488223115330930879e+00 3.537774317422118144e-03
1.482669291357085140e+00 3.347638302828327521e-03
1.484605486870903546e+00 3.704062000489048191e-03
1.481242620978482805e+00 3.383431058528230118e-03
1.490414073412356100e+00 4.264771037880960187e-03
1.488121210303888331e+00 3.393219353492523717e-03
1.490821693520528290e+00 3.597781478153398802e-03
1.487153112546979461e+00 3.139171084410934901e-03
1.491687886250394612e+00 3.935760935955929900e-03
1.492808841547867527e+00 3.851723572181363527e-03
1.504324109603731419e+00 4.006627177175689503e-03
1.500706481143703641e+00 3.764270178786797982e-03
1.489191213087839749e+00 3.434728550993154488e-03
1.494286464439992024e+00 3.362155570243149927e-03
1.499942193440880756e+00 3.573260939289490349e-03
1.499381715792144076e+00 3.926373053471557406e-03
1.495916944872680787e+00 3.555682376560241002e-03
1.496681232575503229e+00 3.427627506227071911e-03
1.497649330332412099e+00 3.973499025187520600e-03
1.505546969928247991e+00 3.803566740632628555e-03
1.509266503415318761e+00 3.255558608663481571e-03
1.504476967144296129e+00 3.813672253084880032e-03
1.505903637522898686e+00 3.492385039380228873e-03
1.508298405658409891e+00 3.755621946511375573e-03
1.504375062117252915e+00 3.743883073205341028e-03
1.511865081604916838e+00 3.740105385989465729e-03
1.509470313469404967e+00 3.935236492609869505e-03
1.507126497847414814e+00 3.525766671014045166e-03
1.514310802253949317e+00 3.543581560198189560e-03
1.519966531254837827e+00 3.264239285448844625e-03
1.515024137443250263e+00 3.598773541192553001e-03
1.520628913930617720e+00 3.423231642949117227e-03
1.517418905578762134e+00 3.568582516718682429e-03
1.518743670930321699e+00 3.956934277477662000e-03
1.526182737904463238e+00 3.456503752068277539e-03
1.521851774255134515e+00 3.545251578823209546e-03
1.520068436281881263e+00 3.672527670398985974e-03
1.521902726768655789e+00 3.493143201602320110e-03
1.518743670930321255e+00 3.636224976185463593e-03
1.517622715632848340e+00 3.486805254638464333e-03
1.522463204417392690e+00 3.142886342730646064e-03
1.525265592661075864e+00 3.414958943332953908e-03
1.521597011687526591e+00 3.694447259995862955e-03
1.527915123364195438e+00 3.718402588137475345e-03
1.523991779823038240e+00 3.989536257058017357e-03
1.527303693201936818e+00 3.785603737921723090e-03
1.527762265823630727e+00 3.344515380374015433e-03
1.525978927850377476e+00 4.234776172086748489e-03
1.527150835661372552e+00 3.729678744782536585e-03
1.532246087013524827e+00 3.439241822653035102e-03
1.532755612148739566e+00 3.696677719820586159e-03
1.536271335581724573e+00 3.618647366810555897e-03
1.540245631636402601e+00 3.180857317673385469e-03
1.538054673554978047e+00 3.080579865824713531e-03
1.539583248960623596e+00 3.316922534256683090e-03
1.544627547799253708e+00 3.477485717860019469e-03
1.540449441690489030e+00 3.314326864766858199e-03
1.545035167907426121e+00 4.019039181654681173e-03
1.545340882988554876e+00 3.487639069501741011e-03
1.543098972393608159e+00 4.074608504563047989e-03
1.537137528311590673e+00 3.442712444297378084e-03
1.553493285151998027e+00 3.897264466217173484e-03
1.551862804719309930e+00 3.413422930691086855e-03
1.550945659475922334e+00 3.557726191169344014e-03
1.542895162339522175e+00 3.572944875343063431e-03
1.545188025447990388e+00 3.979710969652735728e-03
1.545646598069684297e+00 3.220908241801696045e-03
1.553340427611433983e+00 3.412445453934469936e-03
1.554410430395385845e+00 4.107594322357654461e-03
1.550334229313663936e+00 3.584160753538894774e-03
1.552728997449175585e+00 3.596897409697683706e-03
1.558843299071757782e+00 3.947353408160857342e-03
1.555735195746945188e+00 3.422234209413533949e-03
1.553595190179041241e+00 3.497228498665243875e-03
1.556601388476810843e+00 3.504536696705516131e-03
1.560830447099097018e+00 3.940563433862785334e-03
1.557263771152590515e+00 3.989734728418350800e-03
1.561390924747833919e+00 3.278345856085357335e-03
1.557926153828370630e+00 3.465741129285554532e-03
1.556703293503854280e+00 3.679501817212595290e-03
1.557620438747241209e+00 3.339916856948679617e-03
1.561747592342484836e+00 3.437629810977030527e-03
1.560168064423317347e+00 4.127074964071972968e-03
1.557977106341891904e+00 3.803788565832617961e-03
1.555684243233423469e+00 4.131777618923447755e-03
1.565976650964771011e+00 4.008959176525590459e-03
1.563530930315737644e+00 3.450275328070795400e-03
1.567454273856894842e+00 3.349468028704949418e-03
1.565263315775469177e+00 3.800234393057523585e-03
1.562562832558828552e+00 3.684314208672644000e-03
1.567301416316329910e+00 3.611074047943430617e-03
1.566078555991813559e+00 3.785394563820284382e-03
1.562970452667001187e+00 3.530093687704511599e-03
1.570460472154664222e+00 3.370619492101847164e-03
1.572753335263132657e+00 3.694166161664046329e-03
1.568269514073239224e+00 3.538262287054901034e-03
1.568167609046195787e+00 3.821492863075290174e-03
1.572702382749611383e+00 3.220823607214917065e-03
1.580345259777839351e+00 3.621498063849626445e-03
1.584574318400125303e+00 3.832171026499033104e-03
1.584574318400125303e+00 3.465759856532637465e-03
1.568677134181410970e+00 3.810130706964567730e-03
1.576370963723160434e+00 3.622329542504079507e-03
1.578205254209935404e+00 3.740549609530556367e-03
1.574893340831036381e+00 3.537014711962446680e-03
1.572804287776654375e+00 3.869476922321824549e-03
1.574536673236385909e+00 3.810522482099217099e-03
1.574383815695821642e+00 4.234469632556063338e-03
1.582485265345742853e+00 3.986984532536939733e-03
1.578663826831628869e+00 3.881819173795967963e-03
1.579784782129102227e+00 4.140969424981470574e-03
1.586255751346335785e+00 3.668478359413483540e-03
1.583810030697302418e+00 3.577791749110940250e-03
1.583249553048565961e+00 3.732688081191376604e-03
1.581517167588833983e+00 3.847991034347326457e-03
1.585389558616469463e+00 3.711498041607529195e-03
1.589975284833406111e+00 3.374810798854190053e-03
1.583402410589130227e+00 3.607419965572007062e-03
1.589516712211712646e+00 3.181244980522379175e-03
1.583810030697302640e+00 3.018948250549868210e-03
1.596242443996553684e+00 3.615729801247499590e-03
1.597923876942763277e+00 3.839953961302700752e-03
1.589567664725234586e+00 3.603016484546210565e-03
1.596191491483031744e+00 3.464081493335878590e-03
1.597567209348112804e+00 4.098745730106642671e-03
1.596446254050639668e+00 3.744129236346387026e-03
1.593643865806955606e+00 3.584522906307425951e-03
1.599044832240237302e+00 3.911799378179365953e-03
1.605668658998034459e+00 3.798051077658776749e-03
1.592370052968918204e+00 3.279581004800856923e-03
1.598739117159107881e+00 3.999418549045021497e-03
1.591962432860745569e+00 4.105327838267971291e-03
1.605515801457470415e+00 3.830853132038841181e-03
1.596140538969510247e+00 3.505218165883895644e-03
1.607502949484809207e+00 3.602757076697663680e-03
1.600471502618839637e+00 3.698408472070693117e-03
1.596802921645289919e+00 3.814107908410730493e-03
1.599961977483624453e+00 3.637609815927969701e-03
1.605821516538599170e+00 3.412597608791809786e-03
1.606076279106206650e+00 3.514039381376813428e-03
1.608216284674110819e+00 3.432157679987227032e-03
1.602000078024485186e+00 3.453528139697078538e-03
1.604700561241125367e+00 3.891047668830588478e-03
1.602560555673221865e+00 3.668195271053292187e-03
1.607401044457766659e+00 3.597608290017023820e-03
1.606025326592685820e+00 3.757639920420980436e-03
1.606942471836072750e+00 3.899818310686148457e-03
1.613719156134434840e+00 3.533563241471371959e-03
1.609286287458062681e+00 3.779629153600412399e-03
1.612190580728789291e+00 4.234285698185590897e-03
1.608521999755239795e+00 3.382893895132633479e-03
1.612139628215267351e+00 3.661763278228315991e-03
1.625896806866077959e+00 3.885358853180199881e-03
1.615094873999515901e+00 3.761700226902604111e-03
1.616572496891639510e+00 3.927695251615653804e-03
1.612241533242310565e+00 3.544519211385386507e-03
1.619629647702931274e+00 4.179274125079715865e-03
1.611120577944837429e+00 3.966694901550818150e-03
1.614483443837257504e+00 3.294776434189891634e-03
1.619935362784060029e+00 3.382709705189200673e-03
1.615043921485994627e+00 3.319492711316923174e-03
1.624877756595647815e+00 3.965385707273975588e-03
1.613668203620913122e+00 3.920612992021373436e-03
1.617846309729677801e+00 3.845112451836480046e-03
1.622432035946614448e+00 3.402510273151138076e-03
1.617999167270242511e+00 3.741455245675717918e-03
1.631654440894009683e+00 4.035155991456040002e-03
1.621871558297877991e+00 4.051362482330607938e-03
1.634151114056564325e+00 3.991930269171542131e-03
1.628750147623283073e+00 3.478900165159083072e-03
1.627833002379895699e+00 3.463463141239669224e-03
1.632214918542746585e+00 4.272905246903095644e-03
1.631093963245273004e+00 4.103657995261003957e-03
1.629667292866670669e+00 3.700496232960872982e-03
1.634253019083607317e+00 3.426870001061609831e-03
1.632622538650918997e+00 3.495843746532574688e-03
1.634660639191779730e+00 4.045421009455638962e-03
1.633539683894306149e+00 3.691420814679745917e-03
1.631195868272316218e+00 3.303746989124918456e-03
1.628903005163847784e+00 3.771876610063729096e-03
1.629871102920756876e+00 3.562345994036389407e-03
1.635577784435166659e+00 3.832885684579787674e-03
1.640825893327883644e+00 4.056716127066225738e-03
1.637768742516591880e+00 3.758955857141396510e-03
1.640927798354926193e+00 4.050965159876062163e-03
1.637055407327291157e+00 3.579478444921152525e-03
1.642965898895787369e+00 3.768075313767588804e-03
1.647093052491030107e+00 3.299186070532501673e-03
1.641641133544227582e+00 3.845156338549894030e-03
1.636494929678554477e+00 4.076618234080681656e-03
1.643577329058045766e+00 3.742828895846781433e-03
1.648825437950762085e+00 3.977152941273758881e-03
1.644239711733825215e+00 3.275557142735808971e-03
1.645258762004255582e+00 3.517845813759525823e-03
1.641233513436055391e+00 3.349188982589653644e-03
1.653513069194742169e+00 3.659692437809206837e-03
1.644698284355519347e+00 3.623092757905680555e-03
1.649436868113020482e+00 4.090223932253736483e-03
1.646175907247643178e+00 3.441053018500256355e-03
1.646889242436944345e+00 3.278472559420775919e-03
1.650099250788799932e+00 3.892118398806435758e-03
1.655194502140951984e+00 4.167217909337199259e-03
1.658098795411679038e+00 3.146419819609467226e-03
1.646583527355814924e+00 4.015171219864057187e-03
1.656774030060119030e+00 3.775918169862430181e-03
1.650099250788799710e+00 3.585189171819190730e-03
1.663295951790873639e+00 3.396584133640274863e-03
1.656264504924903846e+00 3.966118909310869037e-03
1.659219750709152397e+00 3.268193674046494801e-03
1.658404510492807793e+00 3.443164876168586328e-03
1.655602122249124841e+00 3.761372388686964365e-03
1.664162144520739517e+00 3.916932844813814964e-03
1.660238800979582319e+00 3.838922783944748347e-03
1.660748326114797946e+00 3.852828814886224886e-03
1.661461661304098891e+00 3.651880782474460803e-03
1.667728820467246242e+00 3.513226611659437011e-03
1.661512613817619943e+00 3.838330999728960247e-03
1.667270247845551889e+00 4.014628049809754531e-03
1.669002633305283867e+00 4.232123870527439158e-03
1.666505960142729892e+00 3.408475618443481542e-03
1.662735474142137404e+00 3.460707321453911599e-03
1.665639767412863792e+00 3.834917159843431646e-03
1.665385004845256089e+00 3.528254618193033855e-03
1.659780228357888632e+00 3.751849159337192121e-03
1.676034080171253882e+00 3.572418039958474845e-03
1.668544060683589958e+00 3.683891393332084686e-03
1.670378351170365150e+00 3.744978548285353252e-03
1.670072636089236395e+00 3.768130432403609623e-03
1.672059784116575187e+00 4.025503322706083797e-03
1.674403599738565118e+00 3.824667539246342368e-03
1.679040278469023484e+00 3.750451124003247039e-03
1.681689809172142169e+00 3.960882051542683954e-03
1.666760722710337372e+00 4.095425352461132089e-03
1.670785971278537563e+00 3.743203440224766865e-03
1.673384549468134974e+00 3.681758959808406617e-03
1.680263138793540056e+00 3.861366911000076348e-03
1.674199789684478690e+00 3.552420789599394692e-03
1.681129331523405490e+00 3.307516786206834807e-03
1.681740761685664332e+00 3.768760794466364996e-03
1.677104082955205744e+00 3.901778342079183833e-03
1.680976473982841224e+00 3.485330701035867836e-03
1.683269337091309437e+00 4.086185100818934789e-03
1.683880767253567612e+00 4.323016757958725136e-03
1.679600756117759719e+00 3.427930461423009216e-03
1.689995068876150475e+00 3.767493073932991904e-03
1.689638401281499336e+00 3.486298912605168172e-03
1.686428392929644193e+00 3.733296611451863197e-03
1.679702661144802933e+00 4.041594355304086415e-03
1.691625549308839238e+00 4.195700496768680135e-03
1.692899362146876863e+00 3.517938062138673081e-03
1.694071269957871939e+00 3.921857696254584316e-03
1.686326487902600979e+00 4.153236236419018297e-03
1.695039367714781031e+00 4.050824165121291384e-03
1.685816962767385796e+00 3.588949078203596075e-03
1.690096973903193245e+00 4.011600470323969589e-03
1.692746504606311930e+00 3.628774196600378314e-03
1.694886510174216099e+00 3.334253220980147071e-03
1.694122222471393213e+00 3.902323914141185568e-03
1.686173630362036047e+00 3.674789096683615894e-03
1.690300783957279673e+00 3.608427365512996594e-03
1.693256029741527779e+00 3.816241220315805260e-03
1.691268881714187877e+00 3.290901322118201192e-03
1.699879856499325159e+00 3.482897813560157600e-03
1.694580795093087122e+00 3.776303182103839771e-03
1.698555091147765594e+00 3.775780655976133070e-03
1.704873202824433998e+00 4.176474688450429809e-03
1.695039367714781253e+00 3.869896232546031316e-03
1.700185571580454136e+00 3.784681227506625327e-03
1.696211275525775442e+00 3.861229078457558469e-03
1.692338884498140406e+00 3.536776154851565320e-03
1.699064616282981000e+00 3.763659758549012160e-03
1.709509881554892807e+00 3.573889351209554727e-03
1.708388926257419005e+00 3.770912875865770932e-03
1.701612241959056693e+00 4.315106371150178276e-03
1.702987959824137310e+00 3.552000546726966253e-03
1.706147015662472288e+00 3.859295542476600532e-03
1.701408431904970930e+00 3.515837889666648900e-03
1.707573686041074623e+00 4.244793933535916282e-03
1.711497029582231377e+00 3.690013956140845985e-03
1.703701295013439143e+00 3.947014680176148468e-03
1.698860806228894349e+00 3.397164985398971881e-03
1.709153213960241890e+00 3.767658452975458042e-03
1.708745593852069700e+00 4.112151953193819535e-03
1.714605132907044638e+00 3.741399734058487893e-03
1.708745593852069256e+00 4.285887870506427735e-03
1.708236068716854739e+00 3.952217362026630952e-03
1.711242267014623897e+00 3.723719009948550564e-03
1.714554180393522920e+00 4.147781844422904554e-03
1.709917501663064554e+00 3.842724934954950319e-03
1.708236068716854517e+00 3.567618443478754418e-03
1.709153213960241890e+00 3.629375113765195837e-03
1.720719434529626612e+00 3.635682317847781404e-03
1.720311814421454422e+00 4.216258149734948904e-03
1.714299417825915661e+00 3.702042872487327184e-03
1.707573686041074179e+00 3.891237819965955892e-03
1.718171808853550697e+00 4.013441226196281728e-03
1.717866093772421721e+00 4.058328519860775023e-03
1.724489920530219322e+00 3.593145820542362201e-03
1.724591825557262981e+00 3.013254280801447565e-03
1.721127054637799247e+00 3.638109370954006709e-03
1.714095607771829233e+00 3.905781865475020740e-03
1.721789437313578697e+00 4.270085115883172702e-03
1.723470870259788734e+00 4.025248568200080236e-03
1.727292308773902496e+00 4.398105153753455523e-03
1.723267060205702972e+00 4.374931286412573651e-03
1.724897540638391069e+00 4.150663181943932759e-03
1.733151847828877434e+00 3.970374695998301132e-03
1.732336607612533053e+00 4.469508482233599048e-03
1.726222305989950856e+00 3.902523494619702157e-03
1.731674224936753603e+00 3.828358393842503336e-03
1.730757079693366229e+00 3.939953969632545641e-03
1.737533763991728319e+00 3.356235529315792967e-03
1.720923244583712819e+00 3.502776856301777295e-03
1.729126599260677244e+00 3.676141753615285584e-03
1.733304705369442145e+00 3.361827381600368449e-03
1.740539962289498144e+00 4.092965016535112313e-03
1.741457107532885740e+00 3.674135546170225614e-03
1.725763733368257169e+00 3.772120946387606203e-03
1.733253752855920871e+00 3.525516306948859365e-03
1.739368054478503511e+00 3.735469124560052753e-03
1.739011386883852817e+00 4.064321388559949053e-03
1.731776129963796595e+00 3.680630561534282454e-03
1.732387560126054993e+00 3.599552569894960002e-03
1.734527565693958939e+00 3.830365158939618049e-03
1.736718523775384160e+00 4.061206200480689706e-03
1.733559467937049847e+00 4.269005801557984245e-03
1.736616618748341612e+00 3.310800075330413809e-03
1.736259951153690251e+00 3.939057721249881149e-03
1.734629470721001709e+00 2.941946242367204402e-03
1.733049942801834442e+00 3.861097964887566514e-03
1.738349004208072479e+00 3.972845603078215861e-03
1.738349004208072257e+00 4.057547997010992752e-03
1.738705671802723618e+00 4.544607181772205781e-03
1.740539962289497922e+00 3.908675545805385607e-03
1.735291853396781825e+00 4.268458439319080394e-03
1.734935185802131130e+00 3.889365927962522458e-03
1.742629015343880594e+00 4.285115474994459495e-03
1.742119490208665411e+00 3.950394081137366224e-03
1.741813775127536212e+00 3.799636583223120305e-03
1.738858529343287884e+00 3.424888333145976148e-03
1.739928532127239968e+00 3.935734550538945789e-03
1.740081389667804679e+00 3.894398972291499787e-03
1.748998079534070493e+00 3.819260522707082581e-03
1.738909481856809602e+00 4.087557226933236434e-03
1.749150937074635204e+00 4.225447432544287077e-03
1.743800923154875671e+00 3.874197409264294560e-03
1.738909481856809602e+00 3.695975358000856605e-03
1.743546160587267746e+00 4.800646210854291919e-03
1.751189037615495936e+00 4.082577896091738566e-03
1.735138995856216892e+00 4.025890260734722725e-03
1.747010931506730813e+00 3.980092575252016339e-03
1.753991425859179554e+00 4.148607969875961130e-03
1.746909026479688487e+00 4.350700242681115534e-03
1.750322844885630280e+00 4.175281017382166324e-03
1.746297596317429868e+00 3.750035765586255069e-03
1.747877124236597135e+00 4.246820936880652160e-03
1.752411897940012286e+00 3.948592970536465331e-03
1.750119034831543852e+00 3.403730874573998502e-03
1.750220939858586400e+00 3.949641527153185949e-03
1.758220484481465729e+00 4.661238865682089220e-03
1.751138085101974218e+00 3.933359138209991182e-03
1.756131431427083722e+00 4.498212445109185317e-03
1.756793814102863172e+00 4.044307415773979071e-03
1.759647154860068063e+00 3.395135392833896568e-03
1.757252386724556636e+00 3.689085135602051223e-03
1.754704761048480499e+00 3.914436592444174752e-03
1.763264783320095619e+00 4.172817992403847140e-03
1.751698562750710897e+00 3.888528123007972768e-03
1.759901917427675322e+00 3.720841968737763523e-03
1.758933819670766674e+00 3.929109510883911638e-03
1.755570953778346377e+00 3.797244402738428511e-03
1.750424749912673050e+00 3.774955467462049515e-03
1.756182383940604774e+00 4.238122140755111976e-03
1.756029526400040286e+00 4.002996922329588557e-03
1.764436691131091139e+00 4.144178138430472912e-03
1.756895719129906386e+00 4.309402022116698601e-03
1.756997624156948934e+00 3.870432883346321910e-03
1.753583805751007141e+00 3.711424594349635540e-03
1.761990970482057994e+00 3.730072009832957006e-03
1.762398590590230185e+00 3.547861238578811464e-03
1.760564300103454993e+00 3.865667504051981725e-03
1.758424294535551491e+00 3.671636851608287185e-03
1.758577152076115979e+00 3.454336166724791216e-03
1.758322389508508055e+00 3.882046558958462956e-03
1.760003822454719202e+00 3.661961790436435524e-03
1.757099529183991926e+00 3.611163914777211579e-03
1.764436691131090917e+00 4.082323523527928155e-03
1.757965721913858026e+00 4.059259193096780710e-03
1.762806210698402376e+00 4.377873645330830447e-03
1.763978118509397230e+00 3.734075385476097551e-03
1.758984772184288392e+00 4.270936213649498617e-03
1.767290031888296475e+00 3.377886498557373853e-03
1.763825260968832742e+00 4.059467046282414296e-03
1.765863361509693474e+00 3.576837416321636265e-03
1.764691453698698176e+00 3.658869449888386451e-03
1.768461939699291552e+00 3.603214630737461375e-03
1.759749059887111056e+00 4.019362151176429296e-03
1.764946216266306100e+00 3.781980992203714479e-03
1.766067171563779459e+00 4.141170042410373398e-03
1.771417185483538992e+00 4.352725642490156560e-03
1.763366688347139277e+00 3.339979041358091729e-03
1.762500495617273399e+00 3.873409943855662431e-03
1.766270981617865665e+00 4.158486823610753683e-03
1.770449087726630344e+00 3.920814952273772754e-03
1.770652897780716550e+00 3.992492783758668472e-03
1.771366232970017274e+00 3.793482214160578958e-03
1.767137174347731543e+00 3.510813055260976565e-03
1.765455741401521061e+00 3.819617377025445563e-03
1.770449087726630122e+00 4.108984572258099835e-03
1.766220029104344169e+00 3.849593063419760874e-03
1.767239079374774313e+00 3.777567946038985769e-03
1.778142917268379808e+00 3.728425588395133886e-03
1.775493386565260678e+00 3.993256766244217097e-03
1.774117668700179395e+00 4.108883479035665108e-03
1.774423383781309038e+00 3.752195127262608707e-03
1.775187671484131702e+00 4.043829150312792248e-03
1.778550537376551999e+00 3.723715523971423379e-03
1.772843855862141327e+00 3.969652090050472884e-03
1.774525288808351808e+00 4.053899300626316073e-03
1.775646244105825167e+00 3.515221256407129267e-03
1.775493386565260678e+00 3.518377131266423562e-03
1.781352925620235839e+00 3.867574360361477562e-03
1.778652442403594769e+00 4.096819731886141777e-03
1.776920056943863235e+00 4.131048680929030187e-03
1.773251475970313962e+00 4.045164300351417747e-03
1.782422928404187479e+00 3.738577964991103390e-03
1.781352925620235839e+00 3.976790638466957267e-03
1.788435324999726905e+00 3.315732615277047247e-03
1.777174819511470716e+00 3.944869824370789667e-03
1.781098163052628358e+00 3.750807603294293961e-03
1.775748149132868159e+00 4.257459829326455496e-03
1.784053408836875798e+00 3.715758991997052205e-03
1.786346271945344233e+00 3.804020615274077751e-03
1.774168621213701336e+00 3.917963369422112693e-03
1.783034358566445654e+00 4.270838953917571561e-03
1.780486732890369739e+00 3.676282994564936818e-03
1.777174819511471160e+00 3.997171914328554593e-03
1.783543883701661059e+00 4.400536477592042334e-03
1.779773397701068127e+00 3.390831395253830934e-03
1.785531031728999851e+00 4.189449392910870110e-03
1.785887699323651212e+00 3.927890238176009151e-03
1.783543883701660837e+00 4.042622000689050435e-03
1.783798646269268540e+00 3.812542040067785822e-03
1.773047665916227755e+00 3.713075058263245500e-03
1.785938651837172042e+00 3.980770894881449987e-03
1.784511981458569485e+00 3.549807168304168654e-03
1.780741495457977441e+00 3.939403723649587477e-03
1.779467682619939595e+00 3.495130737982957668e-03
1.785480079215478799e+00 4.349002237184649775e-03
1.779416730106417432e+00 3.789634083404968320e-03
1.781913403268972074e+00 4.132531557406267028e-03
1.784410076431526271e+00 3.501457322359605943e-03
1.790524378054109134e+00 4.074302658513330802e-03
1.786295319431823181e+00 4.202550836565567896e-03
1.784511981458569707e+00 3.447403537318388059e-03
1.784970554080263616e+00 4.251317857444050774e-03
1.788537230026769898e+00 3.757695192125455434e-03
1.788180562432119425e+00 3.308384016649431551e-03
1.785785794296607998e+00 4.152085906111565791e-03
1.787161512161689059e+00 4.412028721454188188e-03
1.792766288649056294e+00 4.523883123279007906e-03
1.790931998162281547e+00 3.772427204779515899e-03
1.792205811000319393e+00 3.703581856276189771e-03
1.791492475811018004e+00 3.811830378668329324e-03
1.785632936756043065e+00 3.853236461569022053e-03
1.789301517729592561e+00 3.985893692920612283e-03
1.790218662972979713e+00 3.433912129970387219e-03
1.789658185324243256e+00 3.982580268865254167e-03
1.797250109838949728e+00 3.967352608584719456e-03
1.788537230026769898e+00 4.279680538279288446e-03
1.788588182540291616e+00 3.929281302096890652e-03
1.787671037296904242e+00 3.625513917330267649e-03
1.799033447812203201e+00 4.432256618294655795e-03
1.787110559648167563e+00 3.988442860737727649e-03
1.791798190892146980e+00 3.966380734334571702e-03
1.792817241162577568e+00 4.065803060352086822e-03
1.791288665756932019e+00 3.987661679812839685e-03
1.799848688028547583e+00 4.152361014089256050e-03
1.795925344487389941e+00 3.412434042046659337e-03
1.791951048432711469e+00 3.861662730089763899e-03
1.795619629406260964e+00 3.471523041277302987e-03
1.791390570783974789e+00 3.725081776996547276e-03
1.794243911541180792e+00 4.146980595905992717e-03
1.789760090351286470e+00 3.832154089856890100e-03
1.795059151757524507e+00 3.708261485587363744e-03
1.793275813784271033e+00 4.242236633192666626e-03
1.792307716027362385e+00 3.854445671982096450e-03
1.796129154541477035e+00 3.830544767378998849e-03
1.796689632190212826e+00 4.016050482290979898e-03
1.792052953459754905e+00 3.560643891265397910e-03
1.791594380838060996e+00 4.083998911208420492e-03
1.800001545569111849e+00 3.759508344152483368e-03
1.801071548353063712e+00 3.913242602392936684e-03
1.795823439460347171e+00 3.803733963906708038e-03
1.792002000946233409e+00 3.818635097573735461e-03
1.795670581919783126e+00 3.910853528709192471e-03
1.790371520513544423e+00 3.910455207857018237e-03
1.794651531649352094e+00 3.977596798825256720e-03
1.793173908757228485e+00 3.489990544640888918e-03
1.791339618270453737e+00 3.595659348683465963e-03
1.788027704891554270e+00 3.673287523582883986e-03
1.794040101487094363e+00 4.149033485459092951e-03
1.805962989651129558e+00 3.454937366517314701e-03
1.794906294216959797e+00 3.933639643508171288e-03
1.793530576351878958e+00 3.764542594290117613e-03
1.793734386405964720e+00 4.073968113105801495e-03
1.791135808216367309e+00 4.096518712866965492e-03
1.790422473027066141e+00 3.716894187647536065e-03
1.790728188108195118e+00 3.571404117378962264e-03
1.801173453380107148e+00 4.121409577275081393e-03
1.797606777433600422e+00 4.235729368246493771e-03
1.805351559488871382e+00 3.701590520991767351e-03
1.797250109838949950e+00 3.901365785723231224e-03
1.795161056784567499e+00 3.416368881309875261e-03
1.786244366918301463e+00 4.015872705783980062e-03
1.787416274729296539e+00 3.782430593309134281e-03
1.793938196460051149e+00 3.773552232856225517e-03
1.795415819352175202e+00 3.708965020641914658e-03
1.798472970163466300e+00 3.927761349839241009e-03
1.800358213163762322e+00 3.958124926290179472e-03
1.796078202027954429e+00 3.927890238176008283e-03
1.803568221515617909e+00 3.857734556461502127e-03
1.798320112622901590e+00 3.688972535402926418e-03
1.796434869622605568e+00 3.974282989910016793e-03
1.792256763513840667e+00 3.680591766693279594e-03
1.805861084624086788e+00 3.863433809057215639e-03
1.796842489730777759e+00 3.908758570446060204e-03
1.793428671324835522e+00 4.083998911208410951e-03
1.803007743866881230e+00 4.020857161947668894e-03
1.803568221515618575e+00 3.994612069107562370e-03
1.804587271786048719e+00 3.951879050946722691e-03
1.800256308136719108e+00 3.860879432376334609e-03
1.803007743866881452e+00 4.103936349612118638e-03
1.797402967379514216e+00 3.656030139680653546e-03
1.806472514786344963e+00 3.601081284287578621e-03
1.793734386405965386e+00 4.187723201474638154e-03
1.802702028785752475e+00 3.669553896011457182e-03
1.804077746650833758e+00 3.801672167616127439e-03
1.805861084624086565e+00 3.922784347099245519e-03
1.810803478435674352e+00 4.224894427042375292e-03
1.811924433733147488e+00 3.890330348447088027e-03
1.803568221515618353e+00 3.884560283848115161e-03
1.807083944948603360e+00 3.780041260238721675e-03
1.799288210379810460e+00 3.740886212548349271e-03
1.809274903030028581e+00 4.185816436081376060e-03
1.802752981299273971e+00 3.866097300241579191e-03
1.800663928244891521e+00 4.255297572862807437e-03
1.810599668381587923e+00 3.579754044374707130e-03
1.804230604191398024e+00 3.608916572591500897e-03
1.808816330408334672e+00 3.979763157193618242e-03
1.801835836055887041e+00 3.726632145950786734e-03
1.808612520354249131e+00 3.802092127388170296e-03
1.813300151598228549e+00 3.858323364588177231e-03
1.809580618111157779e+00 4.145668843280128808e-03
1.809886333192286534e+00 3.485852079143780292e-03
1.811975386246669206e+00 3.406018323252728210e-03
1.812841578976535084e+00 3.869788893455428872e-03
1.809020140462420656e+00 4.386354485923180460e-03
1.813147294057664283e+00 3.790743731786600131e-03
1.807236802489167626e+00 4.093374118159538895e-03
1.812433958868363115e+00 4.018289792392321438e-03
1.812688721435970374e+00 4.301367010686626448e-03
1.803924889110269048e+00 4.422898297136668329e-03
1.815236347112046733e+00 3.672326194583570239e-03
1.816612064977127350e+00 4.024913170593526039e-03
1.813656819192879022e+00 4.050003734643602832e-03
1.820331598464198342e+00 3.719390398493041018e-03
1.817834925301644367e+00 3.977939449085515951e-03
1.814115391814572931e+00 3.925986226341814447e-03
1.809988238219329970e+00 3.695992918673036455e-03
1.817834925301644144e+00 3.610502442528221775e-03
1.817783972788121982e+00 3.860502855027621218e-03
1.818242545409815669e+00 3.951695102671326162e-03
1.814828727003873876e+00 3.529104387411256642e-03
1.826853520194952729e+00 4.338147989343430627e-03
1.816102539841912167e+00 3.761717480754084471e-03
1.815491109679653992e+00 3.859712595632764417e-03
1.815694919733740642e+00 3.836693818340349005e-03
1.817172542625864473e+00 4.432631477290701998e-03
1.818803023058552792e+00 3.476063226341580183e-03
1.822573509059145724e+00 4.225296899327247134e-03
1.824968277194656041e+00 3.843981352171664447e-03
1.818395402950380602e+00 3.630204788224672321e-03
1.818191592896294617e+00 3.845679564624871448e-03
1.828534953141163211e+00 3.789634083404980897e-03
1.819516358247854182e+00 4.219763385789487668e-03
1.821095886167021005e+00 3.399735590546525826e-03
1.820229693437155793e+00 4.421254443985672342e-03
1.822930176653795753e+00 4.382259782608513912e-03
1.818599213004466808e+00 3.837813536477530617e-03
1.826802567681431455e+00 3.647986473708794176e-03
1.824611609600005790e+00 3.839653088983426693e-03
1.820586361031806266e+00 4.333133083615394419e-03
1.817172542625863807e+00 3.862385374613430851e-03
1.827872570465383095e+00 3.960354379450403521e-03
1.828738763195248751e+00 4.031061986320356831e-03
1.822471604032102510e+00 3.802474489436768156e-03
1.824560657086484516e+00 4.012923700036824352e-03
1.828993525762856454e+00 3.675717998202889056e-03
1.822777319113231265e+00 3.973443488486839634e-03
1.836993070385735116e+00 3.996431417028338019e-03
1.828484000627641715e+00 3.911543855433074167e-03
1.828178285546512516e+00 3.711760341378758741e-03
1.836789260331649354e+00 3.909635203037472098e-03
1.828993525762856898e+00 4.468796872101523515e-03
1.833426394439229057e+00 4.352239513195220628e-03
1.828891620735813239e+00 4.168086897665416492e-03
1.830216386087372582e+00 4.470121247514006330e-03
1.829961623519765990e+00 3.840751665924395375e-03
1.832407344168798691e+00 3.978004712455436923e-03
1.828382095600598500e+00 4.132682328597627776e-03
1.836330687709955445e+00 4.370867459570221790e-03
1.834954969844874384e+00 3.502910264644483549e-03
1.829859718492722997e+00 3.740886212548346669e-03
1.835056874871917820e+00 3.722673070409182085e-03
1.836279735196433949e+00 4.087471482545538756e-03
1.838929265899552856e+00 3.661866080536704208e-03
1.838827360872510086e+00 4.181969257360152077e-03
1.833630204493315041e+00 3.876331138647710287e-03
1.834547349736702637e+00 4.008444310056022419e-03
1.837145927926300049e+00 3.981797937770445960e-03
1.833171631871621132e+00 3.991149770831213354e-03
1.830573053682024165e+00 3.668637587016522397e-03
1.835107827385438650e+00 3.674163810218916085e-03
1.841680701629714756e+00 3.793482214160581560e-03
1.837196880439821545e+00 3.948066943854335910e-03
1.831948771547105004e+00 4.047756314132776659e-03
1.837044022899257056e+00 3.512764726903784378e-03
1.834241634655573217e+00 3.539876143311413044e-03
1.840712603872806330e+00 4.031561085167877437e-03
1.837196880439821545e+00 4.209664474805012262e-03
1.835719257547697270e+00 3.947984745854121388e-03
1.837145927926299604e+00 4.490471929534765351e-03
1.835974020115304750e+00 4.106393273208872909e-03
1.838368788250816399e+00 3.583650055953337306e-03
1.828025428005947806e+00 3.706304185941252521e-03
1.834853064817832058e+00 3.597348492179023444e-03
1.839999268683504496e+00 3.915232383523106763e-03
1.836942117872213842e+00 4.193893309582576341e-03
1.837757358088558224e+00 4.007896989535624822e-03
1.833935919574443796e+00 3.954505949216023143e-03
1.839133075953639063e+00 3.929624861992267112e-03
1.837298785466864759e+00 3.782118280652242009e-03
1.844737852441006298e+00 4.179038062999544320e-03
1.844381184846355604e+00 4.186954398934422499e-03
1.844381184846355604e+00 3.690633039968941372e-03
1.838266883223772963e+00 4.198471655251130759e-03
1.840203078737590925e+00 3.904369130407410980e-03
1.850699296523024007e+00 3.601484987295724190e-03
1.843311182062403741e+00 4.013027210607990856e-03
1.837910215629122490e+00 3.985854612530193714e-03
1.839948316169983444e+00 3.806340331623336067e-03
1.839999268683505385e+00 4.119443757812171931e-03
1.835872115088261758e+00 3.605854339535754897e-03
1.842903561954231773e+00 3.677783344668702874e-03
1.842292131791973597e+00 3.605033463958827629e-03
1.838419740764337895e+00 3.725893623673299290e-03
1.841884511683801628e+00 3.528490072584351302e-03
1.839744506115897238e+00 4.314736344114306066e-03
1.841884511683801184e+00 4.085629131546919535e-03
1.844330232332834552e+00 3.969184451394940256e-03
1.840661651359284834e+00 3.734162292144931582e-03
1.849935008820201565e+00 3.710434663298719203e-03
1.847234525603560717e+00 3.987661679812852696e-03
1.849985961333723061e+00 4.096185981898694747e-03
1.847998813306383603e+00 3.577592194864796706e-03
1.848100718333426817e+00 4.034409595882935962e-03
1.835260684926003583e+00 4.027195902106972362e-03
1.847489288171168420e+00 3.777997457017930830e-03
1.851565489252890107e+00 3.701495835775710751e-03
1.845502140143828962e+00 3.765232165682870502e-03
1.848966911063292251e+00 4.037841230159855931e-03
1.847081668062996229e+00 4.137469594845867397e-03
1.846725000468345534e+00 3.728871203360541869e-03
1.850087866360765831e+00 3.591610114347856125e-03
1.849272626144421894e+00 3.967689600288460371e-03
1.850954059090631931e+00 3.727607328489616987e-03
1.846725000468345534e+00 3.730959314044631717e-03
1.849323578657942946e+00 4.046797334224394235e-03
1.848865006036249925e+00 3.460793591251951247e-03
1.854011209901923030e+00 4.316180172405323714e-03
1.851005011604153427e+00 4.530394825583128858e-03
1.851157869144717916e+00 4.245368808056098828e-03
1.852992159631492664e+00 3.930470419948629834e-03
1.848865006036249481e+00 3.874197409264291958e-03
1.859615986389290265e+00 4.481029512702081399e-03
1.852380729469234488e+00 3.723370396081758689e-03
1.851922156847540801e+00 4.160730590019481694e-03
1.851259774171760686e+00 3.927364743811055312e-03
1.853094064658535656e+00 4.111094325691322902e-03
1.857883600929558732e+00 4.000132532734459838e-03
1.855132165199396388e+00 4.272373575824360732e-03
1.848406433414555794e+00 3.651969645145587695e-03
1.855132165199396388e+00 3.931223341884440212e-03
1.852992159631492441e+00 3.813127613932545349e-03
1.859717891416333480e+00 3.780333141926282663e-03
1.848202623360469588e+00 4.331491125583316129e-03
1.854877402631788685e+00 3.685170261155941256e-03
1.856609788091520663e+00 3.613718791947983892e-03
1.865424572930743707e+00 4.100534703712480945e-03
1.863641234957490234e+00 3.284991174594840881e-03
1.861450276876064791e+00 3.521684991700288481e-03
1.860736941686763624e+00 4.151000927640190533e-03
1.859106461254075082e+00 3.807404199068052750e-03
1.850546438982459518e+00 3.838398636828558447e-03
1.855234070226439602e+00 4.158998721123191231e-03
1.857272170767300556e+00 3.509381879345246143e-03
1.863029804795232058e+00 3.623074843893914383e-03
1.865679335498350966e+00 3.389698057568270480e-03
1.861705039443672938e+00 4.203539132867377751e-03
1.869093153904292981e+00 4.063494099742662007e-03
1.866698385768781554e+00 4.659687452968614904e-03
1.859412176335204281e+00 3.779962276613531118e-03
1.862927899768188844e+00 3.616016996992215023e-03
1.877958891257037299e+00 4.693155229253969177e-03
1.868074103633862837e+00 4.096328584194486831e-03
1.866392670687652133e+00 4.565512965047577310e-03
1.868226961174427103e+00 4.557841177272477923e-03
1.857781695902515073e+00 4.148060367220887668e-03
1.860889799227328112e+00 3.848217045165506448e-03
1.866953148336389257e+00 3.859645332042736712e-03
1.869398868985421958e+00 3.665196731820326466e-03
1.866188860633566371e+00 4.148983427067344347e-03
1.861093609281414096e+00 3.821299241372470845e-03
1.869093153904292981e+00 3.912462995657955619e-03
1.858240268524208982e+00 4.216686073886451516e-03
1.869195058931335973e+00 4.142849831992013142e-03
1.870214109201766339e+00 3.832292968112830517e-03
1.866698385768781332e+00 4.533740222875305530e-03
1.871793637120933607e+00 3.715479506026053789e-03
1.861552181903108449e+00 3.831954231826471911e-03
1.861654086930151442e+00 4.124561122299285829e-03
1.868991248877249545e+00 4.680215109851888593e-03
1.863029804795232058e+00 3.669355794536391987e-03
1.876430315851391750e+00 3.510979433203274044e-03
1.870570776796416812e+00 3.105391635233178439e-03
1.871284111985718646e+00 3.827408881675529919e-03
1.864354570146791623e+00 4.185168248114232679e-03
1.870876491877546455e+00 3.673994222665294494e-03
1.871386017012761416e+00 3.669185984759211396e-03
1.879436514149161352e+00 3.953793575561170490e-03
1.870214109201766339e+00 4.404667237497379532e-03
1.871946494661498539e+00 3.884252841011614880e-03
1.875054597986310689e+00 3.822032913877592471e-03
1.872965544931928683e+00 4.044179027915403672e-03
1.874697930391660439e+00 3.893638929548991212e-03
1.871284111985718202e+00 4.070015211217204061e-03
1.874341262797009522e+00 3.964940482745019437e-03
1.870417919255852102e+00 3.583682655845996795e-03
1.880149849338462520e+00 3.742409222898855550e-03
1.879436514149161574e+00 3.922810819621264621e-03
1.877245556067736576e+00 4.400409633477948140e-03
1.874086500229401597e+00 4.134142639865246230e-03
1.879538419176204789e+00 4.228785434323725084e-03
1.889117491718250275e+00 3.895315493208368566e-03
1.886824628609781840e+00 3.997821360436874284e-03
1.878264606338166498e+00 3.904226166382490041e-03
1.887130343690911038e+00 4.062407827789729642e-03
1.878417463878731208e+00 4.157484695453332428e-03
1.889066539204729001e+00 4.114868966564544372e-03
1.887690821339647940e+00 3.622472881603330114e-03
1.883054142609189574e+00 4.174985655473489703e-03
1.881219852122414382e+00 4.071242934323720045e-03
1.879436514149161797e+00 3.837164072097066277e-03
1.879589371689725619e+00 3.863141485754130553e-03
1.886926533636825054e+00 4.075933572247662784e-03
1.881117947095371834e+00 3.854597217563334073e-03
1.885601768285265267e+00 3.922668527714903708e-03
1.877704128689429375e+00 4.454459202486079142e-03
1.879130799068032154e+00 4.472443765610644752e-03
1.884582718014835345e+00 4.185481499809081719e-03
1.882238902392845192e+00 3.536721100925480261e-03
1.893346550340536449e+00 4.199130154905640101e-03
1.891665117394326412e+00 4.020598884479602633e-03
1.892327500070106305e+00 3.981944636558655895e-03
1.886671771069216907e+00 3.833210792970507489e-03
1.889525111826422465e+00 3.789233297185944614e-03
1.891817974934890900e+00 4.202652765369434794e-03
1.891512259853762146e+00 3.527798380590091952e-03
1.886213198447524109e+00 3.798966924526272354e-03
1.884684623041878337e+00 4.266779423937189231e-03
1.879385561635640078e+00 4.217994205769270630e-03
1.883105095122711292e+00 4.076490863841768404e-03
1.885550815771743771e+00 4.308724223165904046e-03
1.888760824123600024e+00 4.283661176212823218e-03
1.892021784988977329e+00 3.492816171415625334e-03
1.895231793340832471e+00 3.853637328231554384e-03
1.900225139665941754e+00 3.476660668995316082e-03
1.896913226287043175e+00 3.683849109128939283e-03
1.888760824123599580e+00 3.912423181783474500e-03
1.894059885529837839e+00 4.166520095782616159e-03
1.891461307340239761e+00 4.453643176371158315e-03
1.892684167664756778e+00 4.210968622711159376e-03
1.897218941368172151e+00 4.130611884903256752e-03
1.891716069907847908e+00 3.915116340731938059e-03
1.904199435720620004e+00 4.011393372879010037e-03
1.902721812828496395e+00 4.258898691807737509e-03
1.898747516773817701e+00 4.175930740045549587e-03
1.903180385450189638e+00 4.392836609007817056e-03
1.902161335179759494e+00 4.261077399122886918e-03
1.898085134098037585e+00 4.064372489682421472e-03
1.899511804476639920e+00 4.173987488504703365e-03
1.899257041909033328e+00 3.587722746836595391e-03
1.899053231854946455e+00 3.916203692581151329e-03
1.903027527909625372e+00 3.826408247894878996e-03
1.899511804476640586e+00 4.092330669595504837e-03
1.898187039125081021e+00 4.127779445950357194e-03
1.897830371530430105e+00 3.848638671659766579e-03
1.906084678720916026e+00 3.937162407012432565e-03
1.904963723423443334e+00 4.411369633526107496e-03
1.905829916153309211e+00 4.254760650661336234e-03
1.906033726207395418e+00 3.772864182133507834e-03
1.910517547397289295e+00 3.656598178097773127e-03
1.909396592099815493e+00 4.161728817493187682e-03
1.905269438504572310e+00 3.404893853024281401e-03
1.905473248558658295e+00 3.659497349651872396e-03
1.903689910585405265e+00 3.723548193232021665e-03
1.906696108883173979e+00 3.738136979680094837e-03
1.909090877018686072e+00 3.759214845537987154e-03
1.907715159153605455e+00 3.848868017075443571e-03
1.910772309964896554e+00 3.991517274478794709e-03
1.912657552965192354e+00 4.239821689691477928e-03
1.913982318316751918e+00 4.184374158571388912e-03
1.914288033397881117e+00 4.396924414739928136e-03
1.912148027829977392e+00 4.114146498208804889e-03
1.926873304237696871e+00 4.110942762747608371e-03
1.911791360235326698e+00 4.102370360709593419e-03
1.918211376939038315e+00 3.804539262848279178e-03
1.913421840668015461e+00 4.178093681303841379e-03
1.906135631234437744e+00 4.193224700574928535e-03
1.919943762398770293e+00 4.044628367590607891e-03
1.921370432777371962e+00 3.773528153199597057e-03
1.921268527750329413e+00 3.940497550382391842e-03
1.920708050101592956e+00 3.808914243958563903e-03
1.907358491558954317e+00 4.219714166465313165e-03
1.918975664641861201e+00 4.318209739168004518e-03
1.920249477479898603e+00 3.976176933181708659e-03
1.926261874075438252e+00 3.364795358350154524e-03
1.923561390858797848e+00 3.769422044622271727e-03
1.922491388074845986e+00 4.659924236958368909e-03
1.921676147858501604e+00 3.660788285265536342e-03
1.920962812669200215e+00 3.686526151331315400e-03
1.928249022102777710e+00 4.604875517374080671e-03
1.921115670209764481e+00 4.579208154968435196e-03
1.921574242831458612e+00 3.919821604878360490e-03
1.930643790238289359e+00 3.949079482835023136e-03
1.930185217616595450e+00 3.854822841056607975e-03
1.933191415914365274e+00 4.261177927951984891e-03
1.935127611428182792e+00 3.833390268081458829e-03
1.927688544454040587e+00 3.894172308400587618e-03
1.937879047158344914e+00 3.890170184439747849e-03
1.934821896347053150e+00 4.519795262413791280e-03
1.936758091860871112e+00 3.828782207177241267e-03
1.932223318157455960e+00 4.368300760997428575e-03
1.931560935481676289e+00 3.620440519949987088e-03
1.943789538726841126e+00 3.965677040385049389e-03
1.944248111348535035e+00 3.784544032031786440e-03
1.937063806942000754e+00 3.974805547156088324e-03
1.938235714752995387e+00 3.846408586775870025e-03
1.944248111348534813e+00 3.873366377266354490e-03
1.938847144915254450e+00 3.811203734235675718e-03
1.938898097428775280e+00 4.419072459217127449e-03
1.943687633699798356e+00 3.888901986563083994e-03
1.942362868348238791e+00 3.626029458400556460e-03
1.940222862780334845e+00 4.481574084173912086e-03
1.942464773375281784e+00 3.912330281167361416e-03
1.945470971673051386e+00 4.405465816798639911e-03
1.936350471752699143e+00 4.035542003962359556e-03
1.938949049942296776e+00 4.152861163721110332e-03
1.940426672834421495e+00 4.470530678918373246e-03
1.950515270511681720e+00 3.811316129134551499e-03
1.960451010648378345e+00 4.148357646203034745e-03
1.948018597349127745e+00 4.225591816509644515e-03
1.949139552646600659e+00 3.797582816895014174e-03
1.946133354348831501e+00 3.744923088894612419e-03
1.949394315214208584e+00 4.212709939901029647e-03
1.945572876700094600e+00 4.173315690376652905e-03
1.948222407403213730e+00 3.764073613584379644e-03
1.947101452105740149e+00 3.925060331415294694e-03
1.945114304078400691e+00 4.363510905559234501e-03
1.947712882267998324e+00 4.408081550022936376e-03
1.954795281647489613e+00 3.738331436307776486e-03
1.955050044215097316e+00 4.698349478977679669e-03
1.962692921243325284e+00 4.281451515099767881e-03
1.958311005080474620e+00 3.560333999158876890e-03
1.961215298351201231e+00 4.382224236986493465e-03
1.969724368109294854e+00 4.144701198875991831e-03
1.964629116757142802e+00 4.157209926540944914e-03
1.961877681026980458e+00 3.460643555438330972e-03
1.964883879324750726e+00 3.817482551453537428e-03
1.964934831838272000e+00 3.656598178097780934e-03
1.964985784351793496e+00 3.803733963906703267e-03
1.965495309487008235e+00 4.029438682749852951e-03
1.964781974297707512e+00 4.278081784366043888e-03
1.971354848541983618e+00 4.178339116810885281e-03
1.980169633381206218e+00 3.891571396000267219e-03
1.980016775840642174e+00 3.235685202845210544e-03
1.972883423947629167e+00 4.299604236926890706e-03
1.979405345678383998e+00 4.071265253135092008e-03
1.974564856893839426e+00 3.615101481012602917e-03
1.971558658596069602e+00 4.265973140111545790e-03
1.974564856893839204e+00 4.158786478581606022e-03
1.983430594246583745e+00 3.969119042995359996e-03
1.980730111029943119e+00 4.176673600461609792e-03
1.980984873597550600e+00 4.222066823277366432e-03
1.985366789760402151e+00 3.596034782472812361e-03
1.981698208786852211e+00 4.205221790358208873e-03
1.991226328815376201e+00 3.875323039304079484e-03
1.987099175220132796e+00 3.666683917275918858e-03
1.993315381869759095e+00 3.908572592801676585e-03
1.990818708707204898e+00 3.911119053407154794e-03
1.995047767329490185e+00 4.080020730613788393e-03
1.991379186355940689e+00 4.156975734155167468e-03
1.991175376301854483e+00 4.282509506093727138e-03
1.987252032760697729e+00 3.828195637054092153e-03
1.997952060600216795e+00 4.190053546805570447e-03
1.993213476842715659e+00 4.054181071340629168e-03
1.990411088599032041e+00 4.336711474839024041e-03
1.995608244978226864e+00 4.016464186241587228e-03
1.994538242194275224e+00 4.031049105532169032e-03
1.999888256114034313e+00 3.825427712178755373e-03
1.999786351086991765e+00 3.884610408090533734e-03
1.998767300816561177e+00 3.957836317045167196e-03
1.999327778465298300e+00 4.089376489445296393e-03
2.007734943196348709e+00 4.063759233801840856e-03
2.000856353870943405e+00 3.839413050338522267e-03
2.002028261681938481e+00 3.658415308337042895e-03
2.007531133142263169e+00 3.975847190693559269e-03
2.010588283953553823e+00 3.783803090507955377e-03
2.015174010170490693e+00 3.624708237614258921e-03
2.012881147062022258e+00 3.888114160710521520e-03
2.007072560520569038e+00 4.572413949681426379e-03
2.016447823008528317e+00 4.431990097694227942e-03
2.017263063224873143e+00 3.968752736036619544e-03
2.016396870495007043e+00 4.387656410222748327e-03
2.021594026874202310e+00 4.336232530917334162e-03
2.008652088439736527e+00 4.256932327849635191e-03
2.024090700036757173e+00 4.414087736936795139e-03
2.015377820224577121e+00 3.424444858501506875e-03
2.017364968251916579e+00 4.584469215990638440e-03
2.025262607847751362e+00 4.106820001949341471e-03
2.018638781089953760e+00 3.777128076182953431e-03
2.026230705604660454e+00 4.809701371104735043e-03
2.036981685957701238e+00 3.835242096028684995e-03
2.032395959740764368e+00 4.130017893894085204e-03
2.031733577064984697e+00 4.172510012052869054e-03
2.036166445741356856e+00 4.273488489932969828e-03
2.027861186037349217e+00 4.001845573860751855e-03
2.041159792066465695e+00 4.379175126766044618e-03
2.034688822849232803e+00 3.896838107567110292e-03
2.038663118903911275e+00 4.023842291162994453e-03
2.031580719524419987e+00 3.834700520423448607e-03
2.034281202741061279e+00 4.639477474438917330e-03
2.040089789282514054e+00 3.943948362625416745e-03
2.036472160822486277e+00 4.304600908467738109e-03
2.042280747363939053e+00 4.436003782790764495e-03
2.034281202741061279e+00 4.357855023848926194e-03
2.036726923390093980e+00 4.486356518665833744e-03
2.044216942877757237e+00 3.783116904150499692e-03
2.046968378607919359e+00 4.265242789271338208e-03
2.043809322769584824e+00 4.046960922122793541e-03
2.054203635527974914e+00 4.166840979921525648e-03
2.051554104824855784e+00 4.088979686197430005e-03
2.056547451149965067e+00 3.871891526702043226e-03
2.055732210933620241e+00 4.163225709926990023e-03
2.058585551690825799e+00 4.210574029560119023e-03
2.061591749988595623e+00 3.633610903252145613e-03
2.063324135448327379e+00 3.955963125045596981e-03
2.055324590825448272e+00 4.669349610720011610e-03
2.058432694150261089e+00 3.653916972015115207e-03
2.058636504204347517e+00 4.320749112353559213e-03
2.060317937150557555e+00 4.260979914356894695e-03
2.065769856097360080e+00 3.688539696388946736e-03
2.060674604745207805e+00 4.595498686660467146e-03
2.066941763908355156e+00 4.218852735340779085e-03
2.069489389584431294e+00 4.116064388857318748e-03
2.068368434286957935e+00 4.006756768302319541e-03
2.065973666151446064e+00 4.188457772036379735e-03
2.067960814178785967e+00 4.216883089111417293e-03
2.071425585098249034e+00 4.608031630448499241e-03
2.067349384016527125e+00 4.299193624211080159e-03
2.071119870017120057e+00 4.092888900093429733e-03
2.073107018044459071e+00 4.376509490994537344e-03
2.072699397936287102e+00 4.646534007166241466e-03
2.077590839234352504e+00 3.828565220610867601e-03
2.076113216342228451e+00 4.286130161983118733e-03
2.079577987261691518e+00 3.881829205775168875e-03
2.080495132505079336e+00 4.626788433815079947e-03
2.075450833666448780e+00 4.202010263708101309e-03
2.077387029180266964e+00 4.125404484013930548e-03
2.075043213558276811e+00 4.260251754464429788e-03
2.080647990045643603e+00 4.271510608775449386e-03
2.084724191127365511e+00 3.799978200358740312e-03
2.086252766533011282e+00 4.518140695065329428e-03
2.077590839234352504e+00 4.545923748581684812e-03
2.086303719046532557e+00 4.378416223337266641e-03
2.085488478830188619e+00 4.730838672523151982e-03
2.092876593290808884e+00 4.867498710359392453e-03
2.085692288884274603e+00 3.594442529402522898e-03
2.083654188343413427e+00 3.758689943822073835e-03
2.082584185559461343e+00 3.900700280301423132e-03
2.080953705126772579e+00 4.002948280503390577e-03
2.080902752613251749e+00 4.165270592943177627e-03
2.083501330802848717e+00 4.030417896482785256e-03
2.091908495533899792e+00 4.291820074022631784e-03
2.092316115642072205e+00 4.117451778856638309e-03
2.088749439695565702e+00 4.468099674736725375e-03
2.089157059803737670e+00 4.409942252934906555e-03
2.090074205047125488e+00 4.344654231273619924e-03
2.098888989886348089e+00 4.249439627694762307e-03
2.098481369778175676e+00 4.521012820900527709e-03
2.101028995454251813e+00 4.137519792539428275e-03
2.093233260885459579e+00 4.352105296156377409e-03
2.090634682695861724e+00 4.367150604755522768e-03
2.101385663048902952e+00 4.463309311384484543e-03
2.100927090427208821e+00 4.414722896403084837e-03
2.099602325075649034e+00 4.225361414219801215e-03
2.097156604426616777e+00 4.307172415208233851e-03
2.108060442320221828e+00 4.583109908230639275e-03
2.113206646185895377e+00 4.892871474651963593e-03
2.097564224534788746e+00 4.030263299605155863e-03
2.105716626698231675e+00 3.670759961734804643e-03
2.106226151833447080e+00 4.003181755878894819e-03
2.108264252374307812e+00 4.604134080726075308e-03
2.101895188184117913e+00 3.926620999536772384e-03
2.114021886402239758e+00 3.611074047943424545e-03
2.108213299860786538e+00 4.060435821499274248e-03
2.112187595915465010e+00 4.129665858906160850e-03
2.109792827779953583e+00 4.325553309121347653e-03
2.110608067996297521e+00 4.557262993860817721e-03
2.110047590347560842e+00 4.332614795465335351e-03
2.114684269078019430e+00 3.873383133704846014e-03
2.108569967455436789e+00 4.493699727605663524e-03
2.115346651753799101e+00 4.656454844535353951e-03
2.112187595915464566e+00 3.994816787112936453e-03
2.108773777509523661e+00 3.872980959171908825e-03
2.113206646185895377e+00 4.122240987915303488e-03
2.113512361267024353e+00 4.159033053457736849e-03
2.112849978591244238e+00 4.453774333508919887e-03
2.120034282997778963e+00 4.161579098636569718e-03
2.115550461807885529e+00 4.151535635464818387e-03
2.126097632106839885e+00 3.758817722700038937e-03
2.129358592972216968e+00 4.198882843201333544e-03
2.121919525998075429e+00 4.118967913718203817e-03
2.120339998078907939e+00 4.444914000979460766e-03
2.129766213080388937e+00 4.569460501792955293e-03
2.121053333268209329e+00 4.017084662281706665e-03
2.120390950592429657e+00 4.126209922292579588e-03
2.118913327700305604e+00 4.683029413170766708e-03
2.123397148890199482e+00 4.658015694214451274e-03
2.125435249431060214e+00 4.450750908418321314e-03
2.124569056701194114e+00 3.703220830945001731e-03
2.126505252215012298e+00 4.217686446533083083e-03
2.117843324916353076e+00 3.896118521546471005e-03
2.123397148890199038e+00 3.586778294533061236e-03
2.127931922593614189e+00 4.038243058344982012e-03
2.121664763430467726e+00 3.772120946387610974e-03
2.125435249431059770e+00 4.786334407244692557e-03
2.122123336052160969e+00 3.975484768888178436e-03
2.119371900321999291e+00 3.905103816425345344e-03
2.119117137754391589e+00 4.116997775415536312e-03
2.118760470159740894e+00 4.396159717079625023e-03
2.127677160026006931e+00 4.265096704095559105e-03
2.125537154458102762e+00 4.075497239361946036e-03
2.127065729863748977e+00 3.950771947191385712e-03
2.128135732647700618e+00 4.184488938641712195e-03
2.139447190649478525e+00 4.449073581841508571e-03
2.137358137595095631e+00 3.871220954334549623e-03
2.125078581836409519e+00 4.340532151909330845e-03
2.126760014782620001e+00 4.238180334778034533e-03
2.133230983999852448e+00 3.835529776965557278e-03
2.120441903105950932e+00 4.406078650335288130e-03
2.121359048349338750e+00 3.681505100351331692e-03
2.129256687945173976e+00 4.649941012001045440e-03
2.129664308053345945e+00 4.420952025872928494e-03
2.129868118107431929e+00 4.178988364020340580e-03
2.121613810916946008e+00 4.403028370460125920e-03
2.134963369459584204e+00 4.112609647921299655e-03
2.129205735431652258e+00 4.175654076246365989e-03
2.127982875107135907e+00 3.947484945173683479e-03
2.131447646026599418e+00 4.311952603154957375e-03
2.128135732647700618e+00 4.193165882644191676e-03
2.134046224216197274e+00 4.958430966634814509e-03
2.139600048190042791e+00 4.460982037625597571e-03
2.150707696137734271e+00 4.702215865683747817e-03
2.128033827620657625e+00 4.319559248779068251e-03
2.119830472943692978e+00 4.153486266067500134e-03
2.129919070620953647e+00 4.582585900716824173e-03
2.130887168377862295e+00 4.085247851744607320e-03
2.139447190649477637e+00 4.036661231487159718e-03
2.135065274486627640e+00 4.421715371608478037e-03
2.133944319189154282e+00 4.773584335706283939e-03
2.131957171161814824e+00 4.067054396908688710e-03
2.135269084540713180e+00 3.687976577748626646e-03
2.133740509135067853e+00 4.296707976218306149e-03
2.140313383379343737e+00 4.374501037925598683e-03
2.136339087324665265e+00 4.340756441075021427e-03
2.132619553837594495e+00 4.215223563726564274e-03
2.124518104187672396e+00 4.345681899889286028e-03
2.138886713000740958e+00 3.989848600970896143e-03
2.130581453296733319e+00 4.579494453184751804e-03
2.129001925377566717e+00 4.010901473590905084e-03
2.128084780134179343e+00 4.112278218896368506e-03
2.123906674025414443e+00 4.186979201219785153e-03
2.128033827620657625e+00 4.260861101782783926e-03
2.138631950433134143e+00 4.251638447891426496e-03
2.141434338676817095e+00 4.258639610514443515e-03
2.130581453296733763e+00 4.162542819526110147e-03
2.127320492431356236e+00 4.316805681360216460e-03
2.126556204728533572e+00 4.337070648071279094e-03
2.137256232568052638e+00 4.210352054661178900e-03
2.123499053917242474e+00 3.835539930016189283e-03
2.122989528782027069e+00 4.611072979303491512e-03
2.122530956160333382e+00 4.804678837197273039e-03
2.120034282997778963e+00 3.681617928937738239e-03
2.128849067837002007e+00 4.009817140397964677e-03
2.121206190808774039e+00 4.266110066974198797e-03
2.124008579052457435e+00 4.673595520695074737e-03
2.119117137754391589e+00 4.837739249618559084e-03
2.120849523214123344e+00 4.197754298659676572e-03
2.123091433809070061e+00 4.443488631916206640e-03
2.129511450512781678e+00 3.810822248043280094e-03
2.134504796837890517e+00 4.251195721390518649e-03
2.122174288565682243e+00 4.792448893494946800e-03
2.128696210296436853e+00 3.984639672608160030e-03
2.119677615403127824e+00 3.855876698295304661e-03
2.112391405969550995e+00 4.257176267292514180e-03
2.116722369618879718e+00 4.135184955164314044e-03
2.116620464591837170e+00 4.209072387813941885e-03
2.120390950592429657e+00 4.242848567798543011e-03
2.123906674025414443e+00 4.820492869959685893e-03
2.122785718727941084e+00 4.374358601517213709e-03
2.109130445104173468e+00 4.267190113727047443e-03
2.109385207671781171e+00 4.776683328265533129e-03
2.117333799781138559e+00 4.296357514090560700e-03
2.109538065212345437e+00 4.320133188537594697e-03
2.109130445104173468e+00 4.329401823038247880e-03
2.126199537133882878e+00 3.961616087100505029e-03
2.108875682536565765e+00 4.202405660970865917e-03
2.110098542861082560e+00 4.302504582063092567e-03
2.111525213239684895e+00 3.990606584002858066e-03
2.108060442320221828e+00 4.653936871803296231e-03
2.102863285941027005e+00 4.366318261469367967e-03
2.111474260726163177e+00 4.051525885902669197e-03
2.101589473102988936e+00 4.417377226872544298e-03
2.099755182616213300e+00 4.275383480281825382e-03
2.105869484238796385e+00 3.745183047690936289e-03
2.100978042940730983e+00 3.743047384621942149e-03
2.106277104346968798e+00 4.620724422077899206e-03
2.106990439536269744e+00 3.803703249978936281e-03
2.101895188184117469e+00 4.180252398152338976e-03
2.103576621130327950e+00 3.829582238883709466e-03
2.100672327859601118e+00 4.017730889595164633e-03
2.099958992670299729e+00 3.678542112221354528e-03
2.100162802724386157e+00 4.411825709327050517e-03
2.096443269237314944e+00 3.985059894802201949e-03
2.102965190968069997e+00 4.128964842725221795e-03
2.100009945183821447e+00 4.383100944855023232e-03
2.099857087643256737e+00 4.265583635225254217e-03
2.099347562508041776e+00 4.443371778111189843e-03
2.094608978750540640e+00 4.336307369392109097e-03
2.096596126777880098e+00 4.326018432223051671e-03
2.101844235670596195e+00 4.407860686623054844e-03
2.085998003965404024e+00 4.220993682367469094e-03
2.095067551372234327e+00 4.108968776606050470e-03
2.091500875425727379e+00 4.165819049314721870e-03
2.087220864289919930e+00 4.399120335836953152e-03
2.090685635209382998e+00 4.646385941317852063e-03
2.094710883777583188e+00 3.907974747571817641e-03
2.090125157560646763e+00 4.778259237275428450e-03
2.092927545804329714e+00 3.685029360840220373e-03
2.087526579371049351e+00 4.001881254420058473e-03
2.094965646345190891e+00 4.104062868076132145e-03
2.081717992829596131e+00 4.215528423488982233e-03
2.091348017885163557e+00 3.941169510206747953e-03
2.084469428559758253e+00 3.854499555538051705e-03
2.077488934207309956e+00 4.012897821976840404e-03
2.083042758181155474e+00 4.134918122354820300e-03
2.084469428559757809e+00 4.586504592055415039e-03
2.082635138072983061e+00 4.137328410567456781e-03
2.076367978909836598e+00 4.090772930684150738e-03
2.075196071098841522e+00 4.442436837016991436e-03
2.082023707910725108e+00 4.814543418299386569e-03
2.080546085018601055e+00 4.136628692925483318e-03
2.077030361585616269e+00 4.611748562225047483e-03
2.073005113017416079e+00 4.260861101782789997e-03
2.078202269396610902e+00 4.302926945784895166e-03
2.072342730341636408e+00 4.250829292174416844e-03
2.077183219126180980e+00 3.869225314375676541e-03
2.084061808451585840e+00 4.103784522306604295e-03
2.067247478989484577e+00 4.053242826974289698e-03
2.071833205206421002e+00 4.074452398510359369e-03
2.066839858881312608e+00 4.071800867907277716e-03
2.072750350449808376e+00 4.190127898187611180e-03
2.072087967774028705e+00 4.563183767371606532e-03
2.058126979069132112e+00 3.645708421843908871e-03
2.072801302963330095e+00 4.262761705580401725e-03
2.068368434286958379e+00 4.128659879256926617e-03
2.060063174582949852e+00 4.028871660756230821e-03
2.060827462285772960e+00 4.293997192587532645e-03
2.056598403663486785e+00 4.320869282373352750e-03
2.070763202422468918e+00 4.253250193578667938e-03
2.064139375664671761e+00 4.447964740623540358e-03
2.050891722149076113e+00 4.362868290503921047e-03
2.060521747204643983e+00 4.164023832532724387e-03
2.053184585257544548e+00 3.915126287391653553e-03
2.050229339473296442e+00 3.700327852233250333e-03
2.059553649447735335e+00 3.927126760968316539e-03
2.061591749988595623e+00 4.108441166939642668e-03
2.055018875744319296e+00 4.020960468289739090e-03
2.054662208149669045e+00 3.711847770516827315e-03
2.054611255636146883e+00 3.639233119040462348e-03
2.053897920446845937e+00 4.392789328895453649e-03
2.046153138391574977e+00 4.213655805206185760e-03
2.047936476364828007e+00 3.990450444767179236e-03
2.043503607688455403e+00 3.764625349526398018e-03
2.050229339473296442e+00 3.638776526755822804e-03
2.047732666310742466e+00 4.058469253907721550e-03
2.052929822689937289e+00 3.581581167268615105e-03
2.040701219444772452e+00 3.920973864503316496e-03
2.046153138391574533e+00 4.192655060653673049e-03
2.044777420526493916e+00 3.873812073851914083e-03
2.041771222228724092e+00 4.112379228667077669e-03
2.037898831201088612e+00 3.848244030644746953e-03
2.040752171958294170e+00 4.603499677025783138e-03
2.039427406606734383e+00 3.881962963020470746e-03
2.036981685957701238e+00 4.289617641809928897e-03
2.038051688741653766e+00 4.121374931525275884e-03
2.032650722308372071e+00 4.121664687010390994e-03
2.032345007227243538e+00 4.062727349690280557e-03
2.030561669253989621e+00 4.685113402848588120e-03
2.037083590984744230e+00 4.433966654908473061e-03
2.031988339632592400e+00 4.435722855256537048e-03
2.033567867551759445e+00 4.223419391702623420e-03
2.020625929117293218e+00 4.221980736076585278e-03
2.031122146902726300e+00 3.734287434194803572e-03
2.032854532362458055e+00 4.291629523601053070e-03
2.029084046361865568e+00 4.199723643576496607e-03
2.024702130199014682e+00 4.057931879468772846e-03
2.030154049145818096e+00 3.934177497718277690e-03
2.030255954172860644e+00 4.383157214032999162e-03
2.027861186037349217e+00 4.259532612510512697e-03
2.023886889982670745e+00 3.999184853970714701e-03
2.022511172117589684e+00 3.936156695986297790e-03
2.023937842496192019e+00 4.365328160881964785e-03
2.026842135766918851e+00 4.358224368431678347e-03
2.017670683333044668e+00 3.804975963867024327e-03
2.018689733603475478e+00 4.953947054124237422e-03
2.019250211252212157e+00 4.020650541300500695e-03
2.017925445900652814e+00 4.201957747210266839e-03
2.020014498955035265e+00 3.971355398667579181e-03
2.015632582792184380e+00 3.493812031641383743e-03
2.012269716899764749e+00 4.283515719178421569e-03
2.011760191764548900e+00 4.742734843078369456e-03
2.005747795169010139e+00 3.849866185002198855e-03
2.014613532521754458e+00 4.190341651062320580e-03
1.999837303600513483e+00 3.991127004005469263e-03
2.008652088439736083e+00 4.323497165883970553e-03
1.998308728194867490e+00 4.251723934594783295e-03
1.999123968411211871e+00 4.332461993483801427e-03
2.006512082871832359e+00 3.933174323787961071e-03
2.002333976763067902e+00 3.763080285034559134e-03
2.004779697412100603e+00 3.962582578261838670e-03
1.998410633221910704e+00 3.861124860341824758e-03
1.999582541032905558e+00 3.449673315790839547e-03
1.997238725410915849e+00 3.921857696254578245e-03
1.994640147221318216e+00 4.557149057443655657e-03
1.988576798112257515e+00 4.229890355627625477e-03
1.990105373517903065e+00 4.449210708788482217e-03
1.990156326031424117e+00 4.457060744842511989e-03
1.991328233842419637e+00 4.174907925182410121e-03
1.992703951707500476e+00 3.815264876303799992e-03
1.987557747841826705e+00 4.042596312738184171e-03
1.987710605382391416e+00 3.853115182765318777e-03
1.990767756193682736e+00 4.200242877372780195e-03
1.979660108245991479e+00 3.803379032281412747e-03
1.985672504841530683e+00 4.648545000526336374e-03
1.977978675299780775e+00 3.935154026605556035e-03
1.985162979706315500e+00 4.276260843531356354e-03
1.979558203218948931e+00 4.366437177367213721e-03
1.973392949082845016e+00 4.203736764245976851e-03
1.982003923867981188e+00 3.838939690724760354e-03
1.973902474218059311e+00 3.548706312820897220e-03
1.974666761920882641e+00 4.298773913333395549e-03
1.969061985433515183e+00 4.298471937714791122e-03
1.979660108245991479e+00 4.122420475020766549e-03
1.977418197651044540e+00 4.170904412969593869e-03
1.972730566407064456e+00 4.075423981815995585e-03
1.970081035703945549e+00 4.453902572309119401e-03
1.978641057975561113e+00 4.246872898603827259e-03
1.975583907164270014e+00 4.020008012377344203e-03
1.970182940730988541e+00 4.170817269758003536e-03
1.966463407243917549e+00 4.119216872120362236e-03
1.967431505000826641e+00 3.434048213619904193e-03
1.962641968729803565e+00 3.720245358179477026e-03
1.957801479945259215e+00 4.033749950375234775e-03
1.956629572134264361e+00 3.888060743010090560e-03
1.957393859837087025e+00 4.024858343327057837e-03
1.960654820702464107e+00 3.672382750314322902e-03
1.953419563782408330e+00 4.054523652533689390e-03
1.960960535783593084e+00 3.854715082229671734e-03
1.949241457673643874e+00 3.824151621554869231e-03
1.961113393324158016e+00 4.382046504551435906e-03
1.958209100053431406e+00 3.778639914291882090e-03
1.952859086133671873e+00 3.682058632472947485e-03
1.949088600133079385e+00 4.403771241882901630e-03
1.955559569350312277e+00 4.149033485459101625e-03
1.944502873916142294e+00 3.838506853708894585e-03
1.959330055350904765e+00 4.164098648684110525e-03
1.947050499592218653e+00 4.176975058420641027e-03
1.948986695106036393e+00 4.508603633066076907e-03
1.941547628131894188e+00 3.607567495286474052e-03
1.946133354348831723e+00 4.460018772935732401e-03
1.944350016375578694e+00 4.583107075918638890e-03
1.940171910266813349e+00 4.060793858124880223e-03
1.942821440969932700e+00 4.248581168303212918e-03
1.947203357132783363e+00 3.879019238194381797e-03
1.945012399051357699e+00 3.911998475243187549e-03
1.935535231536355427e+00 3.704412431425682748e-03
1.931051410346461328e+00 3.952233784157572517e-03
1.931204267887025816e+00 3.452351464604173914e-03
1.934210466184795862e+00 3.472121265153899593e-03
1.932529033238586269e+00 4.540126283401365107e-03
1.930694742751810411e+00 3.917486247033972677e-03
1.935178563941704510e+00 4.508289798491819066e-03
1.935076658914661518e+00 3.758662315385411651e-03
1.926975209264740085e+00 3.982466188485843731e-03
1.925701396426701795e+00 4.266581670309564991e-03
1.918262329452559811e+00 4.118813488919999787e-03
1.923867105939926825e+00 3.658273377540447770e-03
1.931713793022241221e+00 3.674418176873581361e-03
1.916377086452263789e+00 3.968621903928944150e-03
1.917294231695650497e+00 4.405327328181552794e-03
1.916580896506349330e+00 3.905103816425349681e-03
1.916377086452263567e+00 3.933798037663283585e-03
1.912097075316455896e+00 3.789085989033503295e-03
1.912504695424627865e+00 4.218301942551919148e-03
1.912351837884063377e+00 4.070372405224068763e-03
1.919587094804118932e+00 4.378179039038454165e-03
1.910313737343202867e+00 4.219935648903267236e-03
1.915816608803526444e+00 4.177717733141352377e-03
1.909345639586293775e+00 3.845061812698574114e-03
1.906084678720916470e+00 4.135900609915974142e-03
1.908224684288820194e+00 4.396655752339389753e-03
1.904708960855835409e+00 3.967009043886607529e-03
1.907562301613040745e+00 3.959934813577151852e-03
1.906390393802045669e+00 4.171265415451867742e-03
1.904454198288228151e+00 4.222349668864814470e-03
1.909906117235030676e+00 4.500174338850377459e-03
1.903180385450189638e+00 3.861282867352214092e-03
1.901346094963415112e+00 4.465774897406847230e-03
1.908326589315863631e+00 4.196693499387424246e-03
1.901906572612151569e+00 4.250233777319960098e-03
1.902721812828495951e+00 4.196879081291382194e-03
1.907664206640083737e+00 4.170876402850151252e-03
1.900377997206506020e+00 4.259447282526590203e-03
1.905931821180351760e+00 4.208748555009187917e-03
1.889881779421073160e+00 3.953678664563777673e-03
1.892327500070105861e+00 4.151126011665195494e-03
1.889677969366987398e+00 4.049926810765220285e-03
1.893142740286450021e+00 4.134381265354467906e-03
1.896964178800564671e+00 3.960144602070251804e-03
1.892123690016020321e+00 4.118022364963259095e-03
1.888557014069513373e+00 3.717438958427866143e-03
1.890340352042766847e+00 4.404004100379095218e-03
1.886213198447523887e+00 4.491642527228541758e-03
1.892123690016019877e+00 4.103496667619729345e-03
1.885296053204136291e+00 3.786577445542078230e-03
1.879436514149161574e+00 3.864804409565090505e-03
1.887894631393733702e+00 3.900750197146528406e-03
1.882697475014538879e+00 3.718049984500903290e-03
1.876124600770262774e+00 3.488829887905736064e-03
1.873526022580665362e+00 3.837624120720399372e-03
1.878876036500425117e+00 3.724764655780910677e-03
1.865118857849614731e+00 4.152864289466901872e-03
1.875920790716176789e+00 3.592625560679529179e-03
1.880455564419592163e+00 3.942483453501573198e-03
1.863641234957490234e+00 3.618198939670432164e-03
1.870774586850503240e+00 4.253784254847300418e-03
1.874035547715880545e+00 4.045754706939672964e-03
1.874290310283488470e+00 3.833647613955101091e-03
1.869042201390771929e+00 4.190425290523497846e-03
1.865985050579480387e+00 4.036555111161275328e-03
1.863080757308753999e+00 4.226602366163590210e-03
1.871793637120933829e+00 3.948537083528816036e-03
1.874137452742923537e+00 4.553259268524392431e-03
1.860787894200284898e+00 3.831530769355787937e-03
1.869144106417814477e+00 4.152110916680959093e-03
1.863335519876361257e+00 4.108791861154374898e-03
1.865526477957786478e+00 3.536838548265166388e-03
1.850699296523024229e+00 3.618744219775166943e-03
1.862825994741146518e+00 4.419304511473751140e-03
1.851667394279933099e+00 4.316865821675590006e-03
1.849272626144421672e+00 4.405489388895648603e-03
1.857577885848429533e+00 3.635153862153909371e-03
1.854622640064181649e+00 3.616063664146295341e-03
1.859972653983940738e+00 4.134692085798143471e-03
1.856100262956305480e+00 4.347330441855768064e-03
1.841476891575629216e+00 4.754183517213889272e-03
1.849476436198507878e+00 3.774102583119453430e-03
1.846674047954824482e+00 4.183868468337220009e-03
1.849476436198507656e+00 4.209834067713863134e-03
1.851463584225847336e+00 3.788606341413977736e-03
1.852839302090928397e+00 4.046858279508450638e-03
1.840050221197026215e+00 3.847626690453804198e-03
1.847795003252297397e+00 3.785260823501167791e-03
1.843616897143533384e+00 3.924388920994276511e-03
1.842139274251408665e+00 4.336950926965596302e-03
1.845705950197915168e+00 3.722460360082148478e-03
1.831744961493018797e+00 4.253466877948766656e-03
1.835770210061218766e+00 4.020163003625901871e-03
1.834751159790788178e+00 3.908041179335993223e-03
1.838878313386031804e+00 4.101202598149529012e-03
1.838929265899553522e+00 4.054181071340625699e-03
1.834954969844874606e+00 3.878540671881018469e-03
1.834904017331353110e+00 4.132028947036078294e-03
1.836024972628826468e+00 3.623934616570621044e-03
1.829910671006244050e+00 3.534573328949571630e-03
1.834241634655573439e+00 4.007032135530672404e-03
1.831082578817238682e+00 3.628291244615928276e-03
1.829808765979201501e+00 4.255834427325419847e-03
1.833426394439229279e+00 4.273382175521820217e-03
1.833273536898664346e+00 3.582200872228930803e-03
1.829044478276378616e+00 4.600523861777726028e-03
1.826496852600302256e+00 4.103926860570081270e-03
1.824407799545919806e+00 4.492206039547226928e-03
1.829706860952158065e+00 3.869289056602788577e-03
1.821299696221107434e+00 3.895452119673549485e-03
1.823745416870140357e+00 3.684666517727385772e-03
1.821656363815758128e+00 4.084126047296438022e-03
1.828382095600599166e+00 3.604540128634192101e-03
1.827312092816646638e+00 4.011150666953563343e-03
1.821707316329279180e+00 3.862980194462582121e-03
1.815491109679653992e+00 3.755390363042564270e-03
1.819618263274897174e+00 4.030891312536340546e-03
1.813911581760486724e+00 3.828819500504928534e-03
1.822369699005059296e+00 4.093294838093135615e-03
1.815796824760782968e+00 3.919291716657035893e-03
1.817376352679950235e+00 4.090604748242265311e-03
1.812433958868363115e+00 3.868178449666850958e-03
1.806421562272823245e+00 4.102218475445231285e-03
1.814115391814572931e+00 4.139712210106913023e-03
1.811262051057368039e+00 3.966616362079536558e-03
1.816153492355433663e+00 4.394869172665126153e-03
1.805861084624086788e+00 4.124104753951235609e-03
1.802192503650537292e+00 4.263830422914199024e-03
1.803619174029139849e+00 3.689225881018086579e-03
1.807593470083818321e+00 4.219714166465309696e-03
1.805045844407742406e+00 4.224018686931474767e-03
1.804485366759005949e+00 3.672117637798463698e-03
1.805555369542957811e+00 3.998844024172854353e-03
1.797453919893035934e+00 4.546254972164959218e-03
1.801784883542364879e+00 4.041825598296196198e-03
1.800714880758413017e+00 4.107935609085134818e-03
1.800663928244891521e+00 3.606757806690193309e-03
1.794702484162873368e+00 4.199105424390664823e-03
1.791696285865104210e+00 4.087074494345585736e-03
1.798523922676987796e+00 3.829416144354507064e-03
1.792409621054405600e+00 3.521887713714868477e-03
1.792205811000319393e+00 4.146730173994144994e-03
1.795619629406260742e+00 3.866365898598131314e-03
1.794906294216959797e+00 3.472315665722744416e-03
1.791492475811018226e+00 4.655049632354157398e-03
1.789301517729593005e+00 3.938059086742709200e-03
1.793887243946529431e+00 4.291206047925959742e-03
1.782270070863622768e+00 3.810294235396873095e-03
1.783696741242225325e+00 4.144716858350607283e-03
1.793275813784271033e+00 4.040376899696647081e-03
1.781607688187843319e+00 3.561500511469270578e-03
1.776155769241040572e+00 4.286024161147415981e-03
1.784257218890962449e+00 3.790164974244204787e-03
1.776614341862734259e+00 4.117174338258170092e-03
1.776053864213997358e+00 4.051272767763039635e-03
1.778907204971202471e+00 3.911865744993220373e-03
1.781149115566149632e+00 3.700275231684528598e-03
1.770449087726630122e+00 3.586767437313770953e-03
1.773098618429748585e+00 3.607437957323612974e-03
1.780181017809240318e+00 3.790438953326502516e-03
1.775391481538217908e+00 3.753160209162754134e-03
1.770347182699587352e+00 3.285943359139689712e-03
1.773862906132572137e+00 3.878483775454970479e-03
1.764640501185177124e+00 4.404714390112503611e-03
1.765965266536736689e+00 3.658603358161540645e-03
1.770856707834802535e+00 4.010710522745248793e-03
1.766118124077300955e+00 3.825346272304382036e-03
1.763774308455311024e+00 3.868295900521179220e-03
1.766067171563779459e+00 3.848058501653031736e-03
1.763417640860660329e+00 3.734801863012795174e-03
1.767697651996468222e+00 3.941353949725708537e-03
1.758730009616680912e+00 4.197806867744591566e-03
1.763060973266009857e+00 3.649036034397713877e-03
1.760971920211627850e+00 4.119799817106912891e-03
1.761736207914450514e+00 3.785806042860767086e-03
1.757812864373293538e+00 4.272920436533269098e-03
1.768665749753377092e+00 4.159582332272088526e-03
1.763264783320096063e+00 3.727896351439470048e-03
1.755825716345954080e+00 4.045754706939680770e-03
1.750577607453237539e+00 3.428600654659873150e-03
1.753736663291571851e+00 4.112672774231156125e-03
1.754551903507916455e+00 4.259337570035374131e-03
1.755469048751303385e+00 3.782159466215022966e-03
1.757863816886815034e+00 3.387767448035029945e-03
1.750577607453237761e+00 3.755984847105180244e-03
1.748794269479984287e+00 3.805477425868934553e-03
1.750883322534366515e+00 3.820881392688577766e-03
1.748692364452941295e+00 4.777256693254816958e-03
1.746756168939123555e+00 4.138056242358223100e-03
1.752106182858883088e+00 4.151226076171517058e-03
1.750068082318022356e+00 3.756468660027868951e-03
1.741711870100493220e+00 3.647345915432310438e-03
1.745584261128128700e+00 3.622232785405509695e-03
1.747010931506731701e+00 3.562218455640414096e-03
1.747316646587860234e+00 3.837898094065103540e-03
1.746399501344473082e+00 3.592061860795073367e-03
1.741966632668100701e+00 3.694710770258830598e-03
1.746756168939123555e+00 3.866926537543945250e-03
1.746042833749822387e+00 3.827653064443710222e-03
1.740030437154282961e+00 3.787232157404555287e-03
1.738247099181029931e+00 4.737761871490926355e-03
1.742170442722186685e+00 3.556218991593912328e-03
1.746399501344473304e+00 4.107922969341607812e-03
1.735750426018474846e+00 3.746929502970100436e-03
1.742170442722186685e+00 4.112126699588072171e-03
1.738298051694551427e+00 3.535160883402096998e-03
1.734272803126351015e+00 3.989539510766483207e-03
1.732897085261269954e+00 3.823391194908015711e-03
1.735342805910302877e+00 4.065649809000267123e-03
1.736616618748341168e+00 3.815033510794658099e-03
1.733202800342398930e+00 3.463942842163752166e-03
1.726782783638687757e+00 4.050244112347153001e-03
1.723827537854439429e+00 3.820320792191072602e-03
1.729738029422936085e+00 3.440902121926183582e-03
1.724642778070783589e+00 3.616016996992218492e-03
1.728005643963203886e+00 4.099759049956069358e-03
1.723674680313874941e+00 3.723802672420269654e-03
1.725712780854735451e+00 3.875755113987347598e-03
1.730094697017587002e+00 3.710798484907014243e-03
1.728056596476725382e+00 3.860304464686983069e-03
1.721178007151320521e+00 4.151535635464808846e-03
1.720617529502583620e+00 3.663638080509057197e-03
1.721178007151320521e+00 4.016774436242357207e-03
1.717050853556077117e+00 4.030289066163253095e-03
1.729126599260677688e+00 4.627259746090597176e-03
1.720362766934976362e+00 4.141342440248814080e-03
1.715369420609867079e+00 4.135571047453712179e-03
1.718375618907637126e+00 3.882768752909589692e-03
1.716490375907340438e+00 3.951402738685598492e-03
1.719038001583416353e+00 3.953373313399200298e-03
1.720311814421454422e+00 4.040813812506685934e-03
1.722961345124573995e+00 3.780800105756550178e-03
1.717866093772421721e+00 3.683412143939860522e-03
1.719190859123981063e+00 3.468530374242950048e-03
1.714757990447609126e+00 3.516458106237155875e-03
1.708490831284461775e+00 4.168227040106556140e-03
1.709560834068413637e+00 3.974593266560830056e-03
1.710732741879408714e+00 4.254458602145311068e-03
1.713789892690700256e+00 3.688342614644410291e-03
1.708847498879112470e+00 4.053242826974294902e-03
1.713586082636613828e+00 3.667250305477461839e-03
1.713076557501399089e+00 3.538335660126357748e-03
1.704720345283869509e+00 4.249561814219946464e-03
1.697790803444942709e+00 3.585710510646767692e-03
1.701000811796798518e+00 4.101151955937138403e-03
1.700695096715669097e+00 4.039641108852394177e-03
1.700440334148061616e+00 3.761096292235725867e-03
1.690555546524886932e+00 3.524293685818045974e-03
1.696618895633947854e+00 4.320613917086170083e-03
1.697739850931421657e+00 3.611792920005085956e-03
1.693867459903786177e+00 3.388165917859598496e-03
1.694784605147172885e+00 3.638919217999060651e-03
1.701459384418492204e+00 3.838574487709855119e-03
1.691829359362925000e+00 3.855927195403444172e-03
1.687396490686552619e+00 3.511497003055000406e-03
1.697179373282684089e+00 3.923290603123510620e-03
1.690300783957279451e+00 3.706384739231945689e-03
1.685460295172734435e+00 3.573308164834713453e-03
1.685154580091605903e+00 3.664601688647893454e-03
1.684186482334697255e+00 4.157234906283413002e-03
1.683065527037223230e+00 3.837948827723450425e-03
1.681485999118056629e+00 3.952956290377078810e-03
1.681995524253271368e+00 3.553052887421617213e-03
1.691523644281795580e+00 3.880598422799680543e-03
1.679957423712410858e+00 3.974113144010683191e-03
1.683676957199482072e+00 3.521179978847755604e-03
1.682912669496658742e+00 3.785343125795209793e-03
1.686530297956687185e+00 3.478512089121493182e-03
1.684696007469912660e+00 4.073713202926242290e-03
1.681638856658621339e+00 3.764625349526402789e-03
1.680314091307060886e+00 4.100873412590166564e-03
1.672008831603053913e+00 3.760143603858643289e-03
1.681180284036927430e+00 3.908426461301456670e-03
1.672416451711225882e+00 3.312994963346477337e-03
1.679091230982545202e+00 3.383258408166322888e-03
1.671142638873188035e+00 3.624622287874483453e-03
1.671754069035446211e+00 3.628287666953959514e-03
1.672569309251790592e+00 3.901974623740191769e-03
1.671040733846144599e+00 3.536776154851569657e-03
1.672976929359962561e+00 4.199361996400583982e-03
1.666200245061600249e+00 3.340729049605078473e-03
1.667677867953724524e+00 4.047679347543408322e-03
1.666556912656250722e+00 3.683732825067628693e-03
1.665690719926385066e+00 3.886123855625040445e-03
1.667270247845552333e+00 3.684860273349607144e-03
1.661767376385227868e+00 3.999103706653559832e-03
1.665385004845256312e+00 3.854583747086263480e-03
1.662225949006921333e+00 3.914983716187392729e-03
1.660187848466061045e+00 3.810948278955812209e-03
1.664162144520739739e+00 3.302744913497704382e-03
1.664315002061304005e+00 3.676424230088382560e-03
1.663499761844960068e+00 3.663804604439785222e-03
1.657691175303506625e+00 3.804958906174160660e-03
1.666149292548078309e+00 3.692124042921529799e-03
1.657945937871114106e+00 3.316785558750782233e-03
1.659780228357889298e+00 3.699587587731242855e-03
1.655347359681516473e+00 3.533074622831260288e-03
1.651373063626838666e+00 3.875323039304082954e-03
1.650863538491623039e+00 3.990837528754726318e-03
1.646736384896380301e+00 3.424463811584102426e-03
1.645360667031298796e+00 3.829687315375798849e-03
1.649640678167106467e+00 4.105580785536347942e-03
1.645666382112427772e+00 3.933095114948625438e-03
1.645972097193556527e+00 3.745266230694928138e-03
1.646685432382858583e+00 3.822223102279437984e-03
1.647653530139767231e+00 3.706164089091574902e-03
1.645411619544820292e+00 3.770334517103865989e-03
1.641539228517184590e+00 3.717634497697747641e-03
1.647093052491030774e+00 3.290518688298889327e-03
1.642558278787614956e+00 3.651827463833860060e-03
1.641743038571270574e+00 3.546397430304924249e-03
1.642456373760571520e+00 3.490897968825539075e-03
1.640469225733232950e+00 3.965857067001509959e-03
1.641946848625356559e+00 3.882100059414073795e-03
1.645054951950170041e+00 4.151110376368201751e-03
1.643169708949872909e+00 4.110968023626279319e-03
1.635832547002774140e+00 3.238993214047120647e-03
1.636545882192075974e+00 3.520166048241808905e-03
1.638991602841108453e+00 3.783737908153399828e-03
1.640010653111539041e+00 3.639365092075205841e-03
1.631654440894009683e+00 3.657155480031386210e-03
1.629514435326105959e+00 3.356390232332265300e-03
1.638685887759979254e+00 3.440573899026781561e-03
1.635221116840516409e+00 3.198892781270158865e-03
1.633233968813176951e+00 3.629804279403926141e-03
1.636138262083903783e+00 3.804975963867032133e-03
1.629922055434278150e+00 3.795343253530892962e-03
1.627323477244680738e+00 3.533809362113725459e-03
1.636545882192075307e+00 3.767400045031296576e-03
1.631348725812881151e+00 3.705043123587446578e-03
1.630839200677665524e+00 4.281515183841251744e-03
1.623654896271131243e+00 3.496021975948557844e-03
1.629208720244976760e+00 3.662915208047051036e-03
1.626864904622987051e+00 3.580928730398272395e-03
1.631909203461617386e+00 3.888351192902705922e-03
1.623705848784652517e+00 4.075742483302299476e-03
1.622330130919571678e+00 3.658926213618972183e-03
1.621107270595055105e+00 4.076134205999014208e-03
1.625489186757905991e+00 3.549496330087514254e-03
1.615910114215860283e+00 3.440026791268470992e-03
1.618865360000108389e+00 3.428657444675580531e-03
1.623196323649437778e+00 4.300573248232774856e-03
1.614942016458951191e+00 3.800661342512643565e-03
1.616368686837553525e+00 3.735816609414267190e-03
1.614279633783171075e+00 3.657847552107690390e-03
1.611222482971879977e+00 4.025606509816967438e-03
1.616164876783467985e+00 2.952187050514035009e-03
1.617031069513333641e+00 3.382644468845849486e-03
1.623502038730566754e+00 3.593998305795048729e-03
1.613566298593870352e+00 3.876180442789591788e-03
1.615859161702338342e+00 3.613090121996420569e-03
1.604343893646475117e+00 3.714909988293924742e-03
1.610967720404273162e+00 3.375026189068475874e-03
1.606942471836072528e+00 3.991930269171540396e-03
1.598280544537414194e+00 3.121568221772772801e-03
1.610458195269057757e+00 3.213225644381609378e-03
1.612802010891047022e+00 3.572479810886057452e-03
1.606738661781986321e+00 4.103683300982216044e-03
1.605210086376340772e+00 3.734158815917007577e-03
1.601796267970399201e+00 3.400773976187422727e-03
1.606534851727900559e+00 3.474031152789865649e-03
1.601235790321662522e+00 4.025116347480751228e-03
1.599197689780801568e+00 3.841221422907366376e-03
1.600828170213490109e+00 3.373391187322164614e-03
1.597312446780505102e+00 3.883651252026269762e-03
1.605108181349298224e+00 3.750087687904293029e-03
1.600063882510667668e+00 4.255361632919744432e-03
1.595936728915424485e+00 3.846192594618393600e-03
1.597414351807548094e+00 4.042252720702373299e-03
1.595172441212601822e+00 3.479336698962301640e-03
1.598229592023892476e+00 3.723565623868223869e-03
1.594968631158515393e+00 4.006487862039530452e-03
1.595631013834295064e+00 3.816948658496271962e-03
1.592828625590611669e+00 3.739248024199669316e-03
1.587478611670852136e+00 3.979189056599305267e-03
1.590128142373971265e+00 3.663237683484304921e-03
1.591249097671444623e+00 4.121409577275082260e-03
1.586918134022115234e+00 3.968739653019933908e-03
1.596395301537117728e+00 3.821859698348448880e-03
1.591401955212009334e+00 3.732131623838243293e-03
1.588344804400718235e+00 4.105002145707697600e-03
1.585797178724641654e+00 3.451919039132474078e-03
1.584880033481254946e+00 3.254186698507226076e-03
1.587223849103244433e+00 3.916999124649909320e-03
1.584115745778431616e+00 3.449281951464649477e-03
1.577491919020634237e+00 4.021941746196316773e-03
1.583810030697303084e+00 3.833508784774551561e-03
1.577848586615284709e+00 3.561781146469314516e-03
1.583147648021522746e+00 3.697987268220827295e-03
1.583453363102651723e+00 3.959623388288051674e-03
1.570919044776358131e+00 4.039811412975395123e-03
1.581262405021226503e+00 3.918572941265785307e-03
1.569849041992406491e+00 3.662472200993439290e-03
1.576472868750203649e+00 3.904688287016918388e-03
1.577644776561198725e+00 3.675424872126525130e-03
1.570766187235793199e+00 3.395024513853993169e-03
1.579428114534451977e+00 3.761700226902608881e-03
1.578205254209935404e+00 3.577356343676879775e-03
1.573517622965955542e+00 3.659266777511150509e-03
1.572651430236089443e+00 3.655465564059524886e-03
1.569950947019449261e+00 3.908595840491160128e-03
1.576370963723160434e+00 3.685564753382916496e-03
1.573619527992998757e+00 3.595886779601702166e-03
1.567352368829851628e+00 3.650007053884189896e-03
1.563276167748129497e+00 3.403246500778772578e-03
1.569033801776062109e+00 3.468436811791080626e-03
1.568218561559717505e+00 3.706496810463278616e-03
1.568167609046196009e+00 4.371583133309734845e-03
1.567861893965067033e+00 3.869520532702169693e-03
1.570103804560013527e+00 3.797244402738432414e-03
1.565518078343076880e+00 3.281990580902489994e-03
1.564091407964474101e+00 3.431022859788723876e-03
1.566944748721679437e+00 3.531549551140758612e-03
1.567403321343373124e+00 3.740938261857497567e-03
1.570256662100578460e+00 3.799742487819943344e-03
1.566129508505335055e+00 3.553096728186720069e-03
1.568982849262540391e+00 3.584667757170295795e-03
1.565670935883641146e+00 3.662103578282584031e-03
1.563683787856301910e+00 3.546397430304924249e-03
1.556856151044418324e+00 3.875071810945627387e-03
1.558690441531193516e+00 3.526797394607354089e-03
1.565263315775468955e+00 3.584374428097956370e-03
1.556601388476810843e+00 3.477019085312550890e-03
1.558996156612322492e+00 3.703921818831131148e-03
1.563429025288694429e+00 3.531781110445848977e-03
1.560473779504446545e+00 3.711004867846758818e-03
1.556958056071461760e+00 3.689736038145984519e-03
1.553595190179041019e+00 3.531211373766681046e-03
1.553697095206084455e+00 3.515930190728217518e-03
1.559862349342187926e+00 3.685592929783367173e-03
1.553136617557347332e+00 3.596291065720979598e-03
1.548754701394497113e+00 4.065419921140655743e-03
1.550283276800142884e+00 4.076388964785189473e-03
1.557110913612026248e+00 3.986932439521299019e-03
1.548041366205195946e+00 3.298052727160282610e-03
1.551149469530008318e+00 3.643215171612095623e-03
1.549773751664927257e+00 4.085041310326216306e-03
1.541060871852746983e+00 3.874066734593362062e-03
1.547073268448286854e+00 4.103926860570081270e-03
1.546920410907722587e+00 3.658216603679972055e-03
1.542385637204306992e+00 3.769604556788467946e-03
1.548041366205195501e+00 4.067182062665491635e-03
1.537392290879197931e+00 3.765235613222536575e-03
1.539430391420058886e+00 3.835462089274603754e-03
1.544016117636995755e+00 3.545855668085601264e-03
1.540908014312182939e+00 3.806568815406774411e-03
1.541774207042048594e+00 3.614340169618104892e-03
1.541978017096134579e+00 3.356436641846749329e-03
1.532144181986481613e+00 3.680150887498723038e-03
1.537290385852154717e+00 3.740566960942003777e-03
1.545391835502076372e+00 3.526690655076691969e-03
1.536220383068203077e+00 3.702656439280309960e-03
1.534386092581428107e+00 3.772616453154130876e-03
1.525826070309812765e+00 3.857677353168551589e-03
1.524908925066425169e+00 3.402662872274113490e-03
1.535659905419465954e+00 3.400270093347947803e-03
1.527915123364195438e+00 3.969642280015047396e-03
1.526947025607285902e+00 3.461513672633412773e-03
1.531074179202529750e+00 3.316081023919104781e-03
1.529087031175190292e+00 3.811830378668326722e-03
1.528017028391237986e+00 3.314828147818074753e-03
1.527354645715458314e+00 3.867893197029611228e-03
1.527303693201936818e+00 3.386713575979203965e-03
1.522463204417392690e+00 3.845733571004998110e-03
1.520781771471182431e+00 3.596164731191076654e-03
1.529341793742797773e+00 3.110190841553411682e-03
1.524501304958252978e+00 3.325115123305018121e-03
1.523737017255430537e+00 4.075882616071528283e-03
1.521444154146962324e+00 3.516369510567495492e-03
1.519864626227794613e+00 3.512117986197153818e-03
1.527405598228980255e+00 3.985112012295554187e-03
1.530819416634922270e+00 3.658585618024982108e-03
1.522768919498521667e+00 3.329266242146944853e-03
1.523737017255430537e+00 3.485315803372453312e-03
1.518590813389756988e+00 3.287519191187264402e-03
1.519355101092579652e+00 3.374826184325386592e-03
1.519457006119622866e+00 4.015381355231007962e-03
1.522870824525564881e+00 3.670742280349262310e-03
1.514718422362121730e+00 3.669185984759205325e-03
1.521647964201048087e+00 3.821842716011274350e-03
1.512119844172524097e+00 3.972061354659039804e-03
1.516348902794810050e+00 3.718049984500891580e-03
1.511966986631959164e+00 3.683197166234363114e-03
1.513342704497040003e+00 3.869319249922797271e-03
1.513546514551126210e+00 3.303279391661765631e-03
1.515737472632551430e+00 3.572679650687602369e-03
1.508858883307146570e+00 3.697608143732706524e-03
1.507534117955587005e+00 3.433821404541240012e-03
1.507839833036716204e+00 3.197269208484902932e-03
1.504782682225425106e+00 3.943197870430768977e-03
1.507941738063759418e+00 3.726855067313407290e-03
1.506056495063463396e+00 4.226574725162507602e-03
1.505954590036420182e+00 3.561208919213889636e-03
1.504426014630774633e+00 3.151893822433253674e-03
1.502489819116956671e+00 3.956655423642371078e-03
1.498770285629885901e+00 3.774615024644730529e-03
1.498770285629885457e+00 3.597839205679576914e-03
1.503865536982037732e+00 3.419517288779180212e-03
1.501266958792440764e+00 4.187475216077306620e-03
1.503254106819779556e+00 3.219682838395458713e-03
1.496120754926766772e+00 3.175187961925124945e-03
1.499636478359751557e+00 3.795777592745365990e-03
1.498413618035234762e+00 3.765976760966894404e-03
1.495611229791551589e+00 3.451994247453513739e-03
1.493114556628996947e+00 3.762555922573355277e-03
1.499228858251579588e+00 3.979319541280045350e-03
1.484554534357382050e+00 3.570091768703164553e-03
1.488172162817409605e+00 3.600349457208129513e-03
1.492503126466738550e+00 3.749533812776811338e-03
1.492146458872088077e+00 3.587360917099709050e-03
1.489547880682490888e+00 3.747899404253450441e-03
1.489089308060796979e+00 3.437312604937943581e-03
1.490719788493485076e+00 3.804061563706120051e-03
1.482363576275956163e+00 3.224758778366010412e-03
1.493369319196604206e+00 3.733411351756885620e-03
1.485013106979075070e+00 3.525310111426671524e-03
1.482975006438214560e+00 3.362479866373882607e-03
1.487713590195715696e+00 3.801518512205576822e-03
1.483994056708644704e+00 3.602526476262076643e-03
1.482873101411171568e+00 3.441826259608370651e-03
1.481191668464961531e+00 3.720144169121945062e-03
1.478593090275363897e+00 4.089249516595222858e-03
1.478898805356492874e+00 3.477112416831854708e-03
1.480019760653966010e+00 3.467527253231962505e-03
1.478796900329449437e+00 3.391218021782091419e-03
1.479714045572837033e+00 3.814992680130606471e-03
1.482975006438214560e+00 3.293046403391427460e-03
1.479561188032272767e+00 4.117426557756551433e-03
1.473192123842082646e+00 3.491031831115042148e-03
1.477166419896761340e+00 3.652637823176158125e-03
1.478949757870014814e+00 3.500029738382840101e-03
1.479561188032272767e+00 3.500593425504895835e-03
1.477319277437325606e+00 3.519705074136403322e-03
1.473650696463776555e+00 3.517609646885160556e-03
1.479917855626923462e+00 3.353201909302495811e-03
1.475026414328857616e+00 3.710672550694808693e-03
1.472478788652781256e+00 3.503755066187917017e-03
1.469931162976705785e+00 3.192426065018026497e-03
1.470746403193049945e+00 3.377117836242597530e-03
1.468963065219796471e+00 3.488201037591229410e-03
1.461625903272697480e+00 3.843248492045151649e-03
1.470950213247135929e+00 3.657964659043263199e-03
1.466619249597806540e+00 3.831476562780798852e-03
1.467944014949366327e+00 3.545778789713431665e-03
1.471816405977001807e+00 3.858081122982053544e-03
1.468453540084581510e+00 3.369325254042140894e-03
1.465090674192160769e+00 3.629088975143871833e-03
1.466517344570763770e+00 4.127376899600813422e-03
1.460759710542832046e+00 3.553564329360434267e-03
1.464734006597510740e+00 3.570807985522519122e-03
1.465651151840897892e+00 4.094946717363223861e-03
1.462288285948477373e+00 3.266783361033634946e-03
1.464479244029902816e+00 3.622759542787619240e-03
1.463969718894687633e+00 3.807387152254064575e-03
1.468147825003452089e+00 3.906496348614311651e-03
1.457396844650411305e+00 3.766683300908465516e-03
1.455409696623072513e+00 4.101025347670184638e-03
1.455103981541943092e+00 3.884075716155729191e-03
1.456326841866459221e+00 3.390433238696724701e-03
1.449346347514011590e+00 4.034911497768144811e-03
1.449703015108661841e+00 3.063475119568254135e-03
1.453983026244469512e+00 3.520295110174185421e-03
1.448683964838231697e+00 3.730931480256049169e-03
1.450671112865570933e+00 3.663425485768134586e-03
1.444811573810596217e+00 4.326762525185113770e-03
1.451893973190087506e+00 3.703094639033242211e-03
1.449753967622183559e+00 3.743522466989338687e-03
1.445626814026940377e+00 3.635921525912779763e-03
1.445473956486375444e+00 3.370592533877773099e-03
1.441092040323525225e+00 3.717843992645858495e-03
1.442162043107477087e+00 3.625510336927638324e-03
1.440276800107180843e+00 3.607409170477954893e-03
1.446238244189198774e+00 3.271528331469024213e-03
1.439461559890836462e+00 3.740705769336120836e-03
1.434824881160377874e+00 3.386234434800575871e-03
1.445423003972854392e+00 3.500296759387810843e-03
1.437117744268846087e+00 3.416858992967160800e-03
1.432735828105995424e+00 3.297001675397827434e-03
1.438697272188013354e+00 3.297926776077114101e-03
1.434621071106292112e+00 3.304061303163017323e-03
1.440633467701831316e+00 3.134051788802662188e-03
1.436302504052502149e+00 3.521419592515262573e-03
1.436302504052502149e+00 3.605206295402169862e-03
1.438034889512233905e+00 3.322385202588499977e-03
1.435538216349679264e+00 3.290834265798189308e-03
1.432837733133038860e+00 3.794659153976035620e-03
1.432633923078952654e+00 2.834883564022057639e-03
1.431462015267957799e+00 3.425506069633086660e-03
1.435334406295593501e+00 3.444009256639938513e-03
1.430697727565135136e+00 3.554367875149964766e-03
1.430086297402876960e+00 3.626072416847848923e-03
1.439665369944922224e+00 4.036519737099320514e-03
1.432226302970780907e+00 4.056037706838376208e-03
1.429831534835269036e+00 3.465711165479715659e-03
1.429423914727097067e+00 3.855927195403447642e-03
1.428455816970188197e+00 3.870379221614739327e-03
1.429831534835269036e+00 3.507409820587938706e-03
1.433245353241211495e+00 3.778478451350723768e-03
1.425704381240026075e+00 3.229456968515850759e-03
1.439665369944922668e+00 3.858959176454923069e-03
1.421118655023089206e+00 3.180775698421611179e-03
1.430035344889355464e+00 3.584751043766097687e-03
1.430188202429919508e+00 3.425600804640203858e-03
1.428455816970188419e+00 3.395899976875313246e-03
1.431716777835565502e+00 3.131254787480030385e-03
1.426366763915805969e+00 3.825780598268109511e-03
1.424940093537203190e+00 3.287045336174041019e-03
1.428812484564838892e+00 3.267844132066190233e-03
1.422443420374648548e+00 3.848031514872695714e-03
1.418621981860534342e+00 3.789479939875562038e-03
1.424175805834380526e+00 3.439139914550526367e-03
1.418367219292927306e+00 3.463556838047317319e-03
1.428863437078359944e+00 3.643927702895991775e-03
1.418876744428142267e+00 3.846614443012191971e-03
1.422901992996342457e+00 3.187115358820687919e-03
1.415055305914028727e+00 3.439996603480031858e-03
1.416787691373760705e+00 3.734853997114076420e-03
1.417144358968411177e+00 3.364548448462122230e-03
1.414800543346420802e+00 3.209021500693997383e-03
1.421220560050131976e+00 3.458606175385298218e-03
1.408023859048058712e+00 3.447716049906340320e-03
1.415055305914028061e+00 3.106896100493085691e-03
1.410011007075397949e+00 3.558937327067974131e-03
1.414138160670640687e+00 3.752883508548501314e-03
1.410112912102441163e+00 4.136892277590404308e-03
1.413934350616554703e+00 3.471040648203524599e-03
1.408023859048058490e+00 3.422017997272781137e-03
1.414189113184162405e+00 3.515354192482573331e-03
1.406750046210021088e+00 3.026785164918637493e-03
1.406240521074805683e+00 3.233233088203932293e-03
1.404304325560987277e+00 3.375056957976966393e-03
1.407718143966929736e+00 3.520413105514631769e-03
1.409654339480747476e+00 3.439121042348302661e-03
1.405119565777331658e+00 3.426782877231968234e-03
1.397731451316711837e+00 3.423959623866169952e-03
1.400992412182088698e+00 3.698250526248723132e-03
1.399056216668270736e+00 3.694991827159288013e-03
1.402419082560691699e+00 3.612022928848142821e-03
1.402113367479562056e+00 3.825617731810160987e-03
1.397272878695018150e+00 3.512310173014240779e-03
1.396253828424587562e+00 3.427464656744359274e-03
1.395591445748807446e+00 3.705460022239791436e-03
1.396967163613888729e+00 3.314483523864460070e-03
1.393247630126817960e+00 3.701618575405483946e-03
1.390649051937220104e+00 3.448834085879639352e-03
1.391770007234693685e+00 3.747695053070528547e-03
1.392789057505124495e+00 3.212837800048866203e-03
1.389528096639746968e+00 3.637823919339138769e-03
1.396916211100367233e+00 3.371266424808678185e-03
1.396151923397544792e+00 3.273214215079670638e-03
1.391260482099478057e+00 3.657595582049768222e-03
1.392279532369909090e+00 3.728596181665487595e-03
1.386063325720283457e+00 3.763235509903819880e-03
1.389069524018053059e+00 3.600187209386967319e-03
1.386674755882541410e+00 3.573220978725249932e-03
1.379949024097701260e+00 3.386774901156460599e-03
1.386827613423106120e+00 3.527632795899919051e-03
1.380407596719395169e+00 3.861417336310772001e-03
1.378675211259662969e+00 4.269963516639618990e-03
1.388661903909880646e+00 3.595309149141375123e-03
1.386216183260848389e+00 3.662557262504145903e-03
1.379898071584179320e+00 3.423959623866164315e-03
1.379490451476007351e+00 3.724552064904961511e-03
1.371389001826085696e+00 3.398192696823818665e-03
1.375465202907807605e+00 3.703795650802704006e-03
1.372713767177645039e+00 3.976921201840972336e-03
1.370573761609741537e+00 3.577809889854137362e-03
1.375465202907807383e+00 3.632310308716000385e-03
1.372102337015387308e+00 3.752278154818151738e-03
1.375567107934850153e+00 3.649551809517503822e-03
1.375210440340199902e+00 3.516369510567499829e-03
1.375006630286113918e+00 3.568637079113752379e-03
1.373732817448075627e+00 3.437554288384562541e-03
1.373579959907511361e+00 3.411501942351082527e-03
1.372713767177645039e+00 3.342748959729539317e-03
1.367210895717321018e+00 3.637724005982098663e-03
1.368892328663530611e+00 3.445154870549292127e-03
1.367261848230842736e+00 3.708905522843294889e-03
1.366395655500976636e+00 3.943329546059199352e-03
1.363797077311379446e+00 3.893048794058052466e-03
1.369045186204095543e+00 3.535252679964316636e-03
1.363949934851943713e+00 3.841441073726715831e-03
1.367771373366057919e+00 3.652904349455743209e-03
1.366395655500976414e+00 3.553388986131204245e-03
1.364204697419551415e+00 3.143976530147305545e-03
1.358701825959226728e+00 3.062152803711002975e-03
1.357733728202318080e+00 3.600493671355720765e-03
1.361504214202911012e+00 3.768571352470049315e-03
1.358599920932184180e+00 3.833373336826196437e-03
1.357886585742882568e+00 3.631148669945039823e-03
1.361555166716432286e+00 3.083410205559123513e-03
1.354880387445112966e+00 3.630537320009145138e-03
1.362421359446298164e+00 3.354146340220899754e-03
1.356714677931888158e+00 3.953389730728402128e-03
1.353810384661161326e+00 3.254884690177398295e-03
1.351364664012128181e+00 3.781524472273950499e-03
1.349581326038875151e+00 3.312211241737282770e-03
1.355695627661457126e+00 3.510535741167639806e-03
1.352027046687908074e+00 3.635168145750333930e-03
1.346880842822234525e+00 3.283410175812537333e-03
1.355033244985677898e+00 3.517491557501837424e-03
1.345046552335459777e+00 3.267526334181887655e-03
1.346626080254627045e+00 3.456233347713301256e-03
1.351823236633822312e+00 3.635967937594939553e-03
1.345657982497718397e+00 3.327456616552164261e-03
1.343568929443335280e+00 3.241813381030403483e-03
1.340155111037394153e+00 3.514212994174553076e-03
1.344435122173201824e+00 3.153046766552715461e-03
1.341887496497125243e+00 3.246354940225354511e-03
1.342651784199948573e+00 3.452701125594911068e-03
1.343823692010943205e+00 3.160448507329851470e-03
1.340460826118523352e+00 3.357036040410414039e-03
1.337047007712581115e+00 3.150843452692594741e-03
1.334448429522983259e+00 3.697745054281832613e-03
1.341836543983604413e+00 3.057999901937012103e-03
1.344333217146158610e+00 3.242834285304277593e-03
1.335059859685241879e+00 3.236551627050199362e-03
1.330576038495348445e+00 3.775368084264453354e-03
1.340460826118522908e+00 3.135509383384048332e-03
1.327467935170535407e+00 3.382095666264716034e-03
1.334244619468897497e+00 3.767520637610864611e-03
1.323340781575292446e+00 3.143448001648081053e-03
1.328436032927444277e+00 3.747733153288682149e-03
1.335314622252849581e+00 3.333774327469769035e-03
1.340715588686131055e+00 3.739497963724231107e-03
1.338117010496532977e+00 3.273083342270770302e-03
1.335926052415107756e+00 4.089249516595233266e-03
1.326346979873062271e+00 4.140104150960581195e-03
1.325633644683761103e+00 3.637153019860975885e-03
1.326805552494755958e+00 3.341471120010833240e-03
1.327416982657014133e+00 3.937844825226699715e-03
1.328945558062659682e+00 3.128380597814452938e-03
1.328894605549138186e+00 3.492102544703534848e-03
1.321863158683168171e+00 3.376179831229459381e-03
1.328283175386879789e+00 3.045255734346026012e-03
1.323187924034727958e+00 3.563777754667004413e-03
1.329353178170831873e+00 3.643282868074484981e-03
1.324003164251072118e+00 3.809190282241634636e-03
1.320844108412737805e+00 3.264843682902987543e-03
1.324156021791637050e+00 3.502817620501133631e-03
1.324359831845722812e+00 3.202846791956404614e-03
1.319111722953006272e+00 3.468680068916649324e-03
1.321404586061474706e+00 3.483672945277903419e-03
1.316666002303973571e+00 3.315454645049713094e-03
1.322016016223732882e+00 3.636664041749655771e-03
1.324665546926852011e+00 3.206573285016217113e-03
1.312080276087036257e+00 3.098415602165847330e-03
1.317786957601446929e+00 3.666938802792662870e-03
1.311978371059993487e+00 3.381972845101458881e-03
1.319774105628785499e+00 2.957401694766918169e-03
1.318347435250183164e+00 3.209357225922779971e-03
1.315443141979456554e+00 3.577418029335283946e-03
1.312844563789859142e+00 3.079062542177675617e-03
1.316411239736365868e+00 3.559167104525616694e-03
1.320487440818087110e+00 3.684747544045210293e-03
1.318907912898920065e+00 3.478605380583269825e-03
1.304641209112894495e+00 3.515723432984881568e-03
1.313557898979160310e+00 3.745183047690953202e-03
1.310857415762519906e+00 3.512458001871770520e-03
1.308309790086443991e+00 3.620555251513047496e-03
1.306577404626712458e+00 3.794700203427175955e-03
1.309481697897439068e+00 3.350006676981113519e-03
1.303214538734291938e+00 3.256642965682277763e-03
1.299749767814828649e+00 2.974003544248736593e-03
1.301685963328646389e+00 3.122420581597167011e-03
1.298781670057919557e+00 2.880845381785199309e-03
1.304946924194023250e+00 3.579986111669008955e-03
1.303825968896550114e+00 3.758223686747929997e-03
1.303825968896550114e+00 3.231546431105899314e-03
1.301023580652866718e+00 3.819260522707083015e-03
1.305048829221066464e+00 3.383016682856969295e-03
1.299087385139048978e+00 3.349014566960641613e-03
1.296998332084666528e+00 2.977127067665165123e-03
1.303010728680206176e+00 3.745879648302424033e-03
1.301736915842167885e+00 3.081894275386999182e-03
1.297253094652274008e+00 3.067641766760575896e-03
1.301533105788081679e+00 3.494536453061938136e-03
1.302297393490904565e+00 3.378977698603111146e-03
1.299800720328350145e+00 3.039585422277086158e-03
1.291801175705471483e+00 3.431628143929266878e-03
1.301736915842168107e+00 3.401441887600527205e-03
1.292412605867729658e+00 3.918046197250883711e-03
1.287062591947970125e+00 3.235685202845212712e-03
1.295571661706063971e+00 3.627360933696533764e-03
1.306781214680798442e+00 3.515856350072813549e-03
1.298577860003833795e+00 3.808641593918106298e-03
1.295622614219585689e+00 3.535865819868445285e-03
1.294501658922112108e+00 3.559750599656095159e-03
1.291342603083777796e+00 2.909111884072292185e-03
1.295265946624934550e+00 3.410561975809696389e-03
1.284871633866544682e+00 3.422385929075499270e-03
1.287928784677836003e+00 3.083010240826927154e-03
1.287368307029099324e+00 3.546159504387972478e-03
1.288845929921223155e+00 3.323260271137300301e-03
1.290272600299825934e+00 3.018591348266901585e-03
1.284667823812458698e+00 3.221053324490975086e-03
1.290833077948562613e+00 3.603819809822061265e-03
1.286705924353319652e+00 3.173797670646013452e-03
1.283139248406813149e+00 3.413498987182304704e-03
1.282680675785119240e+00 3.378036367329917411e-03
1.288030689704879217e+00 3.191043284139292134e-03
1.287215449488534835e+00 3.103238146067784954e-03
1.286247351731625743e+00 3.318487567069733357e-03
1.291342603083777796e+00 3.408791699882820960e-03
1.290017837732218009e+00 3.312818642149576061e-03
1.292871178489423345e+00 3.298713891448415512e-03
1.292310700840686444e+00 2.686197956488099205e-03
1.280744480271301500e+00 3.617050712860266169e-03
1.280846385298344492e+00 3.257818606659772329e-03
1.277942092027618104e+00 3.187380086143313911e-03
1.277177804324795218e+00 3.326301685878729070e-03
1.275802086459714157e+00 3.273452152236259235e-03
1.274630178648719303e+00 3.417918761528691927e-03
1.281967340595818072e+00 3.108834115118028381e-03
1.283037343379770157e+00 3.533489769300443561e-03
1.273509223351245723e+00 3.472177343358054998e-03
1.280184002622564821e+00 3.606847781065776991e-03
1.273560175864767219e+00 2.875094622993751552e-03
1.280948290325387706e+00 3.485967516608211476e-03
1.272643030621380067e+00 3.121505844842595301e-03
1.270604930080519113e+00 3.214760402350606925e-03
1.276821136730144524e+00 3.307536409319120942e-03
1.279419714919741935e+00 3.594500310552096230e-03
1.277840187000575112e+00 3.320227799220772276e-03
1.270961597675169807e+00 3.508623526381365355e-03
1.271827790405035685e+00 3.518174206967273395e-03
1.270553977566997395e+00 3.297139472800338089e-03
1.274935893729848280e+00 3.555780944576346966e-03
1.267089206647534105e+00 3.252714442336020109e-03
1.271725885377992693e+00 3.791031365384892743e-03
1.275292561324498974e+00 3.054279137638126179e-03
1.268515877026136884e+00 3.437006699960235001e-03
1.265866346323017977e+00 3.275176679667635843e-03
1.258019659240703803e+00 3.426627564041669939e-03
1.265815393809496037e+00 3.030094186527416012e-03
1.269534927296567250e+00 3.155680485620685708e-03
1.259904902240999824e+00 3.424130222005445333e-03
1.263522530701027824e+00 3.250798314558658256e-03
1.259038709511134169e+00 3.802966041296000545e-03
1.263114910592855633e+00 3.264442089174045963e-03
1.264847296052587389e+00 3.221468386094692576e-03
1.259191567051698879e+00 3.324962869170790345e-03
1.258682041916483474e+00 3.654741075153117216e-03
1.255217270997019963e+00 3.426343436328970014e-03
1.257968706727182306e+00 3.652424588149166124e-03
1.258172516781268069e+00 3.176087237868205349e-03
1.258172516781268291e+00 3.561416681141091421e-03
1.251548690023470911e+00 3.494376721758249947e-03
1.255930606186321352e+00 3.607797773514104158e-03
1.253892505645460620e+00 3.484511234963659672e-03
1.252262025212771634e+00 3.663326270666859754e-03
1.257306324051402635e+00 3.470980811831095216e-03
1.256949656456752162e+00 3.858299813988367525e-03
1.258070611754225521e+00 3.450143646860530551e-03
1.252414882753336567e+00 2.925557378888530864e-03
1.251752500077556896e+00 3.286559563881893964e-03
1.254809650888848216e+00 3.386774901156459298e-03
1.259395377105784641e+00 3.099136111337388692e-03
1.248797254293308789e+00 3.420595208261372790e-03
1.252618692807422551e+00 3.310184461590042534e-03
1.256796798916187230e+00 3.274383906289911241e-03
1.250733449807126307e+00 3.176005496031524857e-03
1.250682497293604811e+00 3.598629258111195935e-03
1.250122019644868132e+00 3.335736186513058640e-03
1.250274877185432620e+00 2.916384964808337553e-03
1.242937715238333629e+00 3.449673315790832175e-03
1.251905357618121384e+00 3.352330784338411647e-03
1.249306779428523750e+00 3.703459181713251308e-03
1.248848206806830063e+00 3.266827070013953761e-03
1.243549145400592026e+00 3.063509017598032690e-03
1.244822958238629873e+00 3.233875392848555540e-03
1.247625346482313713e+00 2.943534247135823345e-03
1.253382980510245437e+00 3.110457942555809076e-03
1.256083463726886063e+00 3.405408487174293487e-03
1.247778204022878201e+00 3.132000898731995744e-03
1.246453438671318636e+00 3.312054475161483550e-03
1.240186279508171729e+00 3.582925537359940658e-03
1.248491539212179591e+00 3.230951875471793720e-03
1.241867712454381989e+00 3.266831043528623836e-03
1.245434388400888048e+00 3.454475203477016306e-03
1.242632000157205097e+00 3.358273169985379666e-03
1.252771550347987262e+00 3.553462046861537941e-03
1.241511044859731294e+00 3.439121042348297023e-03
1.241867712454381767e+00 3.429660579898508727e-03
1.237180081210402349e+00 3.556193440333184873e-03
1.239727706886478265e+00 2.880615571861276647e-03
1.240950567210994615e+00 3.467018095736432767e-03
1.238708656616047676e+00 3.171621050860945566e-03
1.239065324210698371e+00 3.350998493273539634e-03
1.237740558859138584e+00 3.197167707810633780e-03
1.238708656616047676e+00 3.403017638785086393e-03
1.236823413615751432e+00 3.323021994051898742e-03
1.233715310290938838e+00 3.326524119242348174e-03
1.241612949886774286e+00 3.463762962102501838e-03
1.234275787939675517e+00 3.361858271309004029e-03
1.238708656616047676e+00 2.861808147599799543e-03
1.228416248884701023e+00 3.329831548459880053e-03
1.234632455534326212e+00 3.039367614885680850e-03
1.229588156695695655e+00 3.395789122860508845e-03
1.234887218101933914e+00 3.129077613496860592e-03
1.229078631560480250e+00 3.352082956326883720e-03
1.227142436046662732e+00 3.279454344290781871e-03
1.232186734885293289e+00 3.334241541468976368e-03
1.231524352209513173e+00 3.170028554000332236e-03
1.229944824290346350e+00 3.051813121823370410e-03
1.230709111993169236e+00 3.588804400142863414e-03
1.223168139991984038e+00 3.744572982532916403e-03
1.223473855073113459e+00 2.925450888170397917e-03
1.218837176342654649e+00 3.255558608663477235e-03
1.234938170615455189e+00 3.686497982063590556e-03
1.226531005884404335e+00 2.957928358593427381e-03
1.224441952830022107e+00 3.376056794847730712e-03
1.229282441614566457e+00 3.770689116628150959e-03
1.227040531019619518e+00 3.211912440610816856e-03
1.224696715397629809e+00 3.611304102572409410e-03
1.224645762884108313e+00 3.541841120132914467e-03
1.223524807586634733e+00 3.265082230047502195e-03
1.217257648423488048e+00 3.364698911331615808e-03
1.224492905343543603e+00 3.133355879626782865e-03
1.220569561802386627e+00 3.191759151384454627e-03
1.225868623208624664e+00 3.004833496922796471e-03
1.222352899775639878e+00 3.622558882340449950e-03
1.220722419342951115e+00 3.385529015610747039e-03
1.220263846721257650e+00 3.466134380226375180e-03
1.221690517099859985e+00 3.674647798313621008e-03
1.215780025531363773e+00 3.557799162833560382e-03
1.221588612072816993e+00 3.546236374506680361e-03
1.215117642855583657e+00 3.376929487291241514e-03
1.214811927774454903e+00 3.055158768212247813e-03
1.215932883071928039e+00 3.596464317288427474e-03
1.213436209909374064e+00 3.156589431318022974e-03
1.211194299314427125e+00 3.503310459190924799e-03
1.219346701477869832e+00 3.262648230828894998e-03
1.218429556234483124e+00 3.363004850949839839e-03
1.213334304882330850e+00 3.668708352621831599e-03
1.216697170774750925e+00 3.226642093734050955e-03
1.215321452909670086e+00 3.011336655846728362e-03
1.214047640071631795e+00 3.670052639868673274e-03
1.218021936126310711e+00 3.571404117378953157e-03
1.221792422126902755e+00 3.549982688449067423e-03
1.211143346800905407e+00 3.216371110035612987e-03
1.213130494828244865e+00 3.411475307189070806e-03
1.214862880287976399e+00 3.489618581313534522e-03
1.215525262963755848e+00 3.518672272992455496e-03
1.212926684774158659e+00 3.526782672105526623e-03
1.208799531178915254e+00 3.065372831956135295e-03
1.207067145719183721e+00 3.283473430379903017e-03
1.210837631719776430e+00 3.623074843893890531e-03
1.212671922206550956e+00 3.370095693714704639e-03
1.201819036826467402e+00 3.204649821535491931e-03
1.205538570313538393e+00 3.468796077845479747e-03
1.206659525611011530e+00 3.326270465970689212e-03
1.196163307825578670e+00 3.307045796580221266e-03
1.203449517259156165e+00 3.116461662966580563e-03
1.204825235124237004e+00 3.105257869712790657e-03
1.200443318961386119e+00 3.273178523014368645e-03
1.203755232340285142e+00 3.116445001984647929e-03
1.200647129015472547e+00 3.492455659479060115e-03
1.198659980988133089e+00 3.123933466930752488e-03
1.199984746339692432e+00 3.240932342464520471e-03
1.197895693285310204e+00 3.352330784338412081e-03
1.199271411150391264e+00 3.428146300666459149e-03
1.200239508907300134e+00 3.149586668047337727e-03
1.192953299473722861e+00 3.483587242078956502e-03
1.191781391662727785e+00 3.400770159173842518e-03
1.196061402798535456e+00 3.293200133116185209e-03
1.193411872095416548e+00 3.111071353344497734e-03
1.197946645798831700e+00 3.552322128347416147e-03
1.196927595528401556e+00 3.197870026487045856e-03
1.196265212852621662e+00 3.161401248736814447e-03
1.199220458636869768e+00 3.804549498602051525e-03
1.193513777122459540e+00 3.438215054821452173e-03
1.189845196148910045e+00 3.231735219808601345e-03
1.188214715716221503e+00 3.396186651513331822e-03
1.192902346960201587e+00 3.463463141239656647e-03
1.189539481067780846e+00 3.326457781023728875e-03
1.193972349744153227e+00 3.523159067556225037e-03
1.197335215636573524e+00 3.221166162064901996e-03
1.189080908446087159e+00 3.648271130175168193e-03
1.188367573256785992e+00 3.427767626333350602e-03
1.190201863743560518e+00 3.341894531366559895e-03
1.188571383310872198e+00 3.705953933886846872e-03
1.195144257555148082e+00 3.713941957234828846e-03
1.198863791042219074e+00 2.946994012437024156e-03
1.186227567688882267e+00 3.334661978099483833e-03
1.190711388878775923e+00 3.091789115920579728e-03
1.189896148662431541e+00 3.221698057395973227e-03
1.192239964284421250e+00 2.988720000776018404e-03
1.188163763202699785e+00 3.318976488480921035e-03
1.192036154230335487e+00 3.664332470707182179e-03
1.185565185013102374e+00 3.707757378396998090e-03
1.185616137526624092e+00 3.166459930501868639e-03
1.184749944796757992e+00 3.098025954735518419e-03
1.175884207444013674e+00 3.198953649219929592e-03
1.187144712932269641e+00 3.606718217253863847e-03
1.183578036985763138e+00 3.565671312608194830e-03
1.184240419661542587e+00 3.107397427047297721e-03
1.187246617959312411e+00 3.568437012919883737e-03
1.184902802337322703e+00 3.275259909740279619e-03
1.172317531497507392e+00 3.054138883263532271e-03
1.182202319120682077e+00 3.218049585912232530e-03
1.184800897310279266e+00 3.160682612649507676e-03
1.182253271634203351e+00 3.678108045757479214e-03
1.185310422445494893e+00 3.639935731195018988e-03
1.179756598471649154e+00 2.819009687386603291e-03
1.182915654309983244e+00 3.524864540628448208e-03
1.184851849823801206e+00 3.212429704943331292e-03
1.184546134742672008e+00 3.491087605554134103e-03
1.180418981147429269e+00 3.442429644182210067e-03
1.179552788417562947e+00 3.148663332940040450e-03
1.178228023066003827e+00 3.285307283051806283e-03
1.179094215795869260e+00 3.116045111693078844e-03
1.176444685092750353e+00 3.149359981376020825e-03
1.177208972795573017e+00 3.316609439073644940e-03
1.175119919741190788e+00 3.200434412524677443e-03
1.178126118038960390e+00 3.097690734935890956e-03
1.174406584551889399e+00 3.346474821459266384e-03
1.176597542633314841e+00 3.391045767882560572e-03
1.180011361039256856e+00 3.322416459005358806e-03
1.173081819200330056e+00 3.351947417632793018e-03
1.173897059416674216e+00 2.950603702658110075e-03
1.173948011930195934e+00 3.359293458904402067e-03
1.174202774497803414e+00 3.152062672748264828e-03
1.170636098551296911e+00 3.306814202081022856e-03
1.173998964443717430e+00 3.608661185993402524e-03
1.175068967227669292e+00 3.209001275160972520e-03
1.174967062200626300e+00 3.747954819602943195e-03
1.173234676740894544e+00 3.321146430302152931e-03
1.173132771713851552e+00 3.349479655121906201e-03
1.167426090199441324e+00 2.979964189337339954e-03
1.171451338767641293e+00 3.390176709225442651e-03
1.166763707523661431e+00 3.629679111334385526e-03
1.170738003578340125e+00 3.363313627127203186e-03
1.172266578983985674e+00 3.367093837277829356e-03
1.169311333199737790e+00 3.185098636650306181e-03
1.163757509225891829e+00 3.494893036141087737e-03
1.170687051064818629e+00 3.183855373812925684e-03
1.170381335983689430e+00 3.165931055287826701e-03
1.167680852767049027e+00 3.287744248393722254e-03
1.172928961659765346e+00 3.503795819006483379e-03
1.167731805280570301e+00 3.419255348581334755e-03
1.160139880765863829e+00 3.266544938118222559e-03
1.163349889117719638e+00 3.396553559743486876e-03
1.159885118198256349e+00 3.423383318406196703e-03
1.159171783008954959e+00 2.949420035093999228e-03
1.162891316496025729e+00 3.685441479098056170e-03
1.160700358414600730e+00 3.102146195325917403e-03
1.165846562280274057e+00 3.108203557649345458e-03
1.162789411468982959e+00 4.011500158834222125e-03
1.166661802496618439e+00 3.682129140143701462e-03
1.164674654469279202e+00 3.811203734235671381e-03
1.163044174036590661e+00 3.186300675260019758e-03
1.166661802496618439e+00 2.709773281017196882e-03
1.158662257873739998e+00 3.147838697731001473e-03
1.162127028793203287e+00 3.447836529121505421e-03
1.166712755010140157e+00 3.254788974461933666e-03
1.166050372334360263e+00 3.223728123236386297e-03
1.162483696387853760e+00 3.286338375473288505e-03
1.154789866846104296e+00 3.479795560067557806e-03
1.166457992442532454e+00 3.622849119756079653e-03
1.161770361198552370e+00 2.999212276912933354e-03
1.157796065143874120e+00 2.979637469686088891e-03
1.158866067927825760e+00 3.243314599650477890e-03
1.162840363982504677e+00 3.272924701547038316e-03
1.158407495306132073e+00 2.969268381539403971e-03
1.162177981306724561e+00 3.192913962349680328e-03
1.166916565064225919e+00 3.557532809020348078e-03
1.167273232658876614e+00 3.827493669124381291e-03
1.164572749442236210e+00 2.741505660090601086e-03
1.171604196308206003e+00 3.443647404647108556e-03
1.164725606982800699e+00 3.258507853041895698e-03
1.170585146037775637e+00 3.098227069205765957e-03
1.169515143253823553e+00 3.376718062688738222e-03
1.169005618118608592e+00 3.325040949084880158e-03
1.171298481227076804e+00 3.190176707231063506e-03
1.169311333199737568e+00 3.272738288870440018e-03
1.173234676740894322e+00 3.240431645651536356e-03
1.173998964443717430e+00 3.211237447033719102e-03
1.169362285713259064e+00 3.600273742468170033e-03
1.172776104119200857e+00 2.916140150217633696e-03
1.170177525929603002e+00 3.456439908503289478e-03
1.169922763361995743e+00 3.851430360072202828e-03
1.176495637606271627e+00 3.618256341445939914e-03
1.172368484011028666e+00 3.264477876758874273e-03
1.169566095767345049e+00 3.569219026095213874e-03
1.176393732579228635e+00 3.110236751170627600e-03
1.167629900253527309e+00 3.122599339747949600e-03
1.177922307984874406e+00 3.414696653466044781e-03
1.176954210227965536e+00 3.106281865199448343e-03
1.178075165525439116e+00 3.338241328546612263e-03
1.175884207444013674e+00 3.245683110135693609e-03
1.174049916957238704e+00 3.503262290045400067e-03
1.177412782849659223e+00 3.606095526221373467e-03
1.176189922525142872e+00 3.082770237079341703e-03
1.176037064984578384e+00 3.160386897784554869e-03
1.177514687876702437e+00 3.125491305489123788e-03
1.180571838687993536e+00 3.238091364325042156e-03
1.184393277202107297e+00 3.085468151102381974e-03
1.173693249362588453e+00 2.977127067665167291e-03
1.181539936444902184e+00 3.185424658047798178e-03
1.176954210227965536e+00 3.248453513713080859e-03
1.177871355471352910e+00 3.284584140157278259e-03
1.179348978363476963e+00 3.557999827193350333e-03
1.183628989499284634e+00 3.811149238546089786e-03
1.177871355471352688e+00 3.186695822797902533e-03
1.181285173877294703e+00 3.528839546228863984e-03
1.181794699012510108e+00 3.720507041255473931e-03
1.183017559337026459e+00 3.793588290567290362e-03
1.179043263282347986e+00 3.258870346100435720e-03
1.183781847039849122e+00 3.419957606795046012e-03
1.184189467148021535e+00 2.849717188424149856e-03
1.183832799553370618e+00 3.582867569543229415e-03
1.190660436365254427e+00 3.812702060460821524e-03
1.181590888958424124e+00 3.118006581980420008e-03
1.185921852607752847e+00 3.179534827835938608e-03
1.180164218579821345e+00 3.099533995183452809e-03
1.180062313552778130e+00 3.083679626237468760e-03
1.181845651526031382e+00 3.335736186513058206e-03
1.179399930876998459e+00 3.531329004352609571e-03
1.190813293905818915e+00 3.802518868255600620e-03
1.182049461580117589e+00 3.266783361033648823e-03
1.189080908446087159e+00 3.301612791768362889e-03
1.184597087256193504e+00 3.005610991091635549e-03
1.182711844255897260e+00 3.472446506131601166e-03
1.182915654309983466e+00 3.143315855637542847e-03
1.182660891742375764e+00 3.073513730667620531e-03
1.181234221363773207e+00 3.259431931543740283e-03
1.183170416877590947e+00 3.253963309551338029e-03
1.180469933660950543e+00 3.047501311495924309e-03
1.181998509066596093e+00 3.108733902612044811e-03
1.179705645958127658e+00 3.949381879192241651e-03
1.187807095608049313e+00 3.202522544157666157e-03
1.180724696228558024e+00 3.089571526884687946e-03
1.185718042553667084e+00 3.505532930280575669e-03
1.178329928093046375e+00 3.038662836951400679e-03
1.182966606823504963e+00 3.006440096584069282e-03
1.180928506282644230e+00 3.092259309145225458e-03
1.180011361039256634e+00 3.213581127233246151e-03
1.182202319120681855e+00 3.215628427785915087e-03
1.172521341551593155e+00 3.265936880901943503e-03
1.181081363823208719e+00 3.506758390645216272e-03
1.179247073336433749e+00 3.472177343358058034e-03
1.180673743715036306e+00 3.757418825472556845e-03
1.175476587335841483e+00 3.665306520896029121e-03
1.178075165525438894e+00 3.534665140770788892e-03
1.176088017498099880e+00 3.620035345026230422e-03
1.180215171093342841e+00 3.158792846672248047e-03
1.180317076120385833e+00 3.509071159413010895e-03
1.175731349903448963e+00 3.521257394277135105e-03
