# V, V_err
9.717174857632829843e-01 2.828410695363750907e-03
9.725836784931487511e-01 3.071599917630813727e-03
9.781884549805159867e-01 3.377698192468569453e-03
9.797170303861615359e-01 3.695975358000860942e-03
9.741632064123157964e-01 2.724430469182646201e-03
9.751313041692247774e-01 3.384455269517780245e-03
9.776279773317790855e-01 2.778552266904777465e-03
9.736536812771008353e-01 2.843698078212429127e-03
9.768636896289564220e-01 3.218533598978091069e-03
9.808889381971565014e-01 3.112627288530736818e-03
9.798189354132046391e-01 3.000038823911538831e-03
9.769146421424779181e-01 2.993979406356127044e-03
9.778317873858654030e-01 3.026870936511574534e-03
9.811437007647643149e-01 3.004466276960080211e-03
9.714627231956752818e-01 3.530016466060476206e-03
9.839970415219692068e-01 3.034353729814168350e-03
9.772713097371285018e-01 3.393127540020279050e-03
9.762013069531764176e-01 2.849626084642190894e-03
9.790036951968602574e-01 2.697207771577629989e-03
9.860351420628302721e-01 2.938909001921537548e-03
9.845575191707059970e-01 3.003934808591953581e-03
9.884299101983414770e-01 3.249252613759536033e-03
9.850160917923994619e-01 3.098361138266852392e-03
9.839460890084475997e-01 3.074358302129198521e-03
9.855256169276147560e-01 2.998550009467072092e-03
9.838951364949261036e-01 2.988767776273093361e-03
9.844556141436630048e-01 3.087755951243075381e-03
9.824175136028020505e-01 3.085569119228970258e-03
9.859332370357869468e-01 3.047262770870644462e-03
9.809908432241996046e-01 3.224919788475730156e-03
9.844556141436630048e-01 3.417406011326981023e-03
9.926589688206276518e-01 2.411356973680180236e-03
9.800227454672908456e-01 3.353817367832987416e-03
9.840479940354908139e-01 3.183761599880174844e-03
9.822646560622375622e-01 2.725702317745645753e-03
9.822646560622375622e-01 2.804569089094254355e-03
9.862389521169163675e-01 3.079568399792835965e-03
9.847103767112704853e-01 2.859062628543141468e-03
9.888375303065134458e-01 3.036256817787201870e-03
9.864427621710021299e-01 2.779014734932049903e-03
9.863408571439592487e-01 2.644091819040649428e-03
9.892961029282072438e-01 3.117606891990140367e-03
9.879203850631261830e-01 3.008546377984412396e-03
9.864937146845238480e-01 3.010789154587349258e-03
9.863408571439592487e-01 2.992309722429010565e-03
9.825703711433665388e-01 3.069266241030438411e-03
9.816022733864576688e-01 2.832794792813393518e-03
9.804303655754627034e-01 2.858481420418941370e-03
9.831308487921035510e-01 2.850609851404248794e-03
9.850670443059210690e-01 3.048289214796142711e-03
9.855256169276147560e-01 2.708311826706916604e-03
9.851179968194426761e-01 3.151893822433251505e-03
9.841498990625339172e-01 2.870576162519642392e-03
9.854746644140932599e-01 2.837849173143597043e-03
9.779846449264297803e-01 2.965677032183903876e-03
9.795132203320755515e-01 3.179285779016229573e-03
9.818060834405440973e-01 3.254601523031809031e-03
9.844046616301415087e-01 2.803198734650443578e-03
9.874108599279111109e-01 2.896792671849259416e-03
9.903151531986376099e-01 2.976861085146192097e-03
9.806851281430705169e-01 2.538110357817596405e-03
9.872070498738249045e-01 3.024708750736542461e-03
9.804813180889843105e-01 2.630136964159708168e-03
9.781884549805162088e-01 3.055668583034683132e-03
9.885318152253844692e-01 2.741434635462557633e-03
9.833856113597109205e-01 3.161828246520396318e-03
9.843027566030986275e-01 2.871168485588529353e-03
9.845575191707061080e-01 3.106749865009601937e-03
9.888375303065136679e-01 3.123916845798662030e-03
9.854746644140932599e-01 2.922578613610587583e-03
9.827741811974527453e-01 2.808454291604181065e-03
9.812456057918069741e-01 3.103049906112524941e-03
9.917927760907615520e-01 3.315047435317052590e-03
9.851179968194426761e-01 3.072647803996160845e-03
9.798189354132046391e-01 2.673308003239766202e-03
9.834875163867541348e-01 3.146254792253409815e-03
9.827232286839313602e-01 2.874083105240188892e-03
9.844556141436630048e-01 2.793777937504339677e-03
9.846084716842276041e-01 3.094034483650396922e-03
9.898056280634227599e-01 3.300759512980666523e-03
9.857294269817009624e-01 2.788080382775481956e-03
9.919456336313261513e-01 3.048353089922096852e-03
9.854237119005716528e-01 3.059167016769549947e-03
9.860860945763515462e-01 3.220085983089955063e-03
9.883280051712982628e-01 2.765721958792257025e-03
9.908246783338529040e-01 3.424899703535638079e-03
9.906208682797668086e-01 3.381078418993872618e-03
9.917927760907619961e-01 3.198665530690461469e-03
9.849141867653565807e-01 2.962594015797433925e-03
9.849141867653565807e-01 2.972217823846407848e-03
9.883280051712985959e-01 3.249140751584270702e-03
9.879713375766479011e-01 3.163470008555617410e-03
9.901113431445512925e-01 2.727606599108561413e-03
9.914870610096326864e-01 2.763599702619625939e-03
9.876146699819972063e-01 2.989380103660714810e-03
9.913342034690681981e-01 2.927438076164575170e-03
9.900094381175086333e-01 3.113840628377052312e-03
9.898565805769442560e-01 3.044454254761453076e-03
9.968370749293923305e-01 3.273749549363208413e-03
9.956651671183973651e-01 3.362881332540490660e-03
9.991299380378605433e-01 2.971383537916128491e-03
9.906718207932884157e-01 3.048033700906544515e-03
9.921494436854122467e-01 3.204791589821310953e-03
9.918946811178048772e-01 3.204973854117184381e-03
9.928118263611921401e-01 3.110608176790651946e-03
9.958180246589617424e-01 2.649427816238311955e-03
9.967351699023491163e-01 3.227555186384285617e-03
1.003257091633103837e+00 3.421319956065490588e-03
9.979580302268656888e-01 3.103250694992153776e-03
9.969389799564354337e-01 2.898383022795769648e-03
1.000760418470549418e+00 2.757110140558010659e-03
9.988751754702529517e-01 2.955680605607503841e-03
9.979070777133440817e-01 3.213241803546229049e-03
1.001626611200415295e+00 3.374006810383983149e-03
9.995885106595543412e-01 2.845737793459497417e-03
9.990280330108176621e-01 3.387081510387758652e-03
9.960727872265695559e-01 2.928612898653314232e-03
1.000403750875898501e+00 3.059947674124119735e-03
1.005295192173964791e+00 3.000038823911531892e-03
9.970918374969997000e-01 2.737264631805460049e-03
1.001371848632807593e+00 2.889488245540264288e-03
9.994356531189897419e-01 2.982354687262147794e-03
9.989261279837745588e-01 3.583740610478500406e-03
1.005397097201007561e+00 3.241681240510629371e-03
1.000760418470549418e+00 2.963159183553380760e-03
9.976523151457366012e-01 3.329016697100430078e-03
1.002390898903238181e+00 3.135447283800887278e-03
1.005957574849744240e+00 3.084441454202020011e-03
1.004479951957620187e+00 3.104421704624702773e-03
1.003817569281840516e+00 3.139617643683161822e-03
1.002136136335630479e+00 2.728367939504363834e-03
1.006823767579610118e+00 3.564036357459010769e-03
1.016402840121655826e+00 3.030072766666759565e-03
1.013702356905015201e+00 2.997982853764224413e-03
1.009422345769207752e+00 3.377748152249935611e-03
1.011664256364154690e+00 2.989310626010794215e-03
1.007486150255389790e+00 3.258874329316662627e-03
1.007689960309475996e+00 2.807090458118358285e-03
1.010492348553159614e+00 3.154824768092223154e-03
1.007435197741868294e+00 3.086776273852612738e-03
1.013192831769800017e+00 3.017404237088806927e-03
1.011715208877675964e+00 2.835538278424274382e-03
1.010033775931465705e+00 3.648626919527916783e-03
1.012683306634585056e+00 2.911881539343383167e-03
1.015893314986440643e+00 3.088457932262647903e-03
1.008556153039341874e+00 3.162255186646661768e-03
1.010186633472030415e+00 3.084454079599645380e-03
1.011613303850633194e+00 3.066896928489418542e-03
1.007639007795954500e+00 2.648839814540753044e-03
1.012989021715714033e+00 2.941703555039105328e-03
1.009371393255686256e+00 3.147013846436725552e-03
1.009931870904422713e+00 2.936933995254366412e-03
1.012683306634585056e+00 3.125179799901517484e-03
1.014874264716010499e+00 3.162058144520652533e-03
1.018084273067866086e+00 3.011478903661024206e-03
1.011715208877675964e+00 2.713904214140124092e-03
1.019001418311253460e+00 3.128766464968524459e-03
1.015740457445876377e+00 2.996250416258228622e-03
1.018899513284210245e+00 2.974666912837109663e-03
1.019612848473511635e+00 3.215519432806111712e-03
1.015230932310660972e+00 2.825453556518676100e-03
1.009728060850336950e+00 2.874895960094662334e-03
1.013294736796843232e+00 2.998744809192743863e-03
1.016555697662220759e+00 3.188438775637973156e-03
1.020173326122248314e+00 2.944733505013046298e-03
1.017065222797435720e+00 2.774756186012082657e-03
1.019510943446468421e+00 3.013891782321777117e-03
1.021956664095501566e+00 2.938489368854868382e-03
1.022873809338889162e+00 3.093451264448215162e-03
1.021549043987329597e+00 3.442082710976178926e-03
1.023587144528190329e+00 3.090277296011161544e-03
1.024198574690448504e+00 3.093803726607261342e-03
1.019256180878860940e+00 2.704321155270629235e-03
1.022517141744238467e+00 3.200414132724154533e-03
1.019918563554640834e+00 3.228781622375577302e-03
1.025880007636658542e+00 3.036098628975106902e-03
1.022568094257759741e+00 2.716318590414238017e-03
1.027153820474696611e+00 2.977929231682885803e-03
1.026797152880045916e+00 2.997510863792332905e-03
1.028478585826255953e+00 2.935413174798279148e-03
1.019663800987033131e+00 2.910325326408643234e-03
1.025472387528486351e+00 3.005157477272197078e-03
1.031994309259241183e+00 3.098897356508287064e-03
1.024300479717491719e+00 3.419122472693859015e-03
1.031179069042896801e+00 3.338890646986773791e-03
1.027714298123433512e+00 2.942369794105984329e-03
1.027306678015261321e+00 2.720363238293982151e-03
1.030109066258944717e+00 3.086544974169444424e-03
1.031280974069939793e+00 3.074404746828324209e-03
1.034134314827144685e+00 3.063170020419563652e-03
1.027459535555825809e+00 3.260562774566375284e-03
1.024657147312141969e+00 3.042999968516695453e-03
1.030873353961767602e+00 3.073120925878541736e-03
1.029497636096686541e+00 3.105596452520336705e-03
1.032656691935020632e+00 3.112093435977532959e-03
1.033624789691929724e+00 2.899099515478121159e-03
1.038006705854780387e+00 2.950898445630533752e-03
1.033319074610800747e+00 2.988767776273089025e-03
1.028223823258648473e+00 3.188809233922407834e-03
1.033930504773059145e+00 3.292380158304542784e-03
1.037955753341258891e+00 3.131586414427028290e-03
1.035815747773354945e+00 3.358709922500061670e-03
1.043305767261018646e+00 2.918378325995649863e-03
1.043968149936798318e+00 2.842602325213134697e-03
1.038465278476474074e+00 3.112377056547887839e-03
1.040350521476770318e+00 3.061101324664443433e-03
1.040452426503813310e+00 3.431170407639370055e-03
1.036427177935613342e+00 3.043550205439470892e-03
1.042133859450023792e+00 3.393590407634870017e-03
1.044885295180185691e+00 3.016526506826654706e-03
1.041216714206636196e+00 2.855159909928791078e-03
1.036681940503221044e+00 2.905718697401899961e-03
1.045140057747793172e+00 3.289698045122858329e-03
1.045802440423572843e+00 3.137202158309713822e-03
1.042949099666367951e+00 2.936757196130989830e-03
1.043509577315104409e+00 3.046410687590535120e-03
1.048859591234864164e+00 3.125595133785979366e-03
1.047738635937390583e+00 3.210153927164860390e-03
1.049216258829514858e+00 2.826514625203451099e-03
1.047381968342740111e+00 3.367105402833921179e-03
1.054209605154623697e+00 3.030175580617027516e-03
1.049216258829514858e+00 2.843912613739589187e-03
1.048451971126692195e+00 3.031207810704529722e-03
1.052579124721935155e+00 3.130537524081044264e-03
1.049114353802471866e+00 3.285844597636303297e-03
1.049674831451208323e+00 2.800460649325033254e-03
1.054922940343924864e+00 3.062661454296925108e-03
1.058031043668737681e+00 2.934528614532661787e-03
1.061546767101722688e+00 2.995639493205662970e-03
1.050897691775724896e+00 3.293046403391424425e-03
1.051509121937983293e+00 2.659682161465101724e-03
1.051763884505590774e+00 3.222241950441519145e-03
1.053241507397714827e+00 3.193157883059970052e-03
1.056451515749570635e+00 3.168324638236962552e-03
1.052222457127284239e+00 3.007424362479360624e-03
1.058795331371560566e+00 3.155252655865710583e-03
1.057419613506479505e+00 3.160682612649510278e-03
1.053445317451801033e+00 3.209603941353136175e-03
1.057419613506479728e+00 3.068999784683849787e-03
1.059967239182555643e+00 3.316597697429308437e-03
1.052986744830107346e+00 2.868671761804774799e-03
1.060578669344813818e+00 2.910097844511786401e-03
1.057776281101130200e+00 3.037876709937832598e-03
1.064298202831884810e+00 2.840624334969540313e-03
1.058897236398603781e+00 2.833120119377388352e-03
1.057062945911828589e+00 3.118606020918067087e-03
1.060935336939464513e+00 3.268161899047656964e-03
1.059661524101426444e+00 3.429509182063260157e-03
1.061190099507072437e+00 2.939461059423678201e-03
1.060680574371857032e+00 3.032235408473106780e-03
1.066336303372745542e+00 3.500445095589197614e-03
1.061495814588201414e+00 3.293109472864606639e-03
1.066642018453874741e+00 3.335187449355515345e-03
1.063635820156105138e+00 3.287128265732366939e-03
1.064654870426535282e+00 3.049498356707792956e-03
1.061546767101722688e+00 3.212268068787022847e-03
1.065673920696965871e+00 3.172995931808788618e-03
1.063941535237234115e+00 3.484660243128687857e-03
1.063381057588497214e+00 2.739497320987914226e-03
1.070871077076160693e+00 3.180987904120240184e-03
1.068476308940649488e+00 2.879944061346481447e-03
1.060476764317770826e+00 3.653106896423125548e-03
1.074233942968580990e+00 3.257838529121768849e-03
1.067966783805434305e+00 3.236487455433709106e-03
1.070157741886859526e+00 2.936279785323975960e-03
1.070972982103203908e+00 3.013977920833786107e-03
1.069342501670515366e+00 3.404970100028689543e-03
1.073724417833365807e+00 3.454550356148306835e-03
1.075049183184925594e+00 3.512635388288601421e-03
1.076170138482399175e+00 3.525103903843408021e-03
1.068934881562342953e+00 3.189415715568247149e-03
1.076424901050006655e+00 3.597330449965773121e-03
1.076934426185221838e+00 2.954099130239425108e-03
1.074233942968581212e+00 2.755282786152313344e-03
1.071992032373634274e+00 2.802592046326949672e-03
1.078004428969173700e+00 3.519030099132582599e-03
1.066896781021482665e+00 2.922312108169401648e-03
1.076985378698743112e+00 2.879046967453435628e-03
1.076679663617613913e+00 3.908506170069782001e-03
1.078055381482694974e+00 3.170094070932111350e-03
1.080755864699335600e+00 3.133741134159219975e-03
1.078004428969173700e+00 3.307583504313654863e-03
1.078208239023259685e+00 3.397291078251914263e-03
1.079074431753125562e+00 3.361209527813368951e-03
1.081876819996809180e+00 3.177558231351919425e-03
1.080755864699335822e+00 3.509677777515212479e-03
1.084016825564712905e+00 3.181167451731888810e-03
1.077189188752829319e+00 2.887726680153343550e-03
1.089519697025037370e+00 3.206431595505786214e-03
1.084118730591756119e+00 3.121505844842595735e-03
1.086870166321918241e+00 3.106950414776783482e-03
1.081673009942722974e+00 2.954033217058716059e-03
1.086564451240789042e+00 3.078729473877269990e-03
1.086870166321918241e+00 3.230662592626790119e-03
1.089672554565601859e+00 2.994252538718826257e-03
1.088093026646434591e+00 3.352040359042156824e-03
1.092067322701113063e+00 3.124830876777141657e-03
1.089978269646730613e+00 3.237514048661908200e-03
1.086309688673181340e+00 3.126321835313253944e-03
1.091353987511811896e+00 2.947786762111729610e-03
1.091914465160548575e+00 3.281100549542147367e-03
1.089417791997994156e+00 2.985504257097250976e-03
1.096245428809877742e+00 3.237790691928812362e-03
1.094920663458318399e+00 3.102016474488568636e-03
1.101799252783723704e+00 2.729357364522699749e-03
1.099149722080604796e+00 2.820445998865792579e-03
1.100627344972728627e+00 3.007855956436170965e-03
1.099404484648212055e+00 2.953998062760970246e-03
1.104550688513885603e+00 3.223208644799015372e-03
1.092423990295763980e+00 3.338361870258119233e-03
1.092220180241677774e+00 3.394137351616501735e-03
1.100474487432163917e+00 3.080209033511612741e-03
1.094920663458318177e+00 3.225917871787046219e-03
1.100423534918642421e+00 3.497718413662445798e-03
1.098742101972432383e+00 2.886894955795279820e-03
1.096398286350442675e+00 3.053458770713557858e-03
1.105111166162622283e+00 2.886107968906663403e-03
1.105009261135579290e+00 2.883101952500176281e-03
1.105416881243751481e+00 3.399720317803116895e-03
1.104856403595014802e+00 2.865411896187038208e-03
1.109391177298429954e+00 3.014718610438517875e-03
1.104295925946277901e+00 3.190441180537872869e-03
1.109085462217300977e+00 3.438656753559871625e-03
1.102155920378374176e+00 3.091033298394483576e-03
1.105620691297837466e+00 2.972169782320731399e-03
1.114486428650582006e+00 3.431174190834165253e-03
1.111225467785204479e+00 3.666046625953955831e-03
1.113722140947759121e+00 3.210780634359030467e-03
1.111174515271683205e+00 3.022523544876761382e-03
1.106079263919531375e+00 3.212397378362717541e-03
1.114894048758753975e+00 3.056828095005746475e-03
1.113722140947759121e+00 3.312661904318068510e-03
1.115301668866926166e+00 2.962458184221701107e-03
1.114741191218189487e+00 2.796225477333347600e-03
1.118460724705260478e+00 3.140857752975944554e-03
1.115199763839883396e+00 3.120091633274635172e-03
1.116932149299614929e+00 3.034323784063392131e-03
1.119021202353997158e+00 3.312505159070171842e-03
1.119428822462169570e+00 3.360838761020019244e-03
1.114231666082974526e+00 2.722652697224766955e-03
1.125543124084751767e+00 3.077780664113953513e-03
1.121161207921901326e+00 3.095544468603337977e-03
1.116932149299614929e+00 3.070048558541433291e-03
1.119021202353997158e+00 2.789160323260180072e-03
1.120498825246121211e+00 3.445625818390936519e-03
1.124524073814321401e+00 3.170028554000341777e-03
1.125288361517144065e+00 3.001012212888082113e-03
1.126562174355182355e+00 3.076937032037787862e-03
1.125695981625316255e+00 3.310564822447572934e-03
1.126511221841660637e+00 3.170065407441077961e-03
1.126205506760531661e+00 3.179110208288178120e-03
1.133491716194108934e+00 3.461843659876371465e-03
1.123454071030369539e+00 3.501160729443655341e-03
1.127785034679698706e+00 3.546452334018949069e-03
1.126307411787574653e+00 2.988007620953897665e-03
1.127275509544483523e+00 3.739855487059754770e-03
1.125797886652359470e+00 2.952609133209405014e-03
1.126103601733488668e+00 2.829970671403548004e-03
1.128651227409564584e+00 3.109289206270934684e-03
1.131045995545075789e+00 3.090306699560159930e-03
1.131504568166769698e+00 3.325197103412821931e-03
1.136192199410749559e+00 3.262011591689448296e-03
1.133542668707630652e+00 3.171097129892529783e-03
1.140472210546557008e+00 3.301376884208771269e-03
1.135071244113276201e+00 3.324494351176353942e-03
1.136396009464835544e+00 3.503873618525708746e-03
1.138485062519217994e+00 3.114274147198845769e-03
1.140319353005992520e+00 2.908647787043157091e-03
1.131504568166769253e+00 3.695009392505747055e-03
1.131555520680291194e+00 3.546569459101488013e-03
1.135631721762012658e+00 3.355179490753133677e-03
1.136243151924271055e+00 3.354653281552060721e-03
1.134561718978060796e+00 3.221939798973527148e-03
1.138383157492174780e+00 3.198791332113406528e-03
1.140166495465428254e+00 2.862950958962930288e-03
1.139962685411342047e+00 3.077784881693348181e-03
1.145006984249972604e+00 2.911038879738674610e-03
1.142510311087417962e+00 3.313778499602453888e-03
1.146382702115053442e+00 3.643243675539050482e-03
1.136650772032443024e+00 3.112239420381484115e-03
1.143223646276719352e+00 3.492667511208137534e-03
1.145006984249972160e+00 3.420318169845862951e-03
1.154535104278496593e+00 3.113461249891264458e-03
1.147503657412527023e+00 3.338241328546612263e-03
1.148420802655914397e+00 3.192344741546524443e-03
1.152649861278200349e+00 3.310780471561982317e-03
1.157388445035701929e+00 3.291074873307864128e-03
1.150509855710296625e+00 3.400006670325661420e-03
1.151987478602420900e+00 3.371670694716230078e-03
1.151223190899597792e+00 3.075688031899257140e-03
1.149847473034516732e+00 3.502243172112728953e-03
1.151681763521291701e+00 3.106415586625503340e-03
1.157337492522180433e+00 3.592853183639345936e-03
1.155503202035405463e+00 2.758837477879981341e-03
1.155859869630056158e+00 3.295410682554467292e-03
1.160955120982208211e+00 3.096387223193399450e-03
1.158866067927825760e+00 3.250510797970192385e-03
1.155452249521884411e+00 2.895412166702054056e-03
1.155401297008362693e+00 3.698390922868028709e-03
1.162127028793203065e+00 3.130537524081053371e-03
1.162381791360810768e+00 3.041980274304388349e-03
1.162432743874332264e+00 2.852517209343365286e-03
1.156471299792314333e+00 3.319492711316929245e-03
1.161974171252638577e+00 3.295410682554473364e-03
1.167069422604790407e+00 3.117277941997383638e-03
1.171502291281163011e+00 3.231092489721812226e-03
1.174457537065410895e+00 3.196940334606200498e-03
1.174100869470760422e+00 3.285769536908394930e-03
1.170992766145947606e+00 3.585446230298235289e-03
1.178482785633611085e+00 3.153808301964744574e-03
1.175731349903448963e+00 3.758762467502084481e-03
1.174967062200626078e+00 3.772120946387606637e-03
1.172317531497507170e+00 3.343863272182798305e-03
1.173183724227373048e+00 3.325993376445392832e-03
1.178890405741783276e+00 2.967851608088746106e-03
1.176393732579228857e+00 3.206411353636031639e-03
1.181285173877294925e+00 3.390770143441998279e-03
1.176699447660358056e+00 3.651482651161856805e-03
1.183934704580413833e+00 3.516605760726478243e-03
1.181285173877294703e+00 3.366951192152881685e-03
1.186227567688882045e+00 3.393314989884500029e-03
1.188622335824393694e+00 3.125889987343907772e-03
1.187654238067484824e+00 3.127189503292345137e-03
1.188010905662135297e+00 2.991823821228914958e-03
1.185055659877887191e+00 3.080377599188158753e-03
1.186838997851140443e+00 3.130807035381082820e-03
1.188622335824393472e+00 3.347277666856090378e-03
1.188520430797350702e+00 3.142820258611895949e-03
1.187603285553963106e+00 3.191315820713345932e-03
1.191934249203292495e+00 3.120008424396237840e-03
1.191017103959905121e+00 3.140923878385239003e-03
1.193564729635981037e+00 3.671764124667655643e-03
1.190762341392297419e+00 3.400006670325651011e-03
1.189539481067780846e+00 3.132726114308087475e-03
1.197691883231224219e+00 3.318174619559533141e-03
1.189641386094824060e+00 3.738161287311739765e-03
1.193513777122459540e+00 2.918734140093693242e-03
1.195093305041626808e+00 3.247398400560161293e-03
1.198914743555740792e+00 3.339916856948658801e-03
1.198303313393482394e+00 3.387982014533263801e-03
1.201768084312945684e+00 3.239149509132075670e-03
1.198609028474611371e+00 3.276603188382999632e-03
1.199577126231520241e+00 3.203353363436218550e-03
1.201869989339988676e+00 3.402815464553778264e-03
1.203143802178026744e+00 3.087722319404109707e-03
1.204825235124237004e+00 3.151729081700908874e-03
1.204162852448457333e+00 3.507650374918925510e-03
1.204213804961978829e+00 3.261195716162437665e-03
1.205487617800016675e+00 3.573162853470394137e-03
1.206150000475796347e+00 3.313132095567743705e-03
1.199577126231520241e+00 3.140328699575466089e-03
1.200850939069558088e+00 3.643482387173039259e-03
1.207678575881442118e+00 3.035380262563353720e-03
1.198914743555740570e+00 3.578575345393202826e-03
1.208035243476092813e+00 3.161865195540641653e-03
1.201462369231816707e+00 3.316515504754984685e-03
1.208748578665393980e+00 3.821696664796370158e-03
1.207270955773269927e+00 3.290203080531176136e-03
1.212773827233594170e+00 3.207544701621731307e-03
1.203143802178026966e+00 3.864458445992195734e-03
1.210022391503431827e+00 3.214659453948876672e-03
1.206914288178619232e+00 3.284663179916564452e-03
1.210888584233297927e+00 2.977563053179334979e-03
1.210990489260340919e+00 2.927247400129561871e-03
1.205232855232409195e+00 3.093866662053172505e-03
1.212671922206550956e+00 3.087045400758671107e-03
1.212366207125421980e+00 3.656456176766551686e-03
1.214557165206847422e+00 3.332138562580036489e-03
1.215066690342062161e+00 3.134867628370682693e-03
1.216748123288272643e+00 3.643995386121296528e-03
1.217818126072224283e+00 3.296135388387576391e-03
1.218123841153353704e+00 3.465130565598897872e-03
1.220212894207735932e+00 3.307799347792501985e-03
1.219295748964348780e+00 2.938838331074709355e-03
1.219754321586042245e+00 3.509973650740336182e-03
1.222301947262118382e+00 3.148535528626673300e-03
1.222454804802682871e+00 3.469005632528054071e-03
1.227244341073705725e+00 3.182550444804927402e-03
1.227295293587227221e+00 3.163063751805048583e-03
1.228569106425265067e+00 3.165832650151236601e-03
1.228110533803571602e+00 2.993198890842891507e-03
1.228314343857657587e+00 3.470371169994061235e-03
1.220263846721257650e+00 3.448864196313890327e-03
1.227957676263006892e+00 2.858227104700583349e-03
1.234377692966718509e+00 3.475465680985727508e-03
1.229791966749781640e+00 3.548940410345135903e-03
1.234377692966718509e+00 3.643938389804622820e-03
1.232441497452900769e+00 3.558700239537668057e-03
1.238963419183655379e+00 3.896381718884644497e-03
1.238148178967310775e+00 3.339139454120106619e-03
1.235345790723627379e+00 3.694320768393385447e-03
1.239371039291827570e+00 3.161269853200082171e-03
1.239982469454085523e+00 3.510694737260415445e-03
1.239727706886478042e+00 3.424918654101162009e-03
1.240644852129865416e+00 2.894730635821292190e-03
1.240593899616343920e+00 3.020633291438077662e-03
1.236466746021100738e+00 3.070944807075938997e-03
1.242784857697769141e+00 3.359405517207145371e-03
1.247676298995835209e+00 3.487832605158213643e-03
1.243294382832984546e+00 3.079505172135201668e-03
1.249153921887959262e+00 3.373575886036531222e-03
1.247319631401184514e+00 3.286634606567027158e-03
1.237434843778009608e+00 3.334720367883558471e-03
1.242784857697769363e+00 3.473392148792012191e-03
1.242428190103118668e+00 3.217113620834458239e-03
1.247013916320055316e+00 3.732211619688697527e-03
1.247268678887663018e+00 3.557288329749410533e-03
1.252822502861508758e+00 3.482003216394283143e-03
1.245740103482017469e+00 3.939403723649590947e-03
1.245791055995538743e+00 3.425869837775778227e-03
1.248797254293308789e+00 3.511230833802806480e-03
1.252873455375030254e+00 3.182978683606595745e-03
1.255573938591670879e+00 3.638491127481537253e-03
1.254402030780675581e+00 3.304080946797614306e-03
1.254605840834762009e+00 3.142477424942773101e-03
1.256491083835058031e+00 3.477019085312555661e-03
1.257510134105488397e+00 3.363927235635136900e-03
1.257000608970273214e+00 2.940604592720798098e-03
1.251039164888255728e+00 3.506465948079286795e-03
1.251854405104599888e+00 3.233795111744800724e-03
1.256440131321536313e+00 3.449692130264823964e-03
1.255981558699842848e+00 3.219598171596115086e-03
1.256389178808015261e+00 3.310309946291303991e-03
1.258682041916483696e+00 3.370946824762429024e-03
1.255777748645756864e+00 3.470083142430124661e-03
1.259089662024655665e+00 3.698408472070698755e-03
1.266732539052883633e+00 3.363498879227396106e-03
1.256134416240407337e+00 3.533019511225373756e-03
1.259089662024655665e+00 3.662433213807431923e-03
1.262095860322425267e+00 3.249296558560470054e-03
1.264847296052587389e+00 3.131565688771701349e-03
1.265102058620194869e+00 3.316707284493318995e-03
1.273203508270116524e+00 3.351308375668950266e-03
1.267955399377399983e+00 3.176675717000797174e-03
1.266324918944711664e+00 3.417223681603145068e-03
1.265000153593152099e+00 3.286401573680526687e-03
1.272235410513207876e+00 3.097661401477448326e-03
1.266783491566405129e+00 3.616016996992212854e-03
1.275802086459714157e+00 3.420063881960817842e-03
1.273305413297159516e+00 3.606757806690176395e-03
1.273967795972939188e+00 2.691797708149167023e-03
1.268872544620787357e+00 3.097208792909890256e-03
1.276872089243666020e+00 3.957521446591644176e-03
1.276107801540843134e+00 3.949066334642044318e-03
1.276209706567886348e+00 3.162078670315000145e-03
1.278706379730440990e+00 3.239470090835536945e-03
1.277840187000574890e+00 3.337385746152443655e-03
1.280999242838909202e+00 3.379822752253791585e-03
1.278502569676354783e+00 3.144769156344329793e-03
1.284005441136678805e+00 3.260463244269044131e-03
1.285941636650496767e+00 3.262596508535582553e-03
1.279980192568478836e+00 3.518469365715326709e-03
1.284820681353023408e+00 3.025476846835454224e-03
1.288387357299529690e+00 3.064525784134716595e-03
1.288081642218400491e+00 3.270004338597942185e-03
1.287724974623749796e+00 3.189627346447154819e-03
1.291087840516170315e+00 3.442761460621767636e-03
1.289763075164610528e+00 3.484332416754129611e-03
1.295113089084370284e+00 3.413936279124710118e-03
1.290017837732218231e+00 3.580954105164744876e-03
1.294195943840982688e+00 3.482987260639104805e-03
1.292769273462380353e+00 2.894941389479317988e-03
1.298425002463268862e+00 3.190197052110007366e-03
1.297915477328053901e+00 3.061716144563702939e-03
1.297405952192838718e+00 3.239137486700992882e-03
1.299749767814828427e+00 3.444043178315077478e-03
1.293992133786896925e+00 3.265014643459380941e-03
1.297049284598188024e+00 3.456139452364007797e-03
1.299240242679613244e+00 3.509677777515216816e-03
1.299698815301307153e+00 3.441807402135987990e-03
1.301227390706952702e+00 3.419559045507103261e-03
1.299495005247221169e+00 3.263742164199694238e-03
1.306373594572626251e+00 3.886257465057053797e-03
1.303061681193727228e+00 2.904467576726476891e-03
1.307443597356578113e+00 3.317298209469353529e-03
1.304437399058808511e+00 3.434229650097757325e-03
1.305965974464454060e+00 3.681381690125447304e-03
1.307086929761927419e+00 3.207969603887730805e-03
1.305558354356281869e+00 3.672032797750902217e-03
1.309074077789266877e+00 3.466010791881355465e-03
1.316716954817494845e+00 2.988142291132597252e-03
1.310093128059697021e+00 3.577037012675054941e-03
1.313761709033246294e+00 3.416703228666567553e-03
1.314882664330720097e+00 3.613316455779611198e-03
1.319876010655829379e+00 3.288308797800600092e-03
1.318602197817791088e+00 3.635967937594938686e-03
1.311978371059993487e+00 3.766917636107002844e-03
1.316716954817494845e+00 2.810856725791549722e-03
1.316767907331016341e+00 3.580682223308927301e-03
1.321506491088517699e+00 3.078893904503364216e-03
1.316462192249887364e+00 3.997340780467278747e-03
1.325531739656717889e+00 3.718486370223748807e-03
1.322882208953598981e+00 3.498089515708197733e-03
1.327467935170535629e+00 3.224919788475723217e-03
1.324818404467416499e+00 3.814584349452648879e-03
1.329251273143788437e+00 3.516133244534808047e-03
1.326958410035320224e+00 3.326602162511774121e-03
1.324563641899808797e+00 3.441535843076677821e-03
1.329506035711395917e+00 3.475080956800355274e-03
1.334448429522983925e+00 3.234882751297668731e-03
1.327569840197578621e+00 3.533768955423220205e-03
1.333378426739031619e+00 3.454279798879628018e-03
1.334346524495940711e+00 3.628774196600379615e-03
1.326041264791933294e+00 3.781829969153984068e-03
1.329098415603223726e+00 3.636953153540572244e-03
1.332512234009165519e+00 3.552420789599394692e-03
1.329098415603223948e+00 3.045664919168900725e-03
1.324665546926851789e+00 3.486622831056403367e-03
1.331136516144084903e+00 3.554645421481593924e-03
1.330525085981826727e+00 3.141072655466425022e-03
1.331187468657606177e+00 3.339854671381430658e-03
1.335824147388064764e+00 3.308211373510222455e-03
1.339034155739920573e+00 3.413723343958722199e-03
1.329607940738439353e+00 3.490154195946352979e-03
1.340868446226695321e+00 3.358922480610287975e-03
1.339034155739920573e+00 3.381631225284517563e-03
1.337505580334275024e+00 3.139580432836461439e-03
1.340970351253738313e+00 3.706356720894622703e-03
1.340104158523872435e+00 3.491953854115379015e-03
1.342906546767556497e+00 3.609002896368723214e-03
1.338932250712877359e+00 3.260049165618512934e-03
1.342702736713470513e+00 3.517904853000840184e-03
1.345912745065325655e+00 3.515354192482581571e-03
1.346982747849277740e+00 3.066219645779334757e-03
1.341174161307824297e+00 3.683450909076086549e-03
1.345199409876024488e+00 3.655408746589576367e-03
1.346167507632933358e+00 3.199375635157123473e-03
1.352230856741994058e+00 3.526208446588846492e-03
1.349173705930702960e+00 3.382203131123877240e-03
1.344689884740809527e+00 3.919384452267219918e-03
1.352230856741994725e+00 3.445776508106087373e-03
1.345352267416588976e+00 3.197037782245358561e-03
1.352128951714951288e+00 3.631867142682699418e-03
1.347288462930406938e+00 3.751610422866656028e-03
1.356408962850758515e+00 3.245975053388896938e-03
1.356612772904844721e+00 3.427479805859852575e-03
1.353504669580032127e+00 3.437006699960239772e-03
1.348969895876616976e+00 3.398956593134868330e-03
1.360994689067695829e+00 3.485926555364852499e-03
1.357122298040059905e+00 2.968393909901668060e-03
1.359313256121485569e+00 3.246482892098540192e-03
1.360688973986566408e+00 3.569222662965484093e-03
1.358905636013313378e+00 3.750724543186054714e-03
1.351058948930999204e+00 3.602090456973818661e-03
1.371083286744956498e+00 3.103857165848461930e-03
1.366038987906326163e+00 3.326676301921839725e-03
1.361351356662346523e+00 3.852667091856407187e-03
1.363083742122078057e+00 3.662528908886741874e-03
1.358752778472748668e+00 3.330501994289981980e-03
1.369096138717617261e+00 4.065598723932612769e-03
1.373478054880467925e+00 2.935408752659998590e-03
1.364816127581809813e+00 3.543083332075921271e-03
1.365835177852239957e+00 3.461393669472631520e-03
1.366038987906325719e+00 3.256479537919414365e-03
1.371592811880171681e+00 3.962205838559497775e-03
1.370726619150305581e+00 3.457611437977506450e-03
1.368535661068880582e+00 3.633682350998737078e-03
1.380458549232915777e+00 3.410988227553583829e-03
1.374344247610334024e+00 3.762476571887983425e-03
1.383617605071250312e+00 3.245799090736215583e-03
1.374242342583290810e+00 3.535032364210316004e-03
1.383311889990121779e+00 3.766228373312712711e-03
1.386369040801412877e+00 3.474064781323384261e-03
1.391820959748214959e+00 3.730263407024771247e-03
1.387744758666493716e+00 3.605548333209512152e-03
1.390394289369612624e+00 3.654439162384877458e-03
1.393400487667382226e+00 3.109923717610594759e-03
1.396050018370501578e+00 3.477724609489132954e-03
1.398291928965448072e+00 3.642502500945772430e-03
1.396202875911066066e+00 3.767355252518597188e-03
1.405323375831418087e+00 3.713330255188677410e-03
1.397170973667974714e+00 3.227527033202300718e-03
1.402419082560691477e+00 3.425354488171910260e-03
1.406699093696498926e+00 3.445576842814520539e-03
1.408737194237360102e+00 3.399151359224603618e-03
1.417348169022497162e+00 3.531402521479087234e-03
1.419131506995749969e+00 3.241360877497475278e-03
1.418418171806448802e+00 3.551397502702609114e-03
1.415717688589808176e+00 3.456143208226953971e-03
1.425194856104810892e+00 3.394156473937211260e-03
1.413679588048947888e+00 3.804416431654900760e-03
1.425704381240025853e+00 3.797668270246209229e-03
1.430646775051613639e+00 3.287803471413879020e-03
1.425653428726504579e+00 3.862573576109960740e-03
1.424532473429031221e+00 4.409353507823139846e-03
1.425449618672418151e+00 3.759656811194997568e-03
1.442467758188606064e+00 3.539916480290888380e-03
1.441397755404654424e+00 3.708853023993040430e-03
1.438238699566319889e+00 3.861703067300793595e-03
1.442263948134520080e+00 3.329110278684919901e-03
1.450620160352049215e+00 3.781057597903564327e-03
1.449091584946403888e+00 3.107998912170552470e-03
1.452709213406432109e+00 3.661015215901627842e-03
1.456836367001674626e+00 3.349448651253647460e-03
1.456836367001674848e+00 3.207706575788278006e-03
1.460810663056353542e+00 3.484477707248381101e-03
1.466823059651892525e+00 3.456560083646345073e-03
1.469014017733318189e+00 3.356776958680687036e-03
1.469064970246839463e+00 3.390433238696731640e-03
1.466364487030198838e+00 3.715077708106570564e-03
1.471561643409393660e+00 3.491359028438147973e-03
1.476453084707459951e+00 3.853964054245277628e-03
1.484045009222167089e+00 3.137859983226060686e-03
1.477981660113105500e+00 3.343106201381634661e-03
1.478745947815928385e+00 4.078146366657647327e-03
1.477064514869718126e+00 3.263523406860458463e-03
1.483535484086951239e+00 3.260877270338300490e-03
1.486541682384721064e+00 4.177484690436109732e-03
1.487815495222759576e+00 3.468047564899861407e-03
1.496935995143110709e+00 3.483542526529455948e-03
1.497445520278326114e+00 3.803542850993307974e-03
1.497088852683675864e+00 3.844032005542959152e-03
1.499993145954402474e+00 3.521788197093148748e-03
1.494999799629293413e+00 3.628749156225645391e-03
1.503916489495559006e+00 3.774542805554157755e-03
1.499330763278622580e+00 3.775505613177690227e-03
1.496477422521417688e+00 3.253289060599211767e-03
1.498719333116364183e+00 3.028221518646864816e-03
1.501470768846526305e+00 3.381846181104974317e-03
1.502184104035827694e+00 3.309839354130969524e-03
1.496375517494374474e+00 3.588196688585975659e-03
1.515126042470293699e+00 3.928762601882749075e-03
1.508909835820668066e+00 3.855657869851080669e-03
1.515278900010858187e+00 3.317568199752063320e-03
1.514106992199863333e+00 3.777293033381688616e-03
1.518896528470885965e+00 3.964076080616510400e-03
1.515839377659595533e+00 3.639004830059318525e-03
1.522106536822741996e+00 3.534782656422192412e-03
1.517775573173412607e+00 3.397470656963518833e-03
1.514820327389164500e+00 3.590164143733430395e-03
1.525163687634033094e+00 3.642716316785687795e-03
1.534437045094949825e+00 3.463271991891818218e-03
1.523278444633736850e+00 3.562375145028642744e-03
1.528067980904759704e+00 3.691420814679742014e-03
1.527150835661372330e+00 3.902480253048853844e-03
1.530462749040271131e+00 3.494153828666599158e-03
1.524501304958252978e+00 3.997986952313471384e-03
1.534946570230164786e+00 4.000015707760685990e-03
1.529698461337448245e+00 3.787698270694445958e-03
1.536424193122289061e+00 3.017399935112206454e-03
1.533876567446212924e+00 3.746652342201016277e-03
1.526488452985592881e+00 3.466209280109053183e-03
1.535252285311294207e+00 3.773321749839183420e-03
1.532857517175782780e+00 3.449974335062026918e-03
1.539736106501187640e+00 4.239494081920596076e-03
1.536271335581724573e+00 3.267260154668939244e-03
1.538513246176671290e+00 3.921688889849348283e-03
1.542640399771914694e+00 3.905299930946915139e-03
1.546410885772507182e+00 3.436462801652068882e-03
1.548092318718716998e+00 3.719938293232549244e-03
1.544372785231646228e+00 3.250894147770665328e-03
1.539939916555273847e+00 3.550538444998451500e-03
1.539379438906536945e+00 3.329702900976222370e-03
1.549468036583798503e+00 3.290581806219932716e-03
1.546308980745463746e+00 3.424262903571076433e-03
1.552015662259873974e+00 4.097402695300832523e-03
1.554614240449471607e+00 3.536941311488212003e-03
1.551506137124658791e+00 3.806377844827311084e-03
1.555989958314552224e+00 3.082568114166796616e-03
1.547175173475329846e+00 3.644084441081438860e-03
1.556499483449767851e+00 3.893955632053585410e-03
1.556652340990332561e+00 3.750409590231582914e-03
1.555174718098208508e+00 3.962556371441740104e-03
1.552015662259874196e+00 3.782430593309145557e-03
1.569543326911277070e+00 3.538537428228023807e-03
1.561034257153183002e+00 3.990190199130263723e-03
1.563785692883345124e+00 3.435061111334945273e-03
1.561543782288398408e+00 3.469772644383398077e-03
1.563072357694043735e+00 3.359451885066652189e-03
1.560728542072054026e+00 3.371439689276326500e-03
1.564600933099689728e+00 3.492741842102800413e-03
1.569441421884233634e+00 3.641914442659219178e-03
1.568982849262539725e+00 4.254934547656117651e-03
1.563429025288695096e+00 3.360004386146654785e-03
1.567301416316329910e+00 3.500830740297790431e-03
1.570766187235793421e+00 3.635778717020915398e-03
1.576574773777246863e+00 4.155460971418121000e-03
1.572447620182003902e+00 4.009299146436258975e-03
1.574995245858079596e+00 3.891331224137946528e-03
1.566588081127028964e+00 4.243518534975296644e-03
1.581109547480662014e+00 3.979596807021078611e-03
1.574893340831036603e+00 4.120807959692317571e-03
1.581975740210527892e+00 4.032823046612120030e-03
1.575199055912166024e+00 3.477485717860025107e-03
1.582077645237571106e+00 3.515631126494992396e-03
1.582077645237571328e+00 3.817955171443694791e-03
1.580498117318404283e+00 3.759812177403320296e-03
1.586408608886900495e+00 3.467766830891640811e-03
1.577593824047676785e+00 3.600908254857628811e-03
1.585491463643512899e+00 3.455602321931749380e-03
1.585287653589426693e+00 3.960016763530030230e-03
1.583147648021523191e+00 4.121626893971886731e-03
1.586561466427464762e+00 3.412719327793402920e-03
1.586969086535636730e+00 3.662273716451914466e-03
1.597006731699376347e+00 3.640363651833592069e-03
1.588956234562976189e+00 3.748734011197879523e-03
1.582230502778135595e+00 3.496085096687871589e-03
1.591707670293138532e+00 3.582450898261583215e-03
1.589414807184670098e+00 3.893715607255519157e-03
1.587529564184373854e+00 3.952667303737264493e-03
1.596853874158811637e+00 3.472536222419832144e-03
1.597923876942763499e+00 4.097684642410017418e-03
1.593236245698783859e+00 3.907111031850791540e-03
1.593287198212305134e+00 3.962766021149806243e-03
1.598178639510371424e+00 4.037738355715470018e-03
1.598382449564457186e+00 3.631148669945023777e-03
1.607553901998331369e+00 3.260463244269039360e-03
1.603324843376044528e+00 4.070005643089482511e-03
1.594968631158515615e+00 3.645494781497179895e-03
1.607655807025373917e+00 3.874706663358409766e-03
1.596089586455988751e+00 4.027183008953250619e-03
1.601133885294619308e+00 3.666949422638037491e-03
1.597821971915720729e+00 3.916999124649898911e-03
1.606738661781986544e+00 3.807687165031737545e-03
1.603222938349001758e+00 3.751503159506205335e-03
1.609897717620320634e+00 4.118082256157351746e-03
1.608267237187632093e+00 3.410466823058152901e-03
1.612496295809918267e+00 3.242341889256111168e-03
1.611579150566531116e+00 4.033701679395393022e-03
1.616572496891639954e+00 3.723426176493837506e-03
1.611018672917793992e+00 3.388748212551247023e-03
1.609541050025670161e+00 4.160808585164954033e-03
1.613515346080348856e+00 4.082107294385880006e-03
1.614738206404864984e+00 3.778409741623440544e-03
1.615553446621209810e+00 3.757712464366398056e-03
1.625183471676777236e+00 3.147607761157301433e-03
1.617897262243199075e+00 3.883758207989800038e-03
1.621922510811399487e+00 4.180500812003969460e-03
1.623654896271131021e+00 3.810140927697215543e-03
1.626508237028336357e+00 3.245043142641629817e-03
1.622890608568308135e+00 3.426282819367527065e-03
1.627731097352852707e+00 3.463343205627013484e-03
1.624011563865781715e+00 3.466553798725406817e-03
1.631093963245273448e+00 3.967925150308879677e-03
1.626304426974249928e+00 3.878858607134025131e-03
1.625285376703819118e+00 4.180749211095196975e-03
1.626202521947207158e+00 3.393525380459622241e-03
1.630584438110057599e+00 3.556802970363683904e-03
1.629208720244976760e+00 3.808849491341181285e-03
1.629004910190890776e+00 3.727356591633375349e-03
1.624215373919868144e+00 3.459957058620288795e-03
1.632011108488660600e+00 3.620408251042795365e-03
1.630176818001886074e+00 3.446661677131378915e-03
1.627221572217637524e+00 3.494387866039627005e-03
1.633743493948392356e+00 3.327238146902265683e-03
1.630431580569493333e+00 3.875956062545023693e-03
1.634711591705301226e+00 3.819114372743525471e-03
1.637412074921941407e+00 3.711984155860316610e-03
1.633845398975435348e+00 4.153111215950079996e-03
1.635475879408124111e+00 3.435616566469231609e-03
1.635781594489252866e+00 3.396278382286935151e-03
1.635119211813473417e+00 3.966135273881231035e-03
1.631144915758794944e+00 3.620985462497707842e-03
1.639246365408716599e+00 3.094336539588796436e-03
1.640876845841405141e+00 3.767382817204806104e-03
1.636851597273205172e+00 3.761869311234763372e-03
1.636189214597425279e+00 2.872614868071612319e-03
1.647806387680331941e+00 3.905353112848496903e-03
1.645462572058342010e+00 3.899046007465383542e-03
1.640876845841405141e+00 3.712543633032850537e-03
1.641844943598313789e+00 3.985958826053182837e-03
1.648723532923718871e+00 3.493466485442822851e-03
1.640622083273797216e+00 3.997301811991511335e-03
1.641946848625356559e+00 3.887446386697743835e-03
1.642711136328179888e+00 3.507498642569792466e-03
1.644494474301432918e+00 3.613679278772284620e-03
1.657232602681812939e+00 3.916720741801152025e-03
1.649080200518369343e+00 3.798953256793143919e-03
1.649436868113020482e+00 3.279264344352754261e-03
1.651576873680924207e+00 3.431715144748082556e-03
1.649487820626541756e+00 3.863249009540745821e-03
1.647500672599202298e+00 3.517786773527343917e-03
1.658812130600980206e+00 3.435797920126021365e-03
1.650863538491622595e+00 3.787917598278434193e-03
1.648519722869633330e+00 3.730680966814109347e-03
1.648570675383154382e+00 4.013945749957418749e-03
1.646685432382858583e+00 3.947853225493969283e-03
1.655500217222081627e+00 4.038783052452427601e-03
1.651984493789096398e+00 3.467059280372006193e-03
1.658964988141544916e+00 4.158124711709443137e-03
1.655653074762645893e+00 3.632949944984058786e-03
1.652341161383747092e+00 3.963581584044719580e-03
1.660442611033668747e+00 3.905805129775163313e-03
1.663346904304395579e+00 3.791428537813644646e-03
1.655500217222081183e+00 3.973982488379232056e-03
1.665130242277648831e+00 4.087887484806024437e-03
1.666607865169772884e+00 3.792743018779793588e-03
1.663244999277352143e+00 3.889969970157040706e-03
1.662073091466357067e+00 3.663180986563181231e-03
1.660646421087754510e+00 3.715451556272660570e-03
1.662327854033964547e+00 3.992219665187835345e-03
1.665181194791170105e+00 3.582378428743736905e-03
1.664824527196519188e+00 4.022793714396856977e-03
1.666098340034557257e+00 3.777585127415784057e-03
1.666607865169772440e+00 4.066904384523470015e-03
1.663754524412567548e+00 3.904425649624550330e-03
1.665945482493992769e+00 3.417311049143059547e-03
1.665588814899342074e+00 3.810362370172360510e-03
1.665435957358777364e+00 3.926779676802302603e-03
1.664518812115389990e+00 4.086159686730803098e-03
1.663499761844959401e+00 3.593691289916074207e-03
1.663754524412567548e+00 3.760129795006249276e-03
1.673792169576307165e+00 3.944379501881929706e-03
1.666098340034557479e+00 4.137720577223823540e-03
1.665588814899342740e+00 3.366122188702630382e-03
1.670531208710929638e+00 3.335498800666228305e-03
1.675830270117167453e+00 4.009010983326212474e-03
1.673588359522220514e+00 3.486503692136417362e-03
1.673180739414048324e+00 3.719222873162869591e-03
1.679091230982544980e+00 3.414575004950006105e-03
1.677766465630985415e+00 3.127550614700505549e-03
1.678021228198592674e+00 3.744631913617584799e-03
1.676492652792947347e+00 4.025880587737266751e-03
1.676288842738861140e+00 3.230823308516221105e-03
1.676645510333512057e+00 3.420652131184320939e-03
1.676900272901119315e+00 3.755528623547782583e-03
1.685358390145691443e+00 3.481649041514339130e-03
1.684543149929347727e+00 3.663496352052558573e-03
1.686479345443165467e+00 3.571273267690826779e-03
1.681536951631577681e+00 3.809159612309112597e-03
1.691727454335881786e+00 3.431987480878970816e-03
1.690861261606016130e+00 4.032980764027605317e-03
1.680263138793540056e+00 3.422234209413529179e-03
1.687447443200074337e+00 3.864105732796998486e-03
1.684594102442868779e+00 3.579213704412218151e-03
1.683676957199481850e+00 4.425480261259209444e-03
1.690249831443757733e+00 3.567680297506718636e-03
1.690046021389671971e+00 3.265750069352743590e-03
1.687906015821768024e+00 3.653035828590707988e-03
1.690606499038408650e+00 3.467298890366904938e-03
1.683829814740046782e+00 3.718262947131889366e-03
1.688976018605719887e+00 4.021864285592501032e-03
1.698402233607201106e+00 3.315110086223936429e-03
1.695599845363517488e+00 3.587617819969783454e-03
1.692389837011661680e+00 3.996444409391496436e-03
1.693816507390264459e+00 3.643927702895988305e-03
1.707115113419380936e+00 3.841762079256994498e-03
1.693765554876742740e+00 4.422992213149071032e-03
1.697586993390857169e+00 4.410133578173433717e-03
1.694886510174216099e+00 3.569655424071217949e-03
1.692135074444054199e+00 3.705460022239789267e-03
1.688874113578676672e+00 3.976317310298442369e-03
1.699574141418196183e+00 4.031045885328688426e-03
1.689638401281499336e+00 3.664204939515634026e-03
1.699421283877631472e+00 3.784218172844287711e-03
1.702733197256530051e+00 3.811339970050638733e-03
1.694937462687737817e+00 3.883437331262008709e-03
1.700949859283277021e+00 3.938916016256972102e-03
1.702937007310616702e+00 4.074324960563790662e-03
1.700898906769755525e+00 3.301199942475856793e-03
1.698758901201851579e+00 3.880678703153303630e-03
1.707267970959945202e+00 4.078416913794137219e-03
1.708083211176290028e+00 4.177410114024701464e-03
1.704618440256826295e+00 3.662915208047060577e-03
1.710987504447016638e+00 3.830853132038835544e-03
1.711191314501102845e+00 3.916584857272390960e-03
1.716388470880297668e+00 3.941297960069834252e-03
1.705433680473171121e+00 3.962992037316872933e-03
1.704108915121611334e+00 3.569222662965489731e-03
1.707879401122204044e+00 3.810566767189113059e-03
1.711191314501102401e+00 3.905299930946919042e-03
1.713942750231264522e+00 3.176312017072338480e-03
1.712108459744489997e+00 4.025219544511795047e-03
1.719038001583416353e+00 3.908462994688724317e-03
1.715471325636910072e+00 3.678231565819080947e-03
1.719751336772717965e+00 3.868000588726800727e-03
1.716082755799168025e+00 4.416366241469410134e-03
1.721993247367664459e+00 3.975664351389676318e-03
1.717203711096642049e+00 4.064372489682428410e-03
1.718885144042852087e+00 3.898450031022159153e-03
1.715827993231560988e+00 3.627303676000443681e-03
1.713637035150135546e+00 3.795777592745368158e-03
1.720260861907933370e+00 3.467957732489776977e-03
1.716897996015513073e+00 3.226621978652728564e-03
1.713535130123092998e+00 4.160905297114914601e-03
1.723216107692181032e+00 4.060486971521517184e-03
1.715675135690996278e+00 3.207220928778428508e-03
1.724795635611348299e+00 3.589835104094907161e-03
1.725865638395300161e+00 4.028829775284919860e-03
1.721942294854143629e+00 3.561577050480452949e-03
1.729075646747155970e+00 3.482707730889671085e-03
1.714452275366479927e+00 3.562491746612305495e-03
1.723776585340918377e+00 4.223296448836622898e-03
1.722400867475836872e+00 3.378651143994912225e-03
1.724999445665434727e+00 3.682707252125171776e-03
1.719496574205110484e+00 3.807267822419031778e-03
1.724948493151912787e+00 3.676000507238813032e-03
1.727394213800946154e+00 4.300859985411955785e-03
1.722553725016401582e+00 3.855917096034715275e-03
1.724388015503176552e+00 4.049542169454951532e-03
1.722095152394708117e+00 4.237494207047215813e-03
1.725559923314171407e+00 3.586923054316491950e-03
1.728260406530811810e+00 3.554660028582953997e-03
1.729941839477022070e+00 3.439543754859524481e-03
1.724540873043741041e+00 3.843518687155648983e-03
1.721891342340621911e+00 3.833237884091760493e-03
1.731368509855624405e+00 4.120779609052936318e-03
1.728668026638984445e+00 3.421854880827961132e-03
1.736005188586083214e+00 4.278021098825678450e-03
1.738654719289201900e+00 3.739983909428692185e-03
1.734986138315652404e+00 3.916336275811851085e-03
1.737533763991728319e+00 3.998016173697370793e-03
1.735291853396781159e+00 3.645850841786759614e-03
1.735138995856216892e+00 3.615471305571750504e-03
1.735393758423824151e+00 3.896398376345797110e-03
1.735037090829173900e+00 3.775615632701399913e-03
1.734119945585786970e+00 3.973182128884982130e-03
1.736871381315948426e+00 4.377799517431548923e-03
1.737890431586379236e+00 4.094284143351350005e-03
1.733559467937049847e+00 3.905688806888735990e-03
1.736056141099604488e+00 3.719222873162860050e-03
1.736005188586082104e+00 3.535032364210310366e-03
1.737941384099900732e+00 3.612543988458023943e-03
1.735903283559039778e+00 4.131252922215931413e-03
1.742119490208665189e+00 3.340806761038729415e-03
1.736208998640168755e+00 4.062164974336382461e-03
1.744616163371219386e+00 4.113212464627437857e-03
1.735495663450867587e+00 3.507087822046230877e-03
1.740489009775976870e+00 4.502841719116210638e-03
1.736310903667211969e+00 4.338797257498960662e-03
1.740132342181325731e+00 3.617596166037174293e-03
1.742221395235708403e+00 4.370514033881505930e-03
1.744972830965870081e+00 4.230396681444645486e-03
1.739877579613718472e+00 3.861434144601340410e-03
1.741966632668100701e+00 4.169432070652983290e-03
1.746552358885037348e+00 4.438929054093516437e-03
1.741609965073450006e+00 4.045270194830861629e-03
1.744361400803612350e+00 3.777365199890925836e-03
1.751239990129016988e+00 4.098669721018662407e-03
1.744106638236004647e+00 3.597388184729652990e-03
1.745889976209257677e+00 3.916057845842818227e-03
1.742476157803316106e+00 3.748564334379363844e-03
1.750424749912673050e+00 3.562666641832377967e-03
1.751443800183102972e+00 3.979971900514078786e-03
1.759901917427675544e+00 4.180823727944675203e-03
1.746756168939123555e+00 3.872964200993398581e-03
1.750577607453237095e+00 3.966436369925570478e-03
1.749711414723371661e+00 4.091696224311332231e-03
1.753074280615791958e+00 3.800999452449029849e-03
1.752309992912969072e+00 4.162243434987855997e-03
1.746552358885037348e+00 4.160580835241580420e-03
1.755927621372997294e+00 3.900617084140015154e-03
1.750577607453237539e+00 3.338832330132882747e-03
1.747010931506731035e+00 3.896371724373757194e-03
1.753736663291571851e+00 4.003921004751168772e-03
1.746348548830951586e+00 3.301860476565891996e-03
1.751953325318318377e+00 3.707505299098134977e-03
1.757660006832728605e+00 3.695441473738374748e-03
1.746144738776865601e+00 3.815234255203778929e-03
1.751851420291275829e+00 3.960459263973671422e-03
1.755367143724260171e+00 3.742093570086291263e-03
1.750730464993801805e+00 4.228981885876825601e-03
1.755978573886519012e+00 3.972126714608018895e-03
1.747418551614903004e+00 3.971028524688778247e-03
1.755825716345954080e+00 4.280238596341714302e-03
1.755570953778346599e+00 4.026215904754642388e-03
1.755469048751303607e+00 4.065985038830048810e-03
1.758373342022029773e+00 4.066875658116329839e-03
1.752055230345361592e+00 3.821570988352968740e-03
1.751749515264232837e+00 3.651823909230125873e-03
1.752513802967055501e+00 3.996444409391478221e-03
1.749303794615199248e+00 3.805340980167778910e-03
1.762194780536143757e+00 3.711847770516819075e-03
1.762296685563187193e+00 3.448156531595347133e-03
1.753583805751006919e+00 3.562958114787838273e-03
1.750679512480280753e+00 3.938151380418780656e-03
1.758475247049072987e+00 3.763770124341292954e-03
1.763723355941789528e+00 4.348014164415532276e-03
1.761430492833321537e+00 3.586546666726574042e-03
1.756131431427083278e+00 3.969652090050471149e-03
1.754500950994394293e+00 3.584316483713607948e-03
1.763111925779531353e+00 3.950367793458539091e-03
1.760003822454719202e+00 3.854014576413766768e-03
1.755214286183695460e+00 4.152085906111559720e-03
1.762143828022622705e+00 3.682915209239759347e-03
1.761583350373886026e+00 3.701257358573390062e-03
1.758067626940901462e+00 3.892782036797014233e-03
1.753379995696921378e+00 3.927810922776980157e-03
1.770194325159022419e+00 4.365090265421978089e-03
1.759952869941197040e+00 3.665055063637200072e-03
1.766423839158430598e+00 4.065138929435157568e-03
1.764487643644612191e+00 3.710361194991068558e-03
1.760411442562890727e+00 3.738939048085249042e-03
1.762092875509100987e+00 3.257041535590535913e-03
1.767340984401817305e+00 3.559896458495051715e-03
1.768461939699290664e+00 3.262914786569806689e-03
1.768665749753377314e+00 3.783034553423621823e-03
1.758373342022030439e+00 3.373945253132597938e-03
1.760513347589933275e+00 3.875376632579403176e-03
1.771468137997060710e+00 4.147096410926015726e-03
1.764793358725741612e+00 4.099505743475594273e-03
1.762755258184880658e+00 3.755373080121502533e-03
1.764283833590526651e+00 3.796078523053215362e-03
1.764080023536440667e+00 3.909127178555266147e-03
1.764232881077005377e+00 4.029760818792475947e-03
1.764232881077004711e+00 3.364795358350142814e-03
1.762296685563187193e+00 3.485598848089051151e-03
1.771519090510582650e+00 3.450245229951533731e-03
1.771875758105232679e+00 4.105394238434494428e-03
1.767850509537032933e+00 3.809595783688685816e-03
1.768971464834506513e+00 3.463762962102501404e-03
1.772996713402706703e+00 3.638865709438544177e-03
1.771620995537625420e+00 4.315876406993629510e-03
1.766118124077301621e+00 3.721455924166836623e-03
1.773455286024400168e+00 3.873393187533148881e-03
1.770805755321281039e+00 3.621211302804525859e-03
1.771264327942974726e+00 3.882889105508846497e-03
1.772130520672840603e+00 4.092330669595496163e-03
1.773455286024400168e+00 4.232123870527430484e-03
1.766067171563779237e+00 3.433019892453457317e-03
1.774117668700180062e+00 3.734176197024232507e-03
1.766067171563779459e+00 3.686807832170940942e-03
1.772079568159318885e+00 3.866433045271750607e-03
1.773098618429749251e+00 4.005087962001645067e-03
1.772232425699883374e+00 3.253672083062965348e-03
1.768818607293941580e+00 3.382878546353715928e-03
1.775748149132868381e+00 4.060835413902797938e-03
1.776104816727518854e+00 3.715311804351718698e-03
1.774372431267787542e+00 3.968867210592984945e-03
1.779926255241632838e+00 3.665451720751883215e-03
1.786397224458865951e+00 3.792027641639418578e-03
1.771620995537625198e+00 4.157159966605703146e-03
1.775391481538217686e+00 3.429293428599344308e-03
1.774219573727223276e+00 3.760295497888165028e-03
1.777123866997949442e+00 4.466332954324690394e-03
1.776410531808648496e+00 3.927705166420106947e-03
1.779518635133460869e+00 3.546602399834021622e-03
1.780384827863326525e+00 3.657705599280303144e-03
1.776665294376255755e+00 3.492399906888129461e-03
1.786244366918301463e+00 3.809517412824463961e-03
1.778448632349508562e+00 4.214912522458233272e-03
1.781556735674321601e+00 4.027183008953245415e-03
1.783034358566445876e+00 3.632949944984058786e-03
1.775951959186954587e+00 4.051285584251467474e-03
1.774678146348916741e+00 3.956209216623425388e-03
1.771111470402410015e+00 3.749339937151804913e-03
1.779314825079374884e+00 3.885923432863479764e-03
1.774932908916523999e+00 3.858286356438211245e-03
1.777531487106121855e+00 4.151735742320316475e-03
1.783849598782790036e+00 4.090427038526291310e-03
1.777786249673729335e+00 3.454655567141518696e-03
1.778397679835987510e+00 4.104432912196660094e-03
1.780639590430934671e+00 3.904226166382471826e-03
1.781658640701364593e+00 3.910604582931067816e-03
1.774168621213701336e+00 4.280845098678719846e-03
1.778601489890073495e+00 4.019426741966637857e-03
1.780588637917412953e+00 3.934309475245492682e-03
1.790779140621716614e+00 4.171946878083853186e-03
1.780843400485020656e+00 4.178056398699626570e-03
1.787569132269861250e+00 3.672881110038864107e-03
1.781556735674321823e+00 3.859968186584986256e-03
1.780996258025584478e+00 4.035551653801928464e-03
1.779926255241632838e+00 3.588865889031316557e-03
1.791900095919190194e+00 3.795640798354628365e-03
1.788078657405076211e+00 3.662050408483617184e-03
1.782524833431230693e+00 3.580693098979513631e-03
1.781760545728407585e+00 3.993858096456175816e-03
1.785581984242521791e+00 3.766280072397792077e-03
1.782830548512359226e+00 3.822712114720629942e-03
1.783747693755746822e+00 3.724384771750018780e-03
1.784155313863919012e+00 4.056341729933165760e-03
1.786601034512951491e+00 3.940902716344266490e-03
1.785734841783086280e+00 3.515117858206027839e-03
1.778703394917116043e+00 4.610805533717536250e-03
1.783340073647575075e+00 3.442501289075263014e-03
1.783696741242225769e+00 4.125253446829403939e-03
1.793581528865400454e+00 3.818665691403095967e-03
1.778754347430637761e+00 3.718049984500884642e-03
1.787925799864511500e+00 3.456800421398815906e-03
1.787518179756339309e+00 3.762804313900526467e-03
1.784257218890962005e+00 4.137930763251874630e-03
1.780130065295719044e+00 3.967352608584725528e-03
1.785225316647871541e+00 3.911334778951639120e-03
1.782830548512359226e+00 4.095501421761887223e-03
1.782728643485316677e+00 4.135043692880637119e-03
1.780843400485020434e+00 4.565822866354839193e-03
1.788588182540291616e+00 3.669628181307472807e-03
1.788129609918597485e+00 3.966380734334576039e-03
1.788995802648463140e+00 3.758983483420515886e-03
1.793836291433007935e+00 3.822793610712466820e-03
1.783696741242225103e+00 4.268762538116688092e-03
1.793224861270749759e+00 4.092026148135313388e-03
1.792103905973276401e+00 3.489451184880411946e-03
1.790218662972980379e+00 3.585551220714001085e-03
1.792613431108491362e+00 4.256810352886020513e-03
1.789301517729592561e+00 4.202751603060815924e-03
1.794702484162873812e+00 3.731644655586283284e-03
1.789454375270157049e+00 4.409895156218459657e-03
1.788078657405075989e+00 3.924851974955289279e-03
1.786040556864215700e+00 3.778038687503083165e-03
1.797148204811906513e+00 3.920179238937439477e-03
1.795772486946825452e+00 4.231755789873422116e-03
1.790371520513544423e+00 4.017860122585267292e-03
1.791849143405668476e+00 4.030263299605168874e-03
1.797402967379514438e+00 3.858484850543201540e-03
1.794855341703438745e+00 4.106213085536790375e-03
1.797912492514730065e+00 4.218114225785069699e-03
1.792664383622012858e+00 3.645209908224192850e-03
1.795466771865696698e+00 3.738716847231254772e-03
1.793530576351878958e+00 3.782430593309138618e-03
1.791747238378625928e+00 3.631952920973836180e-03
1.794294864054701621e+00 3.611523359750458319e-03
1.797301062352471446e+00 4.113414435805419662e-03
1.794702484162873812e+00 4.452375124849505469e-03
1.803975841623790766e+00 3.908758570446074082e-03
1.795110104271045559e+00 3.722756756386559531e-03
1.789963900405372454e+00 3.829497497677085589e-03
1.795110104271046225e+00 4.551129163340248557e-03
1.802039646109972360e+00 3.964013862586194918e-03
1.799288210379810682e+00 4.117505373181375161e-03
1.799390115406853896e+00 4.070464887849232702e-03
1.797912492514729399e+00 4.143598623126016137e-03
1.794549626622309324e+00 4.171498805599787446e-03
1.791798190892147424e+00 3.699513904012510009e-03
1.793836291433008157e+00 3.697127161360507560e-03
1.790982950675803043e+00 3.809786592964720629e-03
1.803007743866881674e+00 3.783336497325485905e-03
1.790218662972980379e+00 3.722673070409176447e-03
1.803568221515618353e+00 4.271012196273983423e-03
1.798982495298681705e+00 3.892772033044124801e-03
1.802141551137015574e+00 3.988003465296090233e-03
1.807644422597339817e+00 3.690861652625650711e-03
1.797657729947121918e+00 3.979270610026184110e-03
1.808816330408334894e+00 3.990837528754736727e-03
1.796078202027954873e+00 3.465051896196441085e-03
1.806880134894516932e+00 4.005693997301393652e-03
1.809529665597635839e+00 3.931669082963757875e-03
1.805402512002393101e+00 3.828280407078156651e-03
1.808765377894813176e+00 4.382698154909430745e-03
1.803007743866881452e+00 3.636378476678087199e-03
1.800714880758413239e+00 3.933600043972828621e-03
1.808306805273119267e+00 4.104366496477876089e-03
1.807338707516211063e+00 3.368820520555428858e-03
1.804026794137311818e+00 3.805095365575970195e-03
1.807134897462125078e+00 4.085285981326150680e-03
1.806115847191694268e+00 4.514795239421584387e-03
1.804689176813091711e+00 4.000677670838513438e-03
1.812026338760190702e+00 3.594720592664468750e-03
1.809784428165243542e+00 4.465556887481510889e-03
1.806115847191694268e+00 4.372830085619798003e-03
1.808408710300162481e+00 3.543054022357469083e-03
1.813198246571185779e+00 3.795668157627175073e-03
1.806421562272823467e+00 3.908413176348693799e-03
1.801173453380106926e+00 3.732684603590526087e-03
1.807389660029731893e+00 4.054523652533699798e-03
1.797810587487686851e+00 3.520737572310272435e-03
1.809427760570592847e+00 3.874572655612535353e-03
1.809478713084114565e+00 3.948198457095210626e-03
1.808153947732555222e+00 3.912330281167367488e-03
1.814115391814572709e+00 3.757722827672841520e-03
1.809376808057071129e+00 3.752070582484430625e-03
1.808153947732555000e+00 3.830517657210827289e-03
1.814726821976830884e+00 4.671484163030142391e-03
1.814217296841615923e+00 3.972659358097097027e-03
1.807848232651426246e+00 4.029193842132552418e-03
1.810243000786937451e+00 3.872293814382914146e-03
1.809580618111157557e+00 3.713595921026083182e-03
1.813453009138793259e+00 4.214927921080848135e-03
1.821401601248150204e+00 4.027943634409298507e-03
1.812535863895406107e+00 3.834920544737280366e-03
1.809020140462420656e+00 3.637663342962153216e-03
1.815491109679653992e+00 3.976333632897365022e-03
1.813096341544142787e+00 3.933121518072313708e-03
1.811975386246669428e+00 4.519149019141912096e-03
1.817580162734035998e+00 3.938240375843715495e-03
1.805962989651130002e+00 4.083134280827254228e-03
1.813453009138793481e+00 3.860654162841036050e-03
1.808357757786640985e+00 4.457410220472976872e-03
1.812535863895405441e+00 4.063046846463317686e-03
1.814624916949788336e+00 4.221436501360567931e-03
1.815389204652610777e+00 3.675382490518532084e-03
1.812179196300754969e+00 3.951954598650827405e-03
1.813096341544142565e+00 4.108109401615113107e-03
1.814930632030917090e+00 3.789973177101987022e-03
1.812077291273711754e+00 3.615902121431616763e-03
1.824203989491833600e+00 3.473343564732344485e-03
1.821605411302236410e+00 3.669231975683167300e-03
1.821197791194064219e+00 3.047181833201576245e-03
1.824458752059441524e+00 4.296043282359116380e-03
1.820739218572370310e+00 3.785806042860777494e-03
1.808408710300162703e+00 4.086794991522355036e-03
1.814726821976831328e+00 3.708625520387578197e-03
1.821707316329279847e+00 3.846816913809446379e-03
1.812892531490056802e+00 3.888698368905382265e-03
1.822777319113231265e+00 3.693052099160446834e-03
1.820433503491241334e+00 3.554904688608443494e-03
1.822828271626752983e+00 4.265428431962957519e-03
1.820280645950676846e+00 3.841765458119928735e-03
1.825477802329871446e+00 3.343572111391849254e-03
1.817682067761079434e+00 3.541617549015918607e-03
1.821860173869843891e+00 3.418374474917999090e-03
1.821656363815758350e+00 3.786601442216004816e-03
1.827617807897775837e+00 4.110462776557285113e-03
1.830165433573851974e+00 4.127166176091474556e-03
1.831592103952454309e+00 4.238367162819426173e-03
1.827057330249038714e+00 3.955605444658163647e-03
1.817325400166428517e+00 4.044410123126411863e-03
1.833069726844578140e+00 3.871247779459431430e-03
1.830471148654981173e+00 4.527325084053331582e-03
1.820993981139978457e+00 3.745422193847999272e-03
1.825579707356915327e+00 4.149186785526962074e-03
1.829095430789899668e+00 4.055291953691766114e-03
1.830776863736109927e+00 3.819141563857890356e-03
1.822471604032102066e+00 4.217474079566038356e-03
1.838572598304902606e+00 4.286251302585420732e-03
1.835974020115304972e+00 3.710504631763116533e-03
1.830420196141459233e+00 3.729428147191756523e-03
1.837706405575036728e+00 4.013480037968053873e-03
1.830827816249631645e+00 3.612137927777350245e-03
1.835158779898960590e+00 4.000197434023404497e-03
1.830674958709066935e+00 3.870795080576281549e-03
1.839234980980682499e+00 4.050119117721782437e-03
1.831541151438932813e+00 3.727617775492600601e-03
1.830471148654980063e+00 4.070783777339154544e-03
1.828738763195249195e+00 3.617642812820160043e-03
1.825172087248742692e+00 3.979662043211608033e-03
1.830114481060330700e+00 3.702852759181647635e-03
1.831388293898368103e+00 3.591541443913096130e-03
1.839184028467160559e+00 3.960616585550700078e-03
1.841527844089150934e+00 3.834429703936242939e-03
1.824917324681134989e+00 4.344964947419394444e-03
1.841884511683801628e+00 3.659241945798678668e-03
1.830165433573851974e+00 3.750132686665066158e-03
1.834853064817831614e+00 3.710322711011235404e-03
1.828229238060034234e+00 4.294314596826308457e-03
1.834088777115008284e+00 4.103556770815611383e-03
1.837247832953343041e+00 4.112000429232883815e-03
1.828687810681727477e+00 3.781057597903561725e-03
1.828993525762857120e+00 4.032076219177239615e-03
1.830063528546808760e+00 4.031229432821555395e-03
1.832713059249927223e+00 3.926333380648096977e-03
1.831694008979497079e+00 3.604918238393210045e-03
1.838317835737294681e+00 3.645950532436621067e-03
1.835566400007133225e+00 4.112028840400858490e-03
1.841782606656758414e+00 4.007913183523378886e-03
1.840559746332242064e+00 4.256825599947611227e-03
1.837298785466864759e+00 4.548161893733641131e-03
1.842037369224365673e+00 3.706216626030794936e-03
1.842903561954231773e+00 4.241636851626841981e-03
1.839082123440117567e+00 3.831205518401656525e-03
1.834139729628530002e+00 3.668708352621843308e-03
1.843565944630011222e+00 4.065266655345378330e-03
1.841731654143236474e+00 4.047499753143218339e-03
1.839489743548290424e+00 3.663237683484307089e-03
1.850750249036545281e+00 4.255605662397858764e-03
1.846419285387216558e+00 4.152586088878229206e-03
1.840355936278155635e+00 3.926663975262676548e-03
1.848865006036249703e+00 3.766142206593794256e-03
1.847387383144125650e+00 3.611508982638417936e-03
1.845807855224957938e+00 4.323641277852614644e-03
1.837706405575036506e+00 4.173928399488087068e-03
1.843413087089446734e+00 3.559477098223330638e-03
1.849833103793158351e+00 3.649779438798792571e-03
1.843820707197618924e+00 4.033225374756358415e-03
1.851106916631196420e+00 3.673796360625185102e-03
1.848661195982163497e+00 3.705796309662219394e-03
1.849884056306679847e+00 3.413054032665269796e-03
1.842750704413667284e+00 4.161229733689140488e-03
1.847336430630603488e+00 3.759794914808328812e-03
1.853756447334315105e+00 3.660685452689632635e-03
1.852227871928669778e+00 4.011005036348951405e-03
1.851769299306976313e+00 4.089731992453568207e-03
1.852839302090928397e+00 4.133184859514244316e-03
1.845807855224958383e+00 4.713751937124101808e-03
1.839846411142940230e+00 4.460263246512676492e-03
1.851820251820497587e+00 3.872991014044213816e-03
1.847642145711733352e+00 3.857112004420429948e-03
1.855794547875175837e+00 3.705235813668472742e-03
1.852227871928670000e+00 4.113262958351691749e-03
1.850393581441895030e+00 4.234822151102553278e-03
1.851973109361061853e+00 3.601214655465693158e-03
1.854775497604745915e+00 4.447459834489021248e-03
1.861806944470715486e+00 3.636863923958408209e-03
1.848763101009206489e+00 3.956156718371336978e-03
1.849068816090335465e+00 4.169631318631844032e-03
1.849731198766115137e+00 3.951681963181125426e-03
1.853960257388401756e+00 4.472629514958205953e-03
1.851106916631196420e+00 3.718748177077247415e-03
1.852686444550363465e+00 3.517436201738637601e-03
1.852992159631492886e+00 4.341608634232449818e-03
1.852686444550363687e+00 3.905648923958711903e-03
1.850801201550067443e+00 3.766142206593781246e-03
1.852482634496277480e+00 3.730322564170003574e-03
1.857526933334907815e+00 3.988963563030438128e-03
1.863131709822274829e+00 4.004812461093718717e-03
1.848355480901034298e+00 3.988833393829671788e-03
1.851361679198803900e+00 3.965140185223862100e-03
1.858698841145902891e+00 3.915805915954620811e-03
1.860787894200284676e+00 3.909339693560209654e-03
1.855081212685874670e+00 3.908064430186665959e-03
1.852482634496277480e+00 3.747681198349706120e-03
1.863641234957490456e+00 4.623106056538707834e-03
1.864201712606227135e+00 4.302323556346434458e-03
1.857272170767300556e+00 3.928250442126831124e-03
1.860584084146198913e+00 3.615758521848492536e-03
1.866036003093001661e+00 3.919622905190077618e-03
1.858902651199989320e+00 3.387541372200746775e-03
1.864558380200877608e+00 4.095831039072923146e-03
1.856100262956305480e+00 3.450395717922364984e-03
1.856202167983348694e+00 3.787917598278450239e-03
1.869195058931336195e+00 3.886778497957021992e-03
1.865628382984829692e+00 3.762214357721272578e-03
1.858240268524209204e+00 4.377989282347527836e-03
1.875105550499832185e+00 3.736886659743488166e-03
1.866392670687652355e+00 3.598109791112654061e-03
1.872354114769670508e+00 4.131667658066747253e-03
1.872201257229105131e+00 3.642940809911168840e-03
1.864558380200878052e+00 3.603531641981040038e-03
1.873373165040100652e+00 3.700485709389855771e-03
1.867666483525689980e+00 3.867023885724720812e-03
1.873220307499536164e+00 3.912472949063274322e-03
1.869347916471900906e+00 3.540415154071279488e-03
1.871844589634454881e+00 3.913988888858784508e-03
1.868991248877249545e+00 3.996197547268470936e-03
1.876532220878435187e+00 3.961616087100504162e-03
1.871793637120933385e+00 3.810685993719239995e-03
1.872303162256148790e+00 3.505810640102680759e-03
1.865526477957786256e+00 3.633153604402273532e-03
1.872201257229105797e+00 4.145603088192425026e-03
1.879691276716768611e+00 3.757740099786742970e-03
1.868787438823163782e+00 3.884827605667661408e-03
1.876379363337870476e+00 4.132682328597634715e-03
1.870163156688244621e+00 4.546777456862736121e-03
1.875258408040396896e+00 3.838381727665392436e-03
1.875003645472788971e+00 3.943685048295357889e-03
1.877958891257037521e+00 4.128713328090682227e-03
1.872914592418406965e+00 3.912048247925904200e-03
1.872354114769669842e+00 3.999483461920082771e-03
1.871284111985718646e+00 4.182015816959625681e-03
1.876837935959564163e+00 3.843454517536835924e-03
1.878825083986902955e+00 3.877546537733857386e-03
1.873627927607708132e+00 3.590655839076160004e-03
1.871182206958675431e+00 3.848648790128029497e-03
1.873627927607708354e+00 4.108589662738595938e-03
1.875309360553918392e+00 3.572130972808772089e-03
1.881933187311715550e+00 3.978213548044338618e-03
1.881117947095371168e+00 3.845831455635925766e-03
1.871997447175019369e+00 4.567218583100942156e-03
1.883665572771447527e+00 4.154439366057181317e-03
1.882646522501017383e+00 3.979401092032803719e-03
1.875360313067439888e+00 4.162851537280211171e-03
1.876837935959564163e+00 3.630165454493723774e-03
1.886569866042173915e+00 3.756893672822212739e-03
1.887487011285561955e+00 3.464692241894770826e-03
1.892021784988976885e+00 3.789428557305736349e-03
1.880557469446634711e+00 4.168435687900244428e-03
1.882646522501017383e+00 3.843332930057718425e-03
1.886366055988088153e+00 3.853610380519650012e-03
1.882086044852280482e+00 4.104796598268008884e-03
1.883207000149753840e+00 4.614157335754079728e-03
1.892276547556584809e+00 3.971718197280619742e-03
1.887436058772040015e+00 4.250355941015422634e-03
1.885397958231179505e+00 4.063110742803148837e-03
1.889372254285857755e+00 3.816081348330962845e-03
1.894263695583924045e+00 3.980549149258683431e-03
1.897626561476344120e+00 3.701187215295495721e-03
1.895333698367876352e+00 3.849026527243514656e-03
1.890798924664460090e+00 3.919318212769572554e-03
1.889881779421073160e+00 3.790072501833759242e-03
1.890136541988680419e+00 3.616620033821909327e-03
1.898645611746774708e+00 3.936014886550231497e-03
1.900021329611855991e+00 3.674502961845470955e-03
1.882187949879323696e+00 3.960800119492839666e-03
1.894875125746182443e+00 4.220283229848595906e-03
1.892276547556584143e+00 3.758800455537932537e-03
1.894059885529837617e+00 3.888034033884667055e-03
1.897422751422258580e+00 3.856751887911066996e-03
1.899053231854946899e+00 3.642816093216106384e-03
1.896811321260000183e+00 3.767096823776070087e-03
1.901447999990458326e+00 3.637777531336076724e-03
1.904454198288227706e+00 3.807881478876265404e-03
1.900989427368764861e+00 4.149061643039057660e-03
1.905218485991050592e+00 3.807932612450483974e-03
1.899766567044248067e+00 3.583016110196075854e-03
1.896301796124785222e+00 3.995651797928490012e-03
1.900377997206506464e+00 4.167641524848700665e-03
1.905626106099223227e+00 3.853152240582560697e-03
1.902772765342017669e+00 4.181146618946153179e-03
1.907511349099519471e+00 3.680859795429911908e-03
1.903995625666534242e+00 3.858727066804291863e-03
1.903486100531318836e+00 3.954292578865746879e-03
1.904912770909921615e+00 4.038252701730118445e-03
1.910670404937853561e+00 4.111283771513706518e-03
1.903944673153012523e+00 4.216627583219494102e-03
1.915001368587182951e+00 3.982971376788421725e-03
1.906288488775002676e+00 3.526547103717450095e-03
1.913472793181536513e+00 3.561937855094728794e-03
1.913625650722101446e+00 4.431392564696344516e-03
1.916733754046914484e+00 3.441203908457537812e-03
1.916478991479306337e+00 4.395628188613322392e-03
1.914644700992531812e+00 3.800374437764953654e-03
1.916275181425220131e+00 3.849812236595687252e-03
1.923714248399362559e+00 3.980823068527004037e-03
1.924172821021056246e+00 4.745479244802384457e-03
1.920453287533984810e+00 4.058021446816983784e-03
1.928758547237993115e+00 4.219221941644384424e-03
1.929828550021944755e+00 4.562455471421087913e-03
1.928452832156863694e+00 4.096059220134609311e-03
1.924274726048098794e+00 3.630090361642036075e-03
1.913829460776187208e+00 3.662787627509140383e-03
1.928809499751514611e+00 3.905768571527011481e-03
1.932376175698020671e+00 3.917383525584869873e-03
1.919485189777076606e+00 3.891821559262852778e-03
1.928605689697428183e+00 4.296913406245147192e-03
1.937675237104258708e+00 4.076595944576152236e-03
1.932478080725063885e+00 4.153851907328114622e-03
1.919332332236511895e+00 3.930298680711354943e-03
1.932529033238585603e+00 4.015145356289597130e-03
1.926669494183610443e+00 4.721942922916394156e-03
1.943381918618669379e+00 4.233672525903561107e-03
1.930847600292375343e+00 3.969066715499638097e-03
1.937318569509608013e+00 4.460632841835033072e-03
1.938541429834124807e+00 4.644843540961922021e-03
1.934159513671274144e+00 4.171498805599790048e-03
1.937573332077215493e+00 3.567461984385681545e-03
1.935942851644527174e+00 3.811574965386772991e-03
1.939407622563990685e+00 3.895572080423808595e-03
1.938847144915253562e+00 3.864643187675834146e-03
1.940222862780334845e+00 4.536845680613144256e-03
1.939050954969340212e+00 4.212448017827863031e-03
1.943280013591626165e+00 4.098888243347554097e-03
1.940171910266813349e+00 4.097073204432538293e-03
1.942362868348238569e+00 3.940326248177925331e-03
1.940477625347942325e+00 4.094816747182204383e-03
1.945878591781224243e+00 3.260463244269039360e-03
1.942515725888803724e+00 3.796352075360399144e-03
1.948833837565472127e+00 3.597301582236359617e-03
1.943025251024018685e+00 4.540949637036098205e-03
1.945572876700094600e+00 3.903970147954165942e-03
1.946388116916438982e+00 3.851804454352501707e-03
1.943840491240362400e+00 4.195700496768683604e-03
1.949598125268295234e+00 4.147972744087302828e-03
1.943483823645711928e+00 3.859147545039035877e-03
1.946439069429960034e+00 3.982400998230352200e-03
1.959126245296818558e+00 3.831530769355784901e-03
1.959075292783296840e+00 3.593377022969746794e-03
1.951534320782112086e+00 4.330316204292838575e-03
1.957903384972301764e+00 4.091645464438751004e-03
1.962438158675717581e+00 4.114868966564541770e-03
1.965648167027573168e+00 4.308941130430219736e-03
1.959482912891469475e+00 3.419502104388041225e-03
1.961622918459373199e+00 3.946317400972914995e-03
1.965902929595180870e+00 4.082616050609345557e-03
1.965750072054616826e+00 3.763852896561757817e-03
1.963610066486712658e+00 3.875778558522591320e-03
1.968042935163084817e+00 4.106974877710097525e-03
1.962591016216281847e+00 3.602638175191303326e-03
1.966514359757439045e+00 4.025571039545943267e-03
1.959788627972598896e+00 3.771642582970277050e-03
1.967839125108999054e+00 3.936371049389263653e-03
1.969112937947036235e+00 4.125011146461255926e-03
1.978080580326824212e+00 3.819097378198741451e-03
1.973902474218059533e+00 4.864497601059744256e-03
1.978946773056690311e+00 3.648513070709875385e-03
1.972424851325935480e+00 4.312834566344151896e-03
1.972221041271849717e+00 3.949710544625534281e-03
1.982258686435589334e+00 4.229669394458022806e-03
1.977876770272737783e+00 3.628488010591375459e-03
1.984042024408842142e+00 4.436509992704978922e-03
1.971201991001418907e+00 3.887700154334351732e-03
1.981698208786852211e+00 4.007977958820050507e-03
1.980169633381206218e+00 4.213794432116169109e-03
1.978335342894432136e+00 3.967156289543376582e-03
1.984296786976449400e+00 4.649759554211054489e-03
1.986334887517310577e+00 3.861175288813598581e-03
1.988576798112257293e+00 3.714892517044644966e-03
1.986895365166047256e+00 3.835340248420522451e-03
1.986946317679568752e+00 3.867087664238560377e-03
1.987761557895912912e+00 3.417432600265611718e-03
1.995913960059355841e+00 3.866389400066551525e-03
1.989697753409730652e+00 4.038046971186039572e-03
1.990360136085510545e+00 3.805221586165842551e-03
1.992907761761586682e+00 3.799417932136668445e-03
1.997034915356829643e+00 3.942746848079507239e-03
1.993366334383280147e+00 4.231240423164573522e-03
1.996627295248657452e+00 3.863460688250501714e-03
1.991837758977634598e+00 3.854688142052239107e-03
1.999073015897690153e+00 4.104315893304101570e-03
2.010333521385946565e+00 3.989292221360194249e-03
2.010486378926510831e+00 4.274824788407118221e-03
2.002792549384761589e+00 4.603513775835599807e-03
2.003098264465890566e+00 4.260666120122496778e-03
2.005645890141966703e+00 3.872176484793304202e-03
2.013441624710759381e+00 3.864938756002133345e-03
2.005238270033794290e+00 4.205357608563446876e-03
2.006359225331267648e+00 4.492833044525549810e-03
1.997034915356829643e+00 3.959829915162691935e-03
2.001620641573766513e+00 3.907958139454314854e-03
1.999378730978819796e+00 4.003178513258601016e-03
2.013288767170194671e+00 3.928422270907156941e-03
2.011352571656376931e+00 3.877750740965526469e-03
2.008652088439736083e+00 3.972371804838807294e-03
2.023784984955627753e+00 4.082259927910365273e-03
2.022409267090546692e+00 4.039512572684538123e-03
2.023428317360977502e+00 4.169556601755558187e-03
2.023530222388020050e+00 4.186855188323733955e-03
2.020880691684900921e+00 3.736077201845705055e-03
2.022969744739283371e+00 4.050311415547692626e-03
2.026485468172268156e+00 4.028185328526225420e-03
2.021644979387724472e+00 4.176602117548068246e-03
2.025364512874794354e+00 4.025167946326985158e-03
2.030255954172861088e+00 4.039795346855399975e-03
2.029950239091731667e+00 3.943721255058232206e-03
2.031275004443291010e+00 4.150610015766000374e-03
2.034128345200496124e+00 3.840112839420525837e-03
2.030867384335119041e+00 4.055419989733584363e-03
2.039784074201384634e+00 4.202628055583372893e-03
2.037440258579394925e+00 4.025493648778831653e-03
2.035402158038534193e+00 4.098862908022421134e-03
2.038815976444475986e+00 4.150109594837521169e-03
2.041720269715202818e+00 3.972806394334078145e-03
2.054560303122626053e+00 4.124875829672554686e-03
2.042994082553240887e+00 4.088344720894620740e-03
2.047325046202569609e+00 4.739745113343596730e-03
2.039325501579691391e+00 3.729428147191742211e-03
2.048649811554129396e+00 4.431099626933682027e-03
2.039936931741949788e+00 3.962975659766944728e-03
2.050484102040904588e+00 5.038005622901775213e-03
2.045032183094102063e+00 3.726642595687538854e-03
2.037338353552351489e+00 3.822117820583523316e-03
2.051859819905985205e+00 4.448580473426136557e-03
2.043197892607326427e+00 4.429280049702620341e-03
2.048700764067651114e+00 4.022638824508905850e-03
2.050382197013861596e+00 4.114881584971953610e-03
2.061286034907466647e+00 4.202887501091274146e-03
2.047630761283699030e+00 3.521906142410306632e-03
2.052573155095286594e+00 4.073203334708545668e-03
2.054560303122626053e+00 4.367007928601939273e-03
2.053643157879238235e+00 4.019439660000128853e-03
2.056598403663486341e+00 4.680803064730476061e-03
2.057974121528567846e+00 3.765232165682869201e-03
2.055783163447142403e+00 3.590384691884143577e-03
2.066381286259618477e+00 4.240400299523239616e-03
2.062101275123811028e+00 4.115954008209690533e-03
2.062356037691418287e+00 3.122100454218806279e-03
2.067145573962441141e+00 4.852742104296593230e-03
2.060165079609992844e+00 3.941222208092912127e-03
2.073922258260803453e+00 4.531898841379816863e-03
2.067247478989484577e+00 3.844167077936693020e-03
2.074635593450104398e+00 3.775839099989741765e-03
2.065515093529752377e+00 4.622409667759020020e-03
2.067043668935398149e+00 4.340636821628893541e-03
2.069438437070909131e+00 4.301188955048234133e-03
2.070304629800775231e+00 4.154336254312625439e-03
2.077743696774917215e+00 4.282348853807581117e-03
2.083399425775806613e+00 4.250930063357581321e-03
2.066941763908355156e+00 3.976186727094861359e-03
2.073616543179674032e+00 4.554584734534215980e-03
2.074075115801368163e+00 4.030401792918039683e-03
2.075909406288142467e+00 4.064500239677812723e-03
2.078355126937175612e+00 4.092965016535109711e-03
2.088443724614437169e+00 3.719920845599559815e-03
2.091246112858120121e+00 4.320028022036665957e-03
2.081310372721424162e+00 3.643909891311952060e-03
2.087730389425135336e+00 5.107818577098042177e-03
2.083450378289327443e+00 4.407539678751157958e-03
2.081412277748467154e+00 3.996688008380442150e-03
2.089004202263172960e+00 4.786456448079273902e-03
2.088953249749651686e+00 3.583563121456373284e-03
2.095526123993928014e+00 4.739449323301142547e-03
2.087679436911613617e+00 3.630437206117414183e-03
2.081412277748466710e+00 3.975194154563707789e-03
2.084622286100322519e+00 4.363617998867766468e-03
2.081870850370159953e+00 4.972986201834175661e-03
2.086864196695269236e+00 4.345015735445735376e-03
2.085386573803145183e+00 4.441267883876061362e-03
2.089666584938953076e+00 4.548353112709664289e-03
2.091806590506856800e+00 3.783885424508750487e-03
2.092621830723200738e+00 3.353105128815876690e-03
2.101079947967773531e+00 4.382920286295672284e-03
2.094150406128846509e+00 3.880678703153304064e-03
2.093691833507153266e+00 4.260263942264923449e-03
2.091959448047421510e+00 4.078098621182167823e-03
2.098022797156482433e+00 4.304383782490210815e-03
2.087781341938656610e+00 4.312641934490627112e-03
2.097054699399573341e+00 4.473955657249348641e-03
2.104850433968365575e+00 3.942404431696655900e-03
2.100315660264950424e+00 3.893265520874360924e-03
2.103321858562719804e+00 4.030968599673430929e-03
2.101895188184117913e+00 4.091746983554235724e-03
2.101589473102988492e+00 4.296414919327840552e-03
2.096035649129143419e+00 4.799488773071093443e-03
2.100264707751429594e+00 4.407539678751162295e-03
2.100519470319036408e+00 4.156613490612187135e-03
2.112748073564201690e+00 4.473677112928993102e-03
2.101742330643553203e+00 3.931487490846739992e-03
2.106429961887532620e+00 3.610099747906140525e-03
2.106175199319925362e+00 4.117199560903306646e-03
2.096647079291401372e+00 4.060132104970469100e-03
2.099908040156778455e+00 3.937663517914630554e-03
2.112085690888421574e+00 3.892088382353423807e-03
2.112646168537158253e+00 4.215642355316457160e-03
2.104340908833151058e+00 4.245524744636288046e-03
2.104595671400758317e+00 4.179659250377621912e-03
2.106939487022748470e+00 4.027453756513469339e-03
2.095984696615621701e+00 4.422428687158187072e-03
2.105410911617102254e+00 4.048221289482735810e-03
2.107805679752614125e+00 4.042082519438429562e-03
2.107703774725571133e+00 4.634099591988066237e-03
2.106582819428097775e+00 4.629054781815515607e-03
2.108111394833743546e+00 3.797719541333974790e-03
2.113410456239981361e+00 3.961114729323458351e-03
2.114735221591540704e+00 4.101278560295636144e-03
2.117231894754095123e+00 4.337839777360527095e-03
2.110149495374604278e+00 4.348070887657947033e-03
2.110760925536863120e+00 4.383867920415876820e-03
2.112595216023636979e+00 4.056572132258200528e-03
2.106786629482183759e+00 4.185093808620236715e-03
2.104442813860193606e+00 4.468425047044278890e-03
2.115448556780842093e+00 4.439396918624224399e-03
2.108620919968958507e+00 4.227090660713093799e-03
2.105309006590059262e+00 4.064414008871352138e-03
2.117996182456918230e+00 3.927414321754871609e-03
2.107143297076834454e+00 4.290310561742496573e-03
2.112340453456029721e+00 4.525306117812813098e-03
2.106073294292882370e+00 3.685029360840227312e-03
2.114276648969847017e+00 3.877081181996364697e-03
2.115397604267320819e+00 4.019620508109823104e-03
2.110709973023340513e+00 3.944461775011254626e-03
2.114684269078019430e+00 4.121475718352340598e-03
2.116263796997186475e+00 4.261954661676052580e-03
2.105309006590059706e+00 3.849879671985691979e-03
2.104188051292586348e+00 4.355876710325325314e-03
2.102659475886940577e+00 4.467161191516843058e-03
2.116212844483664757e+00 4.629999700609730914e-03
2.109028540077130476e+00 4.303394514408912484e-03
2.115856176889014506e+00 4.276549210826644486e-03
2.119626662889606994e+00 4.633247965112176868e-03
2.115907129402535780e+00 4.583506414636036655e-03
2.119779520430171260e+00 3.851875224859041373e-03
2.115499509294363811e+00 3.999379600814270685e-03
2.114582364050976437e+00 4.347070658808550002e-03
2.103729478670892661e+00 4.316285432659282099e-03
2.106888534509226751e+00 4.238792854972688040e-03
2.114837126618584140e+00 4.180277240201797292e-03
2.118760470159740894e+00 4.437890803537692004e-03
2.112646168537158697e+00 4.011797850125351297e-03
2.103678526157370499e+00 4.046720349395721734e-03
2.104035193752021193e+00 4.283585417957072941e-03
2.107703774725571133e+00 4.350935941494257775e-03
2.111678070780250049e+00 3.771790572379027547e-03
2.112849978591244682e+00 3.951550565876321350e-03
2.106888534509226751e+00 4.187028805349745850e-03
2.104697576427801309e+00 4.250478101199771895e-03
2.108722824996001055e+00 4.237763770475732987e-03
2.105665674184710401e+00 4.176424958967364480e-03
2.107398059644441268e+00 4.684514904971659975e-03
2.110862830563905668e+00 4.106567131011473575e-03
2.100723280373122837e+00 3.979270610026180641e-03
2.103321858562719804e+00 4.297188304592471433e-03
2.098685179832262104e+00 4.226430374775447425e-03
2.101181852994816524e+00 4.069224170050911478e-03
2.105207101563016714e+00 3.886297546990946823e-03
2.093997548588282243e+00 3.675071677125783202e-03
2.108620919968958507e+00 4.082116834148352170e-03
2.105716626698232119e+00 3.932319444099435270e-03
2.098022797156482877e+00 4.731892200229828940e-03
2.102200903265247334e+00 4.179010107396463614e-03
2.115958081916057054e+00 4.335969089210360734e-03
2.099908040156778455e+00 4.352299163883910360e-03
2.101283758021859960e+00 4.631006093403764769e-03
2.100213755237907876e+00 3.754975550981915714e-03
2.095577076507449288e+00 3.858188787795829681e-03
2.099398515021563938e+00 4.471343623042854307e-03
2.101181852994816524e+00 4.618476471274250358e-03
2.099857087643256737e+00 4.076363489623032604e-03
2.098481369778175676e+00 4.295451013919249043e-03
2.098532322291697838e+00 4.262807382741785715e-03
2.093284213398980853e+00 4.228800782429959805e-03
2.092876593290808884e+00 3.942157478346822175e-03
2.091297065371641839e+00 4.435441909929207539e-03
2.105920436752317659e+00 4.155126712296591807e-03
2.096799936831965638e+00 4.050295391077572867e-03
2.098277559724089691e+00 4.067032054989225785e-03
2.091551827939249097e+00 4.129870168580041315e-03
2.098685179832262104e+00 3.917197957429344873e-03
2.095882791588578264e+00 4.214789331451983083e-03
2.098532322291697394e+00 4.098872408787698936e-03
2.095628029020970562e+00 3.487639069501741879e-03
2.096850889345487357e+00 4.458842784182580170e-03
2.085284668776102190e+00 3.941034468657093545e-03
2.091806590506856800e+00 4.496827063596204807e-03
2.089921347506560778e+00 4.388889922938733236e-03
2.087526579371049351e+00 3.962766021149793233e-03
2.084978953694972770e+00 3.542115983312803338e-03
2.088800392209087420e+00 4.994386064073914541e-03
2.087526579371049351e+00 4.363734013652764004e-03
2.080698942559165765e+00 4.014395240145476884e-03
2.086303719046533001e+00 3.806186864666142970e-03
2.084978953694973214e+00 4.374429820301131699e-03
2.077437981693788238e+00 4.107325697120427568e-03
2.075348928639405788e+00 4.155126712296597878e-03
2.080800847586208757e+00 4.234920238001146225e-03
2.085641336370753329e+00 4.371583133309744386e-03
2.086507529100618541e+00 3.958177398437454260e-03
2.080546085018601055e+00 4.038821620697434153e-03
2.075043213558276811e+00 3.940510727166591197e-03
2.077081314099137543e+00 4.124007178993085825e-03
2.082889900640590763e+00 4.333732183417727049e-03
2.079628939775213681e+00 3.926320156284517082e-03
2.074686545963626116e+00 4.143573561176523874e-03
2.084978953694973658e+00 4.446829350980677914e-03
2.075501786179970498e+00 4.355945251267555329e-03
2.074839403504190383e+00 4.116269373635749601e-03
2.074584640936583124e+00 4.166217881326544567e-03
2.068113671719349789e+00 4.173891079678189280e-03
2.069846057179081988e+00 4.311365531072289606e-03
2.069387484557388301e+00 4.060307943624566485e-03
2.071629395152335018e+00 3.888084113344314387e-03
2.064445090745800737e+00 4.492948611928967648e-03
2.069030816962737607e+00 3.955621852723169296e-03
2.071986062746985713e+00 4.562170949237449868e-03
2.066941763908355156e+00 4.006756768302310000e-03
2.065820808610881798e+00 4.469261609921605823e-03
2.072138920287550423e+00 3.594702537261498278e-03
2.068572244341043476e+00 3.881267375008277346e-03
2.063578898015935081e+00 3.837624120720395469e-03
2.063375087961849097e+00 4.394987316056317775e-03
2.058432694150261533e+00 4.008975366222701162e-03
2.068674149368086468e+00 4.144651088159607283e-03
2.061438892448030913e+00 4.283924804499344464e-03
2.068113671719350677e+00 4.234408321986973811e-03
2.060368889664079273e+00 4.186411812178358546e-03
2.057311738852788618e+00 4.082298085399802511e-03
2.055986973501227943e+00 4.085692674721344911e-03
2.059196981853084196e+00 4.391441631706604828e-03
2.055681258420099411e+00 4.154114399154889246e-03
2.049617909311038488e+00 4.242417163080026109e-03
2.052980775203458563e+00 4.012428753212558472e-03
2.058228884096175104e+00 4.400834399388214510e-03
2.058076026555610394e+00 4.121585951122440881e-03
2.060725557258729523e+00 4.311374563555949065e-03
2.043401702661412855e+00 3.898779660537947910e-03
2.048649811554129840e+00 4.279089038614390141e-03
2.049057431662301809e+00 4.136892277590404308e-03
2.050789817122033121e+00 3.708573017573605496e-03
2.044318847904800229e+00 4.303032530237674985e-03
2.044064085337192083e+00 4.456396665640309854e-03
2.049261241716387794e+00 4.719930199280285635e-03
2.048446001500043412e+00 4.105065389003140219e-03
2.038866928957997260e+00 3.944132672196859306e-03
2.041465507147595559e+00 4.641936176879265727e-03
2.047681713797220748e+00 4.189929624903535391e-03
2.036625018363050543e+00 3.966266188013427285e-03
2.047477903743134764e+00 4.217868027198467054e-03
2.045694565769881734e+00 4.319751572166926831e-03
2.041516459661116389e+00 4.274718507230388168e-03
2.037796926174045176e+00 3.799223185418326536e-03
2.034434060281625545e+00 4.029345258480207005e-03
2.040191694309557047e+00 3.852913042942450288e-03
2.036726923390093980e+00 3.818638496900201608e-03
2.035605968092620177e+00 4.210244145969170050e-03
2.029950239091731223e+00 4.236955028739686560e-03
2.030663574281033057e+00 4.284555022468926680e-03
2.030052144118774216e+00 4.326258476194043759e-03
2.023020697252805089e+00 4.098745730106628793e-03
2.035758825633185332e+00 3.816676582406372011e-03
2.027453565929177248e+00 4.139727888453540935e-03
2.029950239091731667e+00 3.992788641128176309e-03
2.027045945821004835e+00 3.945501559473632916e-03
2.023428317360977058e+00 4.188194333276923538e-03
2.019301163765733875e+00 4.028871660756224750e-03
2.012830194548500540e+00 4.423485239500937749e-03
2.010180663845381854e+00 4.437525164529406915e-03
2.022460219604067966e+00 4.456979196585792585e-03
2.020218309009121249e+00 3.897664135094247757e-03
2.018791638630518914e+00 4.262518085786311077e-03
2.020982596711943913e+00 4.315707973393147559e-03
2.026485468172267712e+00 4.423813893209438235e-03
2.024549272658449972e+00 4.096084572801255048e-03
2.011556381710462915e+00 3.895198857068423500e-03
2.016091155413878511e+00 4.063861449541872686e-03
2.012116859359199594e+00 4.273561389714889205e-03
2.021695931901245302e+00 3.907665825032803630e-03
2.018587828576432486e+00 4.620569910469731444e-03
2.018638781089954204e+00 4.094410960071308628e-03
2.011913049305113166e+00 4.013101607181904402e-03
2.014307817440625037e+00 4.385812889975806809e-03
2.016498775522050479e+00 4.236906009127539355e-03
2.014664485035275288e+00 4.141517965220125122e-03
2.007836848223391701e+00 4.182760700066695363e-03
2.003709694628148075e+00 4.077156329420161471e-03
2.006970655493526046e+00 3.756841844567917251e-03
2.007633038169306161e+00 4.200079078403732083e-03
2.005696842655488421e+00 4.125640468545203367e-03
1.998512538248953696e+00 3.893038790990635545e-03
2.004524934844493345e+00 4.298182021161127755e-03
1.997595393005566100e+00 4.142223124503065408e-03
1.994334432140189017e+00 4.460612471236751093e-03
1.992041569031720805e+00 3.842167521592223470e-03
2.003454932060540816e+00 4.100569525541559145e-03
1.998359680708388986e+00 3.661763278228314690e-03
1.998920158357125887e+00 4.371903812158159201e-03
1.994945862302447415e+00 3.836003557359836391e-03
1.996933010329786651e+00 3.897554230238588300e-03
1.989086323247472921e+00 4.071137715422006205e-03
1.985672504841530461e+00 4.396537653782266880e-03
1.981443446219244287e+00 3.886481250565425403e-03
1.988882513193386492e+00 4.178289409518036630e-03
1.987863462922956126e+00 3.887175905584367569e-03
1.985672504841530461e+00 4.124145671795025926e-03
1.982258686435589334e+00 4.358447747142017194e-03
1.983532499273626737e+00 3.812678228061974588e-03
1.982717259057282355e+00 4.016001998569518686e-03
1.984755359598143309e+00 3.833295452088717609e-03
1.975940574758920487e+00 4.739063125182593414e-03
1.976959625029350631e+00 4.142144779399847127e-03
1.974513904380317708e+00 3.849161424372568585e-03
1.973647711650452052e+00 3.986688244436942426e-03
1.973494854109888008e+00 4.117300449938693027e-03
1.972526756352978694e+00 4.560281271669032119e-03
1.968501507784778282e+00 3.736104997298929278e-03
1.969367700514644159e+00 3.804020615274074282e-03
1.966259597189831787e+00 3.851130384354896352e-03
1.968501507784778504e+00 4.381498450824582690e-03
1.969163890460558175e+00 4.574775335147893487e-03
1.961877681026980680e+00 4.012972220949487072e-03
1.966616264784482038e+00 4.305520556798617809e-03
1.964323401676014047e+00 3.773552232856224650e-03
1.960654820702464107e+00 3.792027641639430287e-03
1.961622918459373421e+00 3.925209150686794456e-03
1.964832926811228564e+00 3.510369342196067218e-03
1.959941485513162940e+00 3.686156412563613375e-03
1.964425306703056817e+00 3.912738363864770585e-03
1.960705773215985825e+00 3.345543745034411202e-03
1.961724823486416414e+00 4.161557264186628927e-03
1.951992893403805773e+00 3.373175692706754762e-03
1.953878136404102239e+00 4.107088660261700407e-03
1.951024795646896681e+00 4.197646066117765098e-03
1.950107650403509973e+00 3.962769296838484882e-03
1.959381007864426483e+00 4.076837938390067730e-03
1.949547172754773294e+00 3.802201377611408133e-03
1.948630027511385920e+00 4.031947441845063276e-03
1.943280013591626165e+00 4.149875001754493170e-03
1.941190960537243715e+00 4.149584087912549200e-03
1.942210010807674303e+00 4.241413441917202785e-03
1.940783340429071302e+00 3.869289056602788577e-03
1.941904295726544882e+00 3.479168807827596847e-03
1.942413820861760065e+00 3.861686260180756305e-03
1.937879047158344914e+00 4.170381526386272159e-03
1.942006200753588097e+00 4.037866948361427781e-03
1.939509527591033677e+00 3.615474895916030197e-03
1.932172365643934908e+00 4.080796955167653554e-03
1.935789994103962242e+00 3.896888073884398861e-03
1.929471882427294505e+00 3.919473873813342571e-03
1.934414276238881403e+00 4.379842023157148184e-03
1.936044756671569944e+00 4.520254756974742896e-03
1.932529033238584937e+00 3.950614233580645139e-03
1.930592837724767863e+00 3.525954432396565582e-03
1.927994259535169785e+00 3.876893684762987378e-03
1.929522834940815779e+00 3.682721351283681308e-03
1.930796647778854069e+00 4.104062868076137349e-03
1.926210921561916534e+00 4.051602779420954495e-03
1.921879957912587811e+00 4.115827855273327708e-03
1.921574242831458612e+00 3.351405208041460804e-03
1.920708050101592956e+00 4.258176272903542448e-03
1.922185672993716787e+00 3.797586235065974862e-03
1.927892354508127459e+00 3.807745119321307575e-03
1.925191871291486834e+00 4.191317340923405785e-03
1.919638047317641094e+00 4.114237996850409265e-03
1.917141374155086453e+00 3.950903370391152178e-03
1.914389938424924331e+00 4.264853217682819560e-03
1.922695198128931748e+00 3.631595498060910705e-03
1.914593748479010094e+00 4.120099135183122839e-03
1.910976120018982538e+00 3.657595582049764753e-03
1.910772309964896554e+00 4.147810010499675820e-03
1.912453742911106369e+00 3.857138927668383923e-03
1.912453742911106369e+00 3.497803770619390632e-03
1.916580896506349996e+00 4.090189022347430481e-03
1.908173731775298698e+00 3.973234402180747873e-03
1.907460396585997309e+00 3.686719809220442151e-03
1.900734664801157159e+00 4.045831710142762036e-03
1.907715159153604789e+00 3.789044878759539187e-03
1.911842312748848416e+00 3.675689746105059892e-03
1.895486555908440174e+00 4.154064401990486752e-03
1.905473248558658739e+00 4.142649295910814065e-03
1.904454198288227706e+00 3.910803740821320110e-03
1.898696564260296205e+00 4.304263152214455462e-03
1.904250388234141500e+00 4.063685764650594619e-03
1.896454653665349488e+00 3.470292619392903975e-03
1.897932276557473319e+00 4.230482597387133503e-03
1.903435148017797784e+00 3.976895089509092235e-03
1.884226050420184428e+00 4.168385862510683680e-03
1.892735120178278052e+00 3.826313258887775823e-03
1.883716525284969245e+00 3.983023521609854734e-03
1.894722268205617510e+00 3.770964510727380873e-03
1.890493209583331113e+00 4.433442587074414368e-03
1.884429860474270413e+00 4.173937729388434159e-03
1.887283201231475305e+00 3.774185128737205137e-03
1.887385106258518963e+00 3.637777531336073254e-03
1.890136541988680419e+00 4.102924061451587723e-03
1.887232248717954031e+00 3.831764526426134545e-03
1.878926989013946169e+00 3.704002423932692412e-03
1.878009843770558795e+00 4.175902763640477675e-03
1.881474614690022307e+00 4.071290760198281906e-03
1.895792270989569595e+00 4.089224121552107599e-03
1.884735575555399389e+00 4.182065479961068720e-03
1.881576519717064855e+00 3.808068965291686817e-03
1.882646522501016939e+00 3.479590385751909435e-03
1.872201257229105797e+00 4.468099674736734916e-03
1.872914592418407187e+00 3.449342164251222205e-03
1.871589827066846956e+00 4.293852085692428759e-03
1.879793181743812713e+00 4.108415890524435253e-03
1.871895542147976155e+00 4.139436261486605616e-03
1.878264606338166720e+00 4.517094787911487067e-03
1.870316014228809331e+00 3.925314974291641348e-03
1.865985050579480165e+00 3.449041089806559237e-03
1.860889799227328112e+00 4.231240423164549236e-03
1.864762190254963814e+00 3.932434979241806842e-03
1.867411720958083388e+00 3.960144602070248335e-03
1.868074103633862837e+00 4.279817026592590973e-03
1.861755991957193990e+00 3.724569490843147868e-03
1.862876947254667570e+00 3.691030465190848174e-03
1.860074559010983730e+00 3.727199872532666828e-03
1.858393126064773693e+00 3.888701706985726089e-03
1.860074559010984174e+00 3.807141669669345148e-03
1.858545983605338181e+00 3.781002667716973180e-03
1.860482179119156365e+00 3.975664351389681522e-03
1.847132620576517725e+00 4.237004047784714497e-03
1.854877402631788907e+00 3.966118909310865567e-03
1.853195969685578426e+00 4.287719860052751839e-03
1.860991704254371326e+00 4.378771975696376176e-03
1.855590737821090297e+00 4.020831334947435123e-03
1.848559290955120282e+00 4.330888718514065705e-03
1.847234525603560717e+00 3.960223269890006739e-03
1.854367877496573946e+00 3.909020916720266567e-03
1.842190226764930383e+00 4.267253995253033998e-03
1.842954514467753047e+00 3.564764715175174938e-03
1.846062617792565863e+00 3.614483825550855040e-03
1.846572142927780824e+00 3.667179511736190327e-03
1.845349282603264918e+00 3.700836478964270905e-03
1.838164978196730415e+00 4.600588757895242298e-03
1.840865461413370596e+00 3.876826719267750711e-03
1.840763556386327382e+00 3.995196949863832891e-03
1.843362134575925460e+00 3.815560867601141930e-03
1.836126877655869016e+00 3.801818988095014874e-03
1.836330687709955445e+00 3.900031332936808315e-03
1.834954969844874384e+00 4.325373248041159205e-03
1.839948316169983666e+00 3.948290513757390929e-03
1.836228782682912675e+00 3.825210535327352220e-03
1.836432592736998659e+00 3.799742487819960692e-03
1.831643056465975583e+00 3.689929527571226501e-03
1.833324489412186065e+00 3.647730263896400895e-03
1.838215930710251467e+00 3.477172147689511390e-03
1.830471148654980507e+00 3.960226547681917030e-03
1.828636858168205981e+00 4.059748430562051466e-03
1.826140185005651562e+00 4.078986595550089869e-03
1.829808765979201057e+00 3.829416144354510967e-03
1.825324944789307402e+00 4.540034790446978788e-03
1.827363045330168134e+00 3.934309475245494417e-03
1.827821617951862043e+00 3.995391891089266657e-03
1.828280190573555286e+00 3.885679571230053232e-03
1.823949226924226563e+00 3.921808048066126318e-03
1.817172542625864029e+00 3.913136452312926915e-03
1.831031626303717630e+00 3.711984155860321381e-03
1.816408254923041143e+00 4.149311924240608671e-03
1.821503506275193196e+00 3.930166568499060889e-03
1.814981584544438808e+00 4.354708368388013340e-03
1.812841578976535084e+00 4.003661634726414162e-03
1.819516358247853960e+00 4.132732584439085741e-03
1.810039190732851244e+00 3.886908745268957775e-03
1.815236347112046067e+00 3.730541785410717345e-03
1.816612064977127572e+00 4.052554215967400959e-03
1.810905383462717344e+00 3.524956605326987850e-03
1.812892531490056802e+00 3.831530769355777528e-03
1.807797280137904083e+00 3.841680985655220731e-03
1.811160146030324603e+00 4.039795346855392169e-03
1.809274903030028359e+00 4.015510663837229023e-03
1.810141095759894458e+00 4.011548696965053576e-03
1.808561567840727413e+00 3.753924488615110241e-03
1.806421562272823467e+00 3.829907627693181736e-03
1.802956791353360400e+00 3.792797778933681974e-03
1.803211553920967214e+00 4.276597776036854606e-03
1.801733931028843383e+00 4.050529342047430072e-03
1.798422017649944582e+00 4.127527859082575669e-03
1.805045844407742184e+00 3.719390398493041018e-03
1.799593925460939881e+00 3.777035284592692495e-03
1.806217752218737482e+00 3.370438482746544034e-03
1.799848688028547583e+00 3.895582076986239296e-03
1.800714880758413239e+00 4.071753048024323238e-03
1.796485822136126842e+00 4.121459970573069023e-03
1.793734386405964942e+00 3.836352087005367225e-03
1.797504872406557208e+00 4.296269894091674958e-03
1.797810587487685963e+00 3.922546086361547099e-03
1.791186760729888583e+00 3.694317254675932166e-03
1.796638679676691108e+00 3.735079903144129018e-03
1.800205355623197612e+00 3.955385570020250249e-03
1.794294864054701621e+00 3.794508635522536762e-03
1.789148660189028073e+00 3.412749756865461441e-03
1.794753436676395308e+00 3.950509087675545261e-03
1.797555824920078926e+00 4.166981164264936879e-03
1.789556280297200708e+00 4.389052590585127735e-03
1.791645333351582492e+00 3.797709287171783989e-03
1.785276269161393037e+00 3.672156522165178488e-03
1.781301973106714343e+00 4.116997775415538047e-03
1.780843400485020434e+00 3.694615908729258127e-03
1.778041012241337260e+00 3.595742380685881985e-03
1.779416730106418099e+00 3.607121289385920200e-03
1.781098163052627914e+00 4.001959101808864536e-03
1.784308171404483501e+00 3.591714924585432712e-03
1.782015308296015288e+00 3.728731954404565681e-03
1.775493386565260678e+00 3.715060237646035293e-03
1.779671492674025357e+00 3.853475639133473012e-03
1.773506238537921664e+00 4.014902877176269869e-03
1.773608143564964656e+00 3.989565540338644092e-03
1.777888154700772549e+00 4.097025679524588307e-03
1.772436235753969136e+00 4.153611275247715874e-03
1.767850509537032710e+00 3.439272017066467759e-03
1.779773397701068127e+00 3.506017982425675694e-03
1.770296230186065412e+00 3.643653394847608772e-03
1.764589548671655406e+00 4.075471758625746205e-03
1.764130976049961497e+00 3.858878444246903634e-03
1.770449087726630344e+00 3.498831601717332200e-03
1.769124322375070557e+00 3.476903350749212165e-03
1.764385738617569421e+00 3.900350844498170523e-03
1.761430492833321537e+00 3.891367918020683520e-03
1.765251931347434855e+00 3.736942238401637882e-03
1.759188582238373932e+00 4.238743856614357250e-03
1.762551448130794896e+00 3.824260241589680451e-03
1.756997624156948934e+00 3.694025604476768206e-03
1.759188582238374376e+00 4.530646962109094802e-03
1.761277635292756827e+00 3.970557778884312508e-03
1.757252386724556636e+00 3.519085429823512641e-03
1.757609054319207553e+00 3.395135392833892232e-03
1.759086677211331606e+00 4.011160375472536468e-03
1.751800467777753667e+00 3.529078639835189768e-03
1.759647154860067841e+00 3.919039994653604302e-03
1.751443800183103194e+00 3.577356343676883679e-03
1.747418551614903670e+00 3.889783094195397532e-03
1.757099529183991926e+00 3.895452119673548184e-03
1.747979029263640127e+00 3.450877235328528130e-03
1.752819518048184699e+00 4.192633388041511547e-03
1.748896174507027279e+00 4.349026115319136812e-03
1.745176641019956509e+00 3.627246417400504987e-03
1.742017585181621975e+00 3.720035998464988648e-03
1.753991425859179332e+00 4.006627177175684298e-03
1.746246643803908372e+00 3.527191198722813645e-03
1.745278546046999057e+00 4.140016359434267774e-03
1.745380451074042272e+00 3.975602314715368304e-03
1.748590459425898080e+00 3.952453834129041749e-03
1.744259495776569580e+00 4.081662080671370416e-03
1.740794724857106068e+00 3.700640052098756565e-03
1.742476157803315662e+00 3.691336418287916813e-03
1.743648065614310960e+00 3.760985847980068651e-03
1.735393758423824373e+00 3.450444625099698126e-03
1.737329953937642335e+00 3.994612069107563238e-03
1.736107093613125762e+00 4.124561122299282359e-03
1.729992791990543122e+00 3.780099638379255146e-03
1.729890886963500130e+00 3.677006769279506006e-03
1.740285199721890663e+00 4.181211815064861739e-03
1.738094241640464999e+00 4.023155100945160698e-03
1.727190403746859948e+00 3.550812634931297621e-03
1.737329953937642779e+00 4.284970067327494199e-03
1.729585171882370931e+00 3.729988487980508052e-03
1.725508970800649688e+00 4.082247208667954229e-03
1.727954691449683056e+00 3.905223480694541231e-03
1.727547071341510643e+00 3.783202684251511620e-03
1.719802289286239239e+00 3.502020779697018974e-03
1.726680878611644321e+00 3.694710770258824960e-03
1.723623727800353667e+00 4.136801280020981943e-03
1.722910392611052055e+00 3.395972603405710520e-03
1.719547526718632202e+00 3.600908254857637051e-03
1.721279912178363514e+00 4.381830253700898584e-03
1.719700384259196468e+00 3.720524486139457909e-03
1.718324666394115408e+00 3.622788207658505458e-03
1.715369420609867523e+00 3.654325494644589112e-03
1.713484177609570835e+00 3.379515484465935721e-03
1.714248465312393721e+00 4.308965230563374486e-03
1.713687987663657264e+00 3.571462271257093250e-03
1.713586082636613828e+00 3.515442813740122293e-03
1.704057962608089838e+00 3.938134899563842939e-03
1.711955602203925064e+00 4.041867349093090575e-03
1.708541783797983493e+00 3.835918958009774168e-03
1.700949859283277021e+00 3.888501417092868860e-03
1.705077012878520204e+00 3.898513295413665904e-03
1.708439878770940945e+00 4.003826985058634748e-03
1.710732741879409158e+00 3.791086150262676369e-03
1.705280822932606188e+00 4.025348537080154429e-03
1.703752247526960639e+00 3.553589899525174626e-03
1.700746049229191037e+00 3.601531842749539254e-03
1.706758445824730241e+00 3.469398513442524448e-03
1.710070359203629486e+00 3.962687403809088925e-03
1.704822250310912723e+00 4.013894006849172760e-03
1.704108915121611556e+00 4.011034162892878133e-03
1.703191769878223738e+00 4.110500672241664682e-03
1.697434135850292236e+00 3.894515632387057086e-03
1.704516535229783081e+00 3.932913588674932272e-03
1.701408431904971152e+00 4.332854473991991189e-03
1.701102716823841288e+00 3.722460360082142840e-03
1.699166521310024214e+00 3.730513948506908404e-03
1.701255574364406220e+00 3.778203604944339791e-03
1.696364133066340374e+00 3.734356955743811657e-03
1.699930809012846877e+00 3.934695484101465718e-03
1.690963166633059123e+00 3.897704099727956027e-03
1.694580795093086678e+00 3.785915763051788362e-03
1.686377440416122475e+00 4.054603690696988692e-03
1.688517445984026422e+00 3.801153128841722705e-03
1.686683155497251452e+00 3.711134288580385330e-03
1.685307437632169947e+00 3.592997698669039841e-03
1.686734108010772948e+00 3.665391516631638560e-03
1.676798367874076545e+00 4.107556399859743461e-03
1.688058873362332513e+00 3.996688008380456028e-03
1.681791714199185606e+00 3.896771484814125740e-03
1.682708859442572980e+00 3.976581728152048939e-03
1.682505049388486995e+00 3.746461782278264711e-03
1.682606954415529987e+00 3.913657223553922843e-03
1.673639312035742899e+00 3.833092267063709872e-03
1.682606954415529765e+00 3.309858963473497756e-03
1.674454552252086836e+00 4.088716187566565630e-03
1.672773119305876799e+00 4.016128055027852820e-03
1.674913124873779857e+00 4.042339424251390791e-03
1.680008376225931910e+00 3.607247240190659954e-03
1.673078834387005775e+00 4.195898497355585524e-03
1.672416451711225660e+00 3.601358834966962574e-03
1.669563110954020768e+00 3.843643645970506138e-03
1.674148837170957638e+00 3.726144458974444632e-03
1.672773119305876355e+00 3.886695003794671949e-03
1.670531208710929638e+00 4.185366746958905579e-03
1.674097884657435698e+00 3.996116339289434299e-03
1.661155946222970137e+00 3.624765536308538656e-03
1.667677867953724746e+00 3.613948678219409093e-03
1.666811675223858646e+00 3.814421004942263743e-03
1.664111192007218243e+00 3.496378407524571019e-03
1.663041189223266159e+00 3.996912106337797976e-03
1.662735474142137182e+00 3.761234342994733328e-03
1.665334052331734815e+00 3.625367117922755761e-03
1.663397856817916853e+00 3.935629007102058909e-03
1.660034990925496778e+00 3.593055503053427420e-03
1.663244999277352143e+00 3.507428325352983205e-03
1.662174996493400503e+00 3.655149505675606755e-03
1.664416907088347219e+00 3.441384967673310862e-03
1.660085943439017830e+00 3.702127024807012716e-03
1.653054496573048260e+00 3.895305495961781141e-03
1.662225949006921777e+00 3.870969459748192787e-03
1.654939739573344504e+00 4.020650541300495491e-03
1.654786882032779571e+00 4.225422856058853524e-03
1.652595923951354795e+00 3.919897770421698971e-03
1.651424016140359718e+00 4.471250722623713002e-03
1.649946393248235443e+00 3.224819158099221511e-03
1.648417817842589894e+00 4.208106984064556057e-03
1.650048298275278880e+00 3.936420513901565769e-03
1.652392113897268366e+00 3.695638176913536993e-03
1.642965898895787369e+00 3.533401600678700606e-03
1.644494474301433140e+00 4.386061499697719961e-03
1.653920689302913916e+00 3.722934582842592124e-03
1.648366865329068620e+00 3.598503005669446975e-03
1.643984949166217957e+00 3.706248147836850061e-03
1.646226859761164674e+00 3.543614528705652661e-03
1.645156856977213033e+00 3.336557177800308308e-03
1.646226859761164896e+00 3.611825265883713415e-03
1.649080200518369566e+00 3.738331436307769980e-03
1.640265415679146743e+00 3.721037329180593763e-03
1.640061605625060759e+00 4.014628049809744123e-03
1.643016851409308643e+00 4.039152649653899099e-03
1.643679234085088536e+00 4.150625652947848368e-03
1.638736840273501194e+00 3.756866031175579677e-03
1.639704938030410286e+00 3.725893623673302325e-03
1.637310169894898637e+00 3.838246451678394792e-03
1.637310169894898859e+00 3.700496232960871681e-03
1.639755890543931116e+00 3.733713832022875993e-03
1.637666837489549332e+00 4.111094325691310759e-03
1.630788248164144250e+00 4.413496603660319907e-03
1.632724443677961768e+00 3.788273978519378360e-03
1.632928253732047752e+00 3.588630778770692670e-03
1.636087309570382065e+00 3.736160587584996806e-03
1.632367776083310851e+00 4.106899020924396557e-03
1.627833002379895699e+00 3.503706903154874767e-03
1.636189214597425279e+00 3.752025606965212010e-03
1.634151114056564325e+00 3.731070647122540409e-03
1.625081566649733800e+00 3.598484969244727331e-03
1.624317278946910692e+00 3.791168326094975817e-03
1.627476334785245449e+00 4.158187147045641109e-03
1.622432035946615114e+00 3.646331468025558464e-03
1.617693452189113312e+00 3.233634543557903970e-03
1.616113924269946489e+00 3.226267932693553143e-03
1.617999167270242511e+00 3.569586331279952281e-03
1.625234424190298066e+00 3.841549204901271389e-03
1.620393935405754382e+00 3.914701874111668062e-03
1.623603943757609969e+00 3.084626621521452828e-03
1.619222027594758861e+00 3.611609621220899374e-03
1.619425837648844846e+00 3.601503008696260548e-03
1.619935362784060473e+00 3.866876184074999161e-03
1.610254385214971329e+00 3.683045617032754127e-03
1.611273435485401917e+00 4.086937921490558893e-03
1.618508692405457916e+00 3.920695763874749128e-03
1.611833913134138374e+00 3.553765232841302191e-03
1.611528198053009175e+00 3.122566083192401983e-03
1.612598200836961482e+00 3.537308298628510234e-03
1.610814862863708230e+00 3.696143937009763875e-03
1.614279633783171519e+00 3.850105571936123829e-03
1.612343438269353779e+00 3.435344518033281967e-03
1.609082477403976252e+00 3.621842147133882452e-03
1.605872469052120444e+00 3.374256875169659355e-03
1.612598200836961260e+00 3.635753724888119397e-03
1.609439144998626947e+00 3.300433085348949448e-03
1.609693907566234650e+00 4.440566364285856646e-03
1.608165332160589100e+00 3.830094035909724880e-03
1.598535307105021896e+00 4.073894828062812543e-03
1.609693907566234650e+00 3.748148766874120821e-03
1.610050575160885344e+00 3.738900858253260857e-03
1.600981027754055042e+00 3.412084058955106546e-03
1.601031980267576316e+00 3.591378798172098399e-03
1.602509603159700147e+00 3.656473927234545149e-03
1.595529108807252294e+00 3.536042032026542967e-03
1.598484354591500178e+00 3.271337871186660168e-03
1.602254840592092666e+00 3.648068314717819484e-03
1.591300050184966342e+00 3.611609621220908482e-03
1.610203432701449833e+00 3.690070240780757901e-03
1.597312446780505546e+00 3.650007053884189896e-03
1.602917223267872115e+00 3.873678035158214204e-03
1.598433402077978682e+00 3.596915454083077137e-03
1.597821971915720729e+00 4.105975984447297542e-03
1.594866726131472401e+00 3.811179892467350498e-03
1.592319100455396486e+00 3.519723514259790777e-03
1.597006731699376347e+00 3.736789395102592479e-03
1.594815773617951127e+00 3.678739719009910952e-03
1.588803377022411478e+00 2.982228461173048496e-03
1.590637667509186670e+00 3.816785415169704661e-03
1.584013840751388402e+00 3.348983558786741092e-03
1.588191946860153303e+00 3.058318250153573611e-03
1.588701471995368264e+00 3.492663794621878731e-03
1.585644321184077166e+00 3.403059597969486372e-03
1.588242899373674355e+00 3.534297879175726624e-03
1.587172896589722493e+00 3.898033792321962347e-03
1.590535762482143456e+00 3.401167105642826597e-03
1.585032891021819434e+00 3.608254688355406938e-03
1.578510969291064381e+00 3.593055503053423083e-03
1.582689075399829060e+00 3.899951450956361254e-03
1.581007642453619244e+00 3.394844805747592072e-03
1.584217650805474831e+00 4.182860007791976316e-03
1.579530019561494525e+00 3.971927363401288325e-03
1.574740483290471893e+00 3.472625936390220155e-03
1.580549069831925335e+00 3.540649799783005761e-03
1.578765731858672083e+00 3.808508669946247729e-03
1.580701927372489601e+00 3.576764833067945428e-03
1.573721433020041971e+00 4.109625824461701597e-03
1.571785237506223787e+00 3.566861554404761412e-03
1.570307614614099512e+00 3.416114299448667728e-03
1.569492374397755796e+00 3.974609596239910350e-03
1.563887597910388338e+00 3.668425282009966058e-03
1.570511424668185940e+00 3.528534218533575188e-03
1.565518078343076880e+00 3.311129401285992611e-03
1.575046198371601314e+00 3.561762924088642847e-03
1.564295218018560529e+00 3.062597877593636019e-03
1.578969541912758290e+00 3.706752460278046803e-03
1.572040000073831489e+00 3.721961663630616365e-03
1.572447620182003680e+00 3.084054250245359726e-03
1.561187114693747713e+00 3.922599034442821563e-03
1.560575684531489760e+00 3.751748822671257567e-03
1.563734740369823628e+00 3.329016697100423139e-03
1.562308069991221293e+00 3.901282603753966800e-03
1.561849497369527828e+00 3.789702589627782191e-03
1.566282366045899543e+00 3.817955171443697393e-03
1.551506137124658791e+00 3.668846341626282731e-03
1.567301416316329910e+00 3.415244018166985283e-03
1.552219472313960402e+00 3.291938548807853658e-03
1.556907103557939820e+00 3.702039366099156483e-03
1.559149014152886759e+00 3.520796563060515829e-03
1.558588536504150079e+00 3.531725978655054447e-03
1.556652340990332339e+00 3.523409599120561238e-03
1.547633746097023755e+00 3.504773744492139468e-03
1.557824248801327860e+00 3.712683489152603881e-03
1.562104259937135087e+00 3.606815390549129256e-03
1.552627092422132149e+00 3.815016498071073601e-03
1.546258028231942472e+00 3.920814952273774488e-03
1.555582338206380699e+00 3.720144169121945930e-03
1.556244720882160371e+00 3.754809613326298180e-03
1.541213729393311915e+00 3.747178930134561266e-03
1.556040910828074608e+00 3.576648696798256227e-03
1.547582793583502259e+00 3.409161059126598111e-03
1.550487086854228869e+00 3.367783845942239930e-03
1.549773751664926813e+00 3.748314999404980634e-03
1.542793257312479183e+00 3.867775733946574902e-03
1.541876112069092031e+00 4.175507965495305410e-03
1.550894706962400615e+00 3.732462030397078277e-03
1.552830902476218577e+00 3.195250769988784711e-03
1.544067070150517251e+00 4.216759955674521769e-03
1.545952313150813273e+00 3.396679675294004414e-03
1.542487542231349984e+00 3.782434025173117380e-03
1.544984215393904181e+00 3.541881434734111319e-03
1.538666103717236000e+00 3.544958650004408768e-03
1.543455639988258632e+00 3.722432462744228697e-03
1.539888964041752573e+00 4.102265940194418752e-03
1.542895162339521953e+00 3.748817115409063157e-03
1.534284187554385337e+00 3.729121838378039906e-03
1.544984215393904403e+00 3.574713747251457956e-03
1.536067525527638589e+00 3.612012147510809505e-03
1.538615151203714282e+00 3.569717242803540323e-03
1.534538950121993039e+00 3.740608604001090763e-03
1.535507047878901687e+00 3.960354379450399184e-03
1.533112279743390038e+00 3.701145128690677775e-03
1.530615606580835397e+00 3.508978677929743863e-03
1.537086575798068733e+00 4.175793964727931781e-03
1.529953223905055726e+00 4.254507419519882629e-03
1.532959422202825328e+00 3.943931905994811637e-03
1.532857517175782780e+00 3.648922198344344611e-03
1.526437500472071163e+00 3.539241692163470031e-03
1.522565109444435905e+00 2.910860507804606014e-03
1.521189391579354400e+00 3.997093973704497413e-03
1.525265592661076308e+00 3.533768955423215001e-03
1.524756067525860681e+00 3.700640052098770009e-03
1.526437500472071163e+00 3.840383255143909637e-03
1.522972729552607873e+00 3.066795345618223041e-03
1.521698916714569805e+00 3.452385304312318489e-03
1.520221293822445974e+00 3.918175405167477129e-03
1.517877478200455821e+00 3.293736160122553904e-03
1.527966075877716712e+00 3.575439929862741194e-03
1.514616517335078294e+00 3.634664615092245924e-03
1.521851774255134071e+00 3.290013701338088785e-03
1.520883676498225645e+00 3.531431927901142014e-03
1.521036534038789689e+00 3.490492632256794216e-03
1.516399855308331768e+00 3.624310702981285107e-03
1.514005087172820119e+00 3.256256306259175479e-03
1.519864626227795279e+00 3.400957187801403794e-03
1.516654617875939026e+00 3.451930320485089611e-03
1.520476056390053232e+00 3.875755113987339791e-03
1.523838922282473529e+00 3.753564847081316581e-03
1.521495106660483820e+00 3.617858097870865763e-03
1.507381260415022517e+00 3.442440956632872914e-03
1.515584615091987608e+00 3.873396538803439669e-03
1.513393657010562166e+00 3.481555831610207673e-03
1.512833179361825042e+00 3.629106859468660736e-03
1.512782226848303768e+00 3.606037930867092480e-03
1.510540316253356830e+00 3.750530729113284254e-03
1.508756978280103356e+00 3.349964053294939622e-03
1.508807930793625296e+00 3.590077366976506153e-03
1.508298405658410335e+00 3.170912918360762559e-03
1.510438411226313837e+00 3.808096235274041098e-03
1.510030791118141424e+00 3.606268306765057080e-03
1.506158400090505944e+00 3.849781890284791671e-03
1.509674123523490952e+00 3.599729270538008959e-03
1.501623626387090349e+00 3.346397241651690498e-03
1.501623626387091015e+00 3.792263833703421981e-03
1.507534117955587227e+00 3.760751143167432448e-03
1.502031246495262984e+00 4.017902122412054730e-03
1.499993145954402030e+00 3.639250953514008759e-03
1.503254106819779334e+00 3.839047892353621063e-03
1.498770285629885901e+00 4.174376211182507720e-03
1.495356467223944108e+00 3.969887523628187753e-03
1.501521721360048245e+00 3.597131979647426488e-03
1.497547425305369106e+00 3.545152718052801445e-03
1.502133151522306198e+00 3.744659645571809994e-03
1.497649330332412543e+00 2.972571560262908356e-03
1.495865992359158847e+00 3.389361046256926698e-03
1.492401221439695558e+00 3.331355448068896909e-03
1.495916944872680787e+00 3.668524359208682160e-03
1.494337416953513076e+00 3.285433717918552661e-03
1.488528830412060744e+00 3.469334907170159438e-03
1.491382171169265414e+00 3.634721756831617821e-03
1.490515978439399980e+00 3.321681855451771859e-03
1.494133606899427313e+00 3.643510889009506180e-03
1.487815495222758688e+00 3.277141930076296703e-03
1.496171707440288046e+00 3.687001475264938596e-03
1.490770741007006794e+00 3.408456576456855153e-03
1.487713590195715696e+00 3.474688718396299995e-03
1.489038355547275483e+00 3.448770100333935044e-03
1.488732640466146728e+00 3.786738563149811502e-03
1.488987403033753987e+00 3.624353681800487892e-03
1.484758344411467812e+00 3.119671405742892919e-03
1.484503581843860109e+00 3.823136553973011977e-03
1.490617883466442750e+00 3.953337195035004983e-03
1.487509780141629712e+00 3.596319941561836910e-03
1.481089763437918316e+00 3.857381228443915698e-03
1.487051207519936691e+00 3.531931799616471433e-03
1.476351179680417625e+00 3.730336483361960161e-03
1.484197866762731355e+00 3.681734279796015225e-03
1.482414528789477881e+00 3.878349898218803275e-03
1.480478333275659919e+00 3.807823526662051754e-03
1.471357833355308120e+00 3.256642965682264752e-03
1.477013562356196408e+00 3.452802633443677327e-03
1.473446886409690570e+00 3.734965214097972670e-03
1.476962609842675356e+00 3.274372013228090718e-03
1.475434034437029807e+00 3.852886090164790809e-03
1.478185470167191706e+00 3.664559181866883057e-03
1.473141171328561150e+00 3.718664400889544648e-03
1.474618794220685647e+00 3.835353786484332200e-03
1.470338783084877754e+00 3.430114733310066916e-03
1.472427836139259538e+00 4.343387235409119917e-03
1.467740204895279899e+00 3.424444858501510779e-03
1.471816405977001807e+00 3.425354488171908525e-03
1.471357833355307898e+00 2.962773654445898658e-03
1.473141171328560928e+00 4.135797035971900890e-03
1.468912112706274753e+00 3.315924440294539151e-03
1.465243531732725701e+00 3.696765505665244346e-03
1.464326386489338105e+00 3.910896677699314712e-03
1.462288285948477595e+00 3.449240554564165975e-03
1.461727808299740694e+00 3.928339661854712839e-03
1.455103981541943092e+00 3.415304831051966909e-03
1.456479699407024153e+00 3.422173519665367737e-03
1.458619704974928100e+00 3.819114372743534578e-03
1.459842565299444672e+00 3.946712102444592529e-03
1.459180182623665001e+00 3.655149505675599382e-03
1.455205886568986084e+00 3.437973417825535005e-03
1.453473501109254107e+00 3.597330449965777024e-03
1.464683054083988800e+00 3.249871781148622879e-03
1.451741115649522795e+00 3.458512344456039604e-03
1.446085386648634286e+00 3.688075129717399876e-03
1.446493006756806032e+00 3.305416440079395057e-03
1.454798266460813672e+00 3.270861671960314989e-03
1.454288741325598933e+00 3.068724845155954874e-03
1.450569207838527719e+00 3.264159751136694928e-03
1.457193034596325321e+00 3.673050748985740802e-03
1.453881121217426742e+00 3.243634769700989157e-03
1.453728263676862253e+00 3.898529943767115643e-03
1.443232045891428950e+00 3.941169510206747086e-03
1.448683964838231475e+00 3.814199798100840512e-03
1.448785869865274689e+00 3.328174344430240988e-03
1.456683509461110582e+00 3.502939910252868359e-03
1.446289196702720048e+00 3.699938442451333655e-03
1.444454906215945522e+00 3.559987617234657616e-03
1.443741571026644133e+00 3.552088253692590927e-03
1.440888230269438797e+00 3.865089890162035600e-03
1.446136339162155560e+00 3.089130339297894295e-03
1.448836822378796407e+00 3.438445349277451622e-03
1.445219193918768408e+00 3.538243943549293329e-03
1.442467758188606064e+00 3.539916480290888814e-03
1.439869179999008653e+00 3.218424702384636675e-03
1.443996333594252057e+00 3.884690605533144998e-03
1.438901082242099783e+00 3.839653088983425392e-03
1.443537760972558370e+00 3.501383176485958933e-03
1.440327752620702340e+00 3.711956179788131194e-03
1.438697272188013576e+00 3.273432324800450155e-03
1.436761076674195836e+00 3.305443929860499286e-03
1.437576316890540884e+00 3.411988948651062999e-03
1.440582515188309598e+00 3.219602203398951555e-03
1.438748224701535294e+00 3.663184530146462205e-03
1.434672023619813608e+00 3.408856435838536307e-03
1.436404409079545363e+00 3.442610638932148970e-03
1.431971540403173204e+00 3.565580299179711005e-03
1.432379160511345395e+00 2.855391768596380209e-03
1.435079643727986021e+00 3.529725950458060396e-03
1.434468213565727179e+00 4.070452131749993305e-03
1.424073900807337312e+00 3.744798302262445679e-03
1.427385814186236335e+00 3.932989500681359669e-03
1.435232501268550509e+00 3.604079141179121395e-03
1.425143903591289174e+00 3.596666433569299052e-03
1.423971995780294542e+00 3.655593400138105326e-03
1.424787235996638479e+00 3.440468257410152133e-03
1.420711034914917015e+00 3.701046924751587308e-03
1.418978649455185259e+00 3.771738948826156707e-03
1.424532473429031221e+00 3.340756248812489556e-03
1.420150557266180114e+00 3.220146450440954187e-03
1.416176261211501863e+00 3.546159504387968141e-03
1.417195311481932229e+00 3.376806478223797793e-03
1.420099604752658617e+00 3.405610507470690357e-03
1.417246263995453504e+00 3.594229453385464589e-03
1.416380071265587626e+00 3.443164876168593267e-03
1.417551979076582702e+00 3.420443409168912735e-03
1.412864347832603285e+00 3.269404865554543897e-03
1.410265769643005651e+00 3.700889091532985793e-03
1.415513878535721748e+00 3.575850157838493353e-03
1.413730540562468940e+00 3.158312008428849123e-03
1.414036255643597695e+00 3.204305501013973538e-03
1.409858149534833904e+00 3.531839916740783705e-03
1.404253373047466225e+00 3.507498642569800706e-03
1.407208618831714331e+00 3.734965214097969201e-03
1.411743392535129482e+00 3.496456372088354268e-03
1.413322920454296305e+00 3.199115958090794406e-03
1.405781948453111774e+00 3.542848847538997235e-03
1.404355278074508995e+00 2.985186840608616918e-03
1.406138616047762691e+00 3.791894135269357861e-03
1.404406230588030491e+00 3.560614726099250310e-03
1.407616238939886522e+00 3.423534987143469176e-03
1.404355278074509439e+00 3.895288833827140369e-03
1.404202420533944728e+00 3.298103893413883818e-03
1.398139071424884028e+00 3.286634606567041036e-03
1.400584792073916951e+00 3.784269626160393328e-03
1.406648141182977874e+00 3.736233548580257004e-03
1.400890507155045484e+00 3.650060399116626577e-03
1.400482887046873071e+00 3.330825475109113441e-03
1.397425736235582194e+00 3.563249563900891363e-03
1.403794800425772538e+00 3.407287194614662222e-03
1.395285730667678470e+00 3.644650779698966562e-03
1.400126219452222598e+00 3.949473908270509370e-03
1.393553345207946936e+00 3.764542594290125419e-03
1.397425736235582638e+00 3.585764812415595700e-03
1.395132873127114426e+00 3.543761051694568204e-03
1.390903814504828029e+00 3.187082775476660253e-03
1.399871456884615117e+00 3.436704544860419430e-03
1.391158577072435509e+00 3.489767371402047094e-03
1.391566197180607478e+00 3.470999510808288249e-03
1.389324286585660984e+00 3.547905143496093983e-03
1.392534294937516570e+00 3.983675274287020937e-03
1.385451895558024837e+00 4.123390200000926625e-03
1.391107624558914235e+00 4.075216942501190369e-03
1.386674755882541854e+00 3.083363896509198031e-03
1.384483797801116856e+00 3.382153237149626047e-03
1.387642853639450280e+00 3.156832046768219546e-03
1.380866169341088412e+00 3.503829161869106198e-03
1.386725708396063128e+00 3.524127936456270763e-03
1.385146180476896305e+00 3.671056996278868664e-03
1.378828068800227680e+00 4.255569058868226111e-03
1.381222836935739329e+00 3.681617928937745612e-03
1.379439498962486521e+00 3.665310062424365772e-03
1.382751412341384656e+00 3.081725792670321311e-03
1.381120931908696114e+00 3.413814603513345459e-03
1.380815216827566694e+00 3.427385122789460697e-03
1.380305691692352177e+00 2.995708824074023134e-03
1.379082831367835604e+00 3.268829109160068143e-03
1.384381892774073419e+00 3.023313664048309958e-03
1.382445697260255235e+00 3.583273324567189631e-03
1.379286641421921367e+00 3.469544429308342535e-03
1.378318543665012719e+00 4.197893450684673025e-03
1.376586158205280963e+00 3.689595312190691642e-03
1.379235688908399871e+00 3.400499140258239020e-03
1.383209984963078121e+00 3.768199329564863968e-03
1.378522353719098481e+00 3.010081997757004142e-03
1.382190934692647755e+00 3.605105478067156116e-03
1.374599010177941283e+00 3.485580227432453354e-03
1.376433300664716031e+00 3.493198942330034192e-03
1.374802820232027711e+00 3.257659222577603906e-03
1.378675211259662969e+00 3.222886445563952380e-03
1.375312345367242672e+00 3.511404585462300689e-03
1.372204242042429856e+00 3.162439902489702723e-03
1.371949479474822597e+00 3.430353139781729295e-03
1.376484253178237971e+00 3.195823534988766809e-03
1.369096138717617261e+00 3.466550054141900698e-03
1.368841376150009559e+00 3.639807345193144580e-03
1.369605663852832222e+00 3.311031391032409014e-03
1.370573761609741092e+00 3.441705569999692176e-03
1.364765175068288316e+00 3.326773851259950433e-03
1.368943281177052329e+00 3.621774049911854945e-03
1.369707568879874993e+00 3.771763039905420140e-03
1.365835177852240179e+00 3.224529325068577375e-03
1.363083742122077835e+00 3.478571795945265607e-03
1.366191845446890651e+00 3.530226063735803551e-03
1.361962786824604477e+00 3.741021539245890318e-03
1.363134694635599553e+00 3.643713958141107934e-03
1.353759432147639608e+00 2.960529580205509877e-03
1.358396110878097973e+00 3.318863065130169075e-03
1.362268501905733675e+00 3.383411875589752843e-03
1.356969440499495638e+00 3.276729959103234259e-03
1.352281809255516221e+00 3.122998390790995577e-03
1.359771828743179478e+00 3.206269656969609663e-03
1.357478965634710377e+00 3.673287523582876614e-03
1.353351812039467639e+00 3.616422622121657354e-03
1.349530373525353433e+00 3.912207516255315418e-03
1.354167052255812020e+00 3.117344567583921460e-03
1.351874189147343364e+00 3.815560867601140195e-03
1.360179448851351447e+00 3.673531350127186203e-03
1.348154655660272594e+00 3.492325568715692278e-03
1.349122753417181464e+00 3.739966555312204156e-03
1.349887041120004127e+00 3.293267141263271809e-03
1.348817038336052265e+00 3.592101611762719363e-03
1.347594178011535693e+00 3.756866031175577075e-03
1.349377515984788722e+00 2.986773585720480222e-03
1.348358465714359022e+00 3.421551387680565274e-03
1.344027502065029189e+00 3.642912303614446404e-03
1.346575127741105771e+00 3.619318110082465120e-03
1.342957499281077993e+00 3.398177417146042156e-03
1.340155111037394153e+00 3.474090936624423843e-03
1.345250362389545762e+00 3.933227128794687666e-03
1.338983203226399299e+00 3.061495671627221735e-03
1.341072256280781083e+00 3.388533694569693423e-03
1.341887496497125465e+00 3.067066225798108312e-03
1.341021303767259587e+00 3.509825717245478559e-03
1.335467479793414070e+00 3.706861018564624327e-03
1.339696538415700466e+00 3.681141909858910623e-03
1.336078909955672023e+00 2.819525370563236589e-03
1.339136060766963787e+00 3.602061627392173955e-03
1.337556532847796298e+00 3.451949122657521456e-03
1.337811295415403556e+00 3.540004486650733841e-03
1.340562731145566122e+00 3.246099021348492104e-03
1.331951756360429284e+00 2.931448264154965823e-03
1.333429379252553781e+00 3.676621950706391358e-03
1.333072711657902643e+00 3.369560256812891876e-03
1.332868901603816214e+00 3.525619400187712631e-03
1.331340326198171109e+00 3.511378708100460107e-03
1.326907457521798506e+00 3.681758959808419194e-03
1.331798898819864796e+00 3.286381824371326955e-03
1.323646496656421645e+00 3.311407734588243251e-03
1.326652694954191247e+00 3.292951796916708529e-03
1.329862703306046612e+00 3.297674859479095971e-03
1.325837454737846643e+00 3.045426234703609795e-03
1.325022214521502706e+00 3.469637961892150374e-03
1.325175072062066972e+00 3.723687636037040141e-03
1.321404586061474928e+00 3.303904149881721486e-03
1.322831256440077263e+00 3.750641481238380179e-03
1.320130773223436638e+00 3.237325596958889103e-03
1.325684597197282155e+00 3.178436416651399775e-03
1.322882208953598315e+00 3.746780531605109661e-03
1.316615049790451852e+00 3.450786955932876217e-03
1.315392189465935280e+00 3.856869686731393722e-03
1.318143625196097179e+00 3.131300388267849351e-03
1.316716954817494845e+00 3.712655518350131516e-03
1.309838365492089540e+00 3.782502661798677144e-03
1.314933616844241815e+00 3.461382418963009945e-03
1.317379337493274516e+00 3.500552635404638284e-03
1.314627901763112172e+00 3.349266497731529652e-03
1.310806463248998410e+00 3.479198655732563920e-03
1.312589801222251440e+00 3.160551187236492528e-03
1.323136971521206462e+00 3.550373920874624716e-03
1.315697904547064701e+00 3.807523524628964127e-03
1.309532650410960120e+00 2.722428606069820459e-03
1.313812661546768012e+00 3.522363143211381699e-03
1.307494549870099831e+00 3.202980534610651991e-03
1.311112178330127387e+00 3.365840666679473063e-03
1.315035521871284363e+00 3.434985532266299386e-03
1.308411695113487205e+00 3.467107952492417492e-03
1.305507401842760595e+00 3.519085429823520881e-03
1.307239787302491685e+00 3.471878249135715820e-03
1.309379792870396075e+00 3.415152796809129386e-03
1.303571206328942633e+00 3.169143942853925276e-03
1.311621703465342792e+00 3.666921102982003636e-03
1.306220737032061541e+00 3.415487263210220583e-03
1.309583602924481838e+00 3.783171803639213873e-03
1.312997421330423631e+00 3.854260441513095159e-03
1.309328840356874357e+00 3.175596755286854041e-03
1.307749312437707090e+00 3.122599339747952635e-03
1.307392644843056839e+00 3.613621804290921644e-03
1.300972628139345000e+00 3.585247102099241127e-03
1.302195488463861572e+00 3.395884686881513095e-03
1.303469301301899419e+00 3.259252712660006771e-03
1.301380248247517413e+00 3.594966137141946457e-03
1.302093583436818580e+00 3.252191611140187264e-03
1.298883575084962771e+00 3.497328714134193689e-03
1.298526907490312077e+00 3.141337130657062549e-03
1.294043086300418421e+00 3.171506450544726678e-03
1.295113089084370062e+00 3.428354553721360640e-03
1.297660714760446199e+00 3.655575645394535007e-03
1.290731172921519398e+00 3.262437357874458342e-03
1.295520709192542474e+00 3.242033603261475997e-03
1.296284996895365360e+00 3.514630368571052075e-03
1.287062591947970125e+00 3.875323039304076015e-03
1.291393555597299292e+00 3.748734011197877355e-03
1.295265946624934994e+00 3.607365989778738534e-03
1.293788323732810941e+00 3.032128383287814068e-03
1.288336404786008194e+00 3.712547129500052244e-03
1.286094494191061033e+00 3.589907423084754551e-03
1.290527362867433636e+00 3.260049165618512067e-03
1.287011639434448407e+00 3.385118731418992107e-03
1.284260203704286507e+00 3.321306676076259644e-03
1.281254005406516683e+00 3.563103842324304681e-03
1.287521164569663812e+00 2.929676482289562435e-03
1.282527818244554974e+00 3.525472123209341582e-03
1.290833077948562613e+00 3.886641566589464723e-03
1.283546868514985340e+00 3.378670353963201915e-03
1.285381159001759865e+00 3.291926719167384639e-03
1.279317809892698943e+00 3.781799077332649583e-03
1.285635921569367568e+00 2.935727129589798916e-03
1.279878287541435844e+00 3.716055922809301856e-03
1.280387812676650805e+00 3.465235455357303616e-03
1.274528273621676311e+00 3.361394895874004942e-03
1.281355910433559897e+00 3.594413638479432380e-03
1.277585424432967409e+00 3.594731425862719102e-03
1.279878287541435844e+00 3.286749142098917970e-03
1.274273511054068608e+00 3.344612409415608032e-03
1.280285907649607591e+00 3.374487687755015064e-03
1.275292561324498974e+00 3.443440076476426189e-03
1.276821136730144524e+00 3.268054656145705315e-03
1.266630634025840418e+00 2.987503639974836873e-03
1.274783036189283791e+00 3.421429982883749353e-03
1.272643030621380067e+00 3.498015298448632713e-03
1.269127307188395060e+00 3.323615701924120640e-03
1.268413971999093448e+00 3.312222998931360022e-03
1.273560175864766997e+00 3.372887062279438745e-03
1.269382069756002762e+00 3.499944435713000894e-03
1.268515877026136884e+00 3.537510125327547605e-03
1.270350167512911632e+00 3.388135267998396930e-03
1.268515877026136884e+00 3.273749549363204510e-03
1.272643030621380067e+00 3.139749945344306147e-03
1.269382069756002540e+00 2.979898848272850755e-03
1.265764441295974985e+00 3.570062680720241608e-03
1.267394921728663304e+00 3.423079960771356015e-03
1.265560631241888778e+00 3.280847340959332746e-03
1.266987301620491113e+00 2.783234120770709287e-03
1.265051106106673373e+00 3.745515768622575351e-03
1.268566829539658380e+00 3.287270425822167580e-03
1.265764441295974763e+00 3.388748212551239650e-03
1.264133960863286221e+00 3.474778376792218067e-03
1.267394921728663748e+00 3.507735490192311761e-03
1.266630634025840418e+00 3.606430281006908160e-03
1.260872999997908916e+00 3.204823993120391352e-03
1.266783491566405129e+00 3.501483273044446540e-03
1.265458726214846008e+00 3.483225774953468100e-03
1.256745846402665734e+00 3.587360917099712519e-03
1.263114910592855633e+00 3.075249073585556003e-03
1.258987756997612673e+00 3.204277143557344130e-03
1.263114910592855633e+00 3.254086973189696582e-03
1.256338226294493765e+00 3.283951753597802448e-03
1.255370128537584895e+00 3.199927378954011380e-03
1.260669189943822710e+00 3.157128094601069964e-03
1.254707745861804780e+00 3.616910747797851076e-03
1.258121564267746573e+00 3.276571494936587198e-03
1.255879653672799856e+00 3.555196797927997164e-03
1.255879653672799856e+00 3.939031357916263423e-03
1.255217270997020407e+00 3.638737285682975935e-03
1.257917754213660588e+00 3.633064281501587750e-03
1.256287273780971825e+00 3.377882655680899786e-03
1.259446329619306137e+00 3.494358147876983154e-03
1.252567740293901055e+00 3.215325654830203297e-03
1.253535838050809925e+00 3.288277217176515527e-03
1.254402030780675803e+00 3.235801541800013663e-03
1.256898703943230444e+00 3.133190164183798608e-03
1.249969162104303644e+00 3.045115064364236311e-03
1.254707745861804780e+00 3.492013331110390383e-03
1.250020114617824918e+00 3.387158158358939599e-03
1.248644396752744079e+00 3.220501169365654059e-03
1.241663902400295783e+00 3.241012446776385565e-03
1.252975360402073246e+00 2.999298837013762188e-03
1.248644396752744079e+00 3.139679660780966657e-03
1.253637743077852917e+00 3.335343128643902116e-03
1.250223924671911124e+00 3.372409805789586355e-03
1.249867257077260430e+00 2.947659055738507169e-03
1.248389634185136376e+00 3.629750636474072395e-03
1.256083463726885840e+00 3.025957344115682689e-03
1.242071522508467973e+00 3.743938548001948981e-03
1.235753410831799570e+00 3.150810494251441406e-03
1.248440586698657873e+00 3.477078817773499725e-03
1.243396287860027538e+00 3.452370264482981267e-03
1.244772005725108377e+00 3.141233822685948664e-03
1.249510589482609735e+00 3.637224398028056360e-03
1.241256282292123370e+00 3.358091495133160714e-03
1.240441042075779654e+00 3.575763033709205597e-03
1.243243430319462828e+00 3.006090345590892166e-03
1.233613405263895624e+00 3.590124371313536868e-03
1.243651050427635241e+00 3.119737980214255715e-03
1.236874366129272929e+00 3.331842481221319961e-03
1.238046273940268005e+00 3.592246157027933953e-03
1.242530095130161660e+00 3.297926776077116703e-03
1.237944368913225013e+00 3.835404553798053146e-03
1.241663902400296005e+00 3.099337153770123122e-03
1.233766262804460112e+00 3.187766955761556133e-03
1.237944368913224791e+00 3.380648396050037370e-03
1.230861969533733502e+00 3.056284495815907686e-03
1.244975815779194805e+00 3.162583562908828552e-03
1.234581503020804494e+00 3.121335341539969305e-03
1.233613405263895624e+00 3.314123196869044920e-03
1.226683863424969045e+00 3.348165614527717077e-03
1.233868167831503326e+00 3.395819703639837810e-03
1.236466746021100738e+00 3.608848231470124322e-03
1.238250083994353989e+00 3.567007122468978612e-03
1.237078176183359135e+00 3.309262787534701829e-03
1.233766262804460112e+00 3.286413423209081676e-03
1.229893871776824632e+00 3.316265000230579543e-03
1.232339592425857777e+00 3.395666796989196736e-03
1.233919120345024822e+00 3.451091639428038177e-03
1.235396743237149098e+00 3.088491556091222182e-03
1.225257193046366488e+00 3.226288049982266488e-03
1.225868623208624664e+00 3.199006400506237881e-03
1.230505301939083029e+00 3.350781558545162971e-03
1.228976726533437480e+00 2.870915293735006729e-03
1.225817670695103168e+00 3.287487602977966130e-03
1.224187190262414848e+00 3.375422317324332060e-03
1.225461003100452473e+00 3.251329354728728447e-03
1.227906723749485396e+00 3.021548493609648150e-03
1.227753866208920908e+00 4.007534227060119067e-03
1.216544313234186436e+00 3.419741250716758132e-03
1.225002430478758786e+00 3.203657267875840813e-03
1.219142891423783848e+00 3.347452172984532841e-03
1.219193843937305344e+00 3.087449047131639226e-03
1.214098592585153735e+00 3.247282477080907972e-03
1.220161941694214436e+00 3.354115379489269830e-03
1.220926229397037321e+00 3.533956291639193253e-03
1.221639564586338711e+00 3.194438161217967760e-03
1.224085285235371412e+00 2.970750023037847971e-03
1.220518609288865131e+00 3.417614918843622958e-03
1.219091938910262574e+00 3.008611096881453825e-03
1.218582413775047169e+00 3.113440403579733305e-03
1.210379059098082521e+00 3.368265611747696398e-03
1.217002885855880345e+00 3.390161393419084679e-03
1.210480964125125736e+00 3.617972911326557302e-03
1.218888128856176589e+00 3.625195247648186573e-03
1.217155743396444612e+00 3.284011045010839548e-03
1.210480964125125736e+00 3.448231821979269758e-03
1.221282896991687794e+00 3.594966137141935615e-03
1.213385257395852346e+00 3.194275614656935051e-03
1.221537659559295719e+00 2.977733070227411762e-03
1.212519064665986468e+00 3.431022859788721707e-03
1.210531916638647232e+00 3.108900921660751569e-03
1.208850483692436972e+00 3.065207676002960555e-03
1.207780480908485110e+00 2.903394758473835068e-03
1.211805729476685300e+00 3.065698882969934962e-03
1.207729528394963614e+00 3.412281879895797364e-03
1.214506212693325482e+00 3.627801072058360089e-03
1.208188101016657301e+00 3.196842883996625119e-03
1.205640475340581164e+00 3.406018323252728210e-03
1.211296204341469895e+00 3.477769399842717876e-03
1.199831888799127944e+00 3.412110689365142110e-03
1.200035698853214150e+00 3.376314397138163118e-03
1.203602374799720209e+00 3.096014091500707416e-03
1.205997142935231858e+00 3.300543209122332265e-03
1.210379059098082521e+00 3.566675946506396751e-03
1.199118553609826776e+00 3.441686711866032925e-03
1.201360464204773493e+00 3.268797340338093580e-03
1.201920941853510394e+00 3.378439827134621654e-03
1.201564274258859699e+00 3.814880393551131448e-03
1.201768084312945684e+00 3.109936239557955714e-03
1.202277609448161089e+00 3.585620005871243462e-03
1.199322363663912761e+00 3.219340125711971871e-03
1.198303313393482394e+00 3.741909716068138238e-03
1.201207606664209226e+00 3.451257135237706993e-03
1.199628078745041959e+00 3.650060399116624409e-03
1.195602830176841769e+00 3.178309809555883523e-03
1.198201408366439402e+00 3.144141677083062830e-03
1.204162852448457333e+00 3.255845679490883098e-03
1.197437120663616295e+00 3.005265462960552726e-03
1.197946645798831700e+00 3.684342394636777422e-03
1.197182358096008814e+00 2.935054960011079621e-03
1.196163307825578892e+00 2.968651905821134782e-03
1.197437120663616517e+00 3.418317514066791882e-03
1.198354265907003890e+00 3.031156421671443117e-03
1.190660436365254427e+00 3.356417304627024121e-03
1.194685684933454395e+00 3.169459318665563026e-03
1.199016648582783562e+00 3.059574341110122154e-03
1.195348067609234288e+00 3.244499071022055071e-03
1.196061402798535234e+00 3.381109132825607481e-03
1.188367573256785992e+00 3.231273270480541394e-03
1.183476131958719924e+00 3.427919101086346950e-03
1.181183268850251933e+00 3.017709661752066702e-03
1.185004707364365695e+00 3.307583504313637516e-03
1.189947101175953259e+00 2.930097377491578357e-03
1.186838997851140443e+00 3.561416681141094890e-03
1.192138059257378480e+00 3.452896619531796527e-03
1.190252816257082236e+00 3.502313593433724857e-03
1.185819947580710298e+00 3.087890474935920705e-03
1.186533282770011022e+00 3.875661334428157773e-03
1.182457081688289779e+00 3.229344420633704828e-03
1.181285173877294703e+00 2.927260703511805340e-03
1.188979003419044389e+00 3.200693982622823501e-03
1.181998509066596093e+00 3.522182561271229584e-03
1.185667090040145366e+00 3.523744841433889240e-03
1.185208517418451679e+00 3.480336416193901498e-03
1.183119464364069451e+00 3.196940334606213942e-03
1.181692793985466894e+00 3.124893187335353074e-03
1.181692793985466672e+00 3.255108015901525369e-03
1.177871355471353132e+00 2.912576884244961594e-03
1.184546134742672230e+00 3.296005425698160605e-03
1.173591344335545239e+00 3.282844783991845008e-03
1.179909456012213642e+00 3.162324969455470973e-03
1.186584235283532740e+00 2.961437057180940462e-03
1.178126118038960390e+00 3.347432783863960731e-03
1.177820402957831192e+00 3.120936077855113351e-03
1.174100869470760200e+00 3.203353363436213345e-03
1.180928506282643786e+00 3.325275177826911115e-03
1.174202774497803414e+00 2.987138635150744792e-03
1.183119464364069451e+00 3.273971588268737194e-03
1.174100869470760422e+00 2.943168199813793462e-03
1.179094215795869038e+00 3.347405638906476681e-03
1.169158475659173080e+00 3.063170020419568422e-03
1.177973260498395902e+00 3.189741295719924954e-03
1.176240875038664147e+00 3.266926406430755662e-03
1.177107067768530024e+00 3.274827883025407255e-03
1.174406584551889621e+00 2.968236477646792743e-03
1.178941358255304772e+00 3.380617678032381800e-03
1.175374682308798491e+00 2.715013659552888061e-03
1.174508489578932613e+00 2.668978064120311293e-03
1.174865157173583308e+00 3.380924845649843549e-03
1.172572294065114873e+00 3.140246026930145797e-03
1.178126118038960390e+00 3.341999404788850887e-03
1.178890405741783276e+00 3.175760257897622223e-03
1.174304679524846406e+00 3.432914018376169527e-03
1.171655148821727277e+00 3.513137934496717799e-03
1.171451338767641293e+00 3.138873342934557411e-03
1.175221824768233780e+00 3.218892528329467956e-03
1.170432288497210926e+00 3.315219722462024558e-03
1.173591344335545239e+00 3.634153870897154082e-03
1.176597542633314841e+00 2.942616837799723155e-03
1.168750855551000667e+00 3.006677558634647356e-03
1.173642296849066513e+00 3.141994089853301399e-03
1.174406584551889399e+00 3.339485420726671927e-03
1.173489439308502469e+00 3.514704234983184825e-03
1.164878464523365187e+00 3.163371526861595041e-03
1.169617048280866545e+00 3.345062587341600911e-03
1.169820858334952529e+00 3.092544748724983944e-03
1.168801808064522385e+00 3.732229009864085345e-03
1.167884662821134789e+00 3.106198286384835236e-03
1.160649405901079012e+00 2.948315143474677848e-03
1.169973715875517017e+00 2.949314405983482264e-03
1.169464190740302056e+00 3.603214630737458339e-03
1.165184179604494163e+00 3.461513672633422748e-03
1.162076076279681569e+00 3.706234138178364675e-03
1.162891316496025729e+00 3.572407139095663039e-03
1.165235132118016104e+00 3.106866853947037443e-03
1.164317986874628508e+00 3.411855789771171734e-03
1.160343690819950035e+00 2.835432984911369619e-03
1.164623701955757484e+00 3.464755933397566188e-03
1.161413693603901898e+00 3.309086267472726405e-03
1.159120830495433463e+00 3.551225707786579647e-03
1.157948922684438608e+00 3.501512930734485170e-03
1.156522252305836052e+00 3.414392524049463147e-03
1.156573204819357326e+00 3.207435431940985383e-03
1.161158931036294417e+00 3.126193117640022057e-03
1.159681308144170142e+00 3.066795345618223041e-03
1.153872721602716922e+00 2.960595348754524719e-03
1.154484151764975097e+00 3.353941220048604378e-03
1.158509400333175288e+00 2.971348588891622490e-03
1.154687961819061526e+00 3.986203065821754092e-03
1.160904168468686715e+00 3.504477432253513131e-03
1.162177981306724561e+00 3.000943004544058546e-03
1.153872721602716922e+00 2.984177840764794774e-03
1.154637009305539586e+00 3.436798971182742322e-03
1.151019380845511808e+00 3.173302743554530687e-03
1.154127484170324625e+00 3.134238166809054545e-03
1.149286995385780275e+00 3.285939408736553158e-03
1.151528905980726991e+00 3.205050807041165319e-03
1.152598908764678853e+00 3.508863997505320183e-03
1.155197486954276265e+00 3.412719327793390343e-03
1.153923674116238418e+00 3.114928479590950167e-03
1.152038431115942174e+00 3.490433129349067298e-03
1.156726062359922036e+00 3.543640170666051414e-03
1.152598908764678853e+00 2.957195392538716945e-03
1.150662713250861113e+00 3.267387287887697691e-03
1.155707012089491670e+00 3.207868441786390461e-03
1.153821769089195426e+00 2.867409003680307811e-03
1.156929872414008242e+00 2.834622551794318754e-03
1.150611760737339839e+00 3.240880273600092905e-03
1.148064135061263702e+00 3.164684364133027623e-03
1.145210794304058588e+00 2.933462365056464620e-03
1.142306501033331978e+00 3.319758612965322507e-03
1.144599364141800413e+00 3.229838798175245582e-03
1.143987933979542015e+00 3.362445121855915046e-03
1.145108889277015596e+00 3.356448244125107873e-03
1.152242241170028381e+00 3.410466823058146829e-03
1.145822224466316763e+00 2.990226732791205662e-03
1.147809372493655999e+00 3.620913764216552363e-03
1.142612216114460955e+00 3.002741903067931810e-03
1.150000330575081442e+00 2.705165826717534534e-03
1.137109344654136933e+00 2.833967625837336985e-03
1.143580313871369825e+00 3.289413928630530257e-03
1.145720319439273771e+00 3.355674671094066065e-03
1.147707467466613229e+00 3.354750017376346982e-03
1.139758875357255841e+00 2.850628066105477011e-03
1.144038886493063512e+00 3.241781347459615770e-03
1.144854126709407671e+00 2.927903628254171706e-03
1.143121741249676138e+00 3.679180767305921702e-03
1.144803174195886397e+00 3.016677115952209366e-03
1.144089839006585230e+00 3.036269643545883978e-03
1.144548411628278695e+00 2.965488814851702237e-03
1.137822679843438101e+00 2.955351201361471059e-03
1.142204596006288986e+00 3.444314539689324016e-03
1.143478408844326832e+00 3.316734680693562282e-03
1.140370305519514016e+00 2.974178129274990517e-03
1.144293649060670992e+00 3.319707780473298703e-03
1.133287906140022727e+00 3.441203908457549088e-03
1.133287906140022949e+00 3.021836316798070382e-03
1.135326006680883681e+00 3.173695419308465802e-03
1.136905534600050949e+00 3.217020816356770500e-03
1.141083640708815405e+00 3.272881073999932104e-03
1.141440308303465878e+00 3.131366715501045141e-03
1.134001241329324339e+00 3.327550242011219524e-03
1.132319808383114079e+00 3.420944320611508244e-03
1.142000785952203001e+00 3.203272317382853569e-03
1.140370305519514238e+00 3.350196539540442435e-03
1.135580769248491162e+00 3.414867714359892670e-03
1.136345056951314270e+00 3.635493082407807632e-03
1.134052193842845613e+00 3.550611564384219439e-03
1.137058392140615215e+00 3.496021975948569553e-03
1.139758875357255841e+00 3.839413050338518797e-03
1.137160297167658207e+00 3.122399795101515538e-03
1.134510766464539522e+00 3.348084196819518018e-03
1.128396464841956881e+00 3.212914564622500104e-03
1.136192199410749559e+00 3.155207401249234510e-03
1.135020291599754705e+00 3.582867569543233318e-03
1.128447417355478599e+00 2.855778157876935706e-03
1.131810283247898674e+00 3.559520859864761470e-03
1.129211705058301041e+00 3.338268548023212885e-03
1.130434565382817835e+00 3.453283815235483854e-03
1.129262657571822759e+00 3.229505202121800336e-03
1.131861235761420170e+00 3.131068231886870688e-03
1.133338858653544223e+00 3.467976447767119608e-03
1.129058847517736774e+00 3.392779391367342461e-03
1.130077897788167141e+00 2.650627914685696127e-03
1.127835987193220202e+00 2.898477072557924077e-03
1.131402663139726705e+00 3.520151298005385569e-03
1.124371216273756913e+00 3.058237605072881664e-03
1.133389811167065719e+00 3.401167105642829199e-03
1.124880741408971874e+00 2.953119069310818946e-03
1.126205506760531661e+00 3.626215607996646859e-03
1.128651227409564362e+00 3.172930474796700241e-03
1.125339314030665783e+00 3.180918530737855601e-03
1.126816936922789614e+00 2.871480423421747356e-03
1.124269311246713920e+00 3.068593711474485765e-03
1.131912188274941888e+00 3.076620610369415129e-03
1.130944090518032796e+00 3.250670532547783424e-03
1.126409316814617645e+00 3.585898753262908335e-03
1.126460269328139141e+00 3.338424083632082155e-03
1.121365017975987310e+00 3.229324322384856220e-03
1.125950744192923958e+00 3.360746062930425153e-03
1.122842640868111141e+00 3.372409805789580717e-03
1.121772638084159501e+00 3.271210891504415519e-03
1.121976448138245486e+00 3.213140807434134057e-03
1.120091205137949242e+00 3.279284136526601588e-03
1.127479319598569507e+00 3.238476184257844774e-03
1.118511677218781974e+00 3.332196996581707725e-03
1.123657881084455745e+00 3.237774655283386701e-03
1.119530727489212341e+00 3.237032873623971272e-03
1.120549777759642929e+00 3.035551317604906832e-03
1.122842640868111141e+00 2.836348449889708207e-03
1.117900247056523799e+00 3.076093168591806544e-03
1.121517875516551799e+00 3.278682401049400931e-03
1.114027856028888319e+00 2.743966710659311806e-03
1.118664534759346685e+00 3.327944220285165757e-03
1.127122652003919034e+00 2.503651184303220222e-03
1.118613582245825189e+00 3.468885888545257448e-03
1.117288816894265402e+00 3.068894041626570209e-03
1.118155009624131502e+00 3.422173519665364268e-03
1.123657881084455523e+00 3.029837138205090236e-03
1.120091205137949020e+00 2.956194402938739328e-03
1.124422168787278409e+00 3.280530802747107320e-03
1.113773093461280617e+00 3.309105881277943535e-03
1.121365017975987310e+00 2.630309697689827732e-03
1.111684040406898388e+00 3.056857820298625097e-03
1.118460724705260478e+00 3.358941803407852235e-03
1.114333571110017296e+00 2.628255901894457902e-03
1.114639286191146716e+00 3.200122089346574099e-03
1.111174515271683205e+00 3.082904978325668767e-03
1.119734537543298547e+00 3.771377564170207315e-03
1.118664534759346685e+00 2.916336003534293793e-03
1.109034509703779259e+00 2.931337559162831927e-03
1.115352621380448106e+00 3.425111943880605834e-03
1.120345967705556722e+00 3.102715229104594484e-03
1.119123107381040150e+00 3.277712265940589762e-03
1.117135959353701136e+00 3.167673139866405106e-03
1.113467378380151418e+00 3.819046394110616523e-03
1.120702635300207417e+00 3.158233916676419541e-03
1.107404029271090495e+00 3.207415196406407983e-03
1.110919752704075503e+00 3.076181785130767572e-03
1.114282618596496022e+00 3.108537643762968906e-03
1.110410227568860542e+00 2.996059786974978809e-03
1.112244518055635289e+00 3.141436303113108452e-03
1.108219269487435099e+00 3.477019085312553492e-03
1.108779747136171778e+00 3.189985459026665419e-03
1.112346423082678282e+00 2.770355211999202000e-03
1.115964051542705837e+00 2.742414612870644735e-03
