# V, V_err
1.039127661152253745e+00 2.973545209785465222e-03
1.041726239341851157e+00 2.817171798919838963e-03
1.046566728126395729e+00 3.122998390790988638e-03
1.045904345450616058e+00 3.186125491086265558e-03
1.041114809179593204e+00 3.271754488653742885e-03
1.043713387369190837e+00 3.156009545966939611e-03
1.045038152720750180e+00 2.981810571170103938e-03
1.045751487910051125e+00 3.504032916913469436e-03
1.050999596802768332e+00 2.633885201723643304e-03
1.048197208559084492e+00 2.898526335501141853e-03
1.045038152720750402e+00 3.216371110035607349e-03
1.043815292396233829e+00 2.961121444559127510e-03
1.051661979478547781e+00 3.595222496567844483e-03
1.050439119154031209e+00 3.036611643794040905e-03
1.046566728126395951e+00 3.050668724035357580e-03
1.048248161072605988e+00 3.154433858343796970e-03
1.047993398504998286e+00 3.116574122264980252e-03
1.048095303532041278e+00 3.353105128815873220e-03
1.046872443207524928e+00 3.260240285376884203e-03
1.050082451559380736e+00 2.615427807382933977e-03
1.053037697343628842e+00 2.981727856830882709e-03
1.049369116370079347e+00 2.897581236630926860e-03
1.043917197423276821e+00 3.224175049315585601e-03
1.050337214126987995e+00 3.473821901266579363e-03
1.054005795100537712e+00 3.080579865824711362e-03
1.058744378858039070e+00 3.164081347152090939e-03
1.052528172208413881e+00 3.448231821979280600e-03
1.052426267181370667e+00 3.309953086700491431e-03
1.052681029748978370e+00 3.056620009861510823e-03
1.047840540964433798e+00 3.124764410812169366e-03
1.046617680639917447e+00 3.287144061601523452e-03
1.054260557668145193e+00 2.780084189416152408e-03
1.055891038100833956e+00 2.947223050912409822e-03
1.057011993398307315e+00 3.078729473877270424e-03
1.049318163856558073e+00 3.023760161818512919e-03
1.049827688991773034e+00 2.949525660421712693e-03
1.058642473830996078e+00 2.776402415033614977e-03
1.058693426344517574e+00 3.262437357874459209e-03
1.060425811804249108e+00 3.213851752585140248e-03
1.053394364938279537e+00 3.420803921014701175e-03
1.064298202831884588e+00 3.575439929862754638e-03
1.056502468263092354e+00 3.296592186273066515e-03
1.057062945911828811e+00 2.822323149418842162e-03
1.057776281101130200e+00 3.580025996720231224e-03
1.059202951479732535e+00 3.332664431710628122e-03
1.056808183344221330e+00 2.923466789618503828e-03
1.058795331371560566e+00 3.177390735901455647e-03
1.058489616290431590e+00 3.620637712578352128e-03
1.054515320235752895e+00 2.800159342842062013e-03
1.057674376074087208e+00 2.836417097851947396e-03
1.057827233614651918e+00 3.009926745971155514e-03
1.059050093939168047e+00 3.288312745357299584e-03
1.058031043668737903e+00 3.192979009694381885e-03
1.052782934776021140e+00 2.922787359232975439e-03
1.054566272749274614e+00 3.172324933406899753e-03
1.057317708479436291e+00 2.818480093090991023e-03
1.058387711263388598e+00 3.302143522157177744e-03
1.044324817531449012e+00 3.131897282798323627e-03
1.052986744830107346e+00 2.821219094473787110e-03
1.058285806236345605e+00 3.770055633856231412e-03
1.054719130289839102e+00 3.199375635157117835e-03
1.057521518533522498e+00 3.407348149509603630e-03
1.052018647073198476e+00 3.112427104553899034e-03
1.058285806236345383e+00 3.380095429020100323e-03
1.053088649857150338e+00 3.072107004052867119e-03
1.054770082803360598e+00 3.067679850220843621e-03
1.058489616290431368e+00 3.099902515708517423e-03
1.059916286669034147e+00 3.264505711275825141e-03
1.052681029748978148e+00 3.083679626237460954e-03
1.050031499045859018e+00 3.107230327183120762e-03
1.060171049236641627e+00 3.344658982355744412e-03
1.057776281101130200e+00 3.324334259060525605e-03
1.052477219694892163e+00 3.466639923029703110e-03
1.056298658209006369e+00 3.201602312239695044e-03
1.058540568803952864e+00 3.076620610369411660e-03
1.057470566020001224e+00 3.274859593346163191e-03
1.063482962615540650e+00 3.041873591982158665e-03
1.058999141425646773e+00 3.108767307139627661e-03
1.054821035316881872e+00 3.424414533351178517e-03
1.054362462695188407e+00 3.430720177671960861e-03
1.062005339723416375e+00 3.252415121783457271e-03
1.059304856506775749e+00 3.237289509211091661e-03
1.061750577155808895e+00 3.356726686774940717e-03
1.062769627426239039e+00 3.054988811031974453e-03
1.063075342507368459e+00 3.197524975893894540e-03
1.062973437480325245e+00 2.894223867413465295e-03
1.058234853722823887e+00 3.554294833039494533e-03
1.063890582723712397e+00 3.250894147770663593e-03
1.067100591075568206e+00 3.282607527652668840e-03
1.062514864858631558e+00 3.193369265938058622e-03
1.062005339723416375e+00 2.832593163232521253e-03
1.056400563236049139e+00 3.456954378990711139e-03
1.060069144209598635e+00 3.198665530690453229e-03
1.062412959831588788e+00 3.079083621237547336e-03
1.067406306156697626e+00 2.890242873465966120e-03
1.061801529669330169e+00 3.845291371449508118e-03
1.067661068724304885e+00 3.137198020609594656e-03
1.065928683264573351e+00 2.835428406843850356e-03
1.067457258670219122e+00 3.092087193135934636e-03
1.064094392777798603e+00 2.940533962624685207e-03
1.072195842427720258e+00 3.587925355550724334e-03
1.068476308940649488e+00 3.027604184427481245e-03
1.072093937400677266e+00 3.628749156225638019e-03
1.065011538021186199e+00 3.120570041268032856e-03
1.066743923480917955e+00 2.819193870778158133e-03
1.061495814588201192e+00 3.143055676942868581e-03
1.067508211183740841e+00 2.806479985793955759e-03
1.068883929048821901e+00 3.125059342749926441e-03
1.068782024021778465e+00 3.183039855875059547e-03
1.070514409481510443e+00 3.145363494912446940e-03
1.066030588291616565e+00 3.111071353344502504e-03
1.069546311724601351e+00 3.001029514724700472e-03
1.066591065940353245e+00 3.537866046173887384e-03
1.074182990455059716e+00 3.199765111242670271e-03
1.070616314508553213e+00 3.126222183384319564e-03
1.072552510022371175e+00 3.470292619392896603e-03
1.075100135698447090e+00 2.815212828621304481e-03
1.077189188752829319e+00 3.108537643762971075e-03
1.073316797725194061e+00 3.473377199922968953e-03
1.074233942968581434e+00 2.986773585720479789e-03
1.077494903833958739e+00 3.474259073143697203e-03
1.073265845211672120e+00 3.084285736715271231e-03
1.077240141266351037e+00 3.280530802747114692e-03
1.066794875994439229e+00 3.246103020236111580e-03
1.079023479239604066e+00 2.931058564037755578e-03
1.081316342348072279e+00 3.326426562580713734e-03
1.079125384266647281e+00 3.054704111570488191e-03
1.082029677537373891e+00 3.227909091153918775e-03
1.075915375914791250e+00 2.881313956987799265e-03
1.084322540645842103e+00 3.659100047066056981e-03
1.079278241807211769e+00 2.829452304200870752e-03
1.077036331212264830e+00 3.176312017072348455e-03
1.072552510022370953e+00 3.373175692706754328e-03
1.076577758590571365e+00 2.826482477459329838e-03
1.077291093779872533e+00 3.119592346712842922e-03
1.080755864699335600e+00 2.949371622221271146e-03
1.077342046293393807e+00 3.387399588132028461e-03
1.079736814428905456e+00 3.255000342911674831e-03
1.077342046293393807e+00 3.320051862145092375e-03
1.081673009942722974e+00 3.077143743287956423e-03
1.077392998806915525e+00 3.691508725536139877e-03
1.077392998806915525e+00 3.138029588670485700e-03
1.074335847995624205e+00 3.002741903067930075e-03
1.072756320076457159e+00 3.691505209142070289e-03
1.076475853563527929e+00 2.993719257128850918e-03
1.081927772510330676e+00 2.986091171297674575e-03
1.077698713888044502e+00 3.186809876891801875e-03
1.078717764158474868e+00 2.715075813339506376e-03
1.078564906617910157e+00 3.247122575835883172e-03
1.086972071348961233e+00 3.326055821170198316e-03
1.082743012726674614e+00 2.883547652728857269e-03
1.082844917753717828e+00 3.336090288102189997e-03
1.080959674753421806e+00 2.910989828546369645e-03
1.080144434537077647e+00 3.409876816733620024e-03
1.084781113267535790e+00 3.306323482176554227e-03
1.083150632834847249e+00 3.155318479603785344e-03
1.081469199888637212e+00 3.390927098994848954e-03
1.089621602052080362e+00 2.966206602913987710e-03
1.079838719455948448e+00 3.001254429524178886e-03
1.086258736159659843e+00 3.351668577941232553e-03
1.083609205456541158e+00 3.395349493720576338e-03
1.085800163537966156e+00 3.351556260956193613e-03
1.085647305997401890e+00 2.904275392596686930e-03
1.086105878619095355e+00 3.095879920799273800e-03
1.088551599268128278e+00 3.166521421886960529e-03
1.090793509863075217e+00 3.257340431016945287e-03
1.085086828348664989e+00 3.243474688626314488e-03
1.088704456808692989e+00 2.959003339508914018e-03
1.083813015510627142e+00 3.070471349880410632e-03
1.092067322701113286e+00 3.309623643695066252e-03
1.084220635618799333e+00 3.069963993286480182e-03
1.089010171889821743e+00 3.358524406246873265e-03
1.088857314349257699e+00 3.380863414358967721e-03
1.090080174673773827e+00 3.323959379065073196e-03
1.089010171889821965e+00 3.282686615004362044e-03
1.091353987511811896e+00 2.997567160077567114e-03
1.091506845052376384e+00 3.355179490753134978e-03
1.089417791997993934e+00 3.085569119228961151e-03
1.085086828348664989e+00 3.029078718565160217e-03
1.094258280782538506e+00 3.240431645651536789e-03
1.092423990295763980e+00 3.229260007147914061e-03
1.097774004215523513e+00 3.169311874140447703e-03
1.096092571269313254e+00 2.980835266666248800e-03
1.092627800349849965e+00 3.074843825676361331e-03
1.098487339404824459e+00 3.190066842642703092e-03
1.091608750079419599e+00 2.932045998884286360e-03
1.098079719296652490e+00 3.236924599383039260e-03
1.104499736000364329e+00 3.026922398300700180e-03
1.092729705376892957e+00 3.015334277815834296e-03
1.095328283566490590e+00 3.461907403786811891e-03
1.098742101972432383e+00 2.878789959406797151e-03
1.095379236080011864e+00 3.547886849846593367e-03
1.095583046134098293e+00 3.142952425459909129e-03
1.100015914810470230e+00 3.198438263964471871e-03
1.100321629891599429e+00 3.234581780642991483e-03
1.101799252783723482e+00 3.304218448969891472e-03
1.101493537702594283e+00 3.358736976097535885e-03
1.103582590756976733e+00 3.032355272196127650e-03
1.102869255567675566e+00 3.133061728686735437e-03
1.100984012567379322e+00 3.166816563914864706e-03
1.107404029271090717e+00 2.897845537027432528e-03
1.106639741568267832e+00 3.228572558035592427e-03
1.108423079541521084e+00 2.890849128158870691e-03
1.100882107540336108e+00 3.334564659520628145e-03
1.105977358892488160e+00 3.504625591504439107e-03
1.102767350540632352e+00 3.310172697155419445e-03
1.101391632675551513e+00 3.192487056262189281e-03
1.110410227568860320e+00 3.294843410279303143e-03
1.106996409162918749e+00 3.646075141915867870e-03
1.102512587973024649e+00 3.259412018821081138e-03
1.104601641027407100e+00 3.095229949151608127e-03
1.109238319757865465e+00 3.470292619392905710e-03
1.104194020919234909e+00 3.571564038265373671e-03
1.112855948217893243e+00 3.672838699077903089e-03
1.111938802974506091e+00 3.672032797750913492e-03
1.108372127027999809e+00 3.270484631732228746e-03
1.107811649379262908e+00 3.078860175860088314e-03
1.108830699649693274e+00 2.914782168855357090e-03
1.114180713569452807e+00 3.365397125309876197e-03
1.109289272271386961e+00 3.539436073673932377e-03
1.113314520839586930e+00 3.137926171807259908e-03
1.114741191218189487e+00 2.909968484129726515e-03
1.111225467785204701e+00 3.389334237100195737e-03
1.112295470569156564e+00 2.911324252101793724e-03
1.113722140947759343e+00 3.250159354265987066e-03
1.114435476137060732e+00 3.492425924874657285e-03
1.118155009624131502e+00 3.332232056490842028e-03
1.111021657731118717e+00 2.885460230145844504e-03
1.116116909083270547e+00 3.133061728686743243e-03
1.121212160435422600e+00 3.864001592269097202e-03
1.114231666082974304e+00 2.807159821573095189e-03
1.118562629732303471e+00 3.133459447328204757e-03
1.116575481704964234e+00 3.203203426625209072e-03
1.120753587813728913e+00 3.313946935700714299e-03
1.115760241488620075e+00 3.224336088574328817e-03
1.122231210705852966e+00 3.287523139692089588e-03
1.120753587813728913e+00 3.325677232033347804e-03
1.124676931354886111e+00 3.125495458687226058e-03
1.126765984409268340e+00 3.141828830031867612e-03
1.121823590597680997e+00 3.068830594043261452e-03
1.121925495624723990e+00 3.346242076640670946e-03
1.130434565382818057e+00 3.352578594030108244e-03
1.119887395083862813e+00 3.274562297033888764e-03
1.117237864380744128e+00 3.432460235341796423e-03
1.127428367085048011e+00 3.369868432327929788e-03
1.125746934138837974e+00 3.083275486391585333e-03
1.133033143572415469e+00 3.234886764050559117e-03
1.128753132436607576e+00 3.368250196309172627e-03
1.124778836381929104e+00 3.249795889554550447e-03
1.132727428491285826e+00 3.030813805850284762e-03
1.129160752544779767e+00 3.111709672882575009e-03
1.132778381004807766e+00 3.110904450822484651e-03
1.130740280463946812e+00 3.238315848176572670e-03
1.133899336302281124e+00 3.271687039901300699e-03
1.132676475977764330e+00 3.636863923958399969e-03
1.129466467625908965e+00 3.403749942998174523e-03
1.129262657571822759e+00 3.500315301756771417e-03
1.132676475977764552e+00 3.031032227911160341e-03
1.134001241329324117e+00 3.727896351439478721e-03
1.138841730113868467e+00 3.391248643781567037e-03
1.141491260816987596e+00 3.066884230814515694e-03
1.135427911707926452e+00 2.838100741122588297e-03
1.133033143572415247e+00 3.161832351988412646e-03
1.131861235761420170e+00 3.550695649816353917e-03
1.142866978682068657e+00 3.467298890366908408e-03
1.133593621221152148e+00 3.497031771059601855e-03
1.135478864221448170e+00 3.274863557114675826e-03
1.141083640708815405e+00 3.041826650575050073e-03
1.138485062519217994e+00 3.265650697153464014e-03
1.144089839006585008e+00 3.300130226024078437e-03
1.141134593222336902e+00 3.141828830031861974e-03
1.135937436843141857e+00 3.164717178086959293e-03
1.135529816734969666e+00 3.575178521114768561e-03
1.138637920059782260e+00 3.248741212373094239e-03
1.142968883709111871e+00 3.693867471248078738e-03
1.145720319439273771e+00 3.230321044812584606e-03
1.144956031736450885e+00 3.356467581166584172e-03
1.145261746817580084e+00 3.343183857559028135e-03
1.144497459114757199e+00 2.985186840608609980e-03
1.139962685411342047e+00 2.914893502606178462e-03
1.144956031736450663e+00 3.076384327634417142e-03
1.147605562439569793e+00 3.029751450584681777e-03
1.143886028952499023e+00 3.321208966158277487e-03
1.147045084790833336e+00 3.251596838355835101e-03
1.145822224466316985e+00 3.494655318131049439e-03
1.148981280304651076e+00 3.299249022637909534e-03
1.152242241170028381e+00 3.245875075779177700e-03
1.147401752385484031e+00 3.236603765551743749e-03
1.153465101494544731e+00 3.540415154071272115e-03
1.152089383629463892e+00 3.428858095198077625e-03
1.153312243953980465e+00 3.225740815024657517e-03
1.156012727170620868e+00 3.229002733389841392e-03
1.152497003737635861e+00 3.067764478439932371e-03
1.151681763521291479e+00 3.432762764029865209e-03
1.153567006521587723e+00 3.809105087374925567e-03
1.148522707682957389e+00 3.257790715008286511e-03
1.151579858494248487e+00 3.165967956425479179e-03
1.155146534440754991e+00 3.579550973150407399e-03
1.152446051224114365e+00 2.881097700979323196e-03
1.157897970170917112e+00 3.743883073205346666e-03
1.159018925468390471e+00 3.322228916093133196e-03
1.147962230034220488e+00 3.626856319132813842e-03
1.161923218739117081e+00 3.383258408166317684e-03
1.154789866846104296e+00 2.943005007420221829e-03
1.159987023225299341e+00 3.684747544045202487e-03
1.163808461739413325e+00 3.532314006727260182e-03
1.161719408685030874e+00 3.194503177526536453e-03
1.160139880765864051e+00 3.250610633001023257e-03
1.155707012089491670e+00 3.343397402746484288e-03
1.158713210387261494e+00 3.512413653867796533e-03
1.164521796928714714e+00 3.421794184351917116e-03
1.161668456171509378e+00 3.057422545953431513e-03
1.167069422604790629e+00 3.305636351927164311e-03
1.159477498090084158e+00 2.881854526011620211e-03
1.157999875197959883e+00 3.661554119794931811e-03
1.161566551144466608e+00 3.346754093876256990e-03
1.163604651685327118e+00 2.523440915005537976e-03
1.165286084631537156e+00 2.975709673584365361e-03
1.166712755010139713e+00 3.296005425698152799e-03
1.166508944956053950e+00 3.172910019203490500e-03
1.166559897469575224e+00 3.248996923128312595e-03
1.166661802496618439e+00 3.585681549367145809e-03
1.177667545417266703e+00 3.196781975857083177e-03
1.166305134901967744e+00 3.521533864060804545e-03
1.170941813632425887e+00 3.424539622865526399e-03
1.178228023066003605e+00 3.001180901540391379e-03
1.173081819200329834e+00 3.602800312636163238e-03
1.170534193524253697e+00 2.990508889237975150e-03
1.174916109687104804e+00 3.092544748724980475e-03
1.173693249362588453e+00 3.336514382297942928e-03
1.178278975579524879e+00 3.482334989653424005e-03
1.179348978363476963e+00 3.139348888768885883e-03
1.170788956091861621e+00 3.023725818176978102e-03
1.172215626470464400e+00 3.390157564456712687e-03
1.178024213011917398e+00 3.462053635381932056e-03
1.174508489578932391e+00 3.360487267230384632e-03
1.175731349903448963e+00 3.232173006486906142e-03
1.184648039769715222e+00 3.613230235057754338e-03
1.181081363823208719e+00 3.539916480290883176e-03
1.180979458796165726e+00 3.483345025986234970e-03
1.173897059416674216e+00 3.418545351777019237e-03
1.180062313552778130e+00 3.452291304304014839e-03
1.180469933660950321e+00 3.374930034421375850e-03
1.182457081688289779e+00 3.343882682000768637e-03
1.180469933660950543e+00 3.112406251315857734e-03
1.179145168309390979e+00 3.504744114395612949e-03
1.184902802337322703e+00 3.385180085488102061e-03
1.181590888958423680e+00 3.541382967425538153e-03
1.186584235283532740e+00 3.265777893026683507e-03
1.181845651526031382e+00 3.066477877456474412e-03
1.186023757634796061e+00 3.707004590770549089e-03
1.186125662661839053e+00 3.085148396901712681e-03
1.186686140310575954e+00 2.916669814100664691e-03
1.192698536906114937e+00 3.049034341336989869e-03
1.184953754850843977e+00 2.828204163468880320e-03
1.195399020122755784e+00 3.521861913379255304e-03
1.191628534122163519e+00 3.718402588137490090e-03
1.191271866527512824e+00 3.234882751297670465e-03
1.192698536906115159e+00 2.512175946339653080e-03
1.190049006202996251e+00 3.520885047332685588e-03
1.195195210068669800e+00 3.268896616881599056e-03
1.195959497771492464e+00 3.138488718389048811e-03
1.192443774338507678e+00 3.632653367869459297e-03
1.189743291121867053e+00 3.350781558545169909e-03
1.201309511691252219e+00 3.512088418061077959e-03
1.197233310609530532e+00 3.301455521934955339e-03
1.196112355312056952e+00 3.211221277782983462e-03
1.199933793826171158e+00 3.539916480290882742e-03
1.200239508907300134e+00 3.205148008093772725e-03
1.203347612232112951e+00 3.135778467366854508e-03
1.201207606664209004e+00 3.292652191813599805e-03
1.202889039610419042e+00 3.319707780473294366e-03
1.202328561961682585e+00 3.239538210360500860e-03
1.198812838528697799e+00 3.235267952879939454e-03
1.201869989339988676e+00 3.652307303577744576e-03
1.199679031258563455e+00 3.184022529191243237e-03
1.202073799394075104e+00 3.475734589108645835e-03
1.207220003259748431e+00 3.535076428459572352e-03
1.209614771395259858e+00 3.374714638070059475e-03
1.209156198773566171e+00 3.552906747630931762e-03
1.215270500396148590e+00 3.424767046640758098e-03
1.213487162422895338e+00 2.947236264127535595e-03
1.210939536746819423e+00 3.433076609366046087e-03
1.208188101016657079e+00 3.385375644162485868e-03
1.212162397071335773e+00 3.275557142735799430e-03
1.209767628935824568e+00 2.861771860400102660e-03
1.211449061882034606e+00 3.716597323806939031e-03
1.215168595369105375e+00 3.192426065018029533e-03
1.215270500396148590e+00 3.367433077082943732e-03
1.211449061882034606e+00 3.606700221911873002e-03
1.214557165206847422e+00 3.222826029621307826e-03
1.216187645639535964e+00 3.063106454271878262e-03
1.219040986396741078e+00 2.802388243683587472e-03
1.213589067449938552e+00 2.918698560635849763e-03
1.212519064665986468e+00 3.579884584078838437e-03
1.211703824449642086e+00 3.180041030887497625e-03
1.216697170774750925e+00 3.531652468261855214e-03
1.215830978044885269e+00 3.412871470440716811e-03
1.217665268531660239e+00 3.168291861645418372e-03
1.217359553450530818e+00 3.295532790895989213e-03
1.223422902559591741e+00 2.928169624786845955e-03
1.218327651207439688e+00 3.577084188367609611e-03
1.219805274099563741e+00 3.218791709520313522e-03
1.217461458477573810e+00 3.460193408963690466e-03
1.220110989180692940e+00 3.354436583182465563e-03
1.227142436046662732e+00 3.366951192152868675e-03
1.224645762884108313e+00 3.232173006486884024e-03
1.221130039451123306e+00 3.492306983925335014e-03
1.229027679046959198e+00 3.623164413067033601e-03
1.230301491884996823e+00 3.383718789555224121e-03
1.227702913695399634e+00 3.753232839693781964e-03
1.229027679046958976e+00 3.148535528626681540e-03
1.227193388560184450e+00 3.561212564264432286e-03
1.230709111993169014e+00 3.225334352512226714e-03
1.225257193046366488e+00 3.243142495187839591e-03
1.230301491884996823e+00 3.004120617166187827e-03
1.233766262804460112e+00 3.322553202371891605e-03
1.227193388560184006e+00 3.226143202703522696e-03
1.232951022588116174e+00 3.291276023462899689e-03
1.233052927615158945e+00 3.231670952552231826e-03
1.232849117561072960e+00 3.498397500509890790e-03
1.240797709670430127e+00 3.296162955572037780e-03
1.237842463886182021e+00 2.949877717532269766e-03
1.238861514156612387e+00 3.468586510502672752e-03
1.233817215317982052e+00 3.391309886951033355e-03
1.239167229237741363e+00 3.118006581980421309e-03
1.236211983453493035e+00 3.341377884615014896e-03
1.235447695750670594e+00 3.630651732505069985e-03
1.241511044859731294e+00 3.700917151263796809e-03
1.239727706886478042e+00 3.184528018891301555e-03
1.244313433103414690e+00 3.468680068916661467e-03
1.244975815779194583e+00 3.488885697545763935e-03
1.245842008509060461e+00 3.487862378921430251e-03
1.241205329778602318e+00 3.304752688818839851e-03
1.246962963806534042e+00 3.545050192860403539e-03
1.249765352050217437e+00 2.872253340734189520e-03
1.246962963806534042e+00 3.149491873787851892e-03
1.248797254293308789e+00 3.396221050843780623e-03
1.249918209590781926e+00 2.976359578046372523e-03
1.249969162104303644e+00 3.504151459851024501e-03
1.252465835266858063e+00 3.615561063109182151e-03
1.247829156536399697e+00 3.227651709715309743e-03
1.249663447023174445e+00 3.465741129285538485e-03
1.257561086619009894e+00 3.609812081386594949e-03
1.250478687239518605e+00 3.605519531276881601e-03
1.258223469294789787e+00 3.580403069791483154e-03
1.254147268213068322e+00 3.253863577387307304e-03
1.258019659240703580e+00 3.352330784338410780e-03
1.256389178808015039e+00 3.748010234133085285e-03
1.252312977726293575e+00 2.937495261944448807e-03
1.258682041916483252e+00 3.432006392307799993e-03
1.258019659240703803e+00 3.691420814679738979e-03
1.258936804484090954e+00 3.315795253237653790e-03
1.259599187159870848e+00 3.462687234266625946e-03
1.256796798916187230e+00 3.637235104632318382e-03
1.261688240214253076e+00 3.310153089671457466e-03
1.262197765349468481e+00 3.181212337051404684e-03
1.266579681512318922e+00 3.465111834950786347e-03
1.266172061404147176e+00 3.206670439919249473e-03
1.271725885377992693e+00 3.705141221608181795e-03
1.267802541836835495e+00 3.485580227432450752e-03
1.260363474862693955e+00 3.754405109564715962e-03
1.259904902241000046e+00 3.105245328899833117e-03
1.268770639593744365e+00 3.292194847246952306e-03
1.275853038973235654e+00 3.121335341539984050e-03
1.267343969215141586e+00 3.184739974565209582e-03
1.270910645161648089e+00 3.685018793099363501e-03
1.271980647945600174e+00 2.951813281083977020e-03
1.272184457999686380e+00 3.568607979273535208e-03
1.272235410513207876e+00 3.708012941301631372e-03
1.270706835107561883e+00 3.251169652520021457e-03
1.272337315540250646e+00 3.139865704724825735e-03
1.272846840675466051e+00 3.641319159690731191e-03
1.275598276405628173e+00 3.210412711415442343e-03
1.273916843459417914e+00 3.320489732705602607e-03
1.276209706567886348e+00 3.034717333208518213e-03
1.278349712135790295e+00 3.550787044766736018e-03
1.276107801540843356e+00 3.183207054077554030e-03
1.276821136730144524e+00 3.448939471249495847e-03
1.275088751270412768e+00 3.308776353919321619e-03
1.274222558540547112e+00 3.577907848277985144e-03
1.288234499758964979e+00 3.342018825431833980e-03
1.283394010974420851e+00 3.355953177927070707e-03
1.287877832164314507e+00 3.187115358820699629e-03
1.285534016542324576e+00 3.498605282167323912e-03
1.289202597515873849e+00 3.512735164211593011e-03
1.285483064028802858e+00 3.268610692273309776e-03
1.288744024894180384e+00 3.084862272944130252e-03
1.288998787461787865e+00 3.321115161932501614e-03
1.285024491407109171e+00 2.995708824074015328e-03
1.289966885218696957e+00 3.245623118543650154e-03
1.289202597515874293e+00 3.480810062521477559e-03
1.286247351731625743e+00 3.728871203360525823e-03
1.293890228759853711e+00 3.822386113377754767e-03
1.293635466192246231e+00 3.743688904943669269e-03
1.294297848868025902e+00 3.480064133616287466e-03
1.296030234327757658e+00 3.340942751698095653e-03
1.288234499758964979e+00 3.505058921363503853e-03
1.288030689704878773e+00 3.372209645869598399e-03
1.291495460624342506e+00 3.610574347555955445e-03
1.294195943840983132e+00 3.395422132025566198e-03
1.302297393490904565e+00 3.599224388542662280e-03
1.296081186841278932e+00 3.607481137161396012e-03
1.292004985759557689e+00 3.718472406673793175e-03
1.292769273462380353e+00 3.874438643231660657e-03
1.301074533166388214e+00 3.398192696823813027e-03
1.302399298517947557e+00 3.078999304132196656e-03
1.294552611435633382e+00 3.467377508788561848e-03
1.304488351572330007e+00 3.677384487793720902e-03
1.303724063869507344e+00 3.664955892650705645e-03
1.298374049949747366e+00 3.379696007676290335e-03
1.304131683977679534e+00 3.799978200358739011e-03
1.301685963328646389e+00 3.524706183721870029e-03
1.309226935329831143e+00 3.421035387539334612e-03
1.306679309653755450e+00 3.589531348426897115e-03
1.308819315221659174e+00 3.233682714851140831e-03
1.307851217464750304e+00 3.110737539345526277e-03
1.313965519087332501e+00 3.430928274495732757e-03
1.314729806790155608e+00 3.591686011721950851e-03
1.314016471600854219e+00 3.117044741229790025e-03
1.314678854276633890e+00 3.527485602983393594e-03
1.316462192249887364e+00 3.427388910162493946e-03
1.311265035870692319e+00 3.702393494534099438e-03
1.320232678250479630e+00 3.585058825266499577e-03
1.310704558221955640e+00 3.935365136125969568e-03
1.309125030302788595e+00 3.428449210019091174e-03
1.311927418546471991e+00 3.248401565406044186e-03
1.312895516303381083e+00 2.954613202583947478e-03
1.315901714601150463e+00 3.330513686915064549e-03
1.314525996736069624e+00 3.169164422755530591e-03
1.318602197817791088e+00 3.618073370111563221e-03
1.324461736872766027e+00 3.691083217534123044e-03
1.322117921250776096e+00 4.037969819529669581e-03
1.326958410035320224e+00 3.209830417511914252e-03
1.328283175386879789e+00 3.579043244680645604e-03
1.326805552494756180e+00 3.336806158927520336e-03
1.327416982657014133e+00 3.427445720255830556e-03
1.329353178170831873e+00 3.337584105236142927e-03
1.324461736872765805e+00 3.424748095236308885e-03
1.323646496656421423e+00 3.557824702562454623e-03
1.328079365332793582e+00 3.271691007513457487e-03
1.323493639115856935e+00 3.233779055284891676e-03
1.326958410035320224e+00 3.244423053752781925e-03
1.329353178170831873e+00 3.409918691515544976e-03
1.328079365332793804e+00 3.351653086167062645e-03
1.326550789927148255e+00 3.958587313145171642e-03
1.334499382036505422e+00 3.315846145709402341e-03
1.334091761928332787e+00 3.007562479284069980e-03
1.342498926659383418e+00 3.386909046110526435e-03
1.328181270359836574e+00 3.257200949897881732e-03
1.328690795495051979e+00 3.196294668957123768e-03
1.326245074846019278e+00 2.967186715815345495e-03
1.337148912739624551e+00 3.144459560515766670e-03
1.339645585902178970e+00 3.656285767889316807e-03
1.336537482577366154e+00 3.479068069257820056e-03
1.332461281495644689e+00 3.518247998975719375e-03
1.336945102685538123e+00 2.819216892856040661e-03
1.343212261848685474e+00 4.154586217760276000e-03
1.342906546767555831e+00 3.499436285425070597e-03
1.336741292631451694e+00 3.439955094838365642e-03
1.336792245144973856e+00 3.806596096136038131e-03
1.338422725577662176e+00 3.550373920874633823e-03
1.342957499281077771e+00 3.309152953936160633e-03
1.346167507632933136e+00 3.391596949566301651e-03
1.342906546767556275e+00 3.184018452335210352e-03
1.336384625036801665e+00 3.914967137803412878e-03
1.351823236633822312e+00 3.371439689276329969e-03
1.348715133309009495e+00 3.468796077845481916e-03
1.343568929443335724e+00 3.430901790146411497e-03
1.348001798119707884e+00 3.280404178909914446e-03
1.348562275768444563e+00 3.675848661330785496e-03
1.352179904228472562e+00 3.448288288688413326e-03
1.354065147228769028e+00 3.885776449601608621e-03
1.352995144444817388e+00 3.128911671465589572e-03
1.351007996417477930e+00 3.488666174477752201e-03
1.355288007553285379e+00 3.086158034130329075e-03
1.354625624877505263e+00 3.267875910154822115e-03
1.360128496337830173e+00 3.832560548610799197e-03
1.350600376309305961e+00 3.300905018510370999e-03
1.357224203067102897e+00 3.779687538106028810e-03
1.353963242201726036e+00 3.661057763829924337e-03
1.364051839878986705e+00 3.046704683247687499e-03
1.358141348310490493e+00 3.495357282504916313e-03
1.361453261689389294e+00 3.309462832222990168e-03
1.364918032608852583e+00 3.617309095670372208e-03
1.364968985122373857e+00 3.586434466629919490e-03
1.366038987906325941e+00 3.350006676981116122e-03
1.366038987906325941e+00 3.129641750588984476e-03
1.370166141501569346e+00 3.435816810581437866e-03
1.365376605230546270e+00 3.419653945265222796e-03
1.360994689067695829e+00 3.494852179508844102e-03
1.364051839878986705e+00 3.278999117697099785e-03
1.369045186204095987e+00 3.237004802872232162e-03
1.366599465555062842e+00 3.816489518843261489e-03
1.377044730826973984e+00 3.360004386146658254e-03
1.372102337015386642e+00 3.870795080576279381e-03
1.378012828583883076e+00 3.755653053650580796e-03
1.369350901285224964e+00 2.991047083099439806e-03
1.374038532529204604e+00 3.477694748932912139e-03
1.374955677772592200e+00 3.961537446939164715e-03
1.376178538097108550e+00 3.370900615019646780e-03
1.380356644205873007e+00 3.465909670866640542e-03
1.378980926340791724e+00 3.702460108969292223e-03
1.377197588367539360e+00 3.700724236317767292e-03
1.378471401205577207e+00 3.447866648267504299e-03
1.381885219611519000e+00 3.764435699417381653e-03
1.383770462611815022e+00 3.783171803639213873e-03
1.384636655341681122e+00 3.240996426072412055e-03
1.383719510098293970e+00 3.691846283771602934e-03
1.380152834151787244e+00 3.453422894355967585e-03
1.384178082719987213e+00 3.306731766226531262e-03
1.385400943044503785e+00 3.408395641384737683e-03
1.384993322936331817e+00 3.747594605184161824e-03
1.383108079936035129e+00 3.450128597259342900e-03
1.386572850855498196e+00 3.521390102482214231e-03
1.388305236315229951e+00 3.484704944335722393e-03
1.390750956964263541e+00 3.452761278754420092e-03
1.391158577072435287e+00 3.545123425443245154e-03
1.394419537937813258e+00 3.961393269255443148e-03
1.394572395478377080e+00 3.556744576801438348e-03
1.400533839560395011e+00 3.507132237395820494e-03
1.396151923397544348e+00 3.247734155563443588e-03
1.396100970884023074e+00 3.664598146434965096e-03
1.392075722315822661e+00 3.455932873615765767e-03
1.390700004450742044e+00 3.085800492058451798e-03
1.397629546289668179e+00 3.183920606224175699e-03
1.397069068640932166e+00 2.998433123557007942e-03
1.398597644046577715e+00 3.576721282408736741e-03
1.397221926181496210e+00 4.024961546973142637e-03
1.393043820072731531e+00 3.490433129349059492e-03
1.398444786506013005e+00 3.397501222607409756e-03
1.402164319993083552e+00 3.794180210897520229e-03
1.399922409398136836e+00 4.037805867365231068e-03
1.405934805993676706e+00 3.154763048720618350e-03
1.400839554641524431e+00 3.317615152340956143e-03
1.408125764075101705e+00 3.108266201530878511e-03
1.407004808777628346e+00 3.231446007089503695e-03
1.401858604911954798e+00 3.280154873945756444e-03
1.406546236155934659e+00 3.236587723025342693e-03
1.403183370263513918e+00 3.761330975511271817e-03
1.410418627183570361e+00 3.848598197520600953e-03
1.407921954021015498e+00 3.473642532785283649e-03
1.413017205373167329e+00 3.487813996427131975e-03
1.414392923238248834e+00 3.382817150541658768e-03
1.412609585264995360e+00 3.472775454523905486e-03
1.423819138239730053e+00 3.582577716390427432e-03
1.417450074049539710e+00 3.639108275278298693e-03
1.415004353400506787e+00 3.779921067110438623e-03
1.420660082401395519e+00 3.565114274023591014e-03
1.423207708077471878e+00 3.424717772771067488e-03
1.418265314265883648e+00 3.276052471133551226e-03
1.415259115968114489e+00 3.443195036179599704e-03
1.423105803050428664e+00 3.383933612768455328e-03
1.426264858888762976e+00 3.588920143058032218e-03
1.425602476212983083e+00 3.541196024095287324e-03
1.431563920295001013e+00 3.407420532031095375e-03
1.430137249916398234e+00 3.435163140439886041e-03
1.424685330969595709e+00 3.796437556414147124e-03
1.428914389591882106e+00 3.812865478611421246e-03
1.427487719213279327e+00 3.691083217534120442e-03
1.425959143807634000e+00 3.087314504204444979e-03
1.431054395159785830e+00 3.223079768970074470e-03
1.434519166079248897e+00 3.229356479522991260e-03
1.428099149375537502e+00 3.485580227432454655e-03
1.431563920295001235e+00 3.629518174616537356e-03
1.428710579537795677e+00 3.393127540020276882e-03
1.435742026403765470e+00 3.514508485596903788e-03
1.439563464917879454e+00 3.333384932446648106e-03
1.439563464917879676e+00 4.166893939005559579e-03
1.429831534835269036e+00 3.353012216920652714e-03
1.439308702350271751e+00 3.474688718396305633e-03
1.442111090593955369e+00 3.348537784555313899e-03
1.447359199486672354e+00 3.410010052891247583e-03
1.452607308379388673e+00 3.572799549203195708e-03
1.439206797323228315e+00 3.510990524785757242e-03
1.438187747052798837e+00 3.677977462896061568e-03
1.441652517972262126e+00 3.414879118114818278e-03
1.442416805675084568e+00 3.517140956287393653e-03
1.442569663215649278e+00 3.292853245615174999e-03
1.443486808459036208e+00 3.181473475440886513e-03
1.443996333594251391e+00 3.685085721612989251e-03
1.443996333594251613e+00 3.681561515076770593e-03
1.458568752461406159e+00 3.684324778434461094e-03
1.437983936998712409e+00 3.655859710944743633e-03
1.446645864297371187e+00 3.833075334492111550e-03
1.445066336378203253e+00 3.725336151425073968e-03
1.453320643568689841e+00 3.599916780101723550e-03
1.449804920135704833e+00 3.859964823656007130e-03
1.447308246973150636e+00 3.716041950126596546e-03
1.456428746893502657e+00 3.927837361421292195e-03
1.450518255325006223e+00 3.337801897710535731e-03
1.444760621297074499e+00 3.356684148420480737e-03
1.455358744109550795e+00 3.634225307969181449e-03
1.454849218974335390e+00 3.155750413815224843e-03
1.458008274812669924e+00 3.126840804430099877e-03
1.456377794379981161e+00 3.538232937400283360e-03
1.454543503893206191e+00 3.162078670315001012e-03
1.456224936839416451e+00 3.582925537359942826e-03
1.454645408920248961e+00 2.864981498039344092e-03
1.464326386489338105e+00 3.443515469982797762e-03
1.462135428407912663e+00 3.650202649258403511e-03
1.460250185407616641e+00 3.282322797408154108e-03
1.465396389273290412e+00 3.449281951464653381e-03
1.462186380921434381e+00 3.591469157826438028e-03
1.469880210463183845e+00 3.907931566319518962e-03
1.462644953543128290e+00 3.790740307445641336e-03
1.465345436759768694e+00 3.460212166235992256e-03
1.469931162976705563e+00 3.180204305006464807e-03
1.464326386489337883e+00 3.863477487651346964e-03
1.467332584787107708e+00 3.931774732699742751e-03
1.476707847275067209e+00 3.501928112022165054e-03
1.470236878057834540e+00 3.652978973329285527e-03
1.473650696463776333e+00 3.787698270694435550e-03
1.476605942248024439e+00 3.480004452396727368e-03
1.476045464599287760e+00 3.307614900604132022e-03
1.473854506517862095e+00 3.544987943975522193e-03
1.473803554004340599e+00 3.261358907596077078e-03
1.470491640625442464e+00 3.200186990178118581e-03
1.477624992518455027e+00 3.729901484062087599e-03
1.478338327707756195e+00 3.932989500681353598e-03
1.478542137761842845e+00 3.908861518551429680e-03
1.479459283005229775e+00 3.599783360837607686e-03
1.479968808140444958e+00 3.786354612021402329e-03
1.483739294141037668e+00 4.112581240765735176e-03
1.486592634898242338e+00 3.785120219608976294e-03
1.484503581843860109e+00 3.305243641934450284e-03
1.487764542709237192e+00 3.867909977178843155e-03
1.485420727087247039e+00 3.384397737791984551e-03
1.489853595763619643e+00 3.528162639553608475e-03
1.480987858410875324e+00 3.407268145986361210e-03
1.489344070628404459e+00 3.576398265133672125e-03
1.477217372410282614e+00 3.644194866209606552e-03
1.484605486870902880e+00 3.803652059548211228e-03
1.480835000870310392e+00 3.561343783599557004e-03
1.485777394681897956e+00 4.029680287196057628e-03
1.488375972871495589e+00 3.660306010949763121e-03
1.484554534357381828e+00 3.139018081901897954e-03
1.489038355547275483e+00 3.431412523697211035e-03
1.492554078980260490e+00 3.857465357097846544e-03
1.495865992359159513e+00 3.738300185031932007e-03
1.493929796845341329e+00 3.229260007147903653e-03
1.499076000711014878e+00 3.500715792953980419e-03
1.489395023141925956e+00 4.058405284491382881e-03
1.493420271710126368e+00 3.520059107627363480e-03
1.496986947656632427e+00 4.432209758690946327e-03
1.498413618035234762e+00 3.602494046891977636e-03
1.490821693520528957e+00 3.909701606587975831e-03
1.500859338684268574e+00 3.350874532291328416e-03
1.505088397306554748e+00 3.323041525603366488e-03
1.500400766062574665e+00 4.020847476842018264e-03
1.506260305117548937e+00 3.439392792069465021e-03
1.508960788334189784e+00 3.917052147711289241e-03
1.503356011846822549e+00 4.354875293569698304e-03
1.500247908522009732e+00 3.648637592672468975e-03
1.514667469848599568e+00 3.683468529457686966e-03
1.509215550901797265e+00 3.189623276754966104e-03
1.512476511767174570e+00 3.417462987370726429e-03
1.509674123523490508e+00 3.691593117988708171e-03
1.512272701713088807e+00 3.665306520896024350e-03
1.509572218496448404e+00 3.423371942980011490e-03
1.516043187713680629e+00 3.868698562094225607e-03
1.509826981064055440e+00 3.773139417478932941e-03
1.521342249119918888e+00 3.606815390549134026e-03
1.514922232416207937e+00 4.121082005817786227e-03
1.515839377659594644e+00 3.760402510452120171e-03
1.516501760335374316e+00 3.677543329785697146e-03
1.520170341308924256e+00 3.645865083475053996e-03
1.515075089956772203e+00 3.555740787566279062e-03
1.511865081604916616e+00 3.778090224976783738e-03
1.513546514551126432e+00 3.554645421481579613e-03
1.519558911146665636e+00 3.489320982102586070e-03
1.524450352444731704e+00 3.499454832353360214e-03
1.521189391579354400e+00 3.995794739484020454e-03
1.529137983688711788e+00 3.302351859660125448e-03
1.525571307742205063e+00 3.143419095182961066e-03
1.524552257471774697e+00 3.603765780107071048e-03
1.529137983688711344e+00 3.838263361437499466e-03
1.516501760335374982e+00 3.618475177361391102e-03
1.523940827309516743e+00 3.394691855184761575e-03
1.527660360796587291e+00 3.943378923286277281e-03
1.525622260255726781e+00 3.872159723133130650e-03
1.531023226689007588e+00 3.389973769175590960e-03
1.529036078661668796e+00 3.653277453580357215e-03
1.533112279743390038e+00 3.635325261606836469e-03
1.532500849581131863e+00 3.757781552536208595e-03
1.528577506039974665e+00 4.016128055027838942e-03
1.529443698769840765e+00 3.721822156159849872e-03
1.531379894283658727e+00 3.406586134930131380e-03
1.539379438906536945e+00 3.804249238380037063e-03
1.527099883147850834e+00 3.667675039229272623e-03
1.541111824366269145e+00 4.253295972886447437e-03
1.537494195906240479e+00 3.575399993652067683e-03
1.527150835661372330e+00 3.918413931666223267e-03
1.531176084229572520e+00 3.728888609114400059e-03
1.536475145635810780e+00 3.317004716845146309e-03
1.538920866284843481e+00 3.290664646654056259e-03
1.543710402555866112e+00 3.402910831253874203e-03
1.539073723825408191e+00 4.057365640120018900e-03
1.546003265664334325e+00 3.606959346174515128e-03
1.538564198690193008e+00 3.911145604885500615e-03
1.540857061798660999e+00 3.519797273787239698e-03
1.544525642772210938e+00 3.776114118497843168e-03
1.546869458394200869e+00 3.878366633126047961e-03
1.549315179043233792e+00 3.410759885029825654e-03
1.549773751664927257e+00 3.580403069791478817e-03
1.550181371773099448e+00 4.152986191717558499e-03
1.552576139908610653e+00 3.594749481120586895e-03
1.549569941610841495e+00 3.942983888155964303e-03
1.548143271232238494e+00 3.482182154213721119e-03
1.548448986313367692e+00 3.743796392190012427e-03
1.548296128772803204e+00 3.526326244061574102e-03
1.550385181827185210e+00 3.867597854486672787e-03
1.554818050503557814e+00 3.576851932795627881e-03
1.553034712530304562e+00 3.409918691515552349e-03
1.551098517016487044e+00 4.026638235489996345e-03
1.551913757232831204e+00 3.772176005909266047e-03
1.554919955530601250e+00 3.808699533684804708e-03
1.556448530936246577e+00 3.495862312520693106e-03
1.557671391260762705e+00 3.578825624714569893e-03
1.557161866125547744e+00 3.518174206967279900e-03
1.561900449883048880e+00 3.694317254675936937e-03
1.557620438747241209e+00 3.738244626563158503e-03
1.560779494585575522e+00 3.397317824619066565e-03
1.553187570070869050e+00 3.241060508413190488e-03
1.562562832558828552e+00 3.753426514238821475e-03
1.558079011368935118e+00 3.253883524064661407e-03
1.570969997289879183e+00 3.753132540019331938e-03
1.564448075559124796e+00 3.514981220203642568e-03
1.554970908044122302e+00 3.876850157322662103e-03
1.562511880045307278e+00 3.604252018384233001e-03
1.574485720722864635e+00 3.427419208996118714e-03
1.562409975018264063e+00 3.712963185588252779e-03
1.563378072775173377e+00 3.541899759401133385e-03
1.570001899532970535e+00 3.903893671660577710e-03
1.566282366045899765e+00 3.482241798110242894e-03
1.570307614614099512e+00 3.675311853419158808e-03
1.571224759857487108e+00 3.201813137618793933e-03
1.572702382749610939e+00 3.646502342088633712e-03
1.569899994505927321e+00 3.381589000214167175e-03
1.576320011209639160e+00 3.983678532782491781e-03
1.574638578263429123e+00 3.608283468455524695e-03
1.577288108966547808e+00 3.701338021699657026e-03
1.569798089478884773e+00 3.802314038616402825e-03
1.571326664884530322e+00 3.461562422729159896e-03
1.575199055912165802e+00 3.881765669469065816e-03
1.575963343614988688e+00 3.681561515076774063e-03
1.583759078183780922e+00 3.626645147521256017e-03
1.576829536344854343e+00 4.056204122302595021e-03
1.576320011209639382e+00 3.764546042461289817e-03
1.574332863182299924e+00 3.596579813696879763e-03
1.580294307264318077e+00 3.690453657046366322e-03
1.572498572695525398e+00 3.479914928648227077e-03
1.577084298912461602e+00 3.904076547261881025e-03
1.581924787697006174e+00 3.589661532574869255e-03
1.587784326751981334e+00 3.459713188168079320e-03
1.591249097671444623e+00 3.583650055953334270e-03
1.586612418940986036e+00 3.618503876171930925e-03
1.588497661941282502e+00 4.078299148422957592e-03
1.585287653589426693e+00 3.600854181455657478e-03
1.585899083751685090e+00 3.872726227032611407e-03
1.592217195428353493e+00 3.674110814949271657e-03
1.595070536185558607e+00 3.941828183146966862e-03
1.587631469211416624e+00 3.385118731418997745e-03
1.601592457916312995e+00 3.693674188108070442e-03
1.596701016618247593e+00 3.964734222084839374e-03
1.583606220643216655e+00 3.728509145257918184e-03
1.597210541753462332e+00 3.983874037633774665e-03
1.605108181349298002e+00 3.406170765212318454e-03
1.592217195428353493e+00 3.253644155865685790e-03
1.595019583672037111e+00 3.734853997114066012e-03
1.596242443996553684e+00 3.654297077157058447e-03
1.597108636726419117e+00 3.857276906364749073e-03
1.602051030538006460e+00 3.492871917362223768e-03
1.604292941132953620e+00 3.785394563820271372e-03
1.599911024970102957e+00 3.314166281506603952e-03
1.598535307105021896e+00 3.994092103200072054e-03
1.602407698132657377e+00 3.884319678480851155e-03
1.604955323808733070e+00 3.670929698703003733e-03
1.602356745619135658e+00 3.370773534960572020e-03
1.598993879726715583e+00 3.859534344556356071e-03
1.604700561241125811e+00 3.578952571302895010e-03
1.608012474620024612e+00 3.793769640134370645e-03
1.604700561241125811e+00 3.760071106817779694e-03
1.603375795889566247e+00 3.632063714934932915e-03
1.599605309888973759e+00 3.626512711592892822e-03
1.609897717620320856e+00 3.595020299107130109e-03
1.611222482971880421e+00 3.848217045165496040e-03
1.610305337728493047e+00 3.550988105377439561e-03
1.609693907566234650e+00 3.731488116580345023e-03
1.614789158918386924e+00 3.270226631792422407e-03
1.619069170054194373e+00 3.689254029456957157e-03
1.617846309729677801e+00 3.776990606347305733e-03
1.614126776242607031e+00 3.698970002595179055e-03
1.619629647702931052e+00 3.395808235879858340e-03
1.616776306945725938e+00 3.418089661169700609e-03
1.623807753811695731e+00 4.117404489167243026e-03
1.624011563865781493e+00 3.654670039098530023e-03
1.617183927053898351e+00 3.920841438092641587e-03
1.617132974540376633e+00 3.243442671463275199e-03
1.621718700757313725e+00 3.595569094332111415e-03
1.615859161702338787e+00 3.921808048066107236e-03
1.621769653270834777e+00 3.890864180855336304e-03
1.624826804082126097e+00 3.758914417341983807e-03
1.627833002379895699e+00 4.628134912978336922e-03
1.622330130919571678e+00 3.660345020793077074e-03
1.623654896271131243e+00 3.805368269699406416e-03
1.633132063786133958e+00 4.047730658765596144e-03
1.627170619704116028e+00 3.871049939793515249e-03
1.617795357216156527e+00 3.547641705841998814e-03
1.619425837648845512e+00 3.792510279304681185e-03
1.620393935405754160e+00 3.534837740538929098e-03
1.627680144839331433e+00 3.652623607894980688e-03
1.629106815217933768e+00 3.840332553646184140e-03
1.624164421406346648e+00 3.917247664047270733e-03
1.628648242596240081e+00 3.855657869851072863e-03
1.624215373919868144e+00 3.477918696855352050e-03
1.629106815217933768e+00 3.981070884005802335e-03
1.629871102920756432e+00 3.711536513400664952e-03
1.635323021867559401e+00 4.018470692250896911e-03
1.638176362624764515e+00 3.574615701296771694e-03
1.632316823569789799e+00 3.336277051822009263e-03
1.630788248164144028e+00 3.954975323466856929e-03
1.634660639191779730e+00 3.274352191362391116e-03
1.633437778867263157e+00 3.957573926740258138e-03
1.631043010731751508e+00 3.793359024933480681e-03
1.631603488380487965e+00 3.635207425351077819e-03
1.636698739732640240e+00 3.237834792294161466e-03
1.639603033003367072e+00 3.752624083192944264e-03
1.637972552570678308e+00 3.333151273597078496e-03
1.640367320706189957e+00 4.365233004253746274e-03
1.648978295491326573e+00 3.572261791079720146e-03
1.641029703381970073e+00 3.473362250989567909e-03
1.648214007788503466e+00 3.725639287307126648e-03
1.640571130760275942e+00 3.934415054079741687e-03
1.640061605625060315e+00 3.986724060651985688e-03
1.640774940814361926e+00 3.520118109747431660e-03
1.645717334625949491e+00 3.723593512716426475e-03
1.638634935246458424e+00 4.068790307988859323e-03
1.648112102761460918e+00 3.374499227969862160e-03
1.647245910031594818e+00 3.697917062914807262e-03
1.646226859761164674e+00 4.144052844690979988e-03
1.648417817842589450e+00 3.670317901542404729e-03
1.651118301059230520e+00 3.871385255307151912e-03
1.655805932303210382e+00 3.825295371502424567e-03
1.655653074762645893e+00 3.549086713456643498e-03
1.646685432382858139e+00 3.938635886736249758e-03
1.657028792627726732e+00 3.272262293441290971e-03
1.652392113897268144e+00 3.860556654040698567e-03
1.648570675383154827e+00 4.080020730613784057e-03
1.653971641816436078e+00 3.405686738430532216e-03
1.652901639032483549e+00 4.414014217208333743e-03
1.655194502140952206e+00 3.344674506525024786e-03
1.657334507708856153e+00 4.113026263661887991e-03
1.660340706006625977e+00 3.972790057243149806e-03
1.651780683735009969e+00 3.646331468025554995e-03
1.650608775924015115e+00 3.793140011984592972e-03
1.655602122249124841e+00 3.930800666623194065e-03
1.649080200518369566e+00 3.500923437019519500e-03
1.651729731221488473e+00 3.699433201112855337e-03
1.660238800979582541e+00 4.132054079006559563e-03
1.655398312195037747e+00 3.958731593022307531e-03
1.658863083114501258e+00 4.552190063203111377e-03
1.656977840114205014e+00 3.847758263061730986e-03
1.661054041195927145e+00 4.098669721018659805e-03
1.662022138952836015e+00 3.498712878533043365e-03
1.654990692086866222e+00 3.513596075747211361e-03
1.662378806547486265e+00 3.255618417173307237e-03
1.667066437791465905e+00 3.536453159583562676e-03
1.663448809331437905e+00 3.609135974813422985e-03
1.664365954574825501e+00 4.173443215929028768e-03
1.664111192007218243e+00 4.103733911956497331e-03
1.665079289764127557e+00 3.742232321854818689e-03
1.673588359522220737e+00 3.684888455136850396e-03
1.663958334466653977e+00 3.775976611747634652e-03
1.671703116521924271e+00 3.669585732751029505e-03
1.667779772980767738e+00 3.887683459604138018e-03
1.668696918224154668e+00 3.888698368905382698e-03
1.668645965710633838e+00 3.567272768873631233e-03
1.670735018765015623e+00 3.778310110299445360e-03
1.669053585818805585e+00 4.006163854616514794e-03
1.668340250629504418e+00 4.193165882644194278e-03
1.663856429439610762e+00 3.858286356438217317e-03
1.671550258981359782e+00 3.781826536741848301e-03
1.678326943279722094e+00 3.955123017128180443e-03
1.669410253413456280e+00 4.106718855442657336e-03
1.675065982414344568e+00 4.090823701383343274e-03
1.674913124873780301e+00 3.823852900549744131e-03
1.670225493629800440e+00 3.634721756831625628e-03
1.674760267333215591e+00 3.572508879188308374e-03
1.680212186280018338e+00 3.877278713915787659e-03
1.676034080171253882e+00 4.754661312118668888e-03
1.683371242118352651e+00 3.863030598714606908e-03
1.678530753333808079e+00 3.465729892888726356e-03
1.687804110794724588e+00 3.569222662965484960e-03
1.684848865010476704e+00 3.974478956928656145e-03
1.682963622010180682e+00 3.801600462530750710e-03
1.681180284036926542e+00 3.225740815024675297e-03
1.684746959983433712e+00 4.124636654258767056e-03
1.677715513117463697e+00 4.197373926253874718e-03
1.689179828659805871e+00 4.108842409203577843e-03
1.683014574523701956e+00 3.953415998313298402e-03
1.683575052172438635e+00 3.958361045475287249e-03
1.679651708631281437e+00 3.812596515849233682e-03
1.688976018605719887e+00 3.682887012353062289e-03
1.690504594011365436e+00 3.676960875601609398e-03
1.689434591227413573e+00 3.810880154655805954e-03
1.689944116362628979e+00 3.763787368704001567e-03
1.691014119146580841e+00 4.023026038047416639e-03
1.689179828659805871e+00 4.143448249155226061e-03
1.696313180552818434e+00 3.682464033143820897e-03
1.695192225255345519e+00 4.341665441162200281e-03
1.695905560444646687e+00 3.771377564170209050e-03
1.696466038093383588e+00 3.521994598806154481e-03
1.698555091147765594e+00 3.792246718830844660e-03
1.694224127498436649e+00 3.334116957470840276e-03
1.695752702904082199e+00 3.852643506680675060e-03
1.688517445984026644e+00 3.589690461744362345e-03
1.691014119146580397e+00 4.008156085488193479e-03
1.702987959824137976e+00 3.738595325553291295e-03
1.694988415201258647e+00 4.009995185368445993e-03
1.693816507390264459e+00 3.639650422818509288e-03
1.698860806228894571e+00 3.997519381120692022e-03
1.689638401281499336e+00 4.159310822833322575e-03
1.696415085579861870e+00 3.627228523902660540e-03
1.705892253094864364e+00 3.593055503053419614e-03
1.706401778230079769e+00 3.654666487259560816e-03
1.703395579932310167e+00 3.842860053290790643e-03
1.703038912337659028e+00 3.903571124721100846e-03
1.704822250310912501e+00 3.477425992388474916e-03
1.699879856499325381e+00 3.879260172313617194e-03
1.707064160905859662e+00 3.939179649372820391e-03
1.699981761526367929e+00 3.491712218405045899e-03
1.707624638554596341e+00 3.674305127201056651e-03
1.701663194472578189e+00 3.848301374159874243e-03
1.702784149770051547e+00 3.909435985618548749e-03
1.706554635770644035e+00 4.070962344542474430e-03
1.710783694392930654e+00 3.879956120171698056e-03
1.703089864851180746e+00 3.947751294201108999e-03
1.712108459744489775e+00 4.629929609398788018e-03
1.707777496095160830e+00 3.866876184075004799e-03
1.710834646906451928e+00 3.989669656929075749e-03
1.706503683257122539e+00 3.762666320743141696e-03
1.705229870419084692e+00 3.638937054011040506e-03
1.709357024014327653e+00 3.597301582236363086e-03
1.703140817364702020e+00 4.020598884479585286e-03
1.705943205608385860e+00 4.253616414245396660e-03
1.712872747447312660e+00 3.675495507053869355e-03
1.722400867475836872e+00 3.778392563996398838e-03
1.707981306149246814e+00 3.446153203566254541e-03
1.721228959664841796e+00 3.902190854817921134e-03
1.712363222312097477e+00 3.619049110332056042e-03
1.711446077068710325e+00 3.891931626004299562e-03
1.718885144042852531e+00 3.932266626903738356e-03
1.708337973743897509e+00 4.073560249161801809e-03
1.714248465312393721e+00 3.405743910530671832e-03
1.713229415041964021e+00 3.384946167137443430e-03
1.718528476448201836e+00 3.771763039905423609e-03
1.715522278150432012e+00 3.659383839028933997e-03
1.718375618907637126e+00 3.622648464270617624e-03
1.714095607771829455e+00 3.644454886359741776e-03
1.720260861907933148e+00 3.701169679268325428e-03
1.723929442881482643e+00 2.869033740457490461e-03
1.716388470880297445e+00 4.124129934210842181e-03
1.713891797717742804e+00 3.780374346937401958e-03
1.723267060205702750e+00 3.693421147618996571e-03
1.718477523934679896e+00 4.145092667993901039e-03
1.721025149610756477e+00 3.967483482548809018e-03
1.718528476448201170e+00 4.490680058093234582e-03
1.722146104908229391e+00 3.888661649832453326e-03
1.723165155178659758e+00 3.895465448828230957e-03
1.723114202665138706e+00 4.011781671818478306e-03
1.726069448449386590e+00 4.286856954247882448e-03
1.728209454017290536e+00 3.788109499497417827e-03
1.728107548990246878e+00 3.860906329352928931e-03
1.737075191370035077e+00 3.814063664437033953e-03
1.734221850612829519e+00 4.462169098907568104e-03
1.725814685881778665e+00 3.758569067912329639e-03
1.729381361828285169e+00 3.787674280969429569e-03
1.733610420450571343e+00 3.941297960069843793e-03
1.732183750071969008e+00 3.620924519049226100e-03
1.721891342340621911e+00 3.753160209162767578e-03
1.730349459585193816e+00 4.173365456909486002e-03
1.727292308773903162e+00 3.969965998384737509e-03
1.730553269639280245e+00 3.885171755424808408e-03
1.730553269639280023e+00 3.986098858684250859e-03
1.728617074125462505e+00 3.843653777588247524e-03
1.730858984720409222e+00 3.809786592964723665e-03
1.731368509855624627e+00 3.462053635381938995e-03
1.727750881395596627e+00 3.548007586190262720e-03
1.724235157962611620e+00 3.525218055960321114e-03
1.727547071341509977e+00 3.714644416436651241e-03
1.733457562910006411e+00 4.087153895070362933e-03
1.736463761207776235e+00 3.406871910370835258e-03
1.733916135531700542e+00 3.563307850862919984e-03
1.731979940017882802e+00 3.854688142052242143e-03
1.731419462369146123e+00 3.723802672420267919e-03
1.735750426018475068e+00 3.840680690448987876e-03
1.730553269639280467e+00 3.982189122529704826e-03
1.739979484640761687e+00 3.957813358587945925e-03
1.730502317125758527e+00 3.574441390736875397e-03
1.738298051694551205e+00 3.656456176766552987e-03
1.732744227720705021e+00 4.017488566534013761e-03
1.735750426018475068e+00 3.951297613762989533e-03
1.731419462369146123e+00 3.346319660045535098e-03
1.733355657882963863e+00 4.369171349733129428e-03
1.727394213800945932e+00 3.976552349258792411e-03
1.747418551614903226e+00 4.216455184954811045e-03
1.741253297478799533e+00 3.374960804206495434e-03
1.740132342181325731e+00 3.731348965284087688e-03
1.744310448290090632e+00 4.116316676365740397e-03
1.739928532127240191e+00 4.026380328856509275e-03
1.737126143883556129e+00 4.001495238745634252e-03
1.736005188586082770e+00 3.411703601830214875e-03
1.745686166155171914e+00 4.039618615318244302e-03
1.736514713721297953e+00 4.185940479751534479e-03
1.741609965073449784e+00 3.793564338089551284e-03
1.747826171723075417e+00 4.031680215758025321e-03
1.752717613021141263e+00 3.861864411931723549e-03
1.744412353317133624e+00 3.979971900514064909e-03
1.745074735992913295e+00 4.129241491128732809e-03
1.742781872884444860e+00 3.548062464988288589e-03
1.753227138156356446e+00 3.916004809318500944e-03
1.755672858805389813e+00 3.731714226370030918e-03
1.749762367236893157e+00 4.472818158743709950e-03
1.755163333670174630e+00 3.664814215157636244e-03
1.747673314182510929e+00 3.699148972534405631e-03
1.753278090669878164e+00 3.853825956938727003e-03
1.749405699642242684e+00 3.861175288813601617e-03
1.750475702426194324e+00 3.993845095679492314e-03
1.750883322534366737e+00 3.814080681410734336e-03
1.756844766616384668e+00 4.285694027462554415e-03
1.754959523616087980e+00 3.829433093105895532e-03
1.748692364452941517e+00 3.631863568543275324e-03
1.754195235913265760e+00 3.939426789395708735e-03
1.758220484481465284e+00 3.767372480471108814e-03
1.745533308614607204e+00 3.787972428190175718e-03
1.751647610237189179e+00 3.739272324608811267e-03
1.754297140940308752e+00 3.853825956938718763e-03
1.755927621372997072e+00 3.873902547348363930e-03
1.758780962130202186e+00 3.942588813444343476e-03
1.752462850453533560e+00 3.768347454196041037e-03
1.757660006832728827e+00 4.264877566949614243e-03
1.756590004048776965e+00 4.049362657673289019e-03
1.746246643803908150e+00 3.960590365721832970e-03
1.754042378372700384e+00 3.818040168831673443e-03
1.750679512480280309e+00 3.688286303640274204e-03
1.765710503969128542e+00 3.809186874483535493e-03
1.761787160427972232e+00 3.475678568298728229e-03
1.763162878293053071e+00 3.987661679812836216e-03
1.758882867157245400e+00 3.405347497559851368e-03
1.761889065455014780e+00 3.747085396893592903e-03
1.753430948210442430e+00 3.894572294601155761e-03
1.758628104589637697e+00 4.106026567161902112e-03
1.754449998480873019e+00 4.117757572403313651e-03
1.755774763832432583e+00 3.481902559829724072e-03
1.757303339238077911e+00 4.018612822141300750e-03
1.755316191210738674e+00 3.853152240582550288e-03
1.759494297319503131e+00 3.912313691539509412e-03
1.763927165995875734e+00 4.037497233465338342e-03
1.755978573886518790e+00 3.863450608574935715e-03
1.764793358725741612e+00 4.051090128397167277e-03
1.763570498401225040e+00 4.038612704964510830e-03
1.758169531967944010e+00 3.793478792291616296e-03
1.751443800183103194e+00 4.516528632751893972e-03
1.764742406212220338e+00 3.751157127760823377e-03
1.762347638076708467e+00 4.057723947645614816e-03
1.769480989969721252e+00 3.983988077699826547e-03
1.765099073806870811e+00 3.678937315184394822e-03
1.766576696698994642e+00 3.807295098139633176e-03
1.758831914643724126e+00 3.794864396791349567e-03
1.765557646428564276e+00 3.870996286615881014e-03
1.765557646428564498e+00 3.963123055279838686e-03
1.772385283240448084e+00 4.328565219878008526e-03
1.768207177131683405e+00 4.167205449405552917e-03
1.771111470402410015e+00 3.634721756831613051e-03
1.766525744185473368e+00 3.736160587584995505e-03
1.762245733049665919e+00 4.062609129515999500e-03
1.770245277672543915e+00 4.084650441831174511e-03
1.770398135213108626e+00 3.765728578897595963e-03
1.768105272104640413e+00 3.899395560198732399e-03
1.765506693915043002e+00 3.329016697100414032e-03
1.771264327942974726e+00 3.622060766403875556e-03
1.768818607293941580e+00 3.519782522005401090e-03
1.772079568159319107e+00 3.844886258523532059e-03
1.765761456482650260e+00 3.716391251433954265e-03
1.760207632508804965e+00 3.325677232033348672e-03
1.770754802807759098e+00 3.601430922553049661e-03
1.770194325159022419e+00 3.771625374522617584e-03
1.765965266536736245e+00 3.580421197304011535e-03
1.763672403428267810e+00 3.644508312860112679e-03
1.761277635292757493e+00 3.618905635622667732e-03
1.768156224618161687e+00 3.776303182103824159e-03
1.768716702266898810e+00 4.077589301324154383e-03
1.767901462050553762e+00 3.821900455649806985e-03
1.763315735833617559e+00 4.789254397760071141e-03
1.767697651996468222e+00 3.985893692920609681e-03
1.769480989969721252e+00 3.891688140857306639e-03
1.773047665916227755e+00 3.793314538951637113e-03
1.774423383781308594e+00 4.092409968340224823e-03
1.768716702266898810e+00 4.125693956495759922e-03
1.769073369861549061e+00 4.101202598149540288e-03
1.765863361509693474e+00 4.212746915823092561e-03
1.769379084942678704e+00 4.301367010686620376e-03
1.769582894996764466e+00 3.640431401322054110e-03
1.765659551455607934e+00 4.218905041531525839e-03
1.768869559807463077e+00 3.615758521848489067e-03
1.778193869781901304e+00 3.745144921529985731e-03
1.772792903348620053e+00 4.058187780933292417e-03
1.773557191051442494e+00 3.722292972918502581e-03
1.765506693915043224e+00 4.247970059498084629e-03
1.767901462050554429e+00 3.650974259685922044e-03
1.766169076590823117e+00 3.696554816135681938e-03
1.767137174347731543e+00 3.876984086346812932e-03
1.767850509537032710e+00 3.758828082959220305e-03
1.768818607293941358e+00 4.149424545856153328e-03
1.773557191051443160e+00 3.653302325833844046e-03
1.769277179915635267e+00 3.659862688066615240e-03
1.775238623997652754e+00 3.919053243583185339e-03
1.766831459266602344e+00 4.478198412738226483e-03
1.774015763673136847e+00 3.403368554215936530e-03
1.768461939699290886e+00 4.139687124628806808e-03
1.770041467618458375e+00 4.129178618119127772e-03
1.773557191051443160e+00 4.007119601160749611e-03
1.771875758105232679e+00 4.026215904754640654e-03
1.771213375429452785e+00 3.995960415343415700e-03
1.776257674268083564e+00 3.532167008886739120e-03
1.776869104430341739e+00 3.681565040968403507e-03
1.766220029104343947e+00 3.660855656766304287e-03
1.773557191051442938e+00 3.928604004708050393e-03
1.776665294376255755e+00 4.134393824209204454e-03
1.768512892212812382e+00 3.994768045682276641e-03
1.785021506593785112e+00 3.794221265530309944e-03
1.774372431267786876e+00 3.708485511231825182e-03
1.775748149132868825e+00 3.932873981829046808e-03
1.773455286024399946e+00 3.908755249494300088e-03
1.777174819511471160e+00 4.176316173658742130e-03
1.775391481538217686e+00 3.786903101716552165e-03
1.777786249673729113e+00 3.980510016395879050e-03
1.766627649212516360e+00 4.236758946888133197e-03
1.769226227402113993e+00 3.514526952985892912e-03
1.772945760889184541e+00 3.495427842553840668e-03
1.772487188267490632e+00 3.883691360857764122e-03
1.771671948051146916e+00 4.318489293604320552e-03
1.776410531808648052e+00 4.006886355237702403e-03
1.777429582079078640e+00 3.551572944252555288e-03
1.772385283240447862e+00 4.276066564074235479e-03
1.781658640701364593e+00 4.108731834538218060e-03
1.781607688187843985e+00 4.336591743817570788e-03
1.773710048592007427e+00 3.522230471667857441e-03
1.780945305512063426e+00 3.712882775021022867e-03
1.779161967538810618e+00 4.249974167807652435e-03
1.777276724538513486e+00 3.977965554561966634e-03
1.782066260809536340e+00 3.926320156284522286e-03
1.783391026161096349e+00 3.673828160600307868e-03
1.780079112782197326e+00 4.313662183446550710e-03
1.781556735674321379e+00 4.057368839434356660e-03
1.790422473027066141e+00 4.015058065495779108e-03
1.783085311079967150e+00 3.760143603858641988e-03
1.779365777592896158e+00 3.754654040113714064e-03
1.778499584863030503e+00 4.263906532163572356e-03
1.783136263593488646e+00 3.597186109002043549e-03
1.783034358566445654e+00 4.328202341710727166e-03
1.773557191051443160e+00 4.190177465042689911e-03
1.782575785944752411e+00 3.882768752909579284e-03
1.784257218890962005e+00 4.357947362929232710e-03
1.782626738458273463e+00 4.150484916190324419e-03
1.783747693755747044e+00 3.683027994627858549e-03
1.775951959186954143e+00 3.677769226579760600e-03
1.786550081999430439e+00 3.797709287171793964e-03
1.791237713243410523e+00 3.984734145024830011e-03
1.779060062511766960e+00 3.487099346031796113e-03
1.779009109998245686e+00 3.815659526264498884e-03
1.787161512161689059e+00 4.234886520885996868e-03
1.775085766457088488e+00 4.018506225194771499e-03
1.784715791512656136e+00 4.895727922990903216e-03
1.782983406052923936e+00 3.726005108114079003e-03
1.785123411620828326e+00 3.461772415293305934e-03
1.784359123918005219e+00 3.882685172520749291e-03
1.784308171404483723e+00 3.866030147736609305e-03
1.775595291592304115e+00 3.738161287311737163e-03
1.785938651837171820e+00 3.746946824837451943e-03
1.784053408836876242e+00 3.451328596884057406e-03
1.781454830647278609e+00 4.132924179228475436e-03
1.784613886485612921e+00 3.529725950458054325e-03
1.780537685403891235e+00 3.336903412134539174e-03
1.784766744026177410e+00 3.909658444408427476e-03
1.777990059727815098e+00 3.918377491057527771e-03
1.781301973106714120e+00 3.730597458595181354e-03
1.788741040080855882e+00 3.933913529380809841e-03
1.783849598782790036e+00 4.838275866935274824e-03
1.786040556864215700e+00 3.802013601851163445e-03
1.789301517729592561e+00 3.926835873462921830e-03
1.784461028945047989e+00 3.529398632083477570e-03
1.783391026161096127e+00 3.821384164379748680e-03
1.786601034512952157e+00 3.618772916452049800e-03
1.788129609918597707e+00 3.658585618024977337e-03
1.791543428324539278e+00 4.462241825238073660e-03
1.782575785944751967e+00 4.050965159876061296e-03
1.789199612702549569e+00 4.115499839541277537e-03
1.794804389189916582e+00 4.088601893723648774e-03
1.781607688187843097e+00 4.444797184647407938e-03
1.793224861270749759e+00 3.959174237104122127e-03
1.788944850134942088e+00 3.663180986563178195e-03
1.791645333351582714e+00 4.484214896576952693e-03
1.792002000946233409e+00 3.930533168951965209e-03
1.789658185324243256e+00 4.231019532501016298e-03
1.791696285865104210e+00 3.536042032026526054e-03
1.794040101487094363e+00 3.689310325690409870e-03
1.787314369702253547e+00 3.769697531287041076e-03
1.791645333351582492e+00 3.706374232380272270e-03
1.789403422756635997e+00 3.600378300499777837e-03
1.798167255082337102e+00 4.311750900222551496e-03
1.793173908757228263e+00 3.808017833548379971e-03
1.796689632190213270e+00 3.752025606965201602e-03
1.790422473027065919e+00 3.833796595775855291e-03
1.796129154541476369e+00 3.409572257393888358e-03
1.804332509218441016e+00 3.925827517005955197e-03
1.795466771865696476e+00 3.560888140154147737e-03
1.798625827704031233e+00 4.115105555264841897e-03
1.799186305352767468e+00 4.314640071716050428e-03
1.802447266218144550e+00 3.887112456672067642e-03
1.797606777433600200e+00 3.851130384354894184e-03
1.796078202027955317e+00 4.312265675585672496e-03
1.798778685244595499e+00 4.243142265062404411e-03
1.794396769081744836e+00 4.164276331656472860e-03
1.795008199244002567e+00 4.025970868143136615e-03
1.802039646109972360e+00 3.917900419101160228e-03
1.795976297000911659e+00 4.089716122442554544e-03
1.803262506434488932e+00 3.960895160513379365e-03
1.795874391973868667e+00 3.789096266532295844e-03
1.803364411461532146e+00 4.124812890118779302e-03
1.799186305352767468e+00 4.076404886680689427e-03
1.793428671324835522e+00 4.121333986172747224e-03
1.804587271786048719e+00 4.055628039680541329e-03
1.798167255082337324e+00 3.958928329835405963e-03
1.810956335976239062e+00 3.990369119828894758e-03
1.803364411461532146e+00 3.573787650416790883e-03
1.797708682460643415e+00 3.431533575320065525e-03
1.802752981299274193e+00 3.901525490132822654e-03
1.808255852759598437e+00 4.300718128354806200e-03
1.798422017649944804e+00 3.696143937009749129e-03
1.801682978515322109e+00 3.828819500504927233e-03
1.797453919893036156e+00 3.840467756152661505e-03
1.799644877974461155e+00 3.409918691515551915e-03
1.806829182380995436e+00 4.028033868576080291e-03
1.801275358407150140e+00 3.796871770446979925e-03
1.799339162893332178e+00 3.485014111986365314e-03
1.810344905813980221e+00 4.173987488504703365e-03
1.815745872247261694e+00 4.295568869759536570e-03
1.807644422597339817e+00 4.466173101396536498e-03
1.810752525922152634e+00 4.048756746649548321e-03
1.806268704732258978e+00 4.157159966605693605e-03
1.813351104111749823e+00 4.023777771252399701e-03
1.812230148814276687e+00 4.151476226885291235e-03
1.805351559488871604e+00 4.351508725897729538e-03
1.810192048273416177e+00 4.122483451100463978e-03
1.820943028626456961e+00 4.275796379530864312e-03
1.820688266058848814e+00 3.520947722346734476e-03
1.821095886167021227e+00 3.902456968927642874e-03
1.814523011922745122e+00 4.258273821853358725e-03
1.813962534274007998e+00 3.462087380257516424e-03
1.815898729787826182e+00 4.699092624468641059e-03
1.812739673949491870e+00 4.312389092124504011e-03
1.814472059409223403e+00 3.831493502417862573e-03
1.817936830328686693e+00 3.815060730994600247e-03
1.817376352679950458e+00 3.598311814967658333e-03
1.819669215788418670e+00 4.000457028649943327e-03
1.817223495139385747e+00 3.982453150520106309e-03
1.825783517411001311e+00 4.655721622046240724e-03
1.811618718652018067e+00 3.777365199890926704e-03
1.810905383462716900e+00 3.865022720153900998e-03
1.808714425381291457e+00 3.656001735443058318e-03
1.819873025842505099e+00 3.368096038043322075e-03
1.834496397223180475e+00 4.001959101808867138e-03
1.825223039762264188e+00 4.411472622505809536e-03
1.818089687869251403e+00 3.803976253975255468e-03
1.816764922517691616e+00 4.223526963774674667e-03
1.820127788410112579e+00 3.786327185450961367e-03
1.822165888950972867e+00 3.888618254117424088e-03
1.810395858327501717e+00 3.667958167740306696e-03
1.825223039762264632e+00 3.859668874432574219e-03
1.807950137678469016e+00 3.944843499879383507e-03
1.819567310761375234e+00 4.170842168004259068e-03
1.816866827544734608e+00 3.605375518162489551e-03
1.824407799545919806e+00 3.740410795341271577e-03
1.822013031410408823e+00 3.990541526730445078e-03
1.821350648734628708e+00 4.221436501360567931e-03
1.824560657086484516e+00 3.835624537726164095e-03
1.834649254763745407e+00 3.939179649372824728e-03
1.822624461572666998e+00 3.980640457775815218e-03
1.829299240843985874e+00 3.465860981918407989e-03
1.831184483844282340e+00 3.895598737866638565e-03
1.828331143087077448e+00 4.035927979548884631e-03
1.824662562113527731e+00 3.880641908197372987e-03
1.822420651518580126e+00 3.395349493720565496e-03
1.826547805113823753e+00 3.610268741297518839e-03
1.831184483844282340e+00 3.438233931996571239e-03
1.829808765979200835e+00 3.732601140198303809e-03
1.835209732412481864e+00 3.835783595168674922e-03
1.829655908438636569e+00 3.865291393182815165e-03
1.831235436357803836e+00 4.142144779399839320e-03
1.833069726844578362e+00 3.757584647903485647e-03
1.831541151438932591e+00 3.670770570525264901e-03
1.828993525762856454e+00 3.684183845783560972e-03
1.830674958709066935e+00 3.596843275998405729e-03
1.841425939062107719e+00 4.413426015291183925e-03
1.837604500547993736e+00 4.125266033472652430e-03
1.837553548034472017e+00 4.242906696995661121e-03
1.828331143087076560e+00 3.637367150160172782e-03
1.832865916790491934e+00 3.989328014196725711e-03
1.830267338600894522e+00 3.955451205520208943e-03
1.826853520194952729e+00 4.222912229310871179e-03
1.821044933653499731e+00 4.485196117947641559e-03
1.822573509059145058e+00 3.686494460889985260e-03
1.831948771547105004e+00 4.099379084365793215e-03
1.830114481060329812e+00 4.243861125714312038e-03
1.832967821817535148e+00 3.925457170268330936e-03
1.841273081521542787e+00 4.018070117329097281e-03
1.834700207277267126e+00 3.941798545229657259e-03
1.840152126224069873e+00 4.045514062483153254e-03
1.837859263115601660e+00 3.754875297858523836e-03
1.837808310602079498e+00 3.912423181783477102e-03
1.838266883223773185e+00 3.987896050157832203e-03
1.836993070385735560e+00 4.153789406829204618e-03
1.833018774331056866e+00 4.683198494767162531e-03
1.837655453061515232e+00 3.784845855511893755e-03
1.827974475492426309e+00 3.984274792588048467e-03
1.833732109520358033e+00 3.641746917770616408e-03
1.829757813465679117e+00 4.066840547787611664e-03
1.836942117872213398e+00 3.798239049316641611e-03
1.841935464197322903e+00 3.940428371542430662e-03
1.832662106736405949e+00 3.900883305610708569e-03
1.841273081521543231e+00 3.922602343674180120e-03
1.837757358088558224e+00 3.727311317903356930e-03
1.835974020115304750e+00 3.732827182568431486e-03
1.837400690493907307e+00 3.612831437453398967e-03
1.839031170926595848e+00 3.812106205791298934e-03
1.839744506115897238e+00 4.244365784907755054e-03
1.842088321737887391e+00 3.910405414897667915e-03
1.840610698845763116e+00 3.610585133186600994e-03
1.838572598304902161e+00 3.865879050335516154e-03
1.845145472549178933e+00 4.202380949731860348e-03
1.836993070385735116e+00 3.873718247253323671e-03
1.838776408358988368e+00 3.708737523906625692e-03
1.838114025683208919e+00 3.786289473592218367e-03
1.839693553602376186e+00 3.579387782567929142e-03
1.838368788250816177e+00 3.873312756176029194e-03
1.841986416710844399e+00 3.808794961967416209e-03
1.836177830169391401e+00 3.495639514155044099e-03
1.835311637439524857e+00 3.643995386121305635e-03
1.833528299466272049e+00 3.659724360335751738e-03
1.851565489252890107e+00 3.812065343773150903e-03
1.839285933494203995e+00 3.834835921495144927e-03
1.841578796602671764e+00 3.549368329968410028e-03
1.837808310602079498e+00 4.005541686895587768e-03
1.848865006036249703e+00 4.301004855875211613e-03
1.836687355304606140e+00 3.603376742244124818e-03
1.845654997684393672e+00 3.716307422114404485e-03
1.841324034035064949e+00 3.221758494490867871e-03
1.846623095441302320e+00 3.456259637953996208e-03
1.841425939062107719e+00 3.834917159843448560e-03
1.842088321737887835e+00 3.827195208973430823e-03
1.839999268683505163e+00 3.926488763583764474e-03
1.838521645791381109e+00 3.867748884741009467e-03
1.835770210061218766e+00 3.868111333291770950e-03
1.848049765819905099e+00 4.518643448869938753e-03
1.838470693277859391e+00 3.744129236346380087e-03
1.844737852441006298e+00 4.019439660000115842e-03
1.843973564738183413e+00 3.715255902111425697e-03
1.845094520035657215e+00 4.345180045581533909e-03
1.843514992116489504e+00 4.360308791362251142e-03
1.847336430630603932e+00 4.195774748083741859e-03
1.849425483684986382e+00 3.609495621735343222e-03
1.851565489252889662e+00 4.015704618939375595e-03
1.845705950197915390e+00 4.099505743475596008e-03
1.840304983764634139e+00 3.713354725205214764e-03
1.850495486468938022e+00 4.426512625214934146e-03
1.844737852441006742e+00 3.841765458119935674e-03
1.849374531171464664e+00 4.231264965859795994e-03
1.852635492036841969e+00 4.200029628403025017e-03
1.846623095441302986e+00 4.022122481803835047e-03
1.846215475333130573e+00 3.558145757801610496e-03
1.852737397063885183e+00 3.446932832363097492e-03
1.845145472549178489e+00 3.619551227028437214e-03
1.850903106577110213e+00 4.350577912947370049e-03
1.852380729469234710e+00 4.041019402189347659e-03
1.852992159631492664e+00 4.538653594654031009e-03
1.846572142927781268e+00 3.893132151953664598e-03
1.852788349577406901e+00 4.348420167106728171e-03
1.850444533955416748e+00 4.130473608910362193e-03
1.855437880280525142e+00 3.914400114808955049e-03
1.857119313226736290e+00 4.342191617395331493e-03
1.850852154063588495e+00 4.009091930111940809e-03
1.855794547875175837e+00 3.792493165544258936e-03
1.853807399847837045e+00 4.461811268097913216e-03
1.847132620576517725e+00 4.098086937841646273e-03
1.849935008820201343e+00 3.679519456505507460e-03
1.851361679198804122e+00 4.010710522745260069e-03
1.849221673630899732e+00 3.327772591919470578e-03
1.854724545091224197e+00 3.878031921259987667e-03
1.857170265740257120e+00 3.697355372476640503e-03
1.855590737821090297e+00 4.232835402365591262e-03
1.857679790875472081e+00 3.481156865020678358e-03
1.856609788091520219e+00 4.245329058599949489e-03
1.849170721117378680e+00 4.278588475028126045e-03
1.851055964117674923e+00 3.913484746486948704e-03
1.856304073010391020e+00 3.907001392738545902e-03
1.851514536739368832e+00 4.246551948384696615e-03
1.853960257388401756e+00 3.951166203676517372e-03
1.853195969685578648e+00 3.417785833677695895e-03
1.854673592577702923e+00 4.215454520116585641e-03
1.855641690334611793e+00 3.652637823176161595e-03
1.864252665119748631e+00 3.773965003077703242e-03
1.859055508740553586e+00 3.689535502034334974e-03
1.858138363497165990e+00 4.195254961280882842e-03
1.857985505956601502e+00 4.058648362909688181e-03
1.857832648416036792e+00 3.836866364182427679e-03
1.866341718174130415e+00 3.468979438885007836e-03
1.860838846713806838e+00 3.914546023310415748e-03
1.863743139984533226e+00 3.404188487274075522e-03
1.869551726525986446e+00 3.779876422975067454e-03
1.859055508740553364e+00 4.668593389410371532e-03
1.865730288011872684e+00 3.820949338674959304e-03
1.864609332714399326e+00 3.810893779613227367e-03
1.868889343850206997e+00 4.475197289727871237e-03
1.875360313067439444e+00 3.562666641832387508e-03
1.865067905336092569e+00 4.144099830287220967e-03
1.864405522660312897e+00 3.958928329835409432e-03
1.865934098065958446e+00 4.180106448130284889e-03
1.860889799227328556e+00 4.175654076246371194e-03
1.871640779580368896e+00 4.113341853554915509e-03
1.864966000309049354e+00 3.646189066855937654e-03
1.875054597986310689e+00 4.316477901914094611e-03
1.859310271308161289e+00 3.606862176757589210e-03
1.866137908120044875e+00 3.927972856680272788e-03
1.859819796443376028e+00 3.900726902698305187e-03
1.859514081362247495e+00 3.898450031022150479e-03
1.869042201390771263e+00 3.818961419117876312e-03
1.862876947254667348e+00 3.803952366907782136e-03
1.869704584066551156e+00 4.210910052627272332e-03
1.878315558851688216e+00 4.126269694647485484e-03
1.872557924823756270e+00 4.219483443230046850e-03
1.864609332714399326e+00 3.954650377996011754e-03
1.863029804795232280e+00 4.128785640117386448e-03
1.867360768444561003e+00 3.626459019973854447e-03
1.870061251661201629e+00 4.283924804499353138e-03
1.877296508581257406e+00 3.792383635648829878e-03
1.870672681823460026e+00 3.934309475245500488e-03
1.870774586850503240e+00 3.945379826723190500e-03
1.865934098065958668e+00 4.153939406446725824e-03
1.877704128689430263e+00 3.511256712254463234e-03
1.876939840986606711e+00 3.800920904337788848e-03
1.877907938743515803e+00 4.359043367739732708e-03
1.876786983446042445e+00 4.295931482834444530e-03
1.873067449958971897e+00 4.205863801416135500e-03
1.878009843770558795e+00 4.005823618617031234e-03
1.874799835418703209e+00 4.611132096760614703e-03
1.877092698527171422e+00 3.938451319929134331e-03
1.883207000149753618e+00 3.710361194991072028e-03
1.886518913528652863e+00 3.692211937034196693e-03
1.882442712446931177e+00 4.580911507540913821e-03
1.888149393961341849e+00 3.512384088220727504e-03
1.879079846554510658e+00 4.478096958343938047e-03
1.890798924664460312e+00 3.803679361197007114e-03
1.879691276716769055e+00 4.285781863678116664e-03
1.884480812987791909e+00 3.794850714282356572e-03
1.887436058772040015e+00 3.630365694504446988e-03
1.886569866042174137e+00 4.046345027381055559e-03
1.881168899608892886e+00 4.047679347543426537e-03
1.892684167664756778e+00 4.432045746176386213e-03
1.889168444231771993e+00 4.115865701560229850e-03
1.895435603394919344e+00 4.353608290642211817e-03
1.899919424584812777e+00 4.001673653979390469e-03
1.886264150961044939e+00 4.324289722278192374e-03
1.891410354826718709e+00 4.274074690474366153e-03
1.886875581123303558e+00 3.963735506808761973e-03
1.884480812987792353e+00 3.890784110663422866e-03
1.889066539204729001e+00 4.417321393599479493e-03
1.883410810203840047e+00 3.549964405505556721e-03
1.888149393961341405e+00 3.767717022978937617e-03
1.900276092179463250e+00 3.971682245744279777e-03
1.889983684448115930e+00 4.150538083970709349e-03
1.889881779421073382e+00 3.703459181713255645e-03
1.894416553124488534e+00 4.088522521119585668e-03
1.891359402313197213e+00 4.112581240765742982e-03
1.899868472071291059e+00 3.751766122287869629e-03
1.888251298988384619e+00 3.750409590231600695e-03
1.893601312908144152e+00 4.598218044715266482e-03
1.896607511205914420e+00 4.112268749103164568e-03
1.892989882745885755e+00 4.027153999206468764e-03
1.902518002774409966e+00 4.048541931023489325e-03
1.895537508421961892e+00 3.682323029277045131e-03
1.906594203856131653e+00 4.393465977031121850e-03
1.905728011126265997e+00 4.188318306521924064e-03
1.904097530693577456e+00 4.090427038526299117e-03
1.900479902233549234e+00 4.253433307853493606e-03
1.904046578180055738e+00 4.106039212743202091e-03
1.904250388234141944e+00 4.388653304689931443e-03
1.897066083827607663e+00 3.592679757930432489e-03
1.907307539045432820e+00 3.857330750370829234e-03
1.901295142449893616e+00 3.983430879529620619e-03
1.906033726207395418e+00 3.645476977569800207e-03
1.897626561476344120e+00 3.559593794738272806e-03
1.909600402153901477e+00 4.244595155615099244e-03
1.904046578180055738e+00 4.232445914840963878e-03
1.911434692640676225e+00 4.319916843237537121e-03
1.910058974775594720e+00 3.471418341499867867e-03
1.904759913369357127e+00 3.733174913335299445e-03
1.915612798749440682e+00 4.255126741329459325e-03
1.906339441288524172e+00 4.165096068952325696e-03
1.908938019478121584e+00 4.154739312945431896e-03
1.904861818396399897e+00 4.001313571424879034e-03
1.912759457992236234e+00 4.225296899327251471e-03
1.909039924505164798e+00 3.931130885554372581e-03
1.926465684129524902e+00 4.054117034261565250e-03
1.925039013750921679e+00 3.727286939513243472e-03
1.918415186993124522e+00 4.356317737531678266e-03
1.910313737343202867e+00 3.918811443567678590e-03
1.910874214991938880e+00 4.364391372515939553e-03
1.918058519398474049e+00 3.987271031957419047e-03
1.918415186993124522e+00 3.993142990882430667e-03
1.925956158994309275e+00 4.048926667354745684e-03
1.919179474695947407e+00 3.786217477182487242e-03
1.922338530534281276e+00 4.114146498208797950e-03
1.925752348940223513e+00 3.921026833815295654e-03
1.927026161778261359e+00 3.765921610809392413e-03
1.925854253967266061e+00 4.056524132852986145e-03
1.922440435561324268e+00 4.221608696202734309e-03
1.932223318157456404e+00 3.819777101014244607e-03
1.935942851644527396e+00 3.622290123257396709e-03
1.931713793022241221e+00 4.101126634596446649e-03
1.925395681345572152e+00 3.897820660902459686e-03
1.930032360076030962e+00 4.148248124846100685e-03
1.926414731616002962e+00 3.925959775231368382e-03
1.936095709185091884e+00 4.352940357161822274e-03
1.934719991320010601e+00 4.006643376295733992e-03
1.933904751103666442e+00 3.917052147711286639e-03
1.938031904698909846e+00 3.604107954622516076e-03
1.926261874075438252e+00 3.973316077828576223e-03
1.934414276238881847e+00 3.881431250715963038e-03
1.932478080725063663e+00 3.840805741596735930e-03
1.940222862780335067e+00 4.913217485365184781e-03
1.940273815293856563e+00 4.009658511855909366e-03
1.939458575077512403e+00 3.758137336497243634e-03
1.930338075157160382e+00 4.148485938972329076e-03
1.938490477320602867e+00 4.185866053990550638e-03
1.935382373995790273e+00 3.787177316775353856e-03
1.940987150483157953e+00 4.520091067393593696e-03
1.947305262159826134e+00 3.867463600420341287e-03
1.942923345996975470e+00 4.629032348165038405e-03
1.947814787295041317e+00 4.017730889595177643e-03
1.944655731456707004e+00 3.712823340004203689e-03
1.950973843133375851e+00 4.167140034153192160e-03
1.945827639267702081e+00 4.266170921946914329e-03
1.952298608484934972e+00 4.011936980871334477e-03
1.950311460457595514e+00 4.018845387483204433e-03
1.955457664323269507e+00 4.262904825716945859e-03
1.946490021943481530e+00 4.205021141800757527e-03
1.951075748160418399e+00 4.563965987060783491e-03
1.961877681026980902e+00 3.837705300046794117e-03
1.957699574918216223e+00 4.057084090578905351e-03
1.965291499432922473e+00 4.485395809280394094e-03
1.950056697889988255e+00 3.933623143750226807e-03
1.958871482729211078e+00 4.051605983285878725e-03
1.963661019000233710e+00 4.315482382380169020e-03
1.964934831838272000e+00 3.995206697151022952e-03
1.961979586054023894e+00 4.317752794026243415e-03
1.962132443594588826e+00 3.947040990187047557e-03
1.961928633540502842e+00 4.036198140497850723e-03
1.963202446378540467e+00 4.033543990168752223e-03
1.969265795487601167e+00 3.731602912493450254e-03
1.965393404459965909e+00 4.489248979385873986e-03
1.960960535783593750e+00 3.410923532057164552e-03
1.962896731297411490e+00 3.688127924331684356e-03
1.965851977081659596e+00 4.040926245660365554e-03
1.969061985433515405e+00 3.898782989986834639e-03
1.961164345837680401e+00 4.372055235660518568e-03
1.971813421163676860e+00 4.038654488975664675e-03
1.965597214514051894e+00 3.998769362338496988e-03
1.973851521704538037e+00 4.311871321018706515e-03
1.973087234001714929e+00 4.026664025244807224e-03
1.980628206002900349e+00 3.672863438864647050e-03
1.971660563623112816e+00 4.744384957854238562e-03
1.977265340110479608e+00 4.041337403127643994e-03
1.980067728354163448e+00 3.611393963681470195e-03
1.981239636165158746e+00 3.271528331469036356e-03
1.977367245137522822e+00 4.177767447236045706e-03
1.985112027192793782e+00 3.828819500504941544e-03
1.979507250705426546e+00 4.018712956091170449e-03
1.982054876381502906e+00 4.154661203861969437e-03
1.978895820543168593e+00 4.138809037107395519e-03
1.977112482569915564e+00 4.124624065694910795e-03
1.994589194707796498e+00 4.131928417625501879e-03
1.981137731138115310e+00 3.738577964991134182e-03
1.984143929435884912e+00 4.316264380813856355e-03
1.987252032760697951e+00 4.108842409203576976e-03
1.984704407084621813e+00 4.026509284238187839e-03
1.988678703139300508e+00 3.792027641639421180e-03
1.986334887517310133e+00 3.629661229829232207e-03
1.992347284112849559e+00 3.678796176142752096e-03
1.986946317679568530e+00 4.693218844498903836e-03
1.991073471274812157e+00 3.642716316785687362e-03
1.996882057816264933e+00 4.388736122528143734e-03
1.996525390221614460e+00 3.972528654650931898e-03
1.994028717059060041e+00 4.096531387798051094e-03
1.991735853950591384e+00 3.805013490522147959e-03
2.005340175060837282e+00 4.440756370117500580e-03
2.006868750466483498e+00 4.012574332145418463e-03
2.006308272817746374e+00 4.219714166465314900e-03
2.014002102359496060e+00 3.830653206133074855e-03
2.009671138710166449e+00 4.001414138282302288e-03
2.010792094007639808e+00 3.695441473738372146e-03
1.990512993626075033e+00 3.463942842163757804e-03
2.002894454411804581e+00 4.251052207043684236e-03
2.007072560520569038e+00 4.428778875427094933e-03
2.015275915197533241e+00 3.929925452263033359e-03
2.011199714115812220e+00 4.242882221641312845e-03
2.012167811872721312e+00 3.822131405481429996e-03
2.012371621926806853e+00 3.948737615589194977e-03
2.009569233683123901e+00 4.745085330572779668e-03
2.015887345359792082e+00 3.703161240855868622e-03
2.008550183412693091e+00 3.855846399712989283e-03
2.014817342575839998e+00 4.091635946892537186e-03
2.026893088280440569e+00 3.894702281271610923e-03
2.017772588360088548e+00 3.867977097047823644e-03
2.022358314577024974e+00 4.731466976394620681e-03
2.018689733603475922e+00 3.943816707657945425e-03
2.018434971035867775e+00 4.268528383960933960e-03
2.022664029658153950e+00 3.896571609720506004e-03
2.027453565929176804e+00 4.424673559320612889e-03
2.036268350768399849e+00 4.133812937251274584e-03
2.030052144118774660e+00 4.243249337133136664e-03
2.036472160822486277e+00 4.072795394176974629e-03
2.031682624551462979e+00 4.082371219590972579e-03
2.024651177685494297e+00 4.022148300513351746e-03
2.031122146902726744e+00 4.308835690762792894e-03
2.033109294930065758e+00 3.687254956308609610e-03
2.031224051929769292e+00 3.704146106937354545e-03
2.040293599336600483e+00 3.953521066907619841e-03
2.038968833985041140e+00 4.315518477734696379e-03
2.033415010011195179e+00 4.068203244492247031e-03
2.031733577064984697e+00 4.576659028200406702e-03
2.036726923390093980e+00 4.540998233105373628e-03
2.044471705445364940e+00 4.070145973374818954e-03
2.039121691525605407e+00 4.188888536191129677e-03
2.051808867392463931e+00 3.923687620965532821e-03
2.050993627176119105e+00 4.664301181090382310e-03
2.039733121687863804e+00 4.092635168397099933e-03
2.049465051770473778e+00 3.669203673644334980e-03
2.049516004283995496e+00 4.198991043864288078e-03
2.052318392527678892e+00 4.591451969416310980e-03
2.051859819905985205e+00 4.131476005006916134e-03
2.050738864608511847e+00 3.946274639276772626e-03
2.056598403663487229e+00 4.271316113255414423e-03
2.058738409231390065e+00 4.368565224386051007e-03
2.053184585257544992e+00 4.444914000979453828e-03
2.047783618824263296e+00 4.025812876104232704e-03
2.049312194229909512e+00 4.056648930125200322e-03
2.057668406447438425e+00 4.127653654433289035e-03
2.055834115960663677e+00 4.021218722533763737e-03
2.059298886880126744e+00 4.516643593856105657e-03
2.059604601961256165e+00 3.988677185181368004e-03
2.065413188502709385e+00 3.910880081990222162e-03
2.056649356177008059e+00 3.812320724200935016e-03
2.070865107449511910e+00 4.449108593378690163e-03
2.062050322610289310e+00 4.597811514004437362e-03
2.060266984637036281e+00 4.274548451851127237e-03
2.060368889664078829e+00 4.581976843719885381e-03
2.062712705286068537e+00 4.323512177771478802e-03
2.065107473421580853e+00 3.670968595652852277e-03
2.071935110233463995e+00 4.272176081142959464e-03
2.063986518124107050e+00 4.032951795985109320e-03
2.061235082393944928e+00 3.994816787112944259e-03
2.063426040475369927e+00 4.132610084754816983e-03
2.061948417583245874e+00 4.600227585263608546e-03
2.068062719205828515e+00 4.349241012630176637e-03
2.075399881152927506e+00 3.878992466812925498e-03
2.071986062746985269e+00 4.516991333384285170e-03
2.066941763908354712e+00 3.949326003348438245e-03
2.067043668935398149e+00 4.491720556227771569e-03
2.081616087802553139e+00 3.821435117278256747e-03
2.089309917344302825e+00 4.213683530953041267e-03
2.089768489965996068e+00 4.480980266274232557e-03
2.104799481454844745e+00 3.713889529578684456e-03
2.097920892129439441e+00 4.217498702371124883e-03
2.107652822212049415e+00 4.079066153709170507e-03
2.115601414321407248e+00 4.358879580188796711e-03
2.118556660105655354e+00 4.457759668705575662e-03
2.122072383538640139e+00 3.826703377264783958e-03
2.123193338836113053e+00 4.821612959295916434e-03
2.141026718568645126e+00 3.925906872475878710e-03
2.131600503567164129e+00 4.556191879053022448e-03
2.140771956001037424e+00 3.879758724568273948e-03
2.148109117948136415e+00 4.690908781650361334e-03
2.151013411218862803e+00 3.911012845691201265e-03
2.155344374868192414e+00 4.527852620015952387e-03
2.158962003328219748e+00 3.964521402219750926e-03
2.160949151355559206e+00 4.357747788913112277e-03
2.165942497680668932e+00 4.586530063917881525e-03
2.172005846789728967e+00 4.322776533974967070e-03
2.172107751816772403e+00 4.263830422914196422e-03
2.180311106493737050e+00 3.930628941815238024e-03
2.183368257305028592e+00 4.693675189455072741e-03
2.186782075710970386e+00 4.157334823752382655e-03
2.183775877413200561e+00 4.336606710376046843e-03
2.188667318711265963e+00 4.479766315564018102e-03
2.201813067199818619e+00 3.813740327510054592e-03
2.199316394037264200e+00 4.572172633705162345e-03
2.204156882821808328e+00 4.662040829916835015e-03
2.199724014145435724e+00 4.635309529444979829e-03
2.202730212443205549e+00 4.014023363369139709e-03
2.206449745930276762e+00 4.056725726538366536e-03
2.209761659309175563e+00 4.533353680704979745e-03
2.216028818472322470e+00 4.484200422678616751e-03
2.213837860390897028e+00 3.701565973205352654e-03
2.203188785064899680e+00 3.942404431696661972e-03
2.215519293337107509e+00 4.246429675253812416e-03
2.208284036417051510e+00 4.177717733141355846e-03
2.223773600527593874e+00 4.658127163464067556e-03
2.227798849095793621e+00 4.371167403491934764e-03
2.228104564176922597e+00 4.707868874331779321e-03
2.232588385366816919e+00 3.854772329481558155e-03
2.227442181501142926e+00 4.044162979146494370e-03
2.226066463636062309e+00 4.034731335044074683e-03
2.233301720556117864e+00 4.196161452440783958e-03
2.231620287609907383e+00 4.005045827796239154e-03
2.234320770826548230e+00 4.475081263902815944e-03
2.225200270906196209e+00 4.057084090578902749e-03
2.235951251259236550e+00 4.250844560689063037e-03
2.241861742827732762e+00 4.064924979544439626e-03
2.235441726124021589e+00 3.952273196993418176e-03
2.238396971908270139e+00 4.366556090026587483e-03
2.238906497043485100e+00 4.131252922215931413e-03
2.240282214908566161e+00 4.405347954421724374e-03
2.237632684205447475e+00 4.263538150771004065e-03
2.247670329369186870e+00 4.546026544690129692e-03
2.242116505395340464e+00 4.417024583826891643e-03
2.243441270746900695e+00 4.592726843923659354e-03
2.239823642286872474e+00 4.755766881947258960e-03
2.236002203772758712e+00 3.542057347624190215e-03
2.246447469044670076e+00 4.428016747369012060e-03
2.245020798666067741e+00 4.805672959366366279e-03
2.239976499827437184e+00 4.301342867981157100e-03
2.239314117151657069e+00 4.338342480781876356e-03
2.247364614288057449e+00 4.684573095620867163e-03
2.247670329369186426e+00 3.582784239163533477e-03
2.242473172989991603e+00 4.182031336710950904e-03
2.245683181341847412e+00 4.800200035419702020e-03
2.244052700909158649e+00 4.144826473016429737e-03
2.252154150559080303e+00 4.491584727095901571e-03
2.247313661774535731e+00 4.240091105150492132e-03
2.241861742827733206e+00 4.489792553910409989e-03
2.238396971908270139e+00 4.158249581444371096e-03
2.248485569585530808e+00 3.480933125427734896e-03
2.251899387991472601e+00 3.440781399902243659e-03
2.247262709261014457e+00 4.032336980678610447e-03
2.250319860072305111e+00 4.488740041450496425e-03
2.243746985828029672e+00 4.723325485842570608e-03
2.255975589073194509e+00 4.515148871191710864e-03
2.248383664558487371e+00 4.670475375119702115e-03
2.246702231612277778e+00 3.841356594128711270e-03
2.252612723180773990e+00 4.518068868526334270e-03
2.247313661774535287e+00 4.200721875440425156e-03
2.254294156126984028e+00 3.932451483985041282e-03
2.253377010883596654e+00 4.302697667766090112e-03
2.249351762315396908e+00 3.915126287391651819e-03
2.258727024803357075e+00 4.272953853529604974e-03
2.246753184125799052e+00 4.184935620299065455e-03
2.245785086368889960e+00 3.738883499109751062e-03
2.248587474612573800e+00 4.211600511285227069e-03
2.244358415990288513e+00 4.720884425246894833e-03
2.249606524883004610e+00 4.236676222135162678e-03
2.249606524883004610e+00 4.519531031887580493e-03
2.255517016451500378e+00 4.433325468475269107e-03
2.250268907558784282e+00 4.076261587382348783e-03
2.248791284666660228e+00 4.613383626238904030e-03
2.250982242748085227e+00 4.571468486054519088e-03
2.253886536018812059e+00 3.717788128480619021e-03
2.237174111583753344e+00 3.998055135210360628e-03
2.244715083584938320e+00 4.398474069693415409e-03
2.249963192477655305e+00 4.347688737829197639e-03
2.255618921478543815e+00 4.233059264801561708e-03
2.248740332153138510e+00 4.653331574527451789e-03
2.243033650638728727e+00 4.644262213748987823e-03
2.247976044450315847e+00 4.266353481656892828e-03
2.256892734316581883e+00 4.288431248263291536e-03
2.253377010883596654e+00 4.374504005301445460e-03
2.262242748236340972e+00 4.482269185653755053e-03
2.255669873992065533e+00 3.738244626563170213e-03
2.242524125503513321e+00 4.233203389146384873e-03
2.245020798666067741e+00 3.775178973828101185e-03
2.242829840584641854e+00 4.379933898700973799e-03
2.252459865640209280e+00 4.209356106556120733e-03
2.244052700909158204e+00 4.620499676212503661e-03
2.250217955045262563e+00 4.210712757929650600e-03
2.239161259611092802e+00 4.330121352346704908e-03
2.237530779178403595e+00 4.818230357382809713e-03
2.245224608720153281e+00 4.197633696506710040e-03
2.250319860072306000e+00 5.112799750368073569e-03
2.244969846152546022e+00 3.986932439521299019e-03
2.236206013826844252e+00 4.495995629782668750e-03
2.236155061313322978e+00 4.617815927787026833e-03
2.245377466260718435e+00 4.323857436799635919e-03
2.248128901990880113e+00 4.073687711030981803e-03
2.238295066881226703e+00 4.285236644281232091e-03
2.247211756747493183e+00 4.105707253326622806e-03
2.235696488691629291e+00 4.482579050323562582e-03
2.244358415990287181e+00 4.214764692818656795e-03
2.237276016610795892e+00 4.170904412969597339e-03
2.242524125503513321e+00 4.552917150140360289e-03
2.238702686989398671e+00 4.533559840630530836e-03
2.242269362935905619e+00 3.696414349777669799e-03
2.243033650638728282e+00 4.114272702699389543e-03
2.237632684205447031e+00 4.368799959375125816e-03
2.235747441205151453e+00 4.365366817669687899e-03
2.230601237339477461e+00 4.552689056934917239e-03
2.238498876935313131e+00 4.280969421044927142e-03
2.234983153502328346e+00 4.755316495637271559e-03
2.230193617231305048e+00 4.616969731916676853e-03
2.237276016610796781e+00 4.437504687854114047e-03
2.226321226203669568e+00 4.176797915658184146e-03
2.235951251259236550e+00 4.183744363234055338e-03
2.228257421717487752e+00 4.456440358102565710e-03
2.234932200988807072e+00 4.566823504945314964e-03
2.225760748554932889e+00 4.622985319227406256e-03
2.226728846311841981e+00 3.860610452304061822e-03
2.228563136798616728e+00 4.359376879727875492e-03
2.223875505554636423e+00 4.029499890579648844e-03
2.230805047393563889e+00 4.576576774665147736e-03
2.231722192636950819e+00 4.363139033384308592e-03
2.233964103231897536e+00 4.440122011218053735e-03
2.221633594959690150e+00 4.011652243014706548e-03
2.220206924581087371e+00 4.299797452872110640e-03
2.222754550257163064e+00 3.938662252716949690e-03
2.223009312824771211e+00 4.177248527232507377e-03
2.226372178717191286e+00 4.175619880571401592e-03
2.224792650798024241e+00 4.351055277796425994e-03
2.231976955204558077e+00 4.907602637654010815e-03
2.233046957988510606e+00 4.620297395586480879e-03
2.225149318392674491e+00 4.009881884938273564e-03
2.224486935716894820e+00 4.161579098636568851e-03
2.222041215067861675e+00 3.969311994673966129e-03
2.217251678796839265e+00 4.335993039117847642e-03
2.222601692716598798e+00 4.120681955357610900e-03
2.215519293337107509e+00 4.636317569456008432e-03
2.215570245850629671e+00 4.088970162446314144e-03
2.217608346391489071e+00 4.063366318114788531e-03
2.209252134173960158e+00 4.566959938675332550e-03
2.215977865958801640e+00 4.183396849358483535e-03
2.221837405013775690e+00 4.310531450192845934e-03
2.213837860390897472e+00 3.762090144631801379e-03
2.224945508338588951e+00 4.199970905770988513e-03
2.211799759850036295e+00 4.361975612538669667e-03
2.210424041984955235e+00 4.673684399039372724e-03
2.205328790632803848e+00 4.875947896116166781e-03
2.200131634253608581e+00 4.414014217208340682e-03
2.209914516849740274e+00 4.128131641806064185e-03
2.206551650957319755e+00 5.283603678508023635e-03
2.206449745930276762e+00 4.222912229310874649e-03
2.206908318551970893e+00 4.060362292213420647e-03
2.201660209659253908e+00 4.315876406993627776e-03
2.195749718090757696e+00 4.378297632793961072e-03
2.206042125822104794e+00 4.853127280346787066e-03
2.193049234874117293e+00 3.984747175527206774e-03
2.201609257145732634e+00 4.103762380355229465e-03
2.192081137117208200e+00 4.446058638608944499e-03
2.201303542064603214e+00 4.001300594872064971e-03
2.202271639821512750e+00 3.970410659374343058e-03
2.196717815847666788e+00 3.897237820168057611e-03
2.191469706954950247e+00 4.960679253242498109e-03
2.194119237658068933e+00 4.490911300734359499e-03
2.204054977794765335e+00 4.461171173932959935e-03
2.191928279576643934e+00 3.823489651523093950e-03
2.187903031008443300e+00 4.532411525055382931e-03
2.192386852198337621e+00 3.903012423660858540e-03
2.194883525360891596e+00 4.005904629809431405e-03
2.194017332631025941e+00 3.694935617489494752e-03
2.181330156764167416e+00 4.433348892442620821e-03
2.192488757225380169e+00 4.240629884719070673e-03
2.181330156764167416e+00 4.300778493631887862e-03
2.189890179035782758e+00 4.298242422055736575e-03
2.189788274008739766e+00 4.602442143199463563e-03
2.177253955682445952e+00 3.948159003582932258e-03
2.190858276792691406e+00 4.736257450778162854e-03
2.187036838278577200e+00 4.539568719591689089e-03
2.186578265656884401e+00 4.558524649265654691e-03
2.185763025440540019e+00 4.109979575953250953e-03
2.181177299223603150e+00 4.296028174485271196e-03
2.181992539439947532e+00 4.002737492426021101e-03
2.175419665195670760e+00 4.259337570035380202e-03
2.180871584142473729e+00 4.597856685858461162e-03
2.187852078494922026e+00 3.913551084719983121e-03
2.186119693035190714e+00 4.073333994521068091e-03
2.178629673547527013e+00 4.414061269975622960e-03
2.181992539439947532e+00 4.089360618054651945e-03
2.174604424979326822e+00 3.644526121519539585e-03
2.174706330006370258e+00 4.619356112299513248e-03
2.168031550735050939e+00 3.983675274287012263e-03
2.170375366357040647e+00 4.747120202254746443e-03
2.169509173627174992e+00 4.180665378051911032e-03
2.175266807655106938e+00 4.165445109621826632e-03
2.173330612141289198e+00 4.451567464720942308e-03
2.168693933410830610e+00 4.320268398848557852e-03
2.169050601005480861e+00 4.279025333773657687e-03
2.172158704330294121e+00 4.328337299954293851e-03
2.158809145787655925e+00 4.373625574147970395e-03
2.168184408275615205e+00 4.161282764185382163e-03
2.156567235192708765e+00 4.280314413833622225e-03
2.169458221113652829e+00 3.807387152254070647e-03
2.169916793735346960e+00 4.179895277375870848e-03
2.156821997760316467e+00 4.499643557901071046e-03
2.161407723977253337e+00 4.322488247571757564e-03
2.151522936354078208e+00 4.272905246903097379e-03
2.151217221272949232e+00 4.556975298922813153e-03
2.148007212921093423e+00 4.253836131511716002e-03
2.158605335733569053e+00 3.803733963906712374e-03
2.149128168218566781e+00 4.565936586329517530e-03
2.151268173786470950e+00 4.176999919961550331e-03
2.149688645867303460e+00 4.008363350191944049e-03
2.153051511759723979e+00 4.368562252976234891e-03
2.154783897219455291e+00 4.436308100877752250e-03
2.152541986624508574e+00 4.212817785433269416e-03
2.151421031327035216e+00 3.927440763068992466e-03
2.162783441842334398e+00 4.077907633690037482e-03
2.142402436433726187e+00 4.014385539449800457e-03
2.143727201785285974e+00 3.962114105209165252e-03
2.149230073245609773e+00 4.013699964252344550e-03
2.139905763271171768e+00 4.618026749803346050e-03
2.143115771623027577e+00 4.070987853503559364e-03
2.139701953217085784e+00 4.071035682374776234e-03
2.144848157082758888e+00 4.326465503421765037e-03
2.131957171161814824e+00 4.213779029351385867e-03
2.143064819109505859e+00 4.296584109249823591e-03
2.141434338676817095e+00 4.296269894091679295e-03
2.135269084540713180e+00 4.210589444049124552e-03
2.140721003487515706e+00 4.826843777573331176e-03
2.132823363891680479e+00 4.863187203041054174e-03
2.131804313621249669e+00 4.798590755229091218e-03
2.135574799621842601e+00 4.372533224466968946e-03
2.135320037054234898e+00 3.744545249936874314e-03
2.129919070620953647e+00 4.099987012407889202e-03
2.128747162809958571e+00 4.215913315941897596e-03
2.126097632106839441e+00 4.292778746995237066e-03
2.126810967296140831e+00 4.361737534225875422e-03
2.125995727079797337e+00 4.285769748445058570e-03
2.122785718727941084e+00 4.286832729824285176e-03
2.116518559564794177e+00 4.164862320008488536e-03
2.125944774566275175e+00 3.880223759187741237e-03
2.115754271861971070e+00 4.696868362678549395e-03
2.126097632106839885e+00 4.625231078645195872e-03
2.115448556780842093e+00 4.571354903694953634e-03
2.109945685320517850e+00 4.214838608286567215e-03
2.125537154458102762e+00 4.264755819225353635e-03
2.113206646185895377e+00 4.857191164704700685e-03
2.114786174105062866e+00 4.372723217926493058e-03
2.113767123834631612e+00 4.420552684826562981e-03
2.106735676968662485e+00 4.227327110129552520e-03
2.117079037213530412e+00 4.445661552818289466e-03
2.107296154617398720e+00 4.221042886771901072e-03
2.110047590347560842e+00 4.482231537084925728e-03
2.101793283157074477e+00 4.723149595734203558e-03
2.109130445104173468e+00 4.097098550824693555e-03
2.102455665832854592e+00 3.763373482190528804e-03
2.095984696615621257e+00 4.550316209814287902e-03
2.102048045724682179e+00 4.412617109630649799e-03
2.102557570859897584e+00 4.050324235078134154e-03
2.100468517805515134e+00 4.267068431984200744e-03
2.098583274805219112e+00 4.470414531975388898e-03
2.102557570859897584e+00 4.629954842356969261e-03
2.094252311155889945e+00 4.536465125922892715e-03
2.093895643561239250e+00 4.024926071018270976e-03
2.086048956478925298e+00 4.378964662823402881e-03
2.090685635209383442e+00 4.138683580824734434e-03
2.090838492749947708e+00 4.427887758873453802e-03
2.102353760805811600e+00 4.363403809622264269e-03
2.087679436911613617e+00 4.044474313897187916e-03
2.089258964830780663e+00 4.070780588567904021e-03
2.091449922912206105e+00 4.101395665847813385e-03
2.083348473262284895e+00 3.875778558522590452e-03
2.076215121369271444e+00 4.147080760436639042e-03
2.078609889504783315e+00 4.228751668293924751e-03
2.086507529100618985e+00 3.933174323787965408e-03
2.071935110233463995e+00 4.053268447451918895e-03
2.076775599018008567e+00 3.777997457017912616e-03
2.077132266612659262e+00 3.735132033364586650e-03
2.078762747045347581e+00 3.944300518063265440e-03
2.078558936991261596e+00 4.226844984971708796e-03
2.078507984477740322e+00 4.244549282465228529e-03
2.080189417423950360e+00 3.547916119640527003e-03
2.070661297395426370e+00 4.165485621376553531e-03
2.067145573962440697e+00 4.422240829203427301e-03
2.066839858881312164e+00 4.026277161577392072e-03
2.070508439854862104e+00 4.992147757346090085e-03
2.076062263828707177e+00 3.820079538781504750e-03
2.069795104665560270e+00 3.976944049990723852e-03
2.068317481773435773e+00 4.267728513796568805e-03
2.071986062746985713e+00 3.936555713730604568e-03
2.071884157719942277e+00 4.198981769630979674e-03
2.060114127096471570e+00 4.231731250024796734e-03
2.065056520908059134e+00 4.340615887886907151e-03
2.061082224853380662e+00 4.501688451334312155e-03
2.060063174582950296e+00 3.925076867168543135e-03
2.060368889664078829e+00 4.154039403182619231e-03
2.060521747204643539e+00 4.562668851415352909e-03
2.067043668935398149e+00 4.424165995090365011e-03
2.055477448366012982e+00 4.791714808590178190e-03
2.058840314258433057e+00 4.610839317173869890e-03
2.057107928798701746e+00 4.285091240725936133e-03
2.050840769635554839e+00 4.491558716793536514e-03
2.054101730500932366e+00 4.268528383960927888e-03
2.064597948286365003e+00 4.180202713610546572e-03
2.058279836609696822e+00 3.751222876248663709e-03
2.046764568553832486e+00 3.913322213063381502e-03
2.050127434446253449e+00 4.174186519038119644e-03
2.053184585257544548e+00 4.267311792000139277e-03
2.042229794850417779e+00 4.424732233511744460e-03
2.043911227796628260e+00 4.261223622090286149e-03
2.045388850688752314e+00 4.343999862098857009e-03
2.040344551850121757e+00 4.253173893637367080e-03
2.046102185878053259e+00 4.104116637242303731e-03
2.045083135607622893e+00 4.026460926454041023e-03
2.041669317201681544e+00 3.536247601779805849e-03
2.031937387119070682e+00 4.000418090529861762e-03
2.042586462445068474e+00 3.930321799891932713e-03
2.036675970876571817e+00 4.500612762854778667e-03
2.038714071417432994e+00 4.346374841526732050e-03
2.034128345200496124e+00 4.090223932253724340e-03
2.029338808929474158e+00 4.123601116469497417e-03
2.030969289362162034e+00 3.913985572344843428e-03
2.034586917822190255e+00 4.178180672753226479e-03
2.027555470956220240e+00 4.234751649740856744e-03
2.037083590984744230e+00 3.985629892848885185e-03
2.028676426253693599e+00 5.029609302049366411e-03
2.027861186037349217e+00 4.609622956760874371e-03
2.023886889982671189e+00 3.901924722559010211e-03
2.032039292146114118e+00 3.906180662877039265e-03
2.027300708388612094e+00 4.489061026072708148e-03
2.030918336848640759e+00 4.522976304581391091e-03
2.027147850848047828e+00 3.938533716893901152e-03
2.023071649766326363e+00 4.169086477359961254e-03
2.019454021306298142e+00 4.494979224049041981e-03
2.020880691684900921e+00 4.499574320987294145e-03
2.015021152629925982e+00 3.860761755900597638e-03
2.018842591144040188e+00 4.497727610119333502e-03
2.024549272658450416e+00 3.509659284610455905e-03
2.025568322928880782e+00 4.753350674157551768e-03
2.013900197332452624e+00 3.892118398806435758e-03
2.019301163765733875e+00 3.533122385527676709e-03
2.011352571656376931e+00 4.500581036235394052e-03
2.010690188980596815e+00 4.078273685192884516e-03
2.015683535305705654e+00 3.844383183895456850e-03
2.006053510250138672e+00 4.176067510883457387e-03
2.006919702980004772e+00 4.155710867214727072e-03
2.008550183412693091e+00 4.124557975104288163e-03
2.004168267249842650e+00 4.138959579627028013e-03
1.996627295248657452e+00 4.410672187732074707e-03
1.999633493546427276e+00 3.449376033481760858e-03
2.001977309168416763e+00 4.144741913386956744e-03
2.004168267249842206e+00 3.864535702679745659e-03
2.008957803520865060e+00 3.924240070617141321e-03
2.000499686276292710e+00 4.071902881780646404e-03
2.006206367790702494e+00 4.221190496543846503e-03
2.001824451627852497e+00 5.055893935734389819e-03
2.003200169492934002e+00 3.806122065648515160e-03
2.002690644357717709e+00 3.941828183146965994e-03
1.999022063384169323e+00 4.235242069681203689e-03
2.001263973979115818e+00 4.326813526871031712e-03
2.003454932060540816e+00 4.572899382066673499e-03
1.996117770113442269e+00 3.887977276383903537e-03
1.999378730978819130e+00 3.871301429151573822e-03
2.000550638789814428e+00 4.507889555732695272e-03
1.993111571815672445e+00 3.864861507371455864e-03
1.988372988058171087e+00 4.091899257504937916e-03
1.998053965627260009e+00 3.691223886763823382e-03
1.998257775681345771e+00 4.259736788033457143e-03
1.989442990842123393e+00 3.975928812668096980e-03
1.991582996410026896e+00 4.431333978692999012e-03
1.991633948923548614e+00 3.646616253682414578e-03
1.977622007705130525e+00 3.712323348959939515e-03
1.982921069111368784e+00 3.982635678156203063e-03
1.984194881949406630e+00 4.051064494143026898e-03
1.987353937787740943e+00 4.248043397196470117e-03
1.986283935003789081e+00 3.794563370196445042e-03
1.981290588678680242e+00 4.246823993470203937e-03
1.980322490921770928e+00 4.295689744185557032e-03
1.981188683651637028e+00 4.407954923027221882e-03
1.986997270193089582e+00 3.804198055296265785e-03
1.970692465866203724e+00 4.161033203015697748e-03
1.976399147380614174e+00 4.048862547171681522e-03
1.979405345678383332e+00 4.697177888264490037e-03
1.974208189299188509e+00 4.242906696995659387e-03
1.970641513352682006e+00 3.853098338185111972e-03
1.974361046839753220e+00 3.936766748085406518e-03
1.978182485353867426e+00 4.003386035662958101e-03
1.969979130676902557e+00 4.054923827551860580e-03
1.973596759136930556e+00 4.206774177922237637e-03
1.969928178163380839e+00 4.201809461790951758e-03
1.968501507784778726e+00 4.446198778068015563e-03
1.973443901596365846e+00 4.339120359359198778e-03
1.964272449162492995e+00 3.854193082771796477e-03
1.968144840190127143e+00 4.202936917467437958e-03
1.969571510568730144e+00 3.984082565567440871e-03
1.957699574918215779e+00 3.979554402923773070e-03
1.955457664323269062e+00 3.899019373591394028e-03
1.959075292783297506e+00 3.705771789735806763e-03
1.961622918459373421e+00 3.614627475774292824e-03
1.956527667107220925e+00 3.738900858253251750e-03
1.962743873756846558e+00 3.701846509635313941e-03
1.951534320782112086e+00 4.006448982532291765e-03
1.954795281647489169e+00 3.968739653019944316e-03
1.950668128052246209e+00 4.223404024040083339e-03
1.952349560998457134e+00 4.193475441445359761e-03
1.949190505160122155e+00 4.197324444382921627e-03
1.947763834781519821e+00 4.143839836639467630e-03
1.948528122484342706e+00 4.140439622858854869e-03
1.938184762239473891e+00 4.054949437408384219e-03
1.948120502376170515e+00 4.111267984695254202e-03
1.958005289999345644e+00 3.993750838782911088e-03
1.948018597349127745e+00 3.774515293156187248e-03
1.940324767807378281e+00 3.960960704716118275e-03
1.948884790078993179e+00 4.269577416087911616e-03
1.944400968889099524e+00 3.814175975060429043e-03
1.937573332077215493e+00 3.833363178037126062e-03
1.941700485672459120e+00 4.098086937841648875e-03
1.942260963321195577e+00 3.682368856125977502e-03
1.942311915834717739e+00 3.453794997435399947e-03
1.936503329293263853e+00 4.225370630552620528e-03
1.934312371211838633e+00 4.212562032967181493e-03
1.936452376779742579e+00 3.651201800286460984e-03
1.935382373995790273e+00 4.220329366759946292e-03
1.930389027670681878e+00 3.824966196630069822e-03
1.936961901914957318e+00 3.899781696314971562e-03
1.933904751103666220e+00 4.283649054981939625e-03
1.935076658914661518e+00 4.015791895679143159e-03
1.921574242831458612e+00 4.147033808614130138e-03
1.933548083509015525e+00 4.569423571614206030e-03
1.926261874075438252e+00 3.921357875804470927e-03
1.924631393642749488e+00 4.052810456986908824e-03
1.928911404778557381e+00 4.389008227279465879e-03
1.923153770750625435e+00 3.883032855113655035e-03
1.931408077941112023e+00 4.198867385736171527e-03
1.925191871291485946e+00 3.865879050335527863e-03
1.923765200912883611e+00 3.941166216565472440e-03
1.919994714912291345e+00 3.670600826198624263e-03
1.920147572452855833e+00 4.537063126104818461e-03
1.918007566884951887e+00 3.925844049527804983e-03
1.917548994263258422e+00 4.165220729691979443e-03
1.912708505478714294e+00 3.864821203125116175e-03
1.919943762398770071e+00 3.693702302647926348e-03
1.920453287533985254e+00 3.768778015993839905e-03
1.916835659073957698e+00 4.516344688898535700e-03
1.917752804317344184e+00 3.865717873264764605e-03
1.921013765182721711e+00 4.263879132990309670e-03
1.912504695424628087e+00 3.828565220610874974e-03
1.919994714912291345e+00 3.308270230138020494e-03
1.915052321100704003e+00 4.305713507253060811e-03
1.911995170289412682e+00 4.065039939094407598e-03
1.909753259694465743e+00 3.958338090061518620e-03
1.914186128370837903e+00 4.005953235738492560e-03
1.904250388234141944e+00 3.394661264245234407e-03
1.907969921721212714e+00 3.827273217850411281e-03
1.905829916153309211e+00 3.662557262504155010e-03
1.911587550181240491e+00 3.932121375957513612e-03
1.908275636802341912e+00 4.278467117460400988e-03
1.910670404937853339e+00 4.249769523250357568e-03
1.903944673153012523e+00 4.055307958418062977e-03
1.902874670369060661e+00 3.942878538770207622e-03
1.908938019478122028e+00 4.463800792730707873e-03
1.908683256910514325e+00 4.457325766373048184e-03
1.905677058612744723e+00 4.281478801819190924e-03
1.907766111667127173e+00 4.332854473992009403e-03
1.905880868666830263e+00 3.435801698225416333e-03
1.908734209424035821e+00 4.029966972346161330e-03
1.896352748638306052e+00 3.690914407381686545e-03
1.901957525125673287e+00 4.181121782062094221e-03
1.897779419016909053e+00 3.900510590464029929e-03
1.901346094963415112e+00 3.982058731879796476e-03
1.895690365962526602e+00 3.559754246199910328e-03
1.900479902233549234e+00 3.849744800024414767e-03
1.887843678880212206e+00 4.334211403635649350e-03
1.900021329611855991e+00 3.882685172520756230e-03
1.887639868826126222e+00 3.946554226592894309e-03
1.892633215151234838e+00 3.742495936042802927e-03
1.881576519717065743e+00 3.617883213625660253e-03
1.884837480582442826e+00 3.987114762098341834e-03
1.887792726366690488e+00 4.214838608286560276e-03
1.886467961015131367e+00 4.349623026078947539e-03
1.890442257069810061e+00 4.220427790485145776e-03
1.884277002933706147e+00 4.147935190749140605e-03
1.884990338123007314e+00 3.798611547482193176e-03
1.881729377257629787e+00 4.594843315181370083e-03
1.884837480582442382e+00 3.616304169928730682e-03
1.885296053204136291e+00 4.222866120618591970e-03
1.881066994581850338e+00 3.605519531276890708e-03
1.880608421960156429e+00 3.935183714566191024e-03
1.874290310283487804e+00 4.110134332656724745e-03
1.877347461094779568e+00 4.342935928283701667e-03
1.879028894040989384e+00 3.599898750760389867e-03
1.875411265580960940e+00 4.103800337913021679e-03
1.871538874553326126e+00 3.922430259941957036e-03
1.877347461094778902e+00 4.697865956900000063e-03
1.881933187311716438e+00 4.022345162724037457e-03
1.883359857690318995e+00 3.677543329785688039e-03
1.876990793500128873e+00 3.855630936261127736e-03
1.869959346634159081e+00 4.127703971500138944e-03
1.877347461094779346e+00 3.977887237618654183e-03
1.865475525444264981e+00 3.769972997820932557e-03
1.878672226446338911e+00 4.215051108036600540e-03
1.871131254445153935e+00 3.936146802470496045e-03
1.876532220878434964e+00 4.435866247575095955e-03
1.871386017012761416e+00 4.256200425634258655e-03
1.871742684607411888e+00 4.319258726341669401e-03
1.875360313067439888e+00 4.094943547407883105e-03
1.861297419335500303e+00 4.320085112740557759e-03
1.867819341066254912e+00 3.946406212245890527e-03
1.863845045011576662e+00 3.884022242913802350e-03
1.858545983605338181e+00 3.656740173914692447e-03
1.854826450118267411e+00 4.161594694602125180e-03
1.860736941686763846e+00 4.511251642230900381e-03
1.852941207117970723e+00 4.001569849720216024e-03
1.853043112145014382e+00 4.337645263381852134e-03
1.853450732253186573e+00 4.064270286794964548e-03
1.862112659551844684e+00 4.547690947048241110e-03
1.857068360713213906e+00 3.903561148617679631e-03
1.859870748956897746e+00 3.960852556199980987e-03
1.853348827226143580e+00 4.156735282912129431e-03
1.855845500388697555e+00 3.638651667327790808e-03
1.852992159631492664e+00 4.318224769436755477e-03
1.850750249036545725e+00 4.641368469341039873e-03
1.850291676414852260e+00 3.982189122529714367e-03
1.854011209901923474e+00 3.856859589830632928e-03
1.849170721117378902e+00 4.048500249059272353e-03
1.848712148495684771e+00 3.989344283561698998e-03
1.846521190414259550e+00 4.463146441722065476e-03
1.844432137359876878e+00 3.881310852911175942e-03
1.849680246252593419e+00 4.215503789175473887e-03
1.843922612224661695e+00 4.108693922539347933e-03
1.842852609440710054e+00 4.082345781760037158e-03
1.839438791034768261e+00 3.956894911068721196e-03
1.846775952981867697e+00 4.131554552418060036e-03
1.844941662495092283e+00 3.769397938581164897e-03
1.844890709981571009e+00 3.887416334170066927e-03
1.839948316169983888e+00 3.901991257325427946e-03
1.843514992116489948e+00 4.177869980688057525e-03
1.844432137359877100e+00 4.057253662528946883e-03
1.833834014547401026e+00 3.698548862694381496e-03
1.834954969844874606e+00 3.956737441516324470e-03
1.835260684926003583e+00 4.103192974852301611e-03
1.834241634655573439e+00 4.528368628339225765e-03
1.838215930710252133e+00 3.982505302126919736e-03
1.829452098384550363e+00 3.835678685681134185e-03
1.828229238060033568e+00 3.624167436569534183e-03
1.822420651518580348e+00 3.732618528558922372e-03
1.835872115088262202e+00 3.402865055571370565e-03
1.829910671006244050e+00 3.682774222647364291e-03
1.834649254763745629e+00 3.877402584731061592e-03
1.830063528546808760e+00 3.646420465932585959e-03
1.829655908438636791e+00 3.952956290377057993e-03
1.824203989491833600e+00 3.833617139687599262e-03
1.831846866520061790e+00 3.680207322983200524e-03
1.825426849816350394e+00 3.563249563900893098e-03
1.826140185005651562e+00 3.313382836951827420e-03
1.818293497923337165e+00 3.594731425862720403e-03
1.823949226924226341e+00 4.050119117721777233e-03
1.821197791194064441e+00 3.610286718852356858e-03
1.822267793978016304e+00 4.076898434599171561e-03
1.819923978356026151e+00 3.812021076092560277e-03
1.821809221356322395e+00 3.524205287128514413e-03
1.817478257706993006e+00 4.038046971186033500e-03
1.821452553761671478e+00 3.817193510396505417e-03
1.812790626463013588e+00 4.166816057766731772e-03
1.819923978356026151e+00 4.364495470041580664e-03
1.819873025842504211e+00 4.038307347144130810e-03
1.809274903030028803e+00 3.792743018779806165e-03
1.808612520354249131e+00 4.178786455839203495e-03
1.810497763354545153e+00 3.514305337913011060e-03
1.811465861111454023e+00 4.216735328555662812e-03
1.810039190732851688e+00 3.813410155202449133e-03
1.815542062193175710e+00 3.510813055260990877e-03
1.800052498082632901e+00 3.741354630263015076e-03
1.805351559488871604e+00 3.882337458791160906e-03
1.810395858327501939e+00 4.383764282911374946e-03
1.802039646109972804e+00 3.940365780116862095e-03
1.809122045489463648e+00 3.887443047539468430e-03
1.810141095759894014e+00 3.924531150524269464e-03
1.806013942164651276e+00 3.967431133481237777e-03
1.804892986867177695e+00 3.717005942009095516e-03
1.800612975731370469e+00 3.851362951833925581e-03
1.802752981299273971e+00 3.920775223210014315e-03
1.800714880758413239e+00 3.893132151953669802e-03
1.795976297000911437e+00 4.153961280938391759e-03
1.802345361191102002e+00 4.193227796232637875e-03
1.796383917109083850e+00 3.977231272676339316e-03
1.791594380838060552e+00 3.863165006838175427e-03
1.793785338919486216e+00 4.353682830432990813e-03
1.795110104271046447e+00 3.887860420096850896e-03
1.791084855702845813e+00 3.690773726356570000e-03
1.785836746810129272e+00 3.997626537682684618e-03
1.793173908757228263e+00 4.134871032424498882e-03
1.784461028945047989e+00 3.971718197280621476e-03
1.788333419972684135e+00 3.494060952348567416e-03
1.783747693755747044e+00 3.853206142225945076e-03
1.784562933972090981e+00 3.495873452066253825e-03
1.782117213323057836e+00 4.607355502508111121e-03
1.784817696539699128e+00 4.139163430561604989e-03
1.777072914484428168e+00 3.704202176841950994e-03
1.776869104430342183e+00 4.145906805357006328e-03
1.773353380997357176e+00 3.888778482042866413e-03
1.785225316647871319e+00 4.126449006517306575e-03
1.781760545728407363e+00 3.628749156225640621e-03
1.776461484322169992e+00 4.020731253754527418e-03
1.782422928404187701e+00 4.051192663791724179e-03
1.774372431267787764e+00 3.588949078203592605e-03
1.779416730106417432e+00 3.991816456001694331e-03
1.777837202187251053e+00 3.428354553721351533e-03
1.774576241321873304e+00 3.779326913505645646e-03
1.766423839158430598e+00 3.728007775989571840e-03
1.768512892212812604e+00 3.998665482684704044e-03
1.776308626781605060e+00 3.357654662175532569e-03
1.765150026320392307e+00 3.836883280023791615e-03
1.776563389349212763e+00 3.579231837948452372e-03
1.771722900564667968e+00 3.486473906770278571e-03
1.765302883860956573e+00 3.857677353168531640e-03
1.767290031888296031e+00 3.661851901079540665e-03
1.768767654780420751e+00 4.046216704176597290e-03
1.767137174347731765e+00 3.519675569738047426e-03
1.764742406212219894e+00 4.055128701875408345e-03
1.761430492833321759e+00 3.656796970697592970e-03
1.763060973266009634e+00 3.888751777847072096e-03
1.761379540319799819e+00 3.217698630912801776e-03
1.762500495617273177e+00 3.718849404119407842e-03
1.757048576670470652e+00 3.544987943975514387e-03
1.752411897940012064e+00 3.415551872262956919e-03
1.762806210698402376e+00 3.980940456729416960e-03
1.755621906291868095e+00 3.943141906957186270e-03
1.760717157644020370e+00 3.821435117278250242e-03
1.749252842101677752e+00 3.145153012847610920e-03
1.759850964914154270e+00 4.047900622543371997e-03
1.751545705210146187e+00 4.206774177922227229e-03
1.759086677211330940e+00 3.323803166588075540e-03
1.757812864373293316e+00 3.660306010949759652e-03
1.749150937074635426e+00 4.014993404424953283e-03
1.753125233129313454e+00 3.514231463116360837e-03
1.748284744344769104e+00 3.766528218128377230e-03
1.754348093453830026e+00 3.546324224030638662e-03
1.743851875668396945e+00 3.899448822625961077e-03
1.745991881236300669e+00 4.224624042451075381e-03
1.745074735992913295e+00 4.127983848990011105e-03
1.748947127020548775e+00 3.650490688817973305e-03
1.748131886804204393e+00 4.228395573746982460e-03
1.749864272263935927e+00 3.975785156872196566e-03
1.745737118668692744e+00 3.751333607939213218e-03
1.741508060046406792e+00 4.055205527078237053e-03
1.735240900883259663e+00 3.674587744861097707e-03
1.745380451074042272e+00 4.551060709695476866e-03
1.742985682938531289e+00 3.975899428950308186e-03
1.736565666234819894e+00 3.427748691518573733e-03
1.744972830965870081e+00 4.130410754656018389e-03
1.729788981936457137e+00 3.652851045755564630e-03
1.746603311398558844e+00 3.715776459172248462e-03
1.737737574045814526e+00 3.808508669946240790e-03
1.738196146667508213e+00 3.917777828731277071e-03
1.732081845044926016e+00 3.911676596605316580e-03
1.734731375748044702e+00 3.802092127388168128e-03
1.735189948369738611e+00 3.804757619623083068e-03
1.740845677370626898e+00 3.516753409016372921e-03
1.733151847828877656e+00 3.773927167686925380e-03
1.728617074125462505e+00 4.128911397147337452e-03
1.732744227720705466e+00 3.742482062074765133e-03
1.728922789206591482e+00 3.762804313900527768e-03
1.734527565693958939e+00 3.799742487819948115e-03
1.729788981936457137e+00 3.660660630600586114e-03
1.723929442881482421e+00 3.798129685120143258e-03
1.726426116044037284e+00 4.124372286348819069e-03
1.724184205449089902e+00 4.189722047506170763e-03
1.725254208233042208e+00 3.792027641639421180e-03
1.716133708312690409e+00 3.426055496210279362e-03
1.720209909394410985e+00 3.431507095642453899e-03
1.725458018287128192e+00 4.074987594365430538e-03
1.725610875827692903e+00 4.050183218011533040e-03
1.723063250151616543e+00 4.164276331656472860e-03
1.718528476448201170e+00 3.987244987406230595e-03
1.719445621691588988e+00 4.250853721771527712e-03
1.718579428961723110e+00 4.083595227894929250e-03
1.717815141258900002e+00 3.602234601421120536e-03
1.717713236231857010e+00 3.834158868320560690e-03
1.716184660826211239e+00 3.369695087068695812e-03
1.715267515582823643e+00 4.147606584536336731e-03
1.722604677529923078e+00 3.937844825226693643e-03
1.710681789365887662e+00 3.868832773305617891e-03
1.708032258662768532e+00 3.241841410145194363e-03
1.709764644122499622e+00 4.066313856477750052e-03
1.714095607771828567e+00 3.735218915448576538e-03
1.711547982095753095e+00 4.580922842208341554e-03
1.710936551933494920e+00 3.827968444132620607e-03
1.715369420609867079e+00 3.884369805828048750e-03
1.711751792149839080e+00 4.283042949700516071e-03
1.705739395554300319e+00 3.617685870855221527e-03
1.713586082636614050e+00 3.692647860910123429e-03
1.698402233607201328e+00 4.210651101440815967e-03
1.699828903985803885e+00 3.394232962142814704e-03
1.707777496095160608e+00 3.720426793735599150e-03
1.706299873203036777e+00 4.141944209182861839e-03
1.706911303365295174e+00 4.076439914631880060e-03
1.707777496095160830e+00 3.317615152340947036e-03
1.698147471039592959e+00 3.676254746809122682e-03
1.700134619066932418e+00 4.287453437495597139e-03
1.708185116203333020e+00 3.935236492609872974e-03
1.704924155337955716e+00 3.532167008886751697e-03
1.702070814580750380e+00 3.636239255574417843e-03
1.701917957040186336e+00 3.582258850834092907e-03
1.690912214119537404e+00 4.015041900325692914e-03
1.709662739095456629e+00 3.623361457454142565e-03
1.700134619066932640e+00 3.563238634989359527e-03
1.701051764310320236e+00 4.455068210270006664e-03
1.693154124714484343e+00 4.132732584439078802e-03
1.698453186120722380e+00 4.132054079006567369e-03
1.699370331364110420e+00 3.920003737411483467e-03
1.695446987822952778e+00 3.597117545015291080e-03
1.691472691768274306e+00 3.575530692319037109e-03
1.693612697336178030e+00 3.759950275310021493e-03
1.686530297956686963e+00 3.730597458595192630e-03
1.691982216903489045e+00 3.916707484981501314e-03
1.691982216903489489e+00 3.800306123918246147e-03
1.680823616442276958e+00 3.653018061416569810e-03
1.687345538173031567e+00 3.450425814728915429e-03
1.686122677848514995e+00 3.690914407381677871e-03
1.689740306308542550e+00 4.007265372968469783e-03
1.687549348227117330e+00 3.645420004417866591e-03
1.684848865010476704e+00 4.038628775789200077e-03
1.685307437632170391e+00 3.758966217019865056e-03
1.685613152713299590e+00 4.074197518631055524e-03
1.683727909713003346e+00 3.836355470633144495e-03
1.682606954415529987e+00 3.672032797750904385e-03
1.677002177928162530e+00 3.848301374159880748e-03
1.669053585818805585e+00 4.004219259510027884e-03
1.673537407008699018e+00 3.779769961755113147e-03
1.679753613658324651e+00 4.056588131933720753e-03
1.681791714199185828e+00 3.862644149307062520e-03
1.680415996334104989e+00 3.645420004417863988e-03
1.671754069035446211e+00 3.821353592314551129e-03
1.665079289764127335e+00 4.008845846815110685e-03
1.666913580250901639e+00 3.961209762795596910e-03
1.677053130441684692e+00 3.808914243958554796e-03
1.674454552252086836e+00 3.807267822419037415e-03
1.672161689143618402e+00 3.406323200349704004e-03
1.672365499197704164e+00 4.011393372879010905e-03
1.666251197575122189e+00 3.471848338296323281e-03
1.670225493629800440e+00 3.804331129881727107e-03
1.667066437791466127e+00 4.368657337087885131e-03
1.668849775764719157e+00 3.734495994959138952e-03
1.664416907088347664e+00 3.172910019203491801e-03
1.673537407008699018e+00 3.945777911776285687e-03
1.665232147304691823e+00 3.769697531287043244e-03
1.672263594170661394e+00 3.882685172520747990e-03
1.667525010413160036e+00 3.610142895907037571e-03
1.664213097034261235e+00 3.919208915150864357e-03
1.666200245061600693e+00 3.616853324666921554e-03
1.667372152872595548e+00 3.811367216629266141e-03
1.665232147304691379e+00 3.642199573685828921e-03
1.661410708790577173e+00 3.837695152724906848e-03
1.659219750709151731e+00 3.649491343103140883e-03
1.665028337250605617e+00 3.674842082171684600e-03
1.663092141736787433e+00 3.967349336680311457e-03
1.662939284196222944e+00 4.000586819646384171e-03
1.653767831762349649e+00 3.473735955024996082e-03
1.658863083114501258e+00 3.774601268734016635e-03
1.651271158599795008e+00 3.720897787053787514e-03
1.653462116681220895e+00 3.501234880028087498e-03
1.658302605465764801e+00 3.991305882709374024e-03
1.654277356897565054e+00 4.025751612216796511e-03
1.651831636248531909e+00 3.741122163616896444e-03
1.650252108329364420e+00 3.989328014196708364e-03
1.649436868113020260e+00 3.773277027622935851e-03
1.656315457438425121e+00 3.517923302560552190e-03
1.650710680951058551e+00 4.310943994118974013e-03
1.648672580410197597e+00 3.948724466257889747e-03
1.647653530139767231e+00 4.225299971487327284e-03
1.646277812274685948e+00 3.882016464628175630e-03
1.639042555354630171e+00 3.684578443621849744e-03
1.644596379328476354e+00 3.891504683080918708e-03
1.640723988300840652e+00 3.530402557389723112e-03
1.645411619544820292e+00 3.962376194861459526e-03
1.645819239652992483e+00 3.762504172316195016e-03
1.638889697814065904e+00 3.784574901447256869e-03
1.645972097193556971e+00 3.742492467555610155e-03
1.639959700598017545e+00 3.602667000159257091e-03
1.636087309570382065e+00 3.886026985914292804e-03
1.642507326274093682e+00 4.181643325648349944e-03
1.637463027435463125e+00 3.941090462056298996e-03
1.640112558138582033e+00 3.798078419569001808e-03
1.639806843057452834e+00 3.760198838761118906e-03
1.636138262083903783e+00 3.665975808968408890e-03
1.635679689462209874e+00 3.686550799263999846e-03
1.638176362624764515e+00 4.083150176419969579e-03
1.640163510652103973e+00 3.974541011136907206e-03
1.633284921326698225e+00 3.802027258582797893e-03
1.634711591705301448e+00 4.022396797118714049e-03
1.622075368351963753e+00 4.006176815416574721e-03
1.634966354272908928e+00 4.041697131600628309e-03
1.626712047082422341e+00 3.980363264733837066e-03
1.624826804082126541e+00 3.778203604944337188e-03
1.632418728596833013e+00 3.581968948423732389e-03
1.626864904622987051e+00 3.259065517970381222e-03
1.632673491164440271e+00 3.485896765067360206e-03
1.628953957677369502e+00 3.658926213618967412e-03
1.622024415838442923e+00 3.661706558477882678e-03
1.627883954893417418e+00 3.978096079374561153e-03
1.625794901839034967e+00 3.416824801411913991e-03
1.622992513595351349e+00 4.058955388525266154e-03
1.626915857136508770e+00 4.344654231273606046e-03
1.620190125351667731e+00 3.673004805877921799e-03
1.629616340353148951e+00 3.698239996287407908e-03
1.621514890703227296e+00 3.315200144828280796e-03
1.623145371135916282e+00 3.659011357563724497e-03
1.626457284514815083e+00 3.482871724396074172e-03
1.625183471676776792e+00 3.660855656766311660e-03
1.625438234244384716e+00 3.611106400261231055e-03
1.623756801298174457e+00 3.880196996116855486e-03
1.619323932621802076e+00 3.795616858829371255e-03
1.621209175622097876e+00 3.743297070463666616e-03
1.618763454973065175e+00 4.094233415563526372e-03
1.617540594648548824e+00 3.852963578892384163e-03
1.615451541594166596e+00 3.727899833507080426e-03
1.612649153350483200e+00 3.802966041296002714e-03
1.619527742675888060e+00 3.749426490008860892e-03
1.612852963404569184e+00 4.180277240201796425e-03
1.610814862863708452e+00 3.756064334934856690e-03
1.608878667349890712e+00 3.993386791259894222e-03
1.612343438269354001e+00 3.942088328636569189e-03
1.613005820945133451e+00 3.852212209434607935e-03
1.611732008107095382e+00 3.551251294790137673e-03
1.605821516538599170e+00 3.878349898218800239e-03
1.599503404861930544e+00 3.818145562964937040e-03
1.613515346080349078e+00 3.383093422921603331e-03
1.611324387998922969e+00 3.600504487183930381e-03
1.611120577944837429e+00 3.591610114347860462e-03
1.601388647862226788e+00 3.895532093917510649e-03
1.603885321024781652e+00 3.652875920912449469e-03
1.604598656214082597e+00 3.475734589108644967e-03
1.603732463484216719e+00 4.085108040234039679e-03
1.602662460700264857e+00 3.637663342962153216e-03
1.603630558457174171e+00 3.746572654685157745e-03
1.600573407645882851e+00 3.638865709438552417e-03
1.606280089160292635e+00 4.165971731704879930e-03
1.603783415997738659e+00 3.526631762918246062e-03
1.593236245698783859e+00 3.938876469767691769e-03
1.594815773617950683e+00 3.329016697100421838e-03
1.597567209348112804e+00 4.244986586330146833e-03
1.599605309888973981e+00 3.398112477749014402e-03
1.589975284833406555e+00 4.096848248330510825e-03
1.598229592023892920e+00 3.982309730079834978e-03
1.589822427292841622e+00 3.993490808224300567e-03
1.597363399294027042e+00 3.732684603590533026e-03
1.593389103239348348e+00 3.407390055367351487e-03
1.593592913293434554e+00 3.396889857473192002e-03
1.585491463643512899e+00 3.737831384540200950e-03
1.591147192644401631e+00 3.587617819969784322e-03
1.590484809968621960e+00 3.442972599887719233e-03
1.589873379806363340e+00 4.343521721840504397e-03
1.591401955212009334e+00 3.727259078300729309e-03
1.594713868590908135e+00 3.515542509984512926e-03
1.584981938508297494e+00 3.126409028145483472e-03
1.593541960779912836e+00 4.095897593195689870e-03
1.588344804400717791e+00 3.652538315046063768e-03
1.576574773777246863e+00 3.017537595321409180e-03
1.583249553048565961e+00 3.851133754998358610e-03
1.586051941292249801e+00 3.626484076161658274e-03
1.583045742994479754e+00 3.737998075895458076e-03
1.584625270913646800e+00 3.364698911331624916e-03
1.579479067047973251e+00 3.725684581355331003e-03
1.573568575479477261e+00 4.417368411139500559e-03
1.583147648021522969e+00 3.391861025715097507e-03
1.581771930156441686e+00 3.983362446310512693e-03
1.577033346398940328e+00 3.565889735358842433e-03
1.573364765425390832e+00 4.486784720415507369e-03
1.574944293344557877e+00 4.279025333773651615e-03
1.580090497210231426e+00 3.478471040085664295e-03
1.578052396669370916e+00 3.876893684763006893e-03
1.570358567127621452e+00 3.629003129158011980e-03
1.584574318400125081e+00 3.514113260211456681e-03
1.577186203939504816e+00 3.605404321245563558e-03
1.576574773777246641e+00 3.763356235931309031e-03
1.573823338047084519e+00 4.067309724415095473e-03
1.563938550423910057e+00 3.747622315214812518e-03
1.569390469370712582e+00 3.328271849861753288e-03
1.569135706803104657e+00 3.907160866793854374e-03
1.573211907884826566e+00 3.821299241372478651e-03
1.566129508505335055e+00 3.861232440285426205e-03
1.565518078343076880e+00 3.870043818934483688e-03
1.565212363261947237e+00 3.907443252798991837e-03
1.562002354910092095e+00 3.565580299179713607e-03
1.566689986154071512e+00 3.491087605554132368e-03
1.560728542072053804e+00 3.256276238279611542e-03
1.564549980586168010e+00 3.532663102083756501e-03
1.561339972234311979e+00 3.720775683399886544e-03
1.563123310207565675e+00 3.389667421560889349e-03
1.565823793424205856e+00 3.619508191183842642e-03
1.561441877261355637e+00 4.032336980678614784e-03
1.559913301855709644e+00 3.689046429671255685e-03
1.546818505880679595e+00 3.115574341730531754e-03
1.564549980586168010e+00 3.259762464970920089e-03
1.558996156612322492e+00 3.662333971824850883e-03
1.562664737585872210e+00 3.879772107638407817e-03
1.550690896908314853e+00 3.738883499109754531e-03
1.553187570070869050e+00 3.867077594016824025e-03
1.553697095206084011e+00 3.616393906794785392e-03
1.553951857773692158e+00 3.931114375266608896e-03
1.541927064582613749e+00 3.772726556930974980e-03
1.546003265664334769e+00 4.003360095950694517e-03
1.557467581206676943e+00 3.562509965265012180e-03
1.550028514232534960e+00 4.411569724198803957e-03
1.547939461178152731e+00 4.380360650154626126e-03
1.545238977961512106e+00 3.730392159610392087e-03
1.542385637204306770e+00 4.110273292894585546e-03
1.545952313150813273e+00 3.715007825771503899e-03
1.543965165123474037e+00 3.825482004465139037e-03
1.551353279584093858e+00 3.704973051982400449e-03
1.548754701394497113e+00 3.717156106641695580e-03
1.545289930475033824e+00 3.848082114930574671e-03
1.542742304798957464e+00 3.487069565753558777e-03
1.544831357853339915e+00 3.906114199470824867e-03
1.547531841069980540e+00 3.615873401971218815e-03
1.544118022664038969e+00 3.618346029897125723e-03
1.537698005960326908e+00 3.948816510657495414e-03
1.535812762960030886e+00 3.839166234393445818e-03
1.542334684690785052e+00 3.720144169121934654e-03
1.538564198690192786e+00 3.462593513927738394e-03
1.536271335581724795e+00 3.788976360645065350e-03
1.534946570230164786e+00 3.716041950126594377e-03
1.540857061798661221e+00 3.306044720835125267e-03
1.534589902635514092e+00 3.994270849115512563e-03
1.537188480825112169e+00 3.389793793306681950e-03
1.526997978120807620e+00 3.891798211372057142e-03
1.530258938986185147e+00 3.506910155022596124e-03
1.535048475257207778e+00 3.966501822562943855e-03
1.532195134500003109e+00 3.599080123535268981e-03
1.537698005960326908e+00 4.080097087118201085e-03
1.526029880363899194e+00 4.051525885902657054e-03
1.522310346876827980e+00 4.294290414471841483e-03
1.522004631795699003e+00 4.053668746382957030e-03
1.517928430713977317e+00 3.560498063045659019e-03
1.527150835661372330e+00 3.769835267070061838e-03
1.529749413850969297e+00 3.221617472839106815e-03
1.530360844013228139e+00 3.405823949858523096e-03
1.530004176418577444e+00 3.920268642354401631e-03
1.521851774255134071e+00 3.880196996116862859e-03
1.523125587093171918e+00 3.869560788001619872e-03
1.519151291038493889e+00 3.309168644673424371e-03
1.521495106660483820e+00 3.510047615149722473e-03
1.520119388795402537e+00 3.761037619128730115e-03
1.521902726768655345e+00 3.453528139697073333e-03
1.522055584309220500e+00 3.471549215728267270e-03
1.528322743472367629e+00 3.753924488615101134e-03
1.522870824525564881e+00 3.684155658606428664e-03
1.523278444633737072e+00 3.658017888229172457e-03
1.516552712848895812e+00 3.182060958461838986e-03
1.517011285470589721e+00 3.780374346937392851e-03
1.524297494904167438e+00 3.511582025092110752e-03
1.522310346876827980e+00 3.575095011514307225e-03
1.521800821741612797e+00 3.984265018556558055e-03
1.517062237984110773e+00 3.732211619688694491e-03
1.513852229632255630e+00 3.830138094708031207e-03
1.516348902794810050e+00 3.642570210652994970e-03
1.519864626227795057e+00 4.053604701210410631e-03
1.512017939145480883e+00 4.080020730613790128e-03
1.516756522902982462e+00 3.686691641432426891e-03
1.509011740847711058e+00 3.670629117464838109e-03
1.509419360955883471e+00 3.330045949888321005e-03
1.511712224064351684e+00 3.702407518725308374e-03
1.515890330173116363e+00 3.581146222562300082e-03
1.509674123523491396e+00 3.471223890677747979e-03
1.506209352604027663e+00 3.966331643459148834e-03
1.513393657010562166e+00 3.480810062521472355e-03
1.509419360955883471e+00 3.730820143025222017e-03
1.511865081604916616e+00 3.825889172054990767e-03
1.507636022982629997e+00 3.557361310395403160e-03
1.502999344252172076e+00 3.681476892664427118e-03
1.502693629171043099e+00 3.658415308337040726e-03
1.504986492279511534e+00 3.661766823183539021e-03
1.502133151522306198e+00 3.622017760376954054e-03
1.499789335900316267e+00 3.731728140371143223e-03
1.490515978439399314e+00 4.116748682814578252e-03
1.503101249279214624e+00 3.680856268862723463e-03
1.498770285629885901e+00 3.853573327108107856e-03
1.504018394522602442e+00 3.649889691628354325e-03
1.495611229791551366e+00 3.430114733310075156e-03
1.493522176737168916e+00 3.449191630313929412e-03
1.492452173953217276e+00 3.832983897312979005e-03
1.496069802413245498e+00 3.861820715093120752e-03
1.493471224223647864e+00 3.886658265795007398e-03
1.499381715792143854e+00 3.921079802411697908e-03
1.493267414169561880e+00 3.298544677493706143e-03
1.495662182305072641e+00 3.845139459104005702e-03
1.492808841547867971e+00 3.308584114470251684e-03
1.489547880682490666e+00 3.351494291353221931e-03
1.482720243870607302e+00 3.670968595652859216e-03
1.495050752142814465e+00 4.034367767907364073e-03
1.487509780141629712e+00 3.840680690448994381e-03
1.488070257790366169e+00 4.094312677455823335e-03
1.488630735439103070e+00 3.660713820585299698e-03
1.483688341627515728e+00 3.771532447548570002e-03
1.485726442168376238e+00 3.327101596086244444e-03
1.479255472951143791e+00 3.200576367530405530e-03
1.484860249438511026e+00 4.020831334947432521e-03
1.475586891977594295e+00 3.735465649548273988e-03
1.485013106979075737e+00 3.291469273797414854e-03
1.477726897545498241e+00 3.491236333035517558e-03
1.478796900329449437e+00 4.258654851026819066e-03
1.481548336059612225e+00 3.596092538038456188e-03
1.470848308220092493e+00 4.089731992453556064e-03
1.473956411544905309e+00 3.919606346428031185e-03
1.477115467383239622e+00 3.799551174140031358e-03
1.474313079139556448e+00 3.414198627406069171e-03
1.477064514869718348e+00 3.576285746647561714e-03
1.481446431032569011e+00 4.225066480954924736e-03
1.471918311004044799e+00 3.421835913294846675e-03
1.472224026085173998e+00 3.282303023557330002e-03
1.473344981382647356e+00 3.386633084998829594e-03
1.475179271869421882e+00 3.667487454553778389e-03
1.474058316571948302e+00 3.503054784615702941e-03
1.470287830571356258e+00 3.495724921873564432e-03
1.468555445111623836e+00 3.630204788224682295e-03
1.469370685327968440e+00 3.909127178555271351e-03
1.468453540084581066e+00 3.793396666510641477e-03
1.474007364058427028e+00 3.497302732621684115e-03
1.466670202111328036e+00 3.467392483523901170e-03
1.466619249597806540e+00 3.475465680985737049e-03
1.459842565299444450e+00 3.837992796351530865e-03
1.456173984325894732e+00 3.305337896587934310e-03
1.465651151840897670e+00 3.629092552015870943e-03
1.463918766381165915e+00 3.615920070978528075e-03
1.471154023301221692e+00 3.006094663752473077e-03
1.468045919976409319e+00 3.318769194598047804e-03
1.459587802731836526e+00 3.312379757531366906e-03
1.469982115490226615e+00 3.318080729550871265e-03
1.457855417272104992e+00 3.213851752585143717e-03
1.459842565299444450e+00 3.333338201987038566e-03
1.459129230110143283e+00 3.598113398780965720e-03
1.459129230110143505e+00 3.712463213378263457e-03
1.455511601650115283e+00 3.666382987955679219e-03
1.456581604434067367e+00 3.617183495220780559e-03
1.460606853002267336e+00 3.908356714795646267e-03
1.454696361433771123e+00 3.580751101998163460e-03
1.456173984325895177e+00 3.575487126627553518e-03
1.453014928487560864e+00 3.831805178373987215e-03
1.455919221758287474e+00 3.819532414735628267e-03
1.458212084866755687e+00 3.755666878963081524e-03
1.450518255325006223e+00 3.355643724463522326e-03
1.445932529108069575e+00 3.696677719820579220e-03
1.455358744109550795e+00 3.605537532511733732e-03
1.456428746893502435e+00 3.919235411823181539e-03
1.448887774892317459e+00 3.139845033719883272e-03
1.444251096161859538e+00 3.675297725836378961e-03
1.450773017892613481e+00 3.428903523874871941e-03
1.442722520756213989e+00 3.639450693647025038e-03
1.450110635216834032e+00 3.878001795775016906e-03
1.446340149216241544e+00 3.810004649007612491e-03
1.451078732973742902e+00 3.687019078678251127e-03
1.444658716270031729e+00 3.603592879575381793e-03
1.445372051459332896e+00 3.749966534710579610e-03
1.438493462133927814e+00 3.175331045588184690e-03
1.447613962054279613e+00 3.668099723800661953e-03
1.439716322458443942e+00 3.230160303933130115e-03
1.442212995620998583e+00 3.262950590905861706e-03
1.443996333594251613e+00 3.811149238546088919e-03
1.441142992837046721e+00 3.183855373812926551e-03
1.441295850377611210e+00 3.277541967707615130e-03
1.433296305754732325e+00 3.238893020923159973e-03
1.440480610161266606e+00 3.700794388370772479e-03
1.439359654863793692e+00 3.754491545653587843e-03
1.437983936998712187e+00 3.493169214052604162e-03
1.433907735916990944e+00 3.656995752491148943e-03
1.438340604593362659e+00 3.460737328584094583e-03
1.444302048675381256e+00 3.501364639772215105e-03
1.437983936998712187e+00 3.451298507950146567e-03
1.431818682862608716e+00 3.139617643683170929e-03
1.435894883944329958e+00 3.669019705070465046e-03
1.426825336537499433e+00 4.056076111013060329e-03
1.428965342105403824e+00 3.601084888978955175e-03
1.430901537619221342e+00 3.446801023456486091e-03
1.428404864456666701e+00 3.654609657366516325e-03
1.430290107456962945e+00 3.317568199752067657e-03
1.423258660590993152e+00 3.509870097948624475e-03
1.422800087969299243e+00 3.961009862156408476e-03
1.438595367160970362e+00 3.786491741893718670e-03
1.427283909159193342e+00 3.673711559345755554e-03
1.426213906375240814e+00 3.616207251612208688e-03
1.421169607536610702e+00 3.664088032023991772e-03
1.418418171806448802e+00 3.721316397736534366e-03
1.421781037698869099e+00 3.864670058457768311e-03
1.427436766699758053e+00 3.162341388716105681e-03
1.424685330969595709e+00 3.858165236374552082e-03
1.422086752779998076e+00 3.819314902661251170e-03
1.417551979076582924e+00 3.669444234016414758e-03
1.420914844969002999e+00 3.498980000032805848e-03
1.418316266779405588e+00 4.024729335047982741e-03
1.421271512563653694e+00 3.459443034675906657e-03
1.422494372888170266e+00 3.600475644903169178e-03
1.414851495859941855e+00 3.460013333975974111e-03
1.412456727724431094e+00 3.844278509088751208e-03
1.418825791914620771e+00 3.576195003354270315e-03
1.416329118752066352e+00 3.268261194893294815e-03
1.418316266779405810e+00 3.736382940458489628e-03
1.412252917670344887e+00 3.391141465573612509e-03
1.413271967940775031e+00 3.437977193534212574e-03
1.410724342264699116e+00 3.420944320611509545e-03
1.410673389751177842e+00 3.103250694992149006e-03
1.412100060129780621e+00 3.575468974099433542e-03
1.415870546130372443e+00 4.048115472200863180e-03
1.406444331128891223e+00 3.701327500522017845e-03
1.407157666318192835e+00 3.436768755041883817e-03
1.409195766859053567e+00 3.371331881320816654e-03
1.412456727724431094e+00 3.559550033993492783e-03
1.410571484724134628e+00 3.633235779531387207e-03
1.406189568561283743e+00 3.305443929860497985e-03
1.412558632751473642e+00 3.452671048622158421e-03
1.408788146750881376e+00 4.051811025371719263e-03
1.409246719372575507e+00 3.468855951903692444e-03
1.403285275290557133e+00 3.733828559506745855e-03
1.405476233371982797e+00 3.879956120171686347e-03
1.403234322777035414e+00 3.522271010725236233e-03
1.399209074208835890e+00 3.768295783474358805e-03
1.403641942885207383e+00 3.708177472481386048e-03
1.405730995939590278e+00 3.237165203889283242e-03
1.396814306073324685e+00 3.589961661371069476e-03
1.399158121695313950e+00 4.196319217582629435e-03
1.396916211100367233e+00 3.804003553297294945e-03
1.402011462452518842e+00 3.585475193478619704e-03
1.402317177533648263e+00 3.874438643231657188e-03
1.396406685965152494e+00 3.326769949341344072e-03
1.394929063073027775e+00 3.149656731535906747e-03
1.397578593776147127e+00 3.325306407079289643e-03
1.395438588208243180e+00 3.235288014205796921e-03
1.389324286585660984e+00 3.563238634989365598e-03
1.399718599344051073e+00 3.504792263175277207e-03
1.391566197180607478e+00 3.761054876019918284e-03
1.393553345207946936e+00 3.526690655076694571e-03
1.384127130206465717e+00 3.060121597815615869e-03
1.388814761450445578e+00 3.248181774914028937e-03
1.393553345207946936e+00 3.564764715175178407e-03
1.391107624558913791e+00 3.305601009938326229e-03
1.384025225179423169e+00 3.450264041306841389e-03
1.394062870343162563e+00 3.677328008987566007e-03
1.387184281017756815e+00 3.160288320013869383e-03
1.386470945828455648e+00 3.534004042419693938e-03
1.387184281017756593e+00 3.496471222284370291e-03
1.382904269881949144e+00 3.901791649622456028e-03
1.385961420693240687e+00 3.494926463939488585e-03
1.389324286585660984e+00 3.866540477524102633e-03
1.384025225179422502e+00 3.648484607950280845e-03
1.388661903909881312e+00 3.645505463811867658e-03
1.383057127422513854e+00 3.207091410488868179e-03
1.386216183260847945e+00 3.315826571774246889e-03
1.388559998882838098e+00 3.623332797118354771e-03
1.384585702828159182e+00 3.278979323802871243e-03
1.377452350935146841e+00 3.458242097155461887e-03
1.379184736394878374e+00 3.469005632528041928e-03
1.383057127422513632e+00 3.308301619911380078e-03
1.378420448692055489e+00 3.947409311926870432e-03
1.378369496178533993e+00 3.311878103893883818e-03
1.378522353719098703e+00 3.240195289877732896e-03
1.383770462611815022e+00 4.049654360277677237e-03
1.374293295096812306e+00 3.731070647122527832e-03
1.379541403989528847e+00 3.490897968825539509e-03
1.379796166557136328e+00 3.990186945952400345e-03
1.379388546448964581e+00 3.146749848357604552e-03
1.376891873286410162e+00 3.569499054263558339e-03
1.380611406773480709e+00 3.579097647604671979e-03
1.372611862150602269e+00 3.316002733031075261e-03
1.371592811880171681e+00 3.180775698421618551e-03
1.377299493394582131e+00 3.635253846150241636e-03
1.375974728043022344e+00 3.316613352945863881e-03
1.375770917988936137e+00 3.813903701172961271e-03
1.367771373366058141e+00 3.553473005841524448e-03
1.374140437556247374e+00 3.398971869309957115e-03
1.371439954339606970e+00 3.046001602950518510e-03
1.364153744906029919e+00 2.965226166050413930e-03
1.370777571663827521e+00 3.421399631011432657e-03
1.367873278393100911e+00 3.069942851608762225e-03
1.372306147069473070e+00 3.712603072527488439e-03
1.370115188988047850e+00 3.706861018564625628e-03
1.359364208635006399e+00 3.353681899234969323e-03
1.370879476690870513e+00 3.327554143014857697e-03
1.364102792392508201e+00 3.637349306450035711e-03
1.360943736554174333e+00 3.243698799918804526e-03
1.365376605230546492e+00 3.737414623625900153e-03
1.365631367798153528e+00 3.130537524081045998e-03
1.367058038176756751e+00 3.582925537359946296e-03
1.363440409716728752e+00 3.399659226143392828e-03
1.364714222554766820e+00 3.587212556358280405e-03
1.359568018689093050e+00 3.489469784880656379e-03
1.359160398580921303e+00 2.904740188213424286e-03
1.363389457203207034e+00 3.272448733232611630e-03
1.362727074527427362e+00 3.219698965152422397e-03
1.363032789608556117e+00 3.439139914550519428e-03
1.364153744906029919e+00 3.241300805907414064e-03
1.363134694635599553e+00 3.224919788475726686e-03
1.358752778472748446e+00 3.352257212309719264e-03
1.359873733770222026e+00 3.770637477995330243e-03
1.361758976770518714e+00 3.471728692361771527e-03
1.358294205851055203e+00 3.311878103893881650e-03
1.351874189147344030e+00 3.225624113208493647e-03
1.358701825959227172e+00 3.622931528610934780e-03
1.357580870661754258e+00 3.118439521660275934e-03
1.354370862309898005e+00 3.400957187801399891e-03
1.353912289688204318e+00 3.584142644939904664e-03
1.351466569039171173e+00 3.529133812982467640e-03
1.357071345526538630e+00 3.303904149881722353e-03
1.346320365173497846e+00 3.352721850652625075e-03
1.355950390229065272e+00 3.340600821787310069e-03
1.349581326038875151e+00 3.302005933580762394e-03
1.353453717066510631e+00 3.486939274045764044e-03
1.350957043903956434e+00 3.234658029190732361e-03
1.346829890308712807e+00 4.075933572247665386e-03
1.354778482418070418e+00 3.345233328638157894e-03
1.347899893092665335e+00 3.896115189820648257e-03
1.351772284120300816e+00 3.440992660664701254e-03
1.348052750633229602e+00 3.933573644061124849e-03
1.351568474066214609e+00 3.737494506401128989e-03
1.347645130525057411e+00 3.415582276100190794e-03
1.344537027200245038e+00 3.464062757015301530e-03
1.347390367957449708e+00 3.629375113765182827e-03
1.344842742281373571e+00 3.971613610089379763e-03
1.343263214362206748e+00 3.402529348415793235e-03
1.346167507632933358e+00 4.039975283749841668e-03
1.343619881956857443e+00 3.651112918927122090e-03
1.337047007712581559e+00 3.265750069352744891e-03
1.341327018848389008e+00 3.302493364430734817e-03
1.334856049631155672e+00 3.204143455024255262e-03
1.340817493713173825e+00 3.565219863185258194e-03
1.344740837254330801e+00 3.421532418465023182e-03
1.340257016064437368e+00 3.582287839784787688e-03
1.340613683659087840e+00 3.618934331019606990e-03
1.343823692010943427e+00 3.478750910267971314e-03
1.339543680875135756e+00 3.281100549542152137e-03
1.342549879172905802e+00 3.818257753522947412e-03
1.342346069118819374e+00 3.210817020051441768e-03
1.331595088765778589e+00 3.375422317324338565e-03
1.336945102685538123e+00 3.742648546296578616e-03
1.338269868037097687e+00 3.296985926756545310e-03
1.336180814982715237e+00 3.302646654423739385e-03
1.340715588686130610e+00 3.247542299812120840e-03
1.340257016064436701e+00 3.766693639533457653e-03
1.332817949090295162e+00 3.916028012886278199e-03
1.329760798279004064e+00 3.313288811156492840e-03
1.325276977089109742e+00 3.431170407639372224e-03
1.334448429522983481e+00 3.183920606224172230e-03
1.336231767496236955e+00 3.295410682554469027e-03
1.330728896035912712e+00 3.830449880950940328e-03
1.324869356980937773e+00 3.350843541329245369e-03
1.331849851333386070e+00 3.402559868616801628e-03
1.328385080413922781e+00 3.541635875048318970e-03
1.334703192090591628e+00 3.005766465791911111e-03
1.325175072062067416e+00 3.383227713846255480e-03
1.326805552494755958e+00 4.014834980400205575e-03
1.322780303926555767e+00 3.916269984757569760e-03
1.325276977089109742e+00 3.281891700448707171e-03
1.324869356980937773e+00 3.137992358992355846e-03
1.326907457521798728e+00 3.136502809501604851e-03
1.318398387763704660e+00 2.872384399651729640e-03
1.324767451953895003e+00 3.380095429020111598e-03
1.327366030143492415e+00 3.488606640417314664e-03
1.318296482736661890e+00 3.400773976187423161e-03
1.323391734088814164e+00 3.695641689375090376e-03
1.321302681034431714e+00 3.672015122494280172e-03
1.317786957601446707e+00 3.411673163427392328e-03
1.327060315062363216e+00 3.330673482010589569e-03
1.317379337493274516e+00 3.199882756153694160e-03
1.317786957601446929e+00 3.004626131165908688e-03
1.315748857060586197e+00 3.582566846441000760e-03
1.316054572141715395e+00 3.369514028054620795e-03
1.316971717385102325e+00 3.450264041306848328e-03
1.318958865412441561e+00 3.484716119547863478e-03
1.325226024575588912e+00 3.617571048289527306e-03
1.318704102844834303e+00 3.227044369030368422e-03
1.319672200601742729e+00 2.961717573498587157e-03
1.316003619628193455e+00 2.828534607262095813e-03
1.315595999520021486e+00 3.311031391032412917e-03
1.311112178330127387e+00 3.308270230138030902e-03
1.309889318005611258e+00 3.309525588849075630e-03
1.312385991168165456e+00 3.402758243250798061e-03
1.308309790086443991e+00 3.653391153928294780e-03
1.309379792870395853e+00 3.700468170038340773e-03
1.309634555438003334e+00 3.187266052453950702e-03
1.306781214680798664e+00 3.126575103003795091e-03
1.305762164410368298e+00 3.516889978165793629e-03
1.310296938113783449e+00 3.633664489193808717e-03
1.302144535950340076e+00 3.410771302519076571e-03
1.304997876707544968e+00 3.463463141239663586e-03
1.303367396274856649e+00 3.419801983629361213e-03
1.312640753735773380e+00 3.497031771059586243e-03
1.304437399058808511e+00 3.868648231689575216e-03
1.308411695113486761e+00 3.396756106682112704e-03
1.302806918626119748e+00 3.319367573759091604e-03
1.309175982816309647e+00 3.340321034917060391e-03
1.304692161626415992e+00 3.218081855714768381e-03
1.301023580652866718e+00 3.402998566257529976e-03
1.305711211896846136e+00 3.911278359573619814e-03
1.304080731464157816e+00 3.611447879273651553e-03
1.300412150490608321e+00 3.350533615942472530e-03
1.307341692329535121e+00 3.431987480878970816e-03
1.292310700840686666e+00 3.497347272239234670e-03
1.299189290166091748e+00 3.359973479394447789e-03
1.299698815301306931e+00 3.234144320025978368e-03
1.290068790245739727e+00 3.518690718528357138e-03
1.303316443761335153e+00 3.618790851759552847e-03
1.296845474544102039e+00 3.059234907925870856e-03
1.297151189625231016e+00 3.406932872695799842e-03
1.301533105788082123e+00 3.451178149591243964e-03
1.300768818085259015e+00 3.703529281961059211e-03
1.299596910274263939e+00 3.598917818489501090e-03
1.300463103004129817e+00 3.277541967707618600e-03
1.294960231543805573e+00 3.078307816753619777e-03
1.297558809733403429e+00 3.656456176766559492e-03
1.297202142138752290e+00 3.119292736415227914e-03
1.295316899138456490e+00 3.953373313399203767e-03
1.297100237111709742e+00 3.261740982427197705e-03
1.291801175705471705e+00 3.663609735256381783e-03
1.292361653354208162e+00 3.647356592325439600e-03
1.292514510894772650e+00 3.342174186513090402e-03
1.294909279030284299e+00 3.196712945229353113e-03
1.297558809733403207e+00 3.627228523902670948e-03
1.292157843300122400e+00 3.494893036141072992e-03
1.292820225975901849e+00 3.663184530146474348e-03
