# V, V_err
-5.375469172576611276e-01 1.819368642841582727e-03
-5.378526323387902153e-01 1.749534518000650908e-03
-5.374959647441396315e-01 9.984612739199292403e-04
-5.375978697711825127e-01 1.210055151497972398e-03
-5.376488222847041198e-01 1.300038180531165859e-03
-5.374450122306180244e-01 1.339382550358642629e-03
-5.374450122306180244e-01 1.129032280040314154e-03
-5.375469172576611276e-01 1.507195675713952692e-03
-5.374450122306180244e-01 1.339382550358642629e-03
-5.375978697711825127e-01 1.408355493651717400e-03
-5.373431072035750322e-01 8.810513217821799945e-04
-5.376488222847041198e-01 1.486381847867827106e-03
-5.376997747982256159e-01 1.382307040690477400e-03
-5.376488222847041198e-01 1.802163824777136851e-03
-5.377507273117472231e-01 1.458168001767225826e-03
-5.374450122306180244e-01 1.129032280040314154e-03
-5.375469172576611276e-01 1.507195675713953126e-03
-5.373431072035750322e-01 5.069711084292031654e-04
-5.375978697711825127e-01 1.738369537861082737e-03
-5.372921546900534251e-01 1.248076592399911550e-03
-5.375978697711825127e-01 1.738369537861082954e-03
-5.373940597170964173e-01 1.243909380123782134e-03
-5.372921546900534251e-01 1.906468485925047083e-03
-5.373431072035750322e-01 1.138192935510635865e-03
-5.374959647441395205e-01 1.231323126701516996e-03
-5.375978697711825127e-01 1.408355493651717400e-03
-5.371392971494889368e-01 1.129032280040314154e-03
-5.374450122306180244e-01 1.520913325287609388e-03
-5.375469172576611276e-01 1.110484286798537300e-03
-5.373431072035750322e-01 1.689135382064709976e-03
-5.372921546900534251e-01 1.019050270430455016e-03
-5.371902496630103219e-01 1.608034203499513403e-03
-5.371902496630103219e-01 1.437547311496954706e-03
-5.370373921224458336e-01 1.507195675713952692e-03
-5.371392971494889368e-01 1.339382550358642412e-03
-5.370883446359674407e-01 9.984612739199292403e-04
-5.369864396089242264e-01 1.408355493651717400e-03
-5.371902496630103219e-01 1.608034203499513403e-03
-5.370373921224458336e-01 1.110484286798537300e-03
-5.371392971494889368e-01 1.129032280040314154e-03
-5.372921546900534251e-01 1.611259952385386569e-03
-5.370883446359673297e-01 1.598317895793694571e-03
-5.370373921224458336e-01 1.507195675713953126e-03
-5.370883446359673297e-01 1.426670378602636980e-03
-5.374450122306180244e-01 1.339382550358642629e-03
-5.370373921224458336e-01 1.110484286798536866e-03
-5.368845345818812342e-01 1.862382327890554218e-03
-5.368335820683597381e-01 1.458168001767225826e-03
-5.368845345818813453e-01 1.717334041008577224e-03
-5.367316770413167459e-01 1.594251957139641721e-03
-5.365788195007520356e-01 1.767986141215420687e-03
-5.370373921224458336e-01 1.819368642841582727e-03
-5.368335820683597381e-01 1.626494896459874029e-03
-5.369354870954028414e-01 1.300038180531165859e-03
-5.372412021765319290e-01 1.347113538376966315e-03
-5.369354870954028414e-01 1.486381847867826889e-03
-5.369864396089242264e-01 1.408355493651717400e-03
-5.368335820683597381e-01 1.458168001767225826e-03
-5.365788195007522576e-01 1.909190069731661046e-03
-5.368845345818812342e-01 1.558847164277068435e-03
-5.367316770413167459e-01 1.594251957139641721e-03
-5.369354870954028414e-01 1.486381847867826889e-03
-5.367826295548383531e-01 1.689903694764010407e-03
-5.364259619601875473e-01 2.168327301508122563e-03
-5.361711993925798447e-01 2.110689038257460362e-03
-5.365788195007522576e-01 1.767986141215420687e-03
-5.366297720142736427e-01 1.713550528941601555e-03
-5.365278669872306505e-01 1.819368642841582510e-03
-5.366297720142736427e-01 1.713550528941601555e-03
-5.362221519061016739e-01 2.196874803193213897e-03
-5.366297720142736427e-01 1.858894064240411209e-03
-5.363750094466659402e-01 1.957531645726723595e-03
-5.365278669872306505e-01 1.819368642841582510e-03
-5.365788195007520356e-01 1.767986141215420687e-03
-5.361711993925800668e-01 2.230300415426674128e-03
-5.363750094466659402e-01 1.957531645726723595e-03
-5.362221519061014519e-01 2.075337845767052328e-03
-5.362731044196230590e-01 2.038100540860909599e-03
-5.358654843114507571e-01 2.287762183110056240e-03
-5.358145317979292610e-01 2.312031709933367717e-03
-5.357126267708863798e-01 2.356519322744944113e-03
-5.355597692303216695e-01 2.413665257457460033e-03
-5.356107217438433876e-01 2.395851986273333893e-03
-5.361202468790584597e-01 2.144247406690528209e-03
-5.360183418520153564e-01 2.206308554815439825e-03
-5.357635792844078759e-01 2.334937500606389712e-03
-5.355088167168001734e-01 2.430280002945376955e-03
-5.359673893384937493e-01 2.234951724786395609e-03
-5.359164368249723642e-01 2.262085026680307753e-03
-5.353050066627141890e-01 2.587565094350500073e-03
-5.354578642032785663e-01 2.445720649033091779e-03
-5.351521491221497007e-01 2.514804651024825453e-03
-5.349992915815851013e-01 2.534855542146015502e-03
-5.351011966086279825e-01 2.522535393672109896e-03
-5.353050066627141890e-01 2.485208520560984978e-03
-5.348973865545418871e-01 2.543035815259971424e-03
-5.349992915815849903e-01 2.534855542146015502e-03
-5.345407189598913034e-01 2.539460188161220006e-03
-5.351011966086279825e-01 2.522535393672109896e-03
-5.347954815274990059e-01 2.547116099978216121e-03
-5.351521491221495896e-01 2.514804651024825453e-03
-5.348464340410203910e-01 2.545586759642214873e-03
-5.346426239869344066e-01 2.545586759642215306e-03
-5.347954815274988949e-01 2.547116099978215253e-03
-5.347954815274988949e-01 2.547116099978215253e-03
-5.342350038787622157e-01 2.496153184799823101e-03
-5.339802413111546242e-01 2.430280002945376522e-03
-5.339802413111546242e-01 2.430280002945376088e-03
-5.336745262300255366e-01 2.312031709933367717e-03
-5.340311938246761203e-01 2.445720649033091779e-03
-5.335216686894608262e-01 2.234951724786395175e-03
-5.338273837705898028e-01 2.376813242123630796e-03
-5.338783362841116320e-01 2.395851986273333459e-03
-5.338273837705900249e-01 2.376813242123630796e-03
-5.338273837705901359e-01 2.376813242123630796e-03
-5.341840513652407196e-01 2.485208520560984978e-03
-5.335726212029824334e-01 2.262085026680307753e-03
-5.337764312570685288e-01 2.356519322744943679e-03
-5.335726212029824334e-01 2.262085026680307753e-03
-5.337764312570684178e-01 2.356519322744944113e-03
-5.332159536083318496e-01 2.038100540860909599e-03
-5.330630960677672503e-01 1.913943529156780657e-03
-5.334197636624178340e-01 2.176095896027927055e-03
-5.331650010948102425e-01 1.998871716237366446e-03
-5.332159536083318496e-01 2.038100540860909599e-03
-5.326554759595949484e-01 1.458168001767225826e-03
-5.327573809866380516e-01 1.594251957139641938e-03
-5.329611910407241471e-01 1.819368642841582510e-03
-5.333178586353746198e-01 2.110689038257460796e-03
-5.330121435542457542e-01 1.867950000485111900e-03
-5.331650010948102425e-01 1.998871716237366879e-03
-5.328592860136811549e-01 1.713550528941601555e-03
-5.328592860136811549e-01 1.713550528941601772e-03
-5.329611910407241471e-01 1.819368642841582510e-03
-5.328592860136811549e-01 1.713550528941601772e-03
-5.326554759595950594e-01 1.458168001767226043e-03
-5.325026184190305711e-01 1.210055151497972398e-03
-5.326045234460735633e-01 1.382307040690477617e-03
-5.326045234460735633e-01 1.382307040690477617e-03
-5.325026184190305711e-01 1.210055151497972182e-03
-5.326045234460735633e-01 1.382307040690477617e-03
-5.327064284731166666e-01 1.528575405645682308e-03
-5.324007133919874679e-01 9.984612739199292403e-04
-5.328083335001595477e-01 1.655760706646335241e-03
-5.325026184190303491e-01 1.408355493651716967e-03
-5.324516659055089640e-01 1.110484286798537300e-03
-5.324007133919873569e-01 9.984612739199292403e-04
-5.323497608784658608e-01 8.691847689305415856e-04
-5.324516659055089640e-01 1.323785132889264329e-03
-5.326554759595950594e-01 1.458168001767225826e-03
-5.323497608784658608e-01 8.691847689305414772e-04
-5.324007133919874679e-01 9.984612739199292403e-04
-5.323497608784658608e-01 8.691847689305415856e-04
-5.323497608784658608e-01 8.691847689305414772e-04
-5.324007133919874679e-01 9.984612739199292403e-04
-5.322478558514228686e-01 5.069711084292029485e-04
-5.322988083649444757e-01 7.133351893013185983e-04
-5.322478558514228686e-01 5.069711084292029485e-04
-5.323497608784658608e-01 8.691847689305414772e-04
-5.322478558514228686e-01 5.069711084292029485e-04
-5.321969033379012615e-01 7.205773565913597620e-04
-5.322988083649442537e-01 7.133351893013183814e-04
-5.323497608784658608e-01 8.691847689305414772e-04
-5.323497608784658608e-01 8.691847689305414772e-04
-5.321969033379013725e-01 1.110223024625156540e-16
-5.320440457973367732e-01 8.691847689305413687e-04
-5.320440457973367732e-01 8.691847689305414772e-04
-5.320440457973367732e-01 1.129032280040314154e-03
-5.321459508243797654e-01 5.069711084292031654e-04
-5.320440457973367732e-01 8.691847689305413687e-04
-5.321969033379013725e-01 1.110223024625156540e-16
-5.320949983108583803e-01 1.013942216858406331e-03
-5.319930932838152771e-01 1.231323126701516996e-03
-5.322478558514228686e-01 5.069711084292030569e-04
-5.321969033379013725e-01 1.110223024625156540e-16
-5.321969033379013725e-01 7.205773565913597620e-04
-5.321459508243797654e-01 5.069711084292031654e-04
-5.321459508243797654e-01 8.810513217821798861e-04
-5.320440457973367732e-01 8.691847689305414772e-04
-5.320440457973367732e-01 8.691847689305413687e-04
-5.319930932838152771e-01 9.984612739199292403e-04
-5.319421407702936699e-01 1.110484286798537300e-03
-5.318911882567722849e-01 1.210055151497972182e-03
-5.318911882567722849e-01 1.210055151497972182e-03
-5.317892832297291816e-01 1.382307040690477400e-03
-5.318911882567722849e-01 1.210055151497972182e-03
-5.318911882567722849e-01 1.210055151497972182e-03
-5.317383307162075745e-01 1.458168001767225826e-03
-5.314326156350784869e-01 1.819368642841582727e-03
-5.318402357432506777e-01 1.300038180531165859e-03
-5.320949983108583803e-01 7.133351893013184898e-04
-5.316364256891645823e-01 1.594251957139641938e-03
-5.318911882567722849e-01 1.210055151497972182e-03
-5.317892832297291816e-01 1.382307040690477400e-03
-5.317892832297291816e-01 1.382307040690477400e-03
-5.315854731756430862e-01 1.655760706646335458e-03
-5.313307106080354947e-01 1.913943529156780224e-03
-5.313307106080354947e-01 1.913943529156780007e-03
-5.313307106080354947e-01 1.913943529156780007e-03
-5.310249955269062960e-01 2.144247406690528643e-03
-5.312797580945139986e-01 1.957531645726723595e-03
-5.305154703916908909e-01 2.395851986273333893e-03
-5.310249955269062960e-01 2.144247406690528643e-03
-5.310759480404279032e-01 2.110689038257460362e-03
-5.312288055809923915e-01 1.998871716237366879e-03
-5.307702329592985935e-01 2.287762183110056673e-03
-5.309230904998633038e-01 2.206308554815440259e-03
-5.312288055809922804e-01 1.998871716237366446e-03
-5.307702329592988155e-01 2.287762183110056240e-03
-5.308211854728200896e-01 2.262085026680307753e-03
-5.310249955269062960e-01 2.144247406690528643e-03
-5.308211854728202006e-01 2.262085026680307753e-03
-5.301078502835188111e-01 2.506014312815343925e-03
-5.302097553105619143e-01 2.485208520560984978e-03
-5.300568977699974260e-01 2.514804651024825886e-03
-5.305664229052127201e-01 2.376813242123630363e-03
-5.297511826888681163e-01 2.545586759642214873e-03
-5.300568977699974260e-01 2.514804651024825886e-03
-5.295473726347819099e-01 2.545586759642215306e-03
-5.300568977699973150e-01 2.514804651024825453e-03
-5.303116603376050175e-01 2.460009304094029885e-03
-5.300059452564758189e-01 2.522535393672110764e-03
-5.295983251483035170e-01 2.547116099978215687e-03
-5.297511826888681163e-01 2.545586759642215306e-03
-5.294454676077389177e-01 2.539460188161220006e-03
-5.291907050401313262e-01 2.506014312815343491e-03
-5.290378474995668379e-01 2.473165935007843111e-03
-5.289359424725236236e-01 2.549662962028322738e-03
-5.291907050401313262e-01 2.506014312815343925e-03
-5.290888000130883340e-01 2.485208520560984978e-03
-5.282735597967439523e-01 2.144247406690528643e-03
-5.284773698508301587e-01 2.262085026680307753e-03
-5.286302273913945360e-01 2.334937500606389712e-03
-5.284773698508300477e-01 2.262085026680307753e-03
-5.288340374454807424e-01 2.413665257457460467e-03
-5.290888000130883340e-01 2.485208520560984978e-03
-5.282226072832223451e-01 2.110689038257460362e-03
-5.284264173373085516e-01 2.234951724786395609e-03
-5.284773698508300477e-01 2.262085026680307753e-03
-5.281716547697008490e-01 2.075337845767052762e-03
-5.284773698508300477e-01 2.262085026680307753e-03
-5.279168922020932575e-01 1.867950000485111466e-03
-5.279678447156147536e-01 1.913943529156780007e-03
-5.280187972291362497e-01 1.957531645726723595e-03
-5.280187972291362497e-01 2.206896825337776712e-03
-5.280697497426578568e-01 1.998871716237366446e-03
-5.276621296344856660e-01 1.594251957139641721e-03
-5.275602246074426738e-01 2.050166049057146767e-03
-5.274073670668779634e-01 1.581991442243339862e-03
-5.279168922020933685e-01 1.867950000485111466e-03
-5.274583195803995705e-01 1.651836167573275845e-03
-5.276111771209640589e-01 1.973382363162658019e-03
-5.275092720939210666e-01 1.717334041008576791e-03
-5.276111771209641699e-01 1.528575405645682091e-03
-5.273054620398349712e-01 1.598317895793694571e-03
-5.272035570127918680e-01 1.013942216858406331e-03
-5.272545095263134751e-01 1.520913325287609388e-03
-5.270506994722273797e-01 1.689135382064709543e-03
-5.272035570127918680e-01 1.608034203499513620e-03
-5.269487944451843875e-01 1.682976253507340860e-03
-5.268978419316628914e-01 1.753240377942105006e-03
-5.271016519857488758e-01 1.441154713182719524e-03
-5.264902218234905895e-01 1.944224002356301608e-03
-5.268468894181412843e-01 1.110484286798537083e-03
-5.267959369046198992e-01 2.015041464543035083e-03
-5.266940318775767960e-01 2.241910594947001123e-03
-5.269997469587057726e-01 1.437547311496954706e-03
-5.269997469587057726e-01 1.243909380123781700e-03
-5.265921268505335817e-01 1.837119001156225194e-03
-5.264902218234905895e-01 1.655760706646335458e-03
-5.265411743370121966e-01 1.892115946898593592e-03
-5.263883167964474863e-01 1.909190069731661046e-03
-5.259297441747539104e-01 2.262085026680307753e-03
-5.259806966882752954e-01 2.110689038257460362e-03
-5.257259341206679260e-01 2.262085026680307753e-03
-5.262354592558829980e-01 1.913943529156780440e-03
-5.260826017153183987e-01 2.278665677172040695e-03
-5.257259341206678149e-01 2.262085026680307753e-03
-5.259297441747539104e-01 2.144247406690528643e-03
-5.263373642829261012e-01 1.956868412895310886e-03
-5.260826017153185097e-01 2.038100540860909599e-03
-5.258787916612323032e-01 2.176095896027927055e-03
-5.258278391477108071e-01 2.206308554815440259e-03
-5.255730765801033266e-01 2.334937500606389712e-03
-5.253692665260171202e-01 2.413665257457460033e-03
-5.251145039584096397e-01 2.485208520560984978e-03
-5.254202190395386163e-01 2.395851986273333893e-03
-5.251654564719312468e-01 2.473165935007842677e-03
-5.247578363637589449e-01 2.539460188161220006e-03
-5.248087888772804410e-01 2.534855542146015068e-03
-5.251145039584095287e-01 2.485208520560984978e-03
-5.245540263096727385e-01 2.547625676076136891e-03
-5.247068838502374488e-01 2.543035815259971424e-03
-5.248597413908019371e-01 2.529216256980134150e-03
-5.247578363637589449e-01 2.539460188161220440e-03
-5.245540263096728495e-01 2.547625676076136891e-03
-5.247068838502374488e-01 2.543035815259971424e-03
-5.245030737961512424e-01 2.547116099978215687e-03
-5.243502162555866430e-01 2.539460188161220440e-03
-5.244521212826299683e-01 2.545586759642215306e-03
-5.241973587150222658e-01 2.522535393672109896e-03
-5.240954536879790515e-01 2.607554306791624865e-03
-5.239935486609361703e-01 2.780999203733343708e-03
-5.236878335798070827e-01 2.395851986273333893e-03
-5.233821184986778841e-01 2.262085026680307753e-03
-5.235349760392423724e-01 2.443596705385364404e-03
-5.230764034175487964e-01 2.075337845767052328e-03
-5.230764034175487964e-01 2.196874803193213464e-03
-5.232802134716348919e-01 2.206308554815440259e-03
-5.232292609581133958e-01 2.176095896027927055e-03
-5.232802134716348919e-01 2.320997450641423474e-03
-5.227706883364195978e-01 2.206308554815440259e-03
-5.230764034175487964e-01 2.196874803193213464e-03
-5.224140207417690140e-01 1.862382327890554218e-03
-5.226687833093766056e-01 1.713550528941601555e-03
-5.225668782823335023e-01 2.149084970440290517e-03
-5.222102106876829186e-01 2.269532711853992739e-03
-5.223630682282474069e-01 1.802163824777136634e-03
-5.217516380659891206e-01 2.320997450641423907e-03
-5.222611632012044147e-01 2.085321488936323509e-03
-5.221592581741613115e-01 2.329928690760848901e-03
-5.219044956065537200e-01 2.035551320925338414e-03
-5.218535430930322239e-01 1.682976253507341077e-03
-5.218025905795107278e-01 2.269532711853993606e-03
-5.220064006335968232e-01 1.441154713182719741e-03
-5.215987805254246323e-01 1.862382327890554218e-03
-5.218535430930322239e-01 1.830748698402322617e-03
-5.214968754983816401e-01 1.837119001156224977e-03
-5.220064006335968232e-01 2.038100540860910033e-03
-5.215478280119030252e-01 2.050166049057146767e-03
-5.214968754983815291e-01 1.837119001156224977e-03
-5.214459229848599220e-01 2.266671113550560064e-03
-5.214459229848600330e-01 2.024681328836751195e-03
-5.217516380659891206e-01 1.956868412895311320e-03
-5.210383028766878422e-01 2.243646940059442364e-03
-5.212930654442955447e-01 1.909190069731660829e-03
-5.208854453361233539e-01 2.110689038257460362e-03
-5.209363978496448500e-01 2.312031709933367717e-03
-5.209873503631662350e-01 2.038100540860909599e-03
-5.212421129307739376e-01 2.206308554815440259e-03
-5.211402079037309454e-01 2.501866996257409194e-03
-5.205287777414726591e-01 2.421718884298836635e-03
-5.210892553902094493e-01 2.206896825337776712e-03
-5.204268727144295559e-01 2.464227068535382054e-03
-5.201721101468218533e-01 2.445720649033091779e-03
-5.198663950656928767e-01 2.514804651024825886e-03
-5.203249676873865637e-01 2.395851986273333893e-03
-5.195606799845635670e-01 2.645608375723425710e-03
-5.200192526062572540e-01 2.485208520560984978e-03
-5.194587749575205748e-01 2.547625676076136891e-03
-5.199173475792143728e-01 2.506014312815343925e-03
-5.196625850116066703e-01 2.736297041792100978e-03
-5.200192526062573650e-01 2.485208520560984978e-03
-5.196625850116067813e-01 2.539460188161219573e-03
-5.197644900386496625e-01 2.529216256980134150e-03
-5.194587749575205748e-01 2.547625676076136891e-03
-5.195097274710421820e-01 2.547116099978215687e-03
-5.192549649034344794e-01 2.539460188161220440e-03
-5.193059174169559755e-01 2.643153965346539767e-03
-5.186944872546976892e-01 2.534855542146015935e-03
-5.190002023358268879e-01 2.506014312815343925e-03
-5.186435347411761931e-01 2.413665257457460901e-03
-5.183378196600471055e-01 2.287762183110056240e-03
-5.186435347411761931e-01 2.518930666352168710e-03
-5.185416297141332009e-01 2.376813242123630796e-03
-5.179811520653962997e-01 2.075337845767052762e-03
-5.180830570924395140e-01 2.144247406690528209e-03
-5.175735319572243309e-01 1.858894064240411209e-03
-5.175735319572241089e-01 1.858894064240411642e-03
-5.182359146330038913e-01 2.234951724786395609e-03
-5.176754369842672121e-01 1.819368642841582727e-03
-5.173187693896166284e-01 2.354866204812453186e-03
-5.175225794437027238e-01 1.944224002356301391e-03
-5.174206744166596206e-01 2.100825951399503191e-03
-5.171149593355304219e-01 1.598317895793694354e-03
-5.171149593355305329e-01 1.895543075131442701e-03
-5.171149593355305329e-01 1.426670378602636980e-03
-5.169621017949659336e-01 1.689135382064709976e-03
-5.168092442544014453e-01 2.159328809364864047e-03
-5.167582917408798382e-01 1.520913325287609388e-03
-5.164016241462292545e-01 1.837119001156224977e-03
-5.171659118490520290e-01 1.507195675713952692e-03
-5.170130543084873187e-01 1.903743011356495663e-03
-5.166563867138367350e-01 1.670589875380259267e-03
-5.168092442544014453e-01 1.762102643564359772e-03
-5.169621017949659336e-01 2.100207970520888683e-03
-5.169111492814443265e-01 1.441154713182719524e-03
-5.167073392273582311e-01 2.152102925824680296e-03
-5.165544816867937428e-01 1.651836167573275411e-03
-5.161978140921431590e-01 2.040646576258166311e-03
-5.159430515245354565e-01 1.998871716237366446e-03
-5.160449565515784487e-01 2.045094511173824528e-03
-5.160959090650999448e-01 1.867950000485111900e-03
-5.157901939839707461e-01 2.230300415426674562e-03
-5.158411464974923533e-01 2.075337845767052328e-03
-5.158920990110139604e-01 2.038100540860909599e-03
-5.157392414704493611e-01 2.144247406690528209e-03
-5.160449565515784487e-01 2.168327301508122563e-03
-5.159430515245354565e-01 2.243646940059442364e-03
-5.159940040380568416e-01 1.957531645726724029e-03
-5.156882889569277539e-01 2.292296899518423813e-03
-5.159940040380568416e-01 2.085943880082531416e-03
-5.158411464974923533e-01 2.075337845767052328e-03
-5.153825738757986663e-01 2.334937500606389712e-03
-5.156373364434062578e-01 2.320997450641423474e-03
-5.151787638217126819e-01 2.518930666352168710e-03
-5.156373364434062578e-01 2.320997450641423474e-03
-5.154844789028417695e-01 2.398559470453189187e-03
-5.149749537676265865e-01 2.473165935007842677e-03
-5.147201912000189949e-01 2.522535393672109896e-03
-5.145163811459327885e-01 2.543035815259971424e-03
-5.150768587946694677e-01 2.445720649033091779e-03
-5.146182861729760027e-01 2.534855542146015502e-03
-5.146692386864972768e-01 2.529216256980134150e-03
-5.144654286324112924e-01 2.545586759642215306e-03
-5.141597135512822048e-01 2.539460188161220006e-03
-5.139049509836746132e-01 2.506014312815343925e-03
-5.136501884160671327e-01 2.445720649033091779e-03
-5.131406632808517276e-01 2.234951724786395609e-03
-5.130897107673303426e-01 2.206308554815439825e-03
-5.127839956862010329e-01 1.998871716237366446e-03
-5.133954258484593192e-01 2.356519322744944113e-03
-5.127330431726795368e-01 1.957531645726723595e-03
-5.126311381456366556e-01 1.867950000485111900e-03
-5.124782806050720563e-01 1.713550528941601772e-03
-5.126820906591581517e-01 1.913943529156780440e-03
-5.127839956862011439e-01 1.998871716237366446e-03
-5.123254230645075680e-01 1.528575405645682308e-03
-5.125801856321150485e-01 1.819368642841582510e-03
-5.125801856321150485e-01 1.819368642841582510e-03
-5.124782806050720563e-01 1.858894064240356348e-03
-5.122744705509859608e-01 1.458168001767225826e-03
-5.123763755780289531e-01 1.749534518000593663e-03
-5.120706604968998654e-01 1.110484286798537300e-03
-5.123254230645073459e-01 1.528575405645682308e-03
-5.123254230645075680e-01 1.528575405645682308e-03
-5.122235180374644647e-01 1.382307040690477617e-03
-5.120197079833783693e-01 9.984612739199292403e-04
-5.120197079833783693e-01 1.598317895793517629e-03
-5.121725655239428576e-01 1.300038180531165859e-03
-5.122235180374644647e-01 1.717334041008462733e-03
-5.119687554698567622e-01 8.691847689305415856e-04
-5.118158979292922739e-01 7.205773565912342114e-04
-5.120706604968998654e-01 1.110484286798537083e-03
-5.120197079833783693e-01 9.984612739199292403e-04
-5.118158979292922739e-01 1.019050270430277207e-03
-5.118668504428137700e-01 1.347113538376762485e-03
-5.118158979292922739e-01 1.019050270430277207e-03
-5.118668504428137700e-01 8.810513217820761279e-04
-5.117649454157706668e-01 8.810513217819765982e-04
-5.116120878752064005e-01 1.426670378602271604e-03
-5.117649454157706668e-01 8.810513217819764898e-04
-5.115101828481632973e-01 1.581991442242909867e-03
-5.118668504428137700e-01 1.138192935510475186e-03
-5.117649454157706668e-01 8.810513217819764898e-04
-5.118158979292922739e-01 1.019050270430277207e-03
-5.117139929022492817e-01 1.243909380123496772e-03
-5.116630403887277856e-01 1.129032280040003205e-03
-5.116630403887277856e-01 1.520913325287263093e-03
-5.115611353616845713e-01 1.323785132888874666e-03
-5.113063727940772019e-01 1.528575405645149748e-03
-5.115611353616847934e-01 1.323785132888874450e-03
-5.114082778211203051e-01 1.558847164276587483e-03
-5.111535152535127136e-01 1.713550528941004377e-03
-5.112044677670340986e-01 1.655760706645758012e-03
-5.110516102264697214e-01 1.956868412894681615e-03
-5.111025627399911064e-01 1.767986141214804210e-03
-5.106439901182976415e-01 2.144247406689780977e-03
-5.106439901182977525e-01 2.144247406689781411e-03
-5.107458951453406337e-01 2.075337845766328949e-03
-5.105930376047761454e-01 2.176095896027168547e-03
-5.101344649830825695e-01 2.395851986272498624e-03
-5.099816074425180812e-01 2.445720649032239163e-03
-5.099816074425180812e-01 2.445720649032239163e-03
-5.101854174966040656e-01 2.376813242122802899e-03
-5.100835124695610734e-01 2.619970119813848190e-03
-5.092682722532169137e-01 2.547625676075248712e-03
-5.089116046585664410e-01 2.522535393671231693e-03
-5.092682722532169137e-01 2.547625676075248712e-03
-5.090644621991309293e-01 2.539460188160334864e-03
-5.091154147126525364e-01 2.543035815259084981e-03
-5.091154147126525364e-01 2.643153965345668936e-03
-5.087587471180018417e-01 2.696153589031255807e-03
-5.090644621991309293e-01 2.736297041791244024e-03
-5.090644621991309293e-01 2.639713956867943950e-03
-5.087077946044804566e-01 2.485208520560118484e-03
-5.086568420909588495e-01 2.473165935006980520e-03
-5.087587471180019527e-01 2.598078607127589715e-03
-5.091154147126525364e-01 2.543035815259084981e-03
-5.087587471180019527e-01 2.598078607127589715e-03
-5.084530320368729761e-01 2.619970119813826073e-03
-5.081982694692652736e-01 2.724411410756814780e-03
-5.081982694692652736e-01 2.526648784734002000e-03
-5.078925543881364080e-01 2.481026425008812757e-03
-5.076377918205287054e-01 2.635777021109934719e-03
-5.074849342799642171e-01 2.206308554814812722e-03
-5.076377918205287054e-01 2.635777021109934719e-03
-5.078925543881362970e-01 2.583548692868794638e-03
-5.078416018746148008e-01 2.452081441696675381e-03
-5.080963644422222814e-01 2.777262555483002871e-03
-5.075868393070073203e-01 2.501866996256748698e-03
-5.074849342799641061e-01 2.825453556518183872e-03
-5.074849342799641061e-01 2.732024171417451845e-03
-5.075868393070073203e-01 2.501866996256748264e-03
-5.071282666853136334e-01 2.462646253402492758e-03
-5.073320767393997288e-01 2.310346760084343136e-03
-5.069754091447490341e-01 2.430280002944881692e-03
-5.066187415500984503e-01 2.494072189702540958e-03
-5.064149314960123549e-01 2.678765100716891476e-03
-5.066187415500985614e-01 2.159328809364522306e-03
-5.067715990906630497e-01 2.443065430956340833e-03
-5.063639789824908588e-01 2.720597042193268356e-03
-5.064658840095339620e-01 2.534855542145640368e-03
-5.068735041177059308e-01 2.832794792813015348e-03
-5.066187415500984503e-01 2.387711113308228512e-03
-5.061601689284048744e-01 2.149084970440103600e-03
-5.062620739554479776e-01 2.400182494978617825e-03
-5.057015963067112985e-01 2.161732069774028979e-03
-5.052430236850176115e-01 2.627391445565979266e-03
-5.046315935227593252e-01 2.607554306791576293e-03
-5.044787359821947259e-01 2.529216256980134150e-03
-5.041220683875440312e-01 2.547116099978215253e-03
-5.037654007928934474e-01 2.514804651024825886e-03
-5.038673058199364396e-01 2.529216256980134150e-03
-5.040711158740225351e-01 2.545586759642214873e-03
-5.035106382252858559e-01 2.563372291154972053e-03
-5.033577806847212566e-01 2.413665257457460033e-03
-5.033577806847212566e-01 2.413665257457460467e-03
-5.035106382252858559e-01 2.460009304094029885e-03
-5.032558756576781533e-01 2.376813242123630796e-03
-5.039692108469795429e-01 2.639713956868760571e-03
-5.030520656035920579e-01 2.287762183110056240e-03
-5.037654007928934474e-01 2.616003470878431724e-03
-5.033577806847212566e-01 2.413665257457460033e-03
-5.030011130900705618e-01 2.262085026680307753e-03
-5.027463505224629703e-01 2.230300415426674128e-03
-5.024915879548553788e-01 1.913943529156780874e-03
-5.026444454954198671e-01 2.161732069774079286e-03
-5.027973030359844664e-01 2.481026425009542642e-03
-5.022368253872477872e-01 1.944224002356301608e-03
-5.024915879548553788e-01 2.168327301508122563e-03
-5.026444454954198671e-01 2.161732069774079286e-03
-5.024915879548553788e-01 1.913943529156780657e-03
-5.023896829278122755e-01 1.956868412895310886e-03
-5.022368253872477872e-01 1.805761679875327388e-03
-5.024915879548553788e-01 2.168327301508122563e-03
-5.020839678466831879e-01 1.778965254028927858e-03
-5.023896829278122755e-01 1.956868412895310886e-03
-5.019311103061185886e-01 1.210055151497972615e-03
-5.023387304142907794e-01 1.909190069731661263e-03
-5.019820628196400847e-01 1.651836167573275411e-03
-5.018292052790755964e-01 2.027884433716812661e-03
-5.021349203602046840e-01 2.100825951399503625e-03
-5.020839678466831879e-01 1.626494896459874029e-03
-5.017782527655539893e-01 1.520913325287609388e-03
-5.014215851709034055e-01 2.152102925824680296e-03
-5.016253952249895010e-01 1.248076592399911550e-03
-5.019311103061185886e-01 1.581991442243340512e-03
-5.020330153331616918e-01 2.241910594947001123e-03
-5.018292052790755964e-01 1.895543075131442701e-03
-5.018292052790755964e-01 1.598317895793694571e-03
-5.018801577925970925e-01 1.670589875380259267e-03
-5.015744427114678938e-01 1.836412280991140886e-03
-5.015744427114678938e-01 1.689135382064709976e-03
-5.013706326573817984e-01 1.670589875380259267e-03
-5.011158700897742069e-01 1.837119001156224760e-03
-5.010139650627312147e-01 1.944224002356301174e-03
-5.006063449545590238e-01 2.278665677172040695e-03
-5.003515823869514323e-01 2.320997450641423907e-03
-4.997911047382146421e-01 2.445720649033091779e-03
-5.001477723328653369e-01 2.312031709933367717e-03
-4.992815796029994035e-01 2.539460188161220440e-03
-4.998930097652576898e-01 2.413665257457461334e-03
-4.995363421706070506e-01 2.506014312815343925e-03
-4.994853896570854990e-01 2.514804651024825453e-03
-4.987211019542626689e-01 2.522535393672109896e-03
-4.990268170353918120e-01 2.547116099978216121e-03
-4.984663393866550773e-01 2.473165935007842677e-03
-4.984153868731335257e-01 2.460009304094029885e-03
-4.982625293325689819e-01 2.518930666352168710e-03
-4.987720544677841650e-01 2.529216256980134150e-03
-4.983134818460904780e-01 2.534855542146015502e-03
-4.980587192784828865e-01 2.547625676076137324e-03
-4.978039567108752395e-01 2.206308554815440692e-03
-4.980587192784828865e-01 2.334937500606390146e-03
-4.977020516838321917e-01 2.262085026680307753e-03
-4.979568142514398388e-01 2.398559470453189187e-03
-4.983134818460904780e-01 2.430280002945376955e-03
-4.979058617379182872e-01 2.262085026680307753e-03
-4.983134818460904780e-01 2.534855542146015502e-03
-4.978039567108752395e-01 2.320997450641423907e-03
-4.980587192784828865e-01 2.334937500606389712e-03
-4.977020516838321917e-01 2.262085026680307753e-03
-4.976510991703106956e-01 2.110689038257460796e-03
-4.973453840891815525e-01 2.246537866319840357e-03
-4.971925265486170087e-01 2.119894005777793380e-03
-4.970906215215739610e-01 1.892115946898593592e-03
-4.970906215215739610e-01 2.024681328836751629e-03
-4.969887164945309133e-01 2.050166049057147201e-03
-4.974982416297460963e-01 1.998871716237366879e-03
-4.972944315756600009e-01 1.956868412895310886e-03
-4.976001466567891440e-01 2.196874803193213464e-03
-4.974472891162246002e-01 2.321556659769075971e-03
-4.972434790621385048e-01 1.767986141215420687e-03
-4.972944315756600009e-01 2.085321488936323509e-03
-4.972434790621385048e-01 2.498232446455482363e-03
-4.972434790621385048e-01 1.767986141215420687e-03
-4.972944315756600009e-01 2.085321488936323509e-03
-4.971415740350954571e-01 2.073460561035716208e-03
-4.973963366027030486e-01 2.284923415193096819e-03
-4.967339539269232662e-01 2.152102925824680296e-03
-4.968358589539663139e-01 2.015041464543035083e-03
-4.969377639810093616e-01 2.122953458958397235e-03
-4.967339539269232662e-01 1.753240377942104789e-03
-4.969377639810093616e-01 1.717334041008577008e-03
-4.969887164945309133e-01 2.173111261656610147e-03
-4.964282388457941231e-01 1.762102643564359772e-03
-4.964791913593156747e-01 1.836412280991140669e-03
-4.961225237646649799e-01 1.862382327890554218e-03
-4.954091885753637015e-01 2.230300415426674128e-03
-4.951034734942345583e-01 2.287762183110056240e-03
-4.947468058995838636e-01 2.430280002945376955e-03
-4.945429958454978236e-01 2.485208520560984978e-03
-4.941863282508471289e-01 2.539460188161220440e-03
-4.940844232238040812e-01 2.545586759642215306e-03
-4.938296606561964897e-01 2.543035815259971424e-03
-4.935239455750673465e-01 2.506014312815343491e-03
-4.937787081426749380e-01 2.539460188161220006e-03
-4.933201355209812511e-01 2.460009304094030319e-03
-4.939825181967610335e-01 2.547625676076137758e-03
-4.940844232238040812e-01 2.545586759642214873e-03
-4.939825181967610335e-01 2.547625676076138192e-03
-4.939825181967610335e-01 2.547625676076137758e-03
-4.937787081426749380e-01 2.539460188161220440e-03
-4.935239455750673465e-01 2.506014312815343491e-03
-4.934729930615457949e-01 2.496153184799823101e-03
-4.934220405480242988e-01 2.485208520560984978e-03
-4.933710880345028027e-01 2.473165935007842677e-03
-4.933201355209812511e-01 2.563372291155029733e-03
-4.933201355209812511e-01 2.460009304094029885e-03
-4.931163254668951557e-01 2.395851986273334327e-03
-4.928615628992875641e-01 2.287762183110056673e-03
-4.928615628992875641e-01 2.287762183110056673e-03
-4.929634679263306118e-01 2.334937500606389712e-03
-4.928106103857660125e-01 2.374080957921072960e-03
-4.933710880345028027e-01 2.576001061512865620e-03
-4.932691830074597550e-01 2.445720649033091779e-03
-4.931163254668951557e-01 2.395851986273333893e-03
-4.931672779804167073e-01 2.413665257457460033e-03
-4.933201355209812511e-01 2.460009304094029885e-03
-4.933710880345028027e-01 2.473165935007842677e-03
-4.930653729533736596e-01 2.376813242123630796e-03
-4.930144204398521079e-01 2.356519322744943679e-03
-4.928106103857660125e-01 2.374080957921072526e-03
-4.924539427911153733e-01 2.161732069774079286e-03
-4.931163254668951557e-01 2.395851986273334327e-03
-4.927596578722445164e-01 2.234951724786395609e-03
-4.928106103857660125e-01 2.262085026680307753e-03
-4.924539427911153733e-01 2.161732069774079286e-03
-4.927087053587229648e-01 2.206308554815440692e-03
-4.930653729533736596e-01 2.376813242123630363e-03
-4.930144204398521079e-01 2.356519322744944113e-03
-4.929634679263306118e-01 2.334937500606389712e-03
-4.933710880345028027e-01 2.473165935007842677e-03
-4.927596578722445164e-01 2.234951724786395175e-03
-4.923520377640723256e-01 1.957531645726723595e-03
-4.921482277099862301e-01 1.909190069731661263e-03
-4.916896550882925432e-01 1.670589875380259267e-03
-4.910272724125127053e-01 1.558847164277068435e-03
-4.909763198989912092e-01 2.400182494978906657e-03
-4.907725098449051138e-01 1.858894064240411426e-03
-4.905686997908190183e-01 1.913943529156780657e-03
-4.904158422502544745e-01 2.161732069774079286e-03
-4.902120321961683791e-01 2.176095896027927922e-03
-4.901610796826468275e-01 2.206308554815440259e-03
-4.901610796826468275e-01 2.320997450641423907e-03
-4.900591746556037798e-01 2.374080957921073393e-03
-4.901101271691253314e-01 2.234951724786395175e-03
-4.898044120879961882e-01 2.483641059969502428e-03
-4.897025070609531405e-01 2.413665257457461334e-03
-4.896006020339100928e-01 2.445720649033091346e-03
-4.898044120879961882e-01 2.376813242123630363e-03
-4.894477444933455490e-01 2.485208520560984978e-03
-4.893458394663025013e-01 2.506014312815343491e-03
-4.892948869527809497e-01 2.713430648916695300e-03
-4.893967919798239974e-01 2.496153184799823101e-03
-4.896006020339100928e-01 2.445720649033091346e-03
-4.892439344392594536e-01 2.522535393672109896e-03
-4.891929819257379020e-01 2.529216256980134150e-03
-4.891929819257379020e-01 2.529216256980134150e-03
-4.893967919798239974e-01 2.598078607128446668e-03
-4.895496495203885967e-01 2.460009304094029885e-03
-4.895496495203885967e-01 2.662725902133671919e-03
-4.899063171150392360e-01 2.334937500606389278e-03
-4.891929819257379020e-01 2.529216256980134150e-03
-4.890910768986948542e-01 2.539460188161220440e-03
-4.889891718716518065e-01 2.545586759642214873e-03
-4.892439344392594536e-01 2.522535393672109896e-03
-4.888872668446087588e-01 2.547625676076137758e-03
-4.890910768986948542e-01 2.539460188161220440e-03
-4.893458394663025013e-01 2.506014312815343491e-03
-4.895496495203885967e-01 2.563372291155029299e-03
-4.895496495203885967e-01 2.460009304094029885e-03
-4.894477444933455490e-01 2.485208520560984544e-03
-4.896515545474315889e-01 2.430280002945376955e-03
-4.893967919798239974e-01 2.496153184799823101e-03
-4.897025070609531405e-01 2.413665257457460467e-03
-4.897534595744746366e-01 2.395851986273334327e-03
-4.897025070609531405e-01 2.518930666352169143e-03
-4.896006020339100928e-01 2.445720649033091346e-03
-4.901101271691253314e-01 2.234951724786395175e-03
-4.891420294122164059e-01 2.534855542146015502e-03
-4.888872668446087588e-01 2.547625676076137758e-03
-4.882248841688289764e-01 2.460009304094030319e-03
-4.880210741147428810e-01 2.395851986273333893e-03
-4.873586914389630986e-01 2.496153184799823101e-03
-4.869510713307909078e-01 2.420110302995944363e-03
-4.860848786009250300e-01 2.085321488936323509e-03
-4.853205908981021999e-01 2.278665677172041128e-03
-4.858301160333173829e-01 2.334937500606389712e-03
-4.858810685468389345e-01 2.289463754325665994e-03
-4.851167808440161044e-01 2.402885099702848845e-03
-4.850148758169730567e-01 2.559825070707360054e-03
-4.851677333575376005e-01 2.374080957921073393e-03
-4.855244009521882953e-01 2.466859509269485155e-03
-4.852696383845806483e-01 2.526648784734790865e-03
-4.848110657628869613e-01 2.647570265778470544e-03
-4.840977305735856273e-01 2.726792681565047474e-03
-4.845563031952793143e-01 2.430280002945376955e-03
-4.847091607358439136e-01 2.586059674794517066e-03
-4.844543981682363221e-01 2.662725902133616408e-03
-4.840977305735856273e-01 2.629860566913103190e-03
-4.848620182764084574e-01 2.312031709933368151e-03
-4.849129707899300090e-01 2.504459873931478078e-03
-4.850148758169730567e-01 2.847876326865075858e-03
-4.845563031952793143e-01 2.430280002945376955e-03
-4.849639233034515051e-01 2.583548692869462940e-03
-4.845053506817578182e-01 2.445720649033091346e-03
-4.847091607358439136e-01 2.483641059969502428e-03
-4.848110657628869613e-01 2.443596705385363537e-03
-4.845053506817578182e-01 2.838745568104970775e-03
-4.848110657628869613e-01 2.334937500606389278e-03
-4.847091607358439136e-01 2.586059674794576047e-03
-4.842505881141502266e-01 2.506014312815343925e-03
-4.850148758169730567e-01 2.755207405312101124e-03
-4.844543981682363221e-01 2.563372291155029299e-03
-4.848110657628869613e-01 2.443596705385363537e-03
-4.846582082223223620e-01 2.701444413758342152e-03
-4.853205908981021999e-01 2.496153184799823101e-03
-4.851677333575376005e-01 2.374080957921073827e-03
-4.852696383845806483e-01 2.421718884298837502e-03
-4.850658283304945528e-01 2.320997450641423474e-03
-4.857282110062743907e-01 2.420110302995873673e-03
-4.858301160333173829e-01 2.220968573597073732e-03
-4.855244009521882953e-01 2.764614081380954800e-03
-4.856263059792313430e-01 2.280943204654285392e-03
-4.852696383845806483e-01 2.526648784734791299e-03
-4.857282110062743907e-01 2.310346760084929039e-03
-4.854734484386667437e-01 2.168327301508122563e-03
-4.843524931411932744e-01 2.686023984318273213e-03
-4.841486830871071789e-01 2.623436017737177869e-03
-4.838429680059780358e-01 2.647079929582813167e-03
-4.828748702490692213e-01 2.871480423421690110e-03
-4.824162976273754788e-01 2.583548692869350617e-03
-4.817539149515957519e-01 2.443596705385078609e-03
-4.815501048975096565e-01 2.477361300084179700e-03
-4.813462948434236166e-01 2.788922958409508542e-03
-4.815501048975096565e-01 2.580029212622751613e-03
-4.810405797622944735e-01 2.487818760247074643e-03
-4.809386747352515368e-01 2.258064560080138682e-03
-4.805310546270794014e-01 2.600076361061702881e-03
-4.802762920594718099e-01 2.356519322744259765e-03
-4.800215294918643849e-01 2.801925000726930917e-03
-4.809896272487729774e-01 2.534855542145507228e-03
-4.803781970865149131e-01 2.795895857762748047e-03
-4.802762920594718654e-01 2.666623051532255803e-03
-4.802253395459503138e-01 2.696153589031403692e-03
-4.804801021135578498e-01 2.320997450640793769e-03
-4.804801021135578498e-01 2.534855542145378424e-03
-4.803781970865148576e-01 2.395851986272675132e-03
-4.806839121676438897e-01 2.266671113549991942e-03
-4.806839121676440563e-01 2.780999203732736121e-03
-4.804801021135579608e-01 2.635284490596258387e-03
-4.806329596541223936e-01 2.420110302995351955e-03
-4.803272445729934725e-01 3.089252197404960664e-03
-4.803272445729933615e-01 2.635777021109934719e-03
-4.804801021135577943e-01 2.430280002944743348e-03
-4.801234345189073771e-01 2.844227540834497366e-03
-4.806839121676440563e-01 2.780999203732736121e-03
-4.805820071406008420e-01 2.119894005777199237e-03
-4.807858171946869374e-01 2.705285787065131800e-03
-4.805310546270794014e-01 2.392056360056717991e-03
-4.810915322758160806e-01 2.832794792813015782e-03
-4.811934373028591283e-01 2.836458285831459664e-03
-4.811424847893375212e-01 2.387711113308169097e-03
-4.807858171946869930e-01 2.506014312814784911e-03
-4.814481998704667198e-01 2.964017681795751147e-03
-4.813972473569450572e-01 2.329928690760488946e-03
-4.816010574110312081e-01 2.720597042193268790e-03
-4.816520099245527597e-01 3.029854275438080124e-03
-4.816010574110310971e-01 2.192142703345466726e-03
-4.823143926003324311e-01 2.627391445565904673e-03
-4.818048674651172480e-01 2.587565094350189124e-03
-4.817029624380742003e-01 2.506014312815028639e-03
-4.818048674651171925e-01 2.378451106042653567e-03
-4.820596300327248951e-01 2.669055880294790226e-03
-4.807858171946869930e-01 2.890853618459548850e-03
-4.803781970865148576e-01 2.168327301507463802e-03
-4.795629568701707535e-01 2.795895857762617075e-03
-4.794100993296062652e-01 2.928772460820924881e-03
-4.780853339780469224e-01 2.576001061512015605e-03
-4.778815239239609935e-01 2.413665257456619126e-03
-4.771172362211384410e-01 2.124787016339043343e-03
-4.769643786805737862e-01 2.359271945248799830e-03
-4.764039010318372735e-01 1.670589875379847704e-03
-4.760472334371865788e-01 2.035551320925020526e-03
-4.762000909777511781e-01 1.972724459372327856e-03
-4.765058060588802658e-01 2.307535776247416921e-03
-4.763529485183157219e-01 1.895543075131030271e-03
-4.764548535453587697e-01 1.581991442242909650e-03
-4.763529485183156664e-01 1.895543075131030271e-03
-4.765567585724018174e-01 1.558847164276587266e-03
-4.765567585724017619e-01 2.122953458957887226e-03
-4.769134261670523456e-01 2.085321488935696407e-03
-4.770153311940953378e-01 2.045094511173163165e-03
-4.765567585724018174e-01 2.122953458957887226e-03
-4.768624736535308495e-01 2.164132661373540170e-03
-4.768624736535308495e-01 2.392056360056717991e-03
-4.767096161129662502e-01 2.266671113549991942e-03
-4.765567585724017619e-01 2.241910594946481140e-03
-4.771172362211382745e-01 2.464227068534697706e-03
-4.770153311940953378e-01 2.395851986272675566e-03
-4.767605686264878573e-01 2.073460561035140280e-03
-4.767605686264878018e-01 2.195101461208613484e-03
-4.770153311940953933e-01 2.045094511173163165e-03
-4.773719987887459770e-01 2.176095896027168981e-03
-4.771172362211383855e-01 2.124787016339043776e-03
-4.774739038157889137e-01 2.234951724785616285e-03
-4.775248563293104653e-01 2.374080957920293635e-03
-4.774229513022674176e-01 2.320997450640663665e-03
-4.772700937617028738e-01 2.452081441696676248e-03
-4.778305714104394974e-01 2.501866996256584767e-03
-4.779834289510040413e-01 2.549662962027482264e-03
-4.780343814645254263e-01 2.563372291154184055e-03
-4.775248563293104098e-01 2.374080957920294069e-03
-4.778815239239609935e-01 2.619970119813837348e-03
-4.776267613563535130e-01 2.312031709932561938e-03
-4.780853339780470335e-01 2.473165935006980520e-03
-4.781362864915685296e-01 2.485208520560118917e-03
-4.775248563293104653e-01 2.374080957920294069e-03
-4.772191412481814332e-01 2.196874803192497890e-03
-4.771172362211384410e-01 2.243646940058756280e-03
-4.765567585724017619e-01 2.122953458957887226e-03
-4.767096161129663057e-01 2.024681328836194349e-03
-4.757415183560574912e-01 2.354866204812163053e-03
-4.755377083019715068e-01 1.944224002356196874e-03
-4.751810407073208675e-01 2.243646940059346086e-03
-4.748243731126702283e-01 2.559825070707288062e-03
-4.740600854098473427e-01 2.607554306791576293e-03
-4.740600854098473427e-01 2.506014312815343925e-03
-4.737034178151967034e-01 2.645608375723374536e-03
-4.730410351394169211e-01 2.686023984318327423e-03
-4.733977027340675603e-01 2.639713956868761872e-03
-4.734486552475891119e-01 2.643153965346540200e-03
-4.737543703287181995e-01 2.643153965346540200e-03
-4.737034178151967034e-01 2.645608375723374969e-03
-4.733977027340675603e-01 2.539460188161220440e-03
-4.740091328963258466e-01 2.514804651024825453e-03
-4.737034178151967034e-01 2.545586759642214439e-03
-4.737034178151967034e-01 2.545586759642214439e-03
-4.740600854098473427e-01 2.607554306791575859e-03
-4.737543703287181995e-01 2.543035815259971424e-03
-4.743658004909764858e-01 2.430280002945376522e-03
-4.738562753557612472e-01 2.534855542146015502e-03
-4.736524653016751518e-01 2.547116099978215253e-03
-4.743658004909764858e-01 2.635284490596807427e-03
-4.743148479774549897e-01 2.445720649033091346e-03
-4.740091328963258466e-01 2.713430648916648029e-03
-4.744677055180195335e-01 2.395851986273333459e-03
-4.745186580315410851e-01 2.483641059969455590e-03
-4.747734205991486767e-01 2.374080957921024821e-03
-4.750281831667562682e-01 2.230300415426624688e-03
-4.751810407073208675e-01 2.124787016339682588e-03
-4.754867557884498996e-01 2.460009304093780953e-03
-4.750281831667562127e-01 2.655403331017730344e-03
-4.756905658425359951e-01 2.050166049056954213e-03
-4.757924708695790428e-01 2.417426955565518069e-03
-4.757415183560574912e-01 2.354866204812163053e-03
-4.756396133290144435e-01 2.334937500606133406e-03
-4.758434233831005944e-01 2.140005567903686262e-03
-4.755886608154929474e-01 2.149084970440103600e-03
-4.753848507614069629e-01 1.956868412895257543e-03
-4.751300881937993159e-01 2.389884724239530432e-03
-4.752319932208423636e-01 2.085943880082480242e-03
-4.748243731126702283e-01 2.348242095474324144e-03
-4.751300881937993159e-01 2.161732069774028979e-03
-4.747224680856270695e-01 2.703845911622245433e-03
-4.735505602746321596e-01 2.547116099978215253e-03
-4.733977027340675603e-01 2.539460188161220006e-03
-4.727353200582877779e-01 2.395851986273333459e-03
-4.721238898960294916e-01 2.526648784734791299e-03
-4.721748424095510432e-01 2.555765075970201691e-03
-4.717162697878573008e-01 2.119894005777793380e-03
-4.711048396255990145e-01 2.334381496907447437e-03
-4.709010295715129746e-01 2.215702140902150140e-03
-4.710029345985560223e-01 2.334381496907447003e-03
-4.709519820850344707e-01 2.387711113308614488e-03
-4.706462670039053275e-01 2.122953458958397668e-03
-4.705953144903838314e-01 2.400182494978906223e-03
-4.701367418686900890e-01 2.430814071736121709e-03
-4.705443619768622798e-01 2.220968573597073732e-03
-4.705443619768622798e-01 2.334937500606389278e-03
-4.705953144903838314e-01 1.919361639158811235e-03
-4.703915044362977360e-01 2.758503390740306687e-03
-4.711048396255990145e-01 2.100207970520888250e-03
-4.709010295715129746e-01 2.329928690760848901e-03
-4.711048396255990145e-01 2.334381496907447003e-03
-4.711048396255990145e-01 2.443065430956781452e-03
-4.712067446526420622e-01 2.329928690760848901e-03
-4.712067446526420622e-01 1.967453309111549808e-03
-4.707481720309483753e-01 2.015041464543034649e-03
-4.712576971661636138e-01 2.027884433716812661e-03
-4.718691273284219001e-01 2.246537866319840791e-03
-4.719710323554649478e-01 2.321556659769076405e-03
-4.719200798419433962e-01 2.045094511173824528e-03
-4.722257949230725393e-01 2.374080957921073393e-03
-4.727353200582877779e-01 2.795895857763418951e-03
-4.719710323554649478e-01 2.535367582458712080e-03
-4.730410351394169211e-01 2.485208520560984544e-03
-4.730410351394169211e-01 2.485208520560984978e-03
-4.726334150312447302e-01 2.356519322744944113e-03
-4.726334150312447302e-01 2.464227068535382054e-03
-4.726334150312447302e-01 2.567420256236729263e-03
-4.729391301123738733e-01 2.563372291155029733e-03
-4.724296049771586348e-01 2.481026425009543075e-03
-4.729900826258953694e-01 2.473165935007842677e-03
-4.730410351394169211e-01 2.587565094350500073e-03
-4.727862725718092740e-01 2.619970119814646597e-03
-4.721238898960294916e-01 2.312031709933368585e-03
-4.721238898960294916e-01 2.312031709933368585e-03
-4.715124597337712054e-01 2.799607636175457329e-03
-4.711048396255990145e-01 2.334381496907447003e-03
-4.704934094633407837e-01 1.749534518000650692e-03
-4.698819793010824974e-01 2.374080957921072960e-03
-4.697291217605179536e-01 2.234951724786395609e-03
-4.688119765171305242e-01 2.726792681565099082e-03
-4.687100714900874765e-01 3.007493421674730695e-03
-4.680986413278291902e-01 3.072398540848703986e-03
-4.682514988683937895e-01 3.003606374628561490e-03
-4.677929262467000471e-01 2.928772460821736298e-03
-4.677929262467000471e-01 2.838745568104970775e-03
-4.679967363007861425e-01 2.971016552654538387e-03
-4.678438787602215987e-01 3.194604762859832789e-03
-4.677419737331785510e-01 3.252590726514159244e-03
-4.680476888143076941e-01 3.230164322552785041e-03
-4.681495938413507418e-01 2.814405797468638292e-03
-4.684553089224798850e-01 2.836458285831964903e-03
-4.683024513819152856e-01 3.007493421674730695e-03
-4.688629290306520203e-01 2.905187036949131735e-03
-4.690667390847381157e-01 2.872836281098817973e-03
-4.689648340576950680e-01 2.979306357224164020e-03
-4.691176915982596674e-01 2.473165935007842677e-03
-4.684553089224798850e-01 3.181575476802896065e-03
-4.693724541658672589e-01 2.501866996257408760e-03
-4.700348368416470413e-01 2.161732069774079286e-03
-4.698819793010824974e-01 2.481026425009542642e-03
-4.700348368416470413e-01 2.038100540860909599e-03
-4.697800742740394497e-01 2.320997450641423907e-03
-4.697800742740394497e-01 2.430280002945376955e-03
-4.703915044362977360e-01 2.239013694144100040e-03
-4.705953144903838314e-01 2.400182494978905789e-03
-4.710538871120775184e-01 2.389884724239667042e-03
-4.706462670039053275e-01 2.122953458958397668e-03
-4.703915044362977360e-01 2.239013694144100473e-03
-4.708500770579914230e-01 2.027884433716812661e-03
-4.705953144903838314e-01 2.506014312815343491e-03
-4.706462670039053275e-01 2.565903017698095180e-03
-4.709010295715129746e-01 1.967453309111550242e-03
-4.710538871120775184e-01 2.038100540860910033e-03
-4.705443619768622798e-01 2.100825951399503191e-03
-4.709519820850344707e-01 2.387711113308614488e-03
-4.699838843281255452e-01 2.312031709933368585e-03
-4.692705491388242112e-01 2.732024171418099764e-03
-4.695253117064318582e-01 2.334937500606390146e-03
-4.683534038954368373e-01 2.832794792813542704e-03
-4.678948312737430948e-01 3.122686636521276177e-03
-4.672834011114848085e-01 2.937623410165268820e-03
-4.666719709492265777e-01 3.142576561413943769e-03
-4.667229234627480738e-01 3.252590726514158811e-03
-4.659076832464037476e-01 2.926555540921272573e-03
-4.654491106247100052e-01 3.262552742877872225e-03
-4.649395854894947666e-01 3.140923878385409006e-03
-4.648376804624517189e-01 2.934086234396960854e-03
-4.655510156517530529e-01 2.942921202404331828e-03
-4.650924430300593659e-01 2.887259145676195592e-03
-4.652453005706239098e-01 2.972763695735653779e-03
-4.648376804624517189e-01 3.106014405076403233e-03
-4.658057782193606999e-01 3.095548661980311329e-03
-4.660095882734467398e-01 2.926555540921272573e-03
-4.659076832464037476e-01 3.262154846328691338e-03
-4.657548257058391483e-01 3.216068406999026807e-03
-4.664681608951404823e-01 2.926999059229633358e-03
-4.663662558680974346e-01 3.029854275438531586e-03
-4.671814960844418163e-01 3.150826973515286848e-03
-4.672834011114848085e-01 2.659311211470829269e-03
-4.666210184357050261e-01 2.940714948850050268e-03
-4.674872111655709039e-01 3.099320400732319750e-03
-4.670286385438772170e-01 2.908759355589693018e-03
-4.675381636790924555e-01 3.031139291800301339e-03
-4.675891161926139517e-01 3.370577129081659025e-03
-4.679457837872646464e-01 3.132232985985279952e-03
-4.679457837872646464e-01 2.780999203733344142e-03
-4.684043564089583334e-01 2.835085030711129161e-03
-4.692705491388242112e-01 2.732024171418099764e-03
-4.691176915982596674e-01 2.770242755171429313e-03
-4.695762642199533543e-01 2.526648784734790865e-03
-4.696272167334749059e-01 2.287762183110056673e-03
-4.699838843281255452e-01 2.526648784734791299e-03
-4.695253117064318582e-01 2.647570265778528657e-03
-4.691176915982596674e-01 2.770242755171429313e-03
-4.687100714900874765e-01 2.736297041792100978e-03
-4.678438787602215987e-01 3.027711369536789827e-03
-4.668757810033126732e-01 2.916336003534452520e-03
-4.664681608951404823e-01 3.181983449552768916e-03
-4.661114933004897876e-01 3.095548661980311762e-03
-4.660605407869682915e-01 3.220908241801866047e-03
-4.653981581111885091e-01 3.048221079853308691e-03
-4.651943480571024137e-01 3.331452860395610165e-03
-4.650414905165378143e-01 3.252989792919748057e-03
-4.646848229218871751e-01 3.003606374628561924e-03
-4.641243452731504404e-01 2.928772460821735431e-03
-4.639205352190643450e-01 3.057150811291364616e-03
-4.630033899756769156e-01 2.898477072558081069e-03
-4.631052950027199633e-01 2.820395372118805234e-03
-4.629524374621554195e-01 2.799607636175457763e-03
-4.625448173539832286e-01 2.701444413758397663e-03
-4.627486274080693240e-01 2.563372291155029733e-03
-4.628505324351123718e-01 2.686023984318327857e-03
-4.627486274080693240e-01 2.662725902133671919e-03
-4.630543424891984672e-01 2.993216237843411565e-03
-4.635129151108921541e-01 2.741983844688026910e-03
-4.635129151108921541e-01 3.012668349657278422e-03
-4.639714877325858411e-01 2.872836281098818407e-03
-4.640733927596288888e-01 2.940714948850050268e-03
-4.643791078407580319e-01 2.944244160979764616e-03
-4.643281553272365358e-01 2.871480423421897844e-03
-4.645319653813226313e-01 3.063936947968417916e-03
-4.649905380030163182e-01 2.854705230427696371e-03
-4.651943480571024137e-01 3.003606374628561924e-03
-4.652962530841454614e-01 3.112276958121583132e-03
-4.652962530841454614e-01 2.940714948850050268e-03
-4.654491106247100052e-01 3.181983449552768916e-03
-4.660605407869682915e-01 3.300527477379847606e-03
-4.665191134086619784e-01 2.780999203733344142e-03
-4.668757810033126732e-01 3.331842481221502540e-03
-4.673343536250063601e-01 3.044812388734120887e-03
-4.676910212196569994e-01 2.811175356036324513e-03
-4.676910212196569994e-01 2.902057650912219077e-03
-4.682514988683937895e-01 2.915890863334418253e-03
-4.669776860303557209e-01 2.971016552654538387e-03
-4.660605407869682915e-01 2.969268381539569637e-03
-4.653981581111885091e-01 2.961827142969332329e-03
-4.652962530841454614e-01 3.112276958121583132e-03
-4.647867279489302228e-01 2.777262555483763547e-03
-4.642262503001934881e-01 2.990178980604729381e-03
-4.639205352190643450e-01 2.790784101732499307e-03
-4.634110100838491064e-01 2.836915889817491574e-03
-4.636148201379352018e-01 2.919894682104919124e-03
-4.632581525432845626e-01 2.643153965346540634e-03
-4.632581525432845626e-01 2.543035815259971424e-03
-4.625957698675047247e-01 2.717255077381173101e-03
-4.618824346782034462e-01 2.696153589032101484e-03
-4.618824346782034462e-01 2.598078607128447102e-03
-4.616786246241173508e-01 2.466859509269485155e-03
-4.614748145700312554e-01 2.816710987303434367e-03
-4.613219570294666561e-01 2.400182494978906223e-03
-4.610671944618590645e-01 2.381178375722309021e-03
-4.616786246241173508e-01 2.359271945249443846e-03
-4.615257670835527515e-01 2.563372291155029299e-03
-4.614238620565097038e-01 2.024681328836751195e-03
-4.614748145700312554e-01 2.525107048324746507e-03
-4.618824346782034462e-01 2.278665677172041128e-03
-4.622391022728540855e-01 2.583548692869523655e-03
-4.622900547863755816e-01 2.504459873931478078e-03
-4.627486274080693240e-01 2.758503390740306687e-03
-4.626976748945477724e-01 2.445720649033091779e-03
-4.635638676244136502e-01 2.923004971775401348e-03
-4.642262503001934881e-01 2.902057650912219511e-03
-4.645319653813226313e-01 2.889506215162314200e-03
-4.646848229218871751e-01 3.003606374628561924e-03
-4.657038731923176522e-01 3.171768388040607182e-03
-4.657548257058391483e-01 3.134304431874011029e-03
-4.656019681652746045e-01 2.814405797468638292e-03
-4.661114933004897876e-01 3.010513210709414144e-03
-4.658567307328821960e-01 3.055451922129164086e-03
-4.664681608951404823e-01 2.926999059229633358e-03
-4.656019681652746045e-01 2.993216237843411565e-03
-4.649905380030163182e-01 3.115611839290610870e-03
-4.642262503001934881e-01 3.075776660110829831e-03
-4.638695827055427934e-01 3.065207676003130124e-03
-4.635638676244136502e-01 3.010513210709414144e-03
-4.635638676244136502e-01 2.643153965346540200e-03
-4.632581525432845626e-01 2.543035815259971424e-03
-4.635638676244136502e-01 2.739615778053435414e-03
-4.631562475162415149e-01 2.635284490596899801e-03
-4.634110100838491064e-01 2.836915889817491140e-03
-4.631052950027199633e-01 2.910989828546531842e-03
-4.629524374621554195e-01 2.506014312815343925e-03
-4.618824346782034462e-01 2.696153589032101484e-03
-4.617295771376388469e-01 2.603568741899138159e-03
-4.610162419483375129e-01 2.095257561820546358e-03
-4.613219570294666561e-01 2.506014312815343058e-03
-4.602519542455146828e-01 2.420110302995944363e-03
-4.603029067590362344e-01 2.485208520560985412e-03
-4.600481441914285874e-01 2.127839434256427117e-03
-4.605067168131223299e-01 2.192142703345732139e-03
-4.607105268672084253e-01 2.215702140902150574e-03
-4.606595743536868737e-01 2.269532711853993606e-03
-4.609143369212944652e-01 2.100207970520888250e-03
-4.613729095429882077e-01 2.647570265778528224e-03
-4.618314821646818946e-01 2.464227068535381621e-03
-4.616276721105957992e-01 2.430280002945376955e-03
-4.622900547863755816e-01 2.703845911622416737e-03
-4.622900547863755816e-01 2.889506215162314200e-03
-4.626467223810262763e-01 2.732024171418099764e-03
-4.632072000297630110e-01 3.334957809140251268e-03
-4.630033899756769156e-01 2.898477072558080635e-03
-4.639205352190643450e-01 3.057150811291364616e-03
-4.643281553272365358e-01 3.046943267564984799e-03
-4.646338704083656790e-01 3.109356003035902878e-03
-4.644300603542795836e-01 2.926999059229634225e-03
-4.640733927596288888e-01 3.194604762859832789e-03
-4.636148201379352018e-01 2.829585345550191238e-03
-4.628505324351123718e-01 2.587565094350499639e-03
-4.629014849486338679e-01 2.882309426365439048e-03
-4.621881497593325339e-01 2.456312819204847179e-03
-4.617295771376388469e-01 2.795895857763418951e-03
-4.619333871917249423e-01 2.818093196098804109e-03
-4.620352922187679900e-01 2.481026425009542642e-03
-4.626976748945477724e-01 3.016113368907076715e-03
-4.628505324351123718e-01 2.872836281098817973e-03
-4.629014849486338679e-01 2.696153589032101484e-03
-4.626467223810262763e-01 2.534855542146015502e-03
-4.621371972458110378e-01 2.534855542146015935e-03
-4.622391022728540855e-01 2.583548692869523655e-03
-4.614238620565097038e-01 2.587565094350500073e-03
-4.609652894348160168e-01 1.903743011356495447e-03
-4.604048117860792821e-01 2.289463754325666428e-03
-4.595895715697349004e-01 2.430280002945376955e-03
-4.589271888939551181e-01 2.770242755171429313e-03
-4.590800464345196619e-01 2.635284490596899801e-03
-4.588252838669120703e-01 2.496153184799823101e-03
-4.588252838669120703e-01 2.496153184799823101e-03
-4.586724263263474710e-01 2.522535393672110330e-03
-4.593857615156488050e-01 2.526648784734790865e-03
-4.594876665426918527e-01 2.583548692869523655e-03
-4.596405240832563965e-01 2.402885099702849279e-03
-4.600481441914285874e-01 2.466859509269484722e-03
-4.605576693266438260e-01 2.678765100717285259e-03
-4.606595743536868737e-01 2.381178375722309021e-03
-4.610671944618590645e-01 2.688439256800143583e-03
-4.619333871917249423e-01 2.526648784734791299e-03
-4.620862447322895417e-01 2.508602903850301429e-03
-4.624938648404616770e-01 2.684573777796173816e-03
-4.623919598134186293e-01 2.443596705385364404e-03
-4.624938648404616770e-01 2.483641059969503295e-03
-4.623919598134186293e-01 2.647570265778528657e-03
-4.616786246241173508e-01 2.246537866319840357e-03
-4.615767195970743031e-01 2.498232446455482363e-03
-4.615257670835527515e-01 1.993669699047570260e-03
-4.616786246241173508e-01 2.569946996594575563e-03
-4.610671944618590645e-01 2.269532711853993606e-03
-4.607614793807299214e-01 2.387711113308614488e-03
-4.609652894348160168e-01 2.494072189702947751e-03
-4.611181469753805606e-01 1.819368642841582727e-03
-4.617295771376388469e-01 2.501866996257408760e-03
-4.617295771376388469e-01 2.501866996257408760e-03
-4.621881497593325339e-01 2.234951724786395609e-03
-4.624938648404616770e-01 2.483641059969503295e-03
-4.631562475162415149e-01 2.732024171418099764e-03
-4.630033899756769156e-01 2.898477072558080635e-03
-4.618314821646818946e-01 2.567420256236729263e-03
-4.613219570294666561e-01 2.400182494978906223e-03
-4.610162419483375129e-01 2.095257561820546358e-03
-4.600990967049501390e-01 2.206308554815440259e-03
-4.591309989480412135e-01 2.619970119814646597e-03
-4.591819514615627096e-01 2.395851986273333459e-03
-4.590290939209981658e-01 2.649530703119182436e-03
-4.590800464345196619e-01 2.534855542146015502e-03
-4.588762363804335664e-01 2.686023984318327423e-03
-4.589781414074766142e-01 2.563372291155029733e-03
-4.593857615156488050e-01 2.421718884298837502e-03
-4.598952866508640436e-01 2.356519322744944113e-03
-4.597933816238209959e-01 2.421718884298837936e-03
-4.599971916779070913e-01 2.701444413758397663e-03
-4.608633844077729691e-01 2.278665677172041128e-03
-4.603029067590362344e-01 2.587565094350500073e-03
-4.608633844077729691e-01 2.389884724239667042e-03
-4.613219570294666561e-01 2.400182494978905789e-03
-4.608124318942514730e-01 2.220384031259381528e-03
-4.610162419483375129e-01 2.543035815259971424e-03
-4.607614793807299214e-01 2.494072189702947751e-03
-4.605067168131223299e-01 2.522535393672109896e-03
-4.596914765967779481e-01 2.374080957921072960e-03
-4.604048117860792821e-01 2.050166049057146767e-03
-4.603029067590362344e-01 2.686023984318327857e-03
-4.598952866508640436e-01 2.243646940059441930e-03
-4.604048117860792821e-01 2.173111261656609713e-03
-4.609143369212944652e-01 2.334381496907447003e-03
-4.608633844077729691e-01 2.696153589032101918e-03
-4.613729095429882077e-01 2.220968573597073732e-03
-4.618314821646818946e-01 2.356519322744944113e-03
-4.621371972458110378e-01 2.825453556518837429e-03
-4.623919598134186293e-01 2.743876826511493054e-03
-4.627995799215908201e-01 2.473165935007842677e-03
-4.619843397052464939e-01 2.452081441697396159e-03
-4.615767195970743031e-01 2.792644004705848500e-03
-4.612710045159451600e-01 2.565903017698095180e-03
-4.606595743536868737e-01 2.269532711853993606e-03
-4.593857615156488050e-01 2.818093196098803675e-03
-4.592329039750842612e-01 2.586059674794576047e-03
-4.589781414074766142e-01 2.563372291155029733e-03
-4.583157587316968318e-01 2.743876826511492187e-03
-4.581119486776107363e-01 2.539460188161220006e-03
-4.589271888939551181e-01 2.674885641620516376e-03
-4.591819514615627096e-01 2.501866996257408760e-03
-4.594367140291703566e-01 2.504459873931478078e-03
-4.596405240832563965e-01 2.610042194302298127e-03
-4.596405240832563965e-01 2.508602903850301429e-03
-4.599971916779070913e-01 2.501866996257409194e-03
-4.602519542455146828e-01 2.625908858344383999e-03
-4.602010017319931867e-01 2.119894005777793813e-03
-4.600990967049501390e-01 2.534855542146016369e-03
-4.597933816238209959e-01 2.627391445566113273e-03
-4.600990967049501390e-01 2.732024171418100198e-03
-4.594367140291703566e-01 2.504459873931478078e-03
-4.595386190562134043e-01 2.234951724786395175e-03
-4.593857615156488050e-01 2.526648784734790865e-03
-4.591819514615627096e-01 2.603568741899138159e-03
-4.594876665426918527e-01 2.777262555483763981e-03
-4.592838564886057573e-01 2.567420256236729263e-03
-4.598443341373424920e-01 2.598078607128447102e-03
-4.600481441914285874e-01 2.246537866319840357e-03
-4.603029067590362344e-01 2.266671113550560064e-03
-4.609143369212944652e-01 2.220384031259381528e-03
-4.612710045159451600e-01 2.565903017698095180e-03
-4.612200520024236083e-01 2.192142703345732139e-03
-4.607105268672084253e-01 2.438811069120106270e-03
-4.600481441914285874e-01 2.246537866319840791e-03
-4.600990967049501390e-01 2.635284490596900234e-03
-4.593857615156488050e-01 2.421718884298837068e-03
-4.583157587316968318e-01 2.647570265778528224e-03
-4.579590911370461925e-01 2.522535393672110330e-03
-4.579081386235246409e-01 2.514804651024825453e-03
-4.581629011911322880e-01 2.543035815259971424e-03
-4.577552810829600971e-01 2.485208520560984978e-03
-4.583667112452183279e-01 2.547116099978215253e-03
-4.592838564886057573e-01 2.762265415523833516e-03
-4.591309989480412135e-01 2.811175356036324947e-03
-4.593348090021273089e-01 2.443596705385363971e-03
-4.597933816238209959e-01 2.724411410757593237e-03
-4.597933816238209959e-01 2.526648784734791299e-03
-4.595386190562134043e-01 2.456312819204847179e-03
-4.593857615156488050e-01 2.421718884298837068e-03
-4.590800464345196619e-01 2.534855542146015502e-03
-4.588762363804335664e-01 2.686023984318327423e-03
-4.585195687857829272e-01 2.539460188161220006e-03
-4.587233788398690226e-01 2.616003470878486368e-03
-4.586724263263474710e-01 2.522535393672110330e-03
-4.588252838669120703e-01 2.696153589032101484e-03
-4.594367140291703566e-01 2.398559470453189187e-03
-4.590800464345196619e-01 2.635284490596900234e-03
-4.595386190562134043e-01 2.559825070707421636e-03
-4.606086218401653776e-01 2.534855542146015502e-03
-4.608124318942514730e-01 2.647079929582865209e-03
-4.615767195970743031e-01 2.698078725720828071e-03
-4.619843397052464939e-01 2.452081441697395725e-03
-4.622391022728540855e-01 2.777262555483764415e-03
-4.624938648404616770e-01 2.586059674794576047e-03
-4.623410072998971332e-01 2.818093196098804109e-03
-4.615767195970743031e-01 2.600076361062331719e-03
-4.613219570294666561e-01 2.289463754325665994e-03
-4.604557642996007782e-01 2.665162288316488739e-03
-4.597424291102994443e-01 2.555765075970201691e-03
-4.592329039750842612e-01 2.483641059969503295e-03
-4.584176637587398795e-01 2.645608375723425710e-03
-4.576533760559170494e-01 2.662725902133671919e-03
-4.585195687857829272e-01 2.639713956868814347e-03
-4.584176637587398795e-01 2.741983844688026910e-03
-4.582648062181753357e-01 2.836458285831964469e-03
-4.585195687857829272e-01 2.736297041792100978e-03
-4.582648062181753357e-01 2.547116099978215253e-03
-4.584176637587398795e-01 2.645608375723425710e-03
-4.585195687857829272e-01 2.736297041792100978e-03
-4.582648062181753357e-01 2.647079929582865209e-03
-4.577552810829600971e-01 2.587565094350500073e-03
-4.575005185153524501e-01 2.619970119814646597e-03
-4.577552810829600971e-01 2.587565094350500073e-03
-4.576533760559170494e-01 2.758503390740306687e-03
-4.573476609747879063e-01 2.464227068535381621e-03
-4.578571861100031448e-01 2.506014312815343925e-03
-4.574495660018309540e-01 2.395851986273333459e-03
-4.578571861100031448e-01 2.506014312815343925e-03
-4.583157587316968318e-01 3.014391351427905385e-03
-4.583157587316968318e-01 2.647570265778528224e-03
-4.585195687857829272e-01 2.539460188161220440e-03
-4.591309989480412135e-01 2.518930666352169143e-03
-4.599971916779070913e-01 2.045094511173824528e-03
-4.611181469753805606e-01 2.534855542146015935e-03
-4.617805296511603985e-01 2.321556659769076405e-03
-4.617805296511603985e-01 2.635777021110610827e-03
-4.622391022728540855e-01 2.682155024464472418e-03
-4.619843397052464939e-01 2.452081441697395725e-03
-4.610671944618590645e-01 2.381178375722309021e-03
-4.604048117860792821e-01 2.607554306791624431e-03
-4.594876665426918527e-01 2.481026425009542642e-03
-4.583667112452183279e-01 2.547116099978215253e-03
-4.581119486776107363e-01 2.736297041792100978e-03
-4.576533760559170494e-01 2.662725902133671919e-03
-4.575005185153524501e-01 2.619970119814646597e-03
-4.573986134883094024e-01 2.483641059969503295e-03
-4.572967084612663546e-01 2.547625676076137758e-03
-4.577552810829600971e-01 2.686023984318327423e-03
-4.569400408666157154e-01 2.481026425009542642e-03
-4.568381358395726677e-01 2.627391445566112840e-03
-4.567362308125296200e-01 2.356519322744944113e-03
-4.566343257854865723e-01 2.284923415193096819e-03
-4.566343257854865723e-01 2.284923415193096819e-03
-4.569400408666157154e-01 2.682155024464471984e-03
-4.562267056773143814e-01 2.289463754325665994e-03
-4.571948034342233069e-01 2.398559470453189620e-03
-4.571948034342233069e-01 2.398559470453189620e-03
-4.577552810829600971e-01 2.587565094350500073e-03
-4.579590911370461925e-01 2.522535393672110330e-03
-4.583667112452183279e-01 2.547116099978215253e-03
-4.593348090021273089e-01 2.647570265778529091e-03
-4.593857615156488050e-01 2.421718884298837068e-03
-4.603538592725577305e-01 2.334937500606388844e-03
-4.607105268672084253e-01 2.329928690760848901e-03
-4.613729095429882077e-01 2.100825951399503191e-03
-4.615257670835527515e-01 2.239013694144100473e-03
-4.619843397052464939e-01 2.655403331017938511e-03
-4.616786246241173508e-01 2.569946996594575130e-03
-4.611690994889021122e-01 2.258064560080627874e-03
-4.604557642996007782e-01 2.241910594947001557e-03
-4.604048117860792821e-01 2.705285787065710330e-03
-4.592329039750842612e-01 2.376813242123630796e-03
-4.593348090021273089e-01 2.443596705385364404e-03
-4.590800464345196619e-01 2.534855542146015502e-03
-4.580100436505676886e-01 2.820395372118805234e-03
-4.570928984071802592e-01 2.659311211470828835e-03
-4.561757531637928853e-01 1.996922547839858481e-03
-4.562267056773143814e-01 2.173111261656609713e-03
-4.557171805420991983e-01 2.100207970520888250e-03
-4.556152755150561506e-01 2.543035815259971424e-03
-4.558190855691421906e-01 2.334381496907447003e-03
-4.555643230015345990e-01 2.487818760247564268e-03
-4.555643230015345990e-01 2.381178375722309021e-03
-4.556152755150561506e-01 2.329928690760848901e-03
-4.557681330556206944e-01 2.278665677172041128e-03
-4.560738481367498376e-01 2.140005567903955144e-03
-4.563286107043574291e-01 2.378451106042906837e-03
-4.567871833260511716e-01 2.496153184799823101e-03
-4.575514710288740017e-01 2.635284490596900234e-03
-4.571948034342233069e-01 2.398559470453189187e-03
-4.581629011911322880e-01 2.739615778053435414e-03
-4.581119486776107363e-01 2.639713956868814347e-03
-4.588762363804335664e-01 2.872836281098817540e-03
-4.594367140291703566e-01 2.504459873931478078e-03
-4.601500492184716351e-01 2.698078725720828071e-03
-4.604048117860792821e-01 2.289463754325665994e-03
-4.611181469753805606e-01 2.206308554815440692e-03
-4.609652894348160168e-01 2.387711113308614488e-03
-4.609652894348160168e-01 2.276385871021271729e-03
-4.605067168131223299e-01 2.192142703345732139e-03
-4.596914765967779481e-01 2.481026425009542642e-03
-4.591819514615627096e-01 2.603568741899138159e-03
-4.580100436505676886e-01 2.820395372118805668e-03
-4.568890883530942193e-01 2.343815621990046234e-03
-4.559719431097067899e-01 1.895543075131442701e-03
-4.550038453527978644e-01 2.320997450641423907e-03
-4.548509878122332650e-01 2.085943880082531416e-03
-4.541376526229319865e-01 2.684573777796173816e-03
-4.546471777581471696e-01 2.343815621990046234e-03
-4.545452727311041219e-01 2.402885099702848845e-03
-4.546471777581471696e-01 2.343815621990046234e-03
-4.544943202175826258e-01 2.430280002945376955e-03
-4.553605129474485036e-01 2.565903017698095180e-03
-4.554114654609700552e-01 2.307535776247926929e-03
-4.555643230015345990e-01 2.487818760247563835e-03
-4.559719431097067899e-01 2.381178375722309021e-03
-4.566852782990081239e-01 2.535367582458712080e-03
-4.570928984071802592e-01 2.659311211470828835e-03
-4.573476609747879063e-01 2.356519322744944113e-03
-4.579590911370461925e-01 2.522535393672109896e-03
-4.585195687857829272e-01 2.829585345550191238e-03
-4.589781414074766142e-01 2.563372291155029733e-03
-4.598952866508640436e-01 2.464227068535382054e-03
-4.595895715697349004e-01 2.534855542146015935e-03
-4.603029067590362344e-01 2.485208520560984978e-03
-4.605576693266438260e-01 2.370250468689820422e-03
-4.600990967049501390e-01 2.534855542146015935e-03
-4.597933816238209959e-01 2.312031709933368585e-03
-4.592838564886057573e-01 2.666623051532943187e-03
-4.581119486776107363e-01 2.639713956868814347e-03
-4.569909933801372670e-01 2.402885099702849279e-03
-4.563286107043574291e-01 2.485208520560984978e-03
-4.554114654609700552e-01 2.623436017737177002e-03
-4.546471777581471696e-01 2.452081441697395725e-03
-4.539847950823673872e-01 2.534855542146015502e-03
-4.536281274877167480e-01 2.514804651024825453e-03
-4.538828900553243395e-01 2.563372291155029733e-03
-4.536281274877167480e-01 2.616003470878486368e-03
-4.541376526229319865e-01 2.376813242123630796e-03
-4.540867001094104349e-01 2.395851986273333459e-03
-4.541886051364534826e-01 2.567420256236729263e-03
-4.545452727311041219e-01 2.292296899518424247e-03
-4.550547978663193605e-01 2.164132661374152094e-03
-4.552586079204054559e-01 2.220968573597073732e-03
-4.558190855691421906e-01 2.100207970520888250e-03
-4.560738481367498376e-01 2.258064560080628308e-03
-4.562776581908359330e-01 1.973382363162658019e-03
-4.569400408666157154e-01 2.481026425009542642e-03
-4.567871833260511716e-01 2.278665677172041128e-03
-4.575005185153524501e-01 2.518930666352168710e-03
-4.585195687857829272e-01 2.539460188161220440e-03
-4.587743313533905187e-01 2.705285787065711198e-03
-4.591309989480412135e-01 2.518930666352169143e-03
-4.589781414074766142e-01 2.460009304094029885e-03
-4.587233788398690226e-01 2.713430648916695300e-03
-4.587743313533905187e-01 2.607554306791624865e-03
-4.583667112452183279e-01 2.647079929582864775e-03
-4.572457559477448585e-01 2.526648784734790865e-03
-4.567362308125296200e-01 2.567420256236729263e-03
-4.564305157314004768e-01 2.460009304094029885e-03
-4.547490827851902173e-01 2.278665677172041128e-03
-4.542395576499750343e-01 2.443596705385364404e-03
-4.537809850282812918e-01 2.485208520560984544e-03
-4.531695548660230610e-01 2.647079929582864775e-03
-4.532205073795445571e-01 2.547625676076136891e-03
-4.536281274877167480e-01 2.514804651024825453e-03
-4.532714598930660532e-01 2.547116099978215253e-03
-4.540357475958889388e-01 2.717255077381173101e-03
-4.546981302716687212e-01 2.196874803193213897e-03
-4.547490827851902173e-01 2.496153184799823101e-03
-4.545452727311041219e-01 2.402885099702849279e-03
-4.546981302716687212e-01 2.312031709933368585e-03
-4.553605129474485036e-01 2.354866204812453619e-03
-4.555133704880131029e-01 1.670589875380259267e-03
-4.557171805420991983e-01 2.334381496907447003e-03
-4.558190855691421906e-01 2.220384031259381528e-03
-4.564814682449220284e-01 2.392056360057336420e-03
-4.567871833260511716e-01 2.598078607128447102e-03
-4.575005185153524501e-01 2.619970119814646597e-03
-4.577552810829600971e-01 2.587565094350499639e-03
-4.571948034342233069e-01 2.703845911622416737e-03
-4.576533760559170494e-01 2.460009304094029885e-03
-4.565324207584435245e-01 2.206308554815440259e-03
-4.563286107043574291e-01 2.378451106042906837e-03
-4.553605129474485036e-01 1.862382327890554651e-03
-4.551567028933624082e-01 2.420110302995944363e-03
-4.539847950823673872e-01 2.534855542146015502e-03
-4.528638397848939179e-01 2.623436017737177869e-03
-4.523033621361571277e-01 2.376813242123630796e-03
-4.525581247037647747e-01 2.662725902133671919e-03
-4.521505045955925839e-01 2.421718884298837068e-03
-4.522014571091140800e-01 2.443596705385364404e-03
-4.526090772172862708e-01 2.576001061512865620e-03
-4.524562196767217270e-01 2.430280002945376522e-03
-4.525071721902432231e-01 2.649530703119182869e-03
-4.528638397848939179e-01 2.623436017737177436e-03
-4.525071721902432231e-01 2.549662962028322304e-03
-4.526090772172862708e-01 2.576001061512865620e-03
-4.527109822443293186e-01 2.598078607128447102e-03
-4.530166973254584617e-01 2.639713956868814347e-03
-4.531695548660230610e-01 2.547116099978215253e-03
-4.536281274877167480e-01 2.713430648916695300e-03
-4.537300325147597957e-01 2.598078607128447102e-03
-4.548000352987117689e-01 2.356519322744944113e-03
-4.557681330556206944e-01 2.496153184799823101e-03
-4.554624179744915513e-01 2.258064560080628308e-03
-4.562776581908359330e-01 2.334937500606388844e-03
-4.566343257854865723e-01 2.168327301508122563e-03
-4.562267056773143814e-01 2.050166049057146767e-03
-4.558700380826637422e-01 2.276385871021271729e-03
-4.549528928392763127e-01 2.246537866319840357e-03
-4.533224124065876048e-01 2.645608375723425710e-03
-4.531695548660230610e-01 2.743403703510042483e-03
-4.523033621361571277e-01 2.586059674794576047e-03
-4.514371694062912499e-01 2.430280002945376955e-03
-4.507747867305114675e-01 2.494072189702947751e-03
-4.510295492981190590e-01 2.417426955565838125e-03
-4.508766917575545152e-01 2.590072182521544440e-03
-4.514881219198128015e-01 2.569946996594575130e-03
-4.516409794603773453e-01 2.356519322744944113e-03
-4.515900269468558492e-01 2.206896825337776712e-03
-4.521505045955925839e-01 2.526648784734790865e-03
-4.519976470550279846e-01 2.559825070707421636e-03
-4.523543146496786793e-01 2.603568741899138159e-03
-4.529147922984154140e-01 2.529216256980134150e-03
-4.533733649201091009e-01 2.739615778053435414e-03
-4.537300325147597957e-01 2.496153184799823101e-03
-4.544943202175826258e-01 2.635284490596900234e-03
-4.544433677040611297e-01 2.559825070707422070e-03
-4.550038453527978644e-01 2.206308554815440259e-03
-4.555643230015345990e-01 2.152102925824680296e-03
-4.552586079204054559e-01 2.443596705385363537e-03
-4.550547978663193605e-01 2.498232446455482363e-03
-4.549019403257548166e-01 2.603568741899138159e-03
-4.541886051364534826e-01 2.464227068535381621e-03
-4.525581247037647747e-01 2.460009304094030319e-03
-4.523033621361571277e-01 2.586059674794576047e-03
-4.511314543251621068e-01 2.400182494978905789e-03
-4.507747867305114675e-01 2.276385871021271295e-03
-4.502143090817747328e-01 2.400182494978905789e-03
-4.500614515412101335e-01 2.310346760084929472e-03
-4.501124040547316851e-01 3.048221079853308691e-03
-4.502652615952962289e-01 2.853340757205273959e-03
-4.503671666223392767e-01 2.477361300084528380e-03
-4.508766917575545152e-01 2.487818760247563835e-03
-4.508257392440329636e-01 2.438811069120105837e-03
-4.512333593522051545e-01 2.378451106042906837e-03
-4.514881219198128015e-01 2.359271945249443846e-03
-4.517428844874203930e-01 2.312031709933368585e-03
-4.524052671632001754e-01 2.413665257457460467e-03
-4.525581247037647747e-01 2.563372291155029733e-03
-4.532205073795445571e-01 2.547625676076136891e-03
-4.536790800012382441e-01 2.890853618460147330e-03
-4.541376526229319865e-01 2.376813242123630796e-03
-4.541376526229319865e-01 2.684573777796173816e-03
-4.538319375418028434e-01 2.576001061512865620e-03
-4.537300325147597957e-01 2.496153184799823101e-03
-4.535771749741951964e-01 2.623436017737177436e-03
-4.524562196767217270e-01 2.635284490596899801e-03
-4.513862168927697538e-01 2.280943204654285392e-03
-4.504690716493823244e-01 2.487818760247563401e-03
-4.504181191358608283e-01 2.825453556518836996e-03
-4.497047839465594943e-01 2.356519322744944113e-03
-4.492971638383873034e-01 2.262085026680307753e-03
-4.487876387031720649e-01 2.851065184024677290e-03
-4.487366861896505688e-01 2.674885641620515942e-03
-4.490424012707797119e-01 2.684573777796173816e-03
-4.489914487572581603e-01 2.603568741899080045e-03
-4.492971638383873034e-01 2.583548692869523655e-03
-4.499085940006455897e-01 2.534855542146015935e-03
-4.502143090817747328e-01 2.506014312815274536e-03
-4.504690716493823244e-01 2.152102925824680296e-03
-4.503671666223392767e-01 2.015041464543034649e-03
-4.506219291899469237e-01 1.972724459372690847e-03
-4.510295492981190590e-01 2.522535393672109896e-03
-4.519976470550279846e-01 2.659311211470828835e-03
-4.524052671632001754e-01 2.717255077381173101e-03
-4.527619347578508702e-01 2.607554306791624865e-03
-4.527109822443293186e-01 2.696153589032101918e-03
-4.526600297308078225e-01 2.485208520560984978e-03
-4.529657448119369656e-01 2.635284490596900234e-03
-4.523543146496786793e-01 2.603568741899138159e-03
-4.513862168927697538e-01 2.498232446455482363e-03
-4.509276442710760113e-01 2.534855542146015935e-03
-4.502652615952962289e-01 2.462646253403033992e-03
-4.487876387031720649e-01 2.851065184024676857e-03
-4.478195409462631393e-01 2.726792681565003672e-03
-4.478704934597847465e-01 2.825453556518698218e-03
-4.463928705676606379e-01 2.764614081380651223e-03
-4.470043007299189242e-01 3.063936947968162045e-03
-4.475647783786555478e-01 2.686023984318233748e-03
-4.475647783786556033e-01 2.872836281098642766e-03
-4.477685884327416987e-01 2.905187036948953493e-03
-4.477176359192201471e-01 2.898477072557947495e-03
-4.476666834056986510e-01 2.979306357223992282e-03
-4.488385912166936165e-01 2.649530703119182436e-03
-4.490933537843012080e-01 2.666623051532942754e-03
-4.496028789195164466e-01 2.908759355589637073e-03
-4.504690716493823244e-01 2.152102925824680296e-03
-4.508257392440329636e-01 2.329928690760848901e-03
-4.511314543251621068e-01 2.400182494978906223e-03
-4.513352643792482022e-01 2.563372291155029733e-03
-4.507747867305114675e-01 2.494072189702947751e-03
-4.508766917575545152e-01 2.269532711853993606e-03
-4.501124040547316851e-01 2.485208520560985412e-03
-4.500104990276886374e-01 2.352108426369201553e-03
-4.491443062978227596e-01 2.647570265778528657e-03
-4.479723984868277387e-01 2.739615778053386842e-03
-4.465966806217466778e-01 2.790784101732226956e-03
-4.460871554865316058e-01 2.836915889817106032e-03
-4.457814404054024626e-01 2.875094622993451011e-03
-4.460871554865314947e-01 2.647570265778189953e-03
-4.452209627566657835e-01 2.814405797468070604e-03
-4.462400130270961496e-01 2.851065184024369811e-03
-4.468004906758328287e-01 3.067324386203274401e-03
-4.463928705676606379e-01 2.946447771916574539e-03
-4.464438230811821895e-01 2.795895857763115808e-03
-4.463928705676605824e-01 2.359271945249265603e-03
-4.471062057569619164e-01 2.836915889817284708e-03
-4.476157308921770439e-01 2.696153589032007376e-03
-4.480233510003492348e-01 2.741983844687929332e-03
-4.484819236220429217e-01 2.522535393672110330e-03
-4.495009738924733989e-01 2.583548692869523222e-03
-4.493990688654303511e-01 2.825453556518781485e-03
-4.499595465141670858e-01 2.280943204654211232e-03
-4.492462113248658073e-01 2.287762183110056240e-03
-4.483290660814783779e-01 2.639713956868814347e-03
-4.468004906758327177e-01 2.292296899518375675e-03
-4.459342979459669509e-01 2.522535393671764686e-03
-4.452719152701872241e-01 2.370250468689317786e-03
-4.448642951620152552e-01 2.792644004705207086e-03
-4.444566750538431199e-01 3.106014405075691997e-03
-4.441000074591925362e-01 2.996683619529784230e-03
-4.434885772969343609e-01 2.890853618459326806e-03
-4.439981024321494885e-01 2.666623051532146516e-03
-4.438961974051065518e-01 2.701444413757590150e-03
-4.442528649997570245e-01 2.659311211470074231e-03
-4.446095325944076637e-01 2.567420256236044914e-03
-4.448133426484937036e-01 2.732024171417452279e-03
-4.460362029730099986e-01 2.506014312815028639e-03
-4.459852504594885581e-01 2.942921202403899882e-03
-4.466985856487897810e-01 2.751435730161988155e-03
-4.474119208380909485e-01 2.745768503279670536e-03
-4.478704934597846909e-01 2.732024171418003487e-03
-4.475647783786556033e-01 2.872836281098686568e-03
-4.471062057569618053e-01 2.647570265778395517e-03
-4.460362029730099986e-01 2.799607636175070052e-03
-4.451190577296227358e-01 2.705285787065159556e-03
-4.441000074591925362e-01 2.818093196098028254e-03
-4.425714320535472091e-01 2.890853618459315964e-03
-4.422147644588966253e-01 3.075776660110042700e-03
-4.418071443507246565e-01 2.937623410164516818e-03
-4.417052393236816088e-01 2.707683877941912971e-03
-4.419090493777676487e-01 2.977998974863717459e-03
-4.419090493777675932e-01 2.977998974863703581e-03
-4.421638119453751847e-01 2.975818727866047248e-03
-4.425204795400257685e-01 2.790784101731669676e-03
-4.433866722698913687e-01 3.161930881621033418e-03
-4.437433398645419524e-01 2.549662962027482264e-03
-4.439471499186280479e-01 2.871480423421116784e-03
-4.443038175132786316e-01 2.915890863333688802e-03
-4.451190577296228468e-01 3.148766397155677160e-03
-4.452719152701873906e-01 3.207985789527485927e-03
-4.448642951620152552e-01 2.972763695734998921e-03
-4.447623901349721520e-01 2.669055880294411189e-03
-4.443038175132786316e-01 3.003606374627830738e-03
-4.442019124862355839e-01 2.958318907040325373e-03
-4.429280996481977928e-01 3.097644639375834053e-03
-4.421638119453752402e-01 2.701444413757590150e-03
-4.413485717290310251e-01 2.887259145675519483e-03
-4.401257114045147301e-01 2.905187036948698488e-03
-4.399219013504287457e-01 2.587565094350189124e-03
-4.398709488369070830e-01 3.080836893847162077e-03
-4.400747588909931785e-01 2.853340757204897091e-03
-4.405842840262082505e-01 3.139270325293992692e-03
-4.411447616749449296e-01 3.194604762859167089e-03
-4.416033342966385611e-01 2.844227540834496932e-03
-4.419600018912890893e-01 2.996683619529784230e-03
-4.425204795400257685e-01 2.971016552653716128e-03
-4.430809571887623366e-01 3.013960693327672608e-03
-4.437942923780635041e-01 2.825453556518044661e-03
-4.435395298104558570e-01 2.971016552653734343e-03
-4.439471499186280479e-01 2.960512041678407032e-03
-4.431828622158054398e-01 2.739615778052578894e-03
-4.427752421076332490e-01 2.915890863333581683e-03
-4.413485717290310251e-01 2.795895857762747180e-03
-4.404314264856438177e-01 2.547116099977785042e-03
-4.395652337557780509e-01 2.825912942515639188e-03
-4.385971359988692364e-01 2.758503390740261584e-03
-4.379347533230893430e-01 3.099320400732144109e-03
-4.381385633771754384e-01 3.007493421674554621e-03
-4.377818957825248547e-01 2.832794792813493698e-03
-4.380876108636539423e-01 3.337681335775422985e-03
-4.385461834853476293e-01 2.951729726150994527e-03
-4.385461834853476293e-01 2.674885641620422701e-03
-4.396161862692994915e-01 3.145466667250643601e-03
-4.398709488369071385e-01 2.907420250467044210e-03
-4.404823789991653138e-01 3.057150811290832056e-03
-4.416542868101601127e-01 2.869219236816910809e-03
-4.417561918372032159e-01 2.915890863333688802e-03
-4.416542868101600572e-01 3.128915820123061818e-03
-4.416033342966385611e-01 2.844227540834497366e-03
-4.409919041343804968e-01 2.334937500605830697e-03
-4.395142812422564993e-01 3.115611839290230965e-03
-4.389538035935198201e-01 2.926999059229392665e-03
-4.382914209177400378e-01 2.905187036948953059e-03
-4.378838008095678469e-01 3.262154846328565137e-03
-4.372214181337881200e-01 2.928772460821684690e-03
-4.371704656202666239e-01 2.825453556518784954e-03
-4.370176080797020246e-01 2.871480423421845368e-03
-4.370685605932235762e-01 2.701444413758398531e-03
-4.377818957825248547e-01 2.643153965346540200e-03
-4.379857058366108946e-01 2.836458285831822222e-03
-4.398199963233855869e-01 2.758503390739973186e-03
-4.402276164315577223e-01 2.825453556518434106e-03
-4.410938091614234891e-01 2.907420250466797879e-03
-4.413485717290310251e-01 3.061817895948584084e-03
-4.405842840262083615e-01 2.694227076753439101e-03
-4.406861890532512427e-01 3.134304431873429029e-03
-4.404823789991653138e-01 3.057150811290831622e-03
-4.392085661611273562e-01 3.003606374628260082e-03
-4.386990410259122286e-01 2.915890863334208785e-03
-4.377309432690033586e-01 2.829585345550141798e-03
-4.367118929985728815e-01 2.937623410165215478e-03
-4.364061779174437383e-01 2.696153589032101484e-03
-4.365590354580083376e-01 2.869219236817640260e-03
-4.365590354580083376e-01 3.210817020051620879e-03
-4.366609404850513854e-01 2.825453556518837429e-03
-4.371195131067450168e-01 3.396664388810012591e-03
-4.377818957825248547e-01 2.923004971775354077e-03
-4.385971359988691809e-01 2.940714948849881567e-03
-4.393614237016919555e-01 2.844227540834984389e-03
-4.391576136476058601e-01 3.024708750736481745e-03
-4.394123762152133961e-01 2.996683619530226585e-03
-4.398199963233854759e-01 3.194604762859384363e-03
-4.396161862692996025e-01 2.795895857763116242e-03
-4.390557086205628123e-01 2.977998974864197543e-03
-4.389028510799983240e-01 3.031139291800027252e-03
-4.375271332149172632e-01 2.713430648916642391e-03
-4.372214181337881200e-01 3.183614817744726509e-03
-4.372214181337881200e-01 2.649530703119126491e-03
-4.367628455120944331e-01 2.958318907041003216e-03
-4.370685605932235762e-01 2.701444413758342152e-03
-4.379857058366108946e-01 3.262154846328484473e-03
-4.375780857284387593e-01 2.720597042193607928e-03
-4.375271332149172632e-01 2.986704047436987246e-03
-4.379857058366109501e-01 2.926555540921134662e-03
-4.366099879715298338e-01 2.893097896120165775e-03
-4.359476052957500514e-01 2.961827142969216536e-03
-4.351323650794056697e-01 3.088831976741616189e-03
-4.354890326740563644e-01 2.969268381539569637e-03
-4.355399851875778605e-01 2.832794792813542704e-03
-4.353871276470133167e-01 2.696153589032101918e-03
-4.355399851875778605e-01 2.543035815259971424e-03
-4.362533203768791945e-01 2.501866996257342841e-03
-4.358966527822285553e-01 2.743876826511492621e-03
-4.365080829444867860e-01 2.751435730162228414e-03
-4.371704656202666239e-01 2.732024171418045554e-03
-4.373742756743526638e-01 3.048221079853260553e-03
-4.372214181337881200e-01 3.016113368906978270e-03
-4.369157030526589769e-01 2.743876826511492621e-03
-4.370685605932235762e-01 2.603568741899139026e-03
-4.367628455120944331e-01 2.583548692869523655e-03
-4.368137980256159292e-01 2.798216296255373603e-03
-4.365590354580083376e-01 3.044812388734121321e-03
-4.370685605932235762e-01 3.061817895949172155e-03
-4.362533203768791945e-01 2.975818727866842185e-03
-4.374761807013956560e-01 2.979306357224066875e-03
-4.374252281878742155e-01 2.696153589031993932e-03
-4.387499935394337247e-01 2.902057650912094177e-03
-4.382404684042184861e-01 2.726792681565003672e-03
-4.389538035935198201e-01 2.836915889817325474e-03
-4.384442784583045816e-01 2.882309426365307209e-03
-4.381895158906970456e-01 2.825453556518744622e-03
-4.374761807013956560e-01 2.979306357224018736e-03
-4.371195131067450723e-01 2.619970119814646597e-03
-4.373742756743526638e-01 2.961827142969233884e-03
-4.371195131067450168e-01 3.159055838334267046e-03
-4.368137980256159292e-01 3.063936947968417916e-03
-4.370685605932235762e-01 2.701444413758398097e-03
-4.378328482960462953e-01 3.260960865377286570e-03
-4.379857058366108946e-01 3.013960693328317925e-03
-4.388009460529552763e-01 2.795895857763290148e-03
-4.388518985664767724e-01 2.960512041678972986e-03
-4.390047561070413717e-01 3.082100654163213993e-03
-4.383423734312614783e-01 3.155766867282798482e-03
-4.385971359988691809e-01 2.758503390740171812e-03
-4.381895158906969900e-01 3.088831976741403685e-03
-4.378838008095678469e-01 2.836458285831868625e-03
-4.382914209177400933e-01 2.814405797468546352e-03
-4.376290382419603109e-01 2.910989828546483270e-03
-4.372723706473096161e-01 3.112276958121535861e-03
-4.378838008095679024e-01 2.926555540921179331e-03
-4.379347533230894540e-01 2.743876826511394175e-03
-4.381895158906969900e-01 2.915890863334327614e-03
-4.384952309718260222e-01 3.214049658192129344e-03
-4.394123762152133961e-01 2.996683619530226585e-03
-4.395652337557779399e-01 3.004038517120138051e-03
-4.397690438098640908e-01 2.884110307157069803e-03
-4.395142812422565548e-01 2.854705230427432693e-03
-4.392595186746489078e-01 2.893097896119932889e-03
-4.382404684042184861e-01 3.167263323817052188e-03
-4.383423734312615339e-01 2.986704047436910918e-03
-4.386480885123906215e-01 3.264143844041626687e-03
-4.382914209177400378e-01 2.905187036948997728e-03
-4.383423734312616449e-01 2.807478871391938611e-03
-4.383933259447831410e-01 2.979306357224035216e-03
-4.392595186746489078e-01 2.893097896119893857e-03
-4.393104711881704594e-01 2.481026425009407767e-03
-4.390557086205627013e-01 3.385946917547883080e-03
-4.397180912963424282e-01 3.171768388040180874e-03
-4.398199963233855869e-01 3.112276958121156390e-03
-4.399219013504286901e-01 2.686023984317990887e-03
-4.393104711881704039e-01 2.958318907040755584e-03
-4.392595186746489633e-01 2.610042194302126389e-03
-4.381895158906970456e-01 2.825453556518744622e-03
-4.384442784583045816e-01 3.057150811291198950e-03
-4.388518985664767724e-01 2.871480423421690110e-03
-4.387499935394336692e-01 2.902057650912010043e-03
-4.394123762152134516e-01 2.996683619530263881e-03
-4.391066611340843084e-01 3.128915820123539734e-03
-4.394123762152134516e-01 2.818093196098531757e-03
-4.400747588909931229e-01 3.029854275438079256e-03
-4.401766639180362262e-01 2.866050578493474672e-03
-4.404823789991653693e-01 2.598078607127994339e-03
-4.400747588909931785e-01 3.029854275438114818e-03
-4.399728538639501862e-01 2.743876826511129630e-03
-4.399219013504286901e-01 2.485208520560702218e-03
-4.398709488369070275e-01 3.080836893847161643e-03
-4.399728538639501307e-01 2.926999059229226131e-03
-4.397690438098640908e-01 2.698078725720521893e-03
-4.401766639180361707e-01 3.126010412487261175e-03
-4.401766639180362817e-01 2.773988859323513623e-03
-4.406861890532512427e-01 3.295804564188454470e-03
-4.407880940802943459e-01 3.041826650574632005e-03
-4.418071443507246565e-01 2.659311211470074231e-03
-4.415523817831170650e-01 2.818093196098094173e-03
-4.416542868101601682e-01 3.210817020050912244e-03
-4.419090493777677042e-01 2.977998974863730469e-03
-4.416033342966385611e-01 3.021273532420650203e-03
-4.411957141884665368e-01 2.792644004705207086e-03
-4.416033342966386721e-01 2.751435730161528453e-03
-4.417052393236815533e-01 2.981484053850165170e-03
-4.424695270265042724e-01 3.048221079852500310e-03
-4.421638119453751847e-01 3.145466667250266732e-03
-4.430300046752407850e-01 2.836915889816645896e-03
-4.425714320535473201e-01 2.607554306790764009e-03
-4.425204795400257130e-01 3.057150811290553633e-03
-4.426733370805902568e-01 2.814405797467799987e-03
-4.426733370805903678e-01 2.814405797467799553e-03
-4.426733370805903678e-01 2.720597042192811257e-03
-4.427752421076334155e-01 2.825453556517998257e-03
-4.429280996481977928e-01 2.835085030710284351e-03
-4.432847672428483765e-01 2.732024171417247148e-03
-4.428771471346763522e-01 2.832794792812697460e-03
-4.430300046752407850e-01 2.743876826510634366e-03
-4.433357197563699281e-01 2.910989828545700042e-03
-4.431828622158053843e-01 2.923004971774569982e-03
-4.434376247834129203e-01 2.713430648915849622e-03
-4.433357197563699281e-01 2.910989828545703945e-03
-4.432338147293268804e-01 2.539460188160335297e-03
-4.437433398645419524e-01 2.745768503278982718e-03
-4.438961974051064407e-01 2.795895857762627917e-03
-4.435904823239774641e-01 3.048221079852506815e-03
-4.441509599727140323e-01 2.504459873930697453e-03
-4.440490549456709846e-01 2.743876826510707224e-03
-4.436923873510204563e-01 2.851065184023917048e-03
-4.439471499186280479e-01 2.960512041678395757e-03
-4.443038175132785761e-01 2.825453556518108846e-03
-4.434376247834129203e-01 2.898477072557252739e-03
-4.442019124862356949e-01 2.869219236816880018e-03
-4.443547700268000722e-01 2.508602903849560268e-03
-4.439471499186279924e-01 2.684573777795371072e-03
-4.446604851079291043e-01 2.635777021109934719e-03
-4.449662001890582474e-01 2.816710987302836321e-03
-4.446604851079292153e-01 2.825912942515258850e-03
-4.446095325944076637e-01 2.666623051532256237e-03
-4.450681052161011841e-01 2.647570265777943622e-03
-4.450171527025797436e-01 2.485208520560401677e-03
-4.449152476755366403e-01 2.563372291154415207e-03
-4.450681052161013507e-01 2.836915889816888758e-03
-4.447623901349721520e-01 2.569946996593949328e-03
-4.452719152701872796e-01 3.041826650574658026e-03
-4.452719152701872241e-01 2.258064560080138682e-03
-4.452209627566657835e-01 2.417426955565315540e-03
-4.448642951620152552e-01 2.792644004705207520e-03
-4.454757253242733750e-01 2.494072189702485880e-03
-4.454757253242734305e-01 2.969268381539031873e-03
-4.454247728107519344e-01 2.923004971774860114e-03
-4.457304878918810220e-01 2.923004971774922998e-03
-4.458833454324455103e-01 2.773988859323479363e-03
-4.459852504594884470e-01 2.665162288316122279e-03
-4.462909655406175902e-01 2.600076361062053296e-03
-4.464438230811821895e-01 2.701444413758123577e-03
-4.461381080000530464e-01 2.485208520560701784e-03
-4.456795353783594704e-01 2.880507419670300714e-03
-4.459852504594884470e-01 2.354866204812163053e-03
-4.458323929189239032e-01 2.635284490596503850e-03
-4.458833454324455103e-01 2.866050578493473805e-03
-4.455266778377947601e-01 2.443065430956341266e-03
-4.460362029730100542e-01 2.890853618459737068e-03
-4.458833454324455658e-01 2.866050578493474672e-03
-4.464438230811822450e-01 2.887259145675865994e-03
-4.462400130270960386e-01 2.239013694143917894e-03
-4.465457281082251262e-01 2.567420256236519795e-03
-4.464947755947036856e-01 2.635777021110367099e-03
-4.466985856487897810e-01 2.844227540834945358e-03
-4.472081107840049641e-01 2.960512041678932654e-03
-4.472081107840049641e-01 2.779598549298451220e-03
-4.473100158110479008e-01 2.518930666352120571e-03
-4.474628733516125556e-01 2.758503390740171812e-03
-4.474119208380910595e-01 2.838745568104797303e-03
-4.474119208380909485e-01 2.549662962028322304e-03
-4.471062057569618053e-01 2.443596705385315832e-03
-4.470552532434403092e-01 2.526648784734698491e-03
-4.473609683245695079e-01 2.732024171417965323e-03
-4.477685884327416432e-01 2.720597042193564994e-03
-4.475647783786556033e-01 2.872836281098686568e-03
-4.480743035138708419e-01 2.743403703509944905e-03
-4.479214459733061870e-01 2.639713956868764040e-03
-4.479723984868277387e-01 2.543035815259971424e-03
-4.478195409462631393e-01 2.529216256980134150e-03
-4.480743035138707864e-01 2.926555540921180198e-03
-4.480743035138707864e-01 2.836458285831822222e-03
-4.481762085409138896e-01 2.926555540921132494e-03
-4.482781135679568263e-01 2.543035815259971424e-03
-4.481762085409137786e-01 2.547116099978215687e-03
-4.483290660814783779e-01 2.639713956868761438e-03
-4.487876387031720649e-01 2.662725902133616408e-03
-4.485838286490859694e-01 2.607554306791624865e-03
-4.486347811626075766e-01 2.882309426365338868e-03
-4.487876387031720649e-01 2.758503390740253344e-03
-4.486857336761290171e-01 2.587565094350499639e-03
-4.488895437302151126e-01 2.430280002945376522e-03
-4.495009738924733989e-01 2.374080957921073393e-03
-4.487876387031720649e-01 2.563372291155029299e-03
-4.483800185949998740e-01 2.534855542146015502e-03
-4.487876387031720649e-01 2.563372291154972053e-03
-4.487366861896505688e-01 2.576001061512865620e-03
-4.489914487572581603e-01 2.701444413758398097e-03
-4.489914487572581603e-01 2.795895857763365175e-03
-4.494500213789518472e-01 2.402885099702849279e-03
-4.497047839465594943e-01 2.356519322744944113e-03
-4.492462113248658073e-01 2.398559470453189620e-03
-4.496538314330379427e-01 2.389884724239598520e-03
-4.499595465141670858e-01 2.040646576258166745e-03
-4.490933537843012080e-01 2.762265415523778005e-03
-4.496538314330379427e-01 2.598078607128447102e-03
-4.492971638383873034e-01 2.869219236817585183e-03
-4.492971638383873034e-01 2.777262555483708036e-03
-4.496028789195164466e-01 2.627391445566113273e-03
-4.496538314330379427e-01 2.278665677172041128e-03
-4.500614515412101335e-01 2.073460561035716208e-03
-4.498576414871240381e-01 2.466859509269484722e-03
-4.497557364600809904e-01 2.085943880082531416e-03
-4.503671666223392767e-01 2.140005567903955144e-03
-4.499085940006455897e-01 2.085321488936323509e-03
-4.500614515412101335e-01 2.420110302995944363e-03
-4.504181191358608283e-01 2.430280002945376955e-03
-4.503671666223392767e-01 2.370250468689819989e-03
-4.503671666223392767e-01 2.015041464543034649e-03
-4.504690716493823244e-01 2.487818760247563835e-03
-4.503671666223392767e-01 2.140005567903955144e-03
-4.505709766764253721e-01 2.276385871021271729e-03
-4.506728817034684198e-01 2.038100540860910033e-03
-4.508766917575545152e-01 2.487818760247563401e-03
-4.503671666223392767e-01 2.015041464543034649e-03
-4.505709766764253721e-01 2.159328809364864047e-03
-4.509785967845975629e-01 2.015041464543034649e-03
-4.507238342169899159e-01 2.443065430956781452e-03
-4.509276442710760113e-01 2.320997450641423907e-03
-4.507238342169899159e-01 2.647079929582865643e-03
-4.509785967845975629e-01 2.477361300084528380e-03
-4.510805018116406107e-01 2.462646253403033558e-03
-4.507747867305114675e-01 2.494072189702947751e-03
-4.511824068386836584e-01 2.547625676076136891e-03
-4.510805018116406107e-01 2.122953458958397668e-03
-4.514371694062912499e-01 2.206308554815440259e-03
-4.514881219198128015e-01 2.669055880295066047e-03
-4.512333593522051545e-01 2.266671113550560498e-03
-4.512333593522051545e-01 2.149084970440290517e-03
-4.513862168927697538e-01 2.600076361062331719e-03
-4.513352643792482022e-01 2.239013694144100473e-03
-4.511314543251621068e-01 2.400182494978906223e-03
-4.515390744333342976e-01 2.603568741899138159e-03
-4.514881219198128015e-01 2.569946996594575130e-03
-4.518447895144634407e-01 2.481026425009542642e-03
-4.518957420279849924e-01 2.508602903850301429e-03
-4.520485995685495362e-01 2.374080957921073393e-03
-4.521505045955925839e-01 2.724411410757593237e-03
-4.523033621361571277e-01 2.483641059969503295e-03
-4.522524096226356316e-01 2.464227068535381621e-03
-4.520995520820710323e-01 2.703845911622417171e-03
-4.519976470550279846e-01 2.559825070707421636e-03
-4.519976470550279846e-01 2.348242095474372716e-03
-4.526600297308078225e-01 2.485208520560984978e-03
-4.519976470550279846e-01 2.456312819204847179e-03
-4.515390744333342976e-01 2.395851986273333459e-03
-4.523543146496786793e-01 2.501866996257408760e-03
-4.521505045955925839e-01 2.312031709933368151e-03
-4.523033621361571277e-01 2.483641059969503295e-03
-4.527109822443293186e-01 2.496153184799823101e-03
-4.522524096226356316e-01 2.356519322744944113e-03
-4.528638397848939179e-01 2.623436017737177869e-03
-4.529147922984154140e-01 2.726792681565099082e-03
-4.527619347578508702e-01 2.705285787065711198e-03
-4.529147922984154140e-01 2.529216256980134150e-03
-4.526600297308078225e-01 2.780999203733344142e-03
-4.529147922984154140e-01 2.529216256980134150e-03
-4.528128872713723663e-01 2.514804651024825453e-03
-4.528128872713723663e-01 2.616003470878486368e-03
-4.529657448119369656e-01 2.825453556518837429e-03
-4.526090772172862708e-01 2.770242755171429313e-03
-4.530166973254584617e-01 2.639713956868814347e-03
-4.530676498389800133e-01 2.643153965346540200e-03
-4.528638397848939179e-01 2.623436017737177436e-03
-4.530166973254584617e-01 2.539460188161220440e-03
-4.531695548660230610e-01 2.743403703510042049e-03
-4.535262224606737003e-01 2.529216256980134150e-03
-4.536790800012382441e-01 2.506014312815343925e-03
-4.534243174336306526e-01 2.539460188161220440e-03
-4.536281274877167480e-01 2.616003470878486368e-03
-4.538828900553243395e-01 2.662725902133672353e-03
-4.538828900553243395e-01 2.563372291155029733e-03
-4.534752699471521487e-01 2.534855542146015502e-03
-4.534243174336306526e-01 2.639713956868814347e-03
-4.535771749741951964e-01 2.623436017737177436e-03
-4.536790800012382441e-01 2.607554306791624865e-03
-4.539338425688458911e-01 2.649530703119182436e-03
-4.538828900553243395e-01 2.563372291155029299e-03
-4.544433677040611297e-01 2.234951724786395175e-03
-4.540867001094104349e-01 2.395851986273333459e-03
-4.539847950823673872e-01 2.635284490596899801e-03
-4.540357475958889388e-01 2.518930666352168710e-03
-4.549528928392763127e-01 2.359271945249443413e-03
-4.544943202175826258e-01 2.430280002945376955e-03
-4.546471777581471696e-01 2.343815621990046234e-03
-4.543924151905395781e-01 2.262085026680307753e-03
-4.544943202175826258e-01 2.534855542146015935e-03
-4.543924151905395781e-01 2.481026425009542642e-03
-4.546981302716687212e-01 2.526648784734791299e-03
-4.544433677040611297e-01 2.456312819204847179e-03
-4.546981302716687212e-01 2.421718884298837502e-03
-4.546471777581471696e-01 2.230300415426674128e-03
-4.546471777581471696e-01 2.452081441697395725e-03
-4.549528928392763127e-01 2.466859509269485155e-03
-4.552076554068839598e-01 2.587565094350500073e-03
-4.548509878122332650e-01 2.206896825337776712e-03
-4.548000352987117689e-01 2.356519322744944113e-03
-4.551567028933624082e-01 2.625908858344383999e-03
-4.551057503798409121e-01 2.119894005777793813e-03
-4.551057503798409121e-01 2.239013694144100473e-03
-4.555643230015345990e-01 1.753240377942105006e-03
-4.551567028933624082e-01 2.195101461209193749e-03
-4.550038453527978644e-01 2.320997450641423907e-03
-4.553095604339270075e-01 1.778965254028927858e-03
-4.556152755150561506e-01 1.967453309111550242e-03
-4.551057503798409121e-01 2.460009304094029885e-03
-4.554114654609700552e-01 1.940882834734634823e-03
-4.554624179744915513e-01 2.140005567903955144e-03
-4.556662280285776467e-01 2.276385871021271295e-03
-4.559209905961852383e-01 1.830748698402322400e-03
-4.559719431097067899e-01 2.027884433716812661e-03
-4.556662280285776467e-01 2.035551320925338414e-03
-4.558190855691421906e-01 2.443065430956781886e-03
-4.558700380826637422e-01 2.159328809364864047e-03
-4.561757531637928853e-01 2.565903017698095180e-03
-4.556152755150561506e-01 2.095257561820546358e-03
-4.558700380826637422e-01 2.035551320925338414e-03
-4.557171805420991983e-01 1.972724459372691280e-03
-4.560228956232282860e-01 1.956868412895311320e-03
-4.559209905961852383e-01 2.543035815259971424e-03
-4.556152755150561506e-01 1.967453309111549808e-03
-4.561248006502713337e-01 2.307535776247926929e-03
-4.562267056773143814e-01 1.778965254028927641e-03
-4.565833732719650762e-01 2.127839434256427117e-03
-4.562776581908359330e-01 1.837119001156224543e-03
-4.563795632178789807e-01 1.944224002356301391e-03
-4.567362308125296200e-01 2.243646940059441930e-03
-4.562267056773143814e-01 2.050166049057146334e-03
-4.565324207584435245e-01 2.430280002945376955e-03
-4.566343257854865723e-01 1.913943529156780874e-03
-4.563286107043574291e-01 2.149084970440290517e-03
-4.566852782990081239e-01 2.535367582458712080e-03
-4.569909933801372670e-01 2.292296899518424247e-03
-4.569400408666157154e-01 2.374080957921072960e-03
-4.563795632178789807e-01 2.073460561035716208e-03
-4.564305157314004768e-01 2.352108426369201553e-03
-4.570928984071802592e-01 2.456312819204847179e-03
-4.569400408666157154e-01 2.481026425009542642e-03
-4.573476609747879063e-01 2.356519322744944113e-03
-4.575005185153524501e-01 2.518930666352169143e-03
-4.570928984071802592e-01 2.456312819204847179e-03
-4.573476609747879063e-01 2.464227068535381621e-03
-4.573476609747879063e-01 2.356519322744944113e-03
-4.580100436505676886e-01 2.629860566913157401e-03
-4.578062335964815932e-01 2.696153589032101484e-03
-4.572457559477448585e-01 2.421718884298837068e-03
-4.576024235423954978e-01 2.649530703119182436e-03
-4.577552810829600971e-01 2.587565094350499639e-03
-4.575005185153524501e-01 2.619970119814646163e-03
-4.576024235423954978e-01 2.549662962028322304e-03
-4.576533760559170494e-01 2.563372291155029733e-03
-4.580100436505676886e-01 2.529216256980134150e-03
-4.578571861100031448e-01 2.506014312815343925e-03
-4.575005185153524501e-01 2.518930666352168710e-03
-4.579590911370461925e-01 2.623436017737177436e-03
-4.580609961640892402e-01 2.635284490596900234e-03
-4.581119486776107363e-01 2.736297041792100978e-03
-4.582648062181753357e-01 2.647079929582865209e-03
-4.581629011911322880e-01 2.643153965346540200e-03
-4.584176637587398795e-01 2.645608375723425276e-03
-4.584176637587398795e-01 2.741983844688026910e-03
-4.579590911370461925e-01 2.623436017737177869e-03
-4.584686162722613756e-01 2.643153965346540200e-03
-4.588762363804335664e-01 2.780999203733344142e-03
-4.580609961640892402e-01 2.635284490596899801e-03
-4.586214738128259749e-01 2.726792681565099082e-03
-4.583667112452183279e-01 2.647079929582865209e-03
-4.590290939209981658e-01 2.445720649033092213e-03
-4.588252838669120703e-01 2.598078607128446668e-03
-4.591819514615627096e-01 2.395851986273333459e-03
-4.585705212993044233e-01 2.732024171418099331e-03
-4.588762363804335664e-01 2.686023984318327423e-03
-4.590290939209981658e-01 2.549662962028322304e-03
-4.588252838669120703e-01 2.598078607128447102e-03
-4.590290939209981658e-01 2.445720649033091779e-03
-4.590290939209981658e-01 2.838745568104970775e-03
-4.593348090021273089e-01 2.743876826511492621e-03
-4.594367140291703566e-01 2.398559470453188753e-03
-4.596914765967779481e-01 2.262085026680307753e-03
-4.592329039750842612e-01 2.376813242123630796e-03
-4.593857615156488050e-01 2.627391445566112840e-03
-4.594876665426918527e-01 2.777262555483763981e-03
-4.596914765967779481e-01 2.144247406690528643e-03
-4.597933816238209959e-01 2.724411410757593670e-03
-4.599971916779070913e-01 2.284923415193096819e-03
-4.599971916779070913e-01 2.284923415193096819e-03
-4.598952866508640436e-01 2.243646940059442364e-03
-4.604557642996007782e-01 2.462646253403033558e-03
-4.597933816238209959e-01 2.196874803193213897e-03
-4.603029067590362344e-01 2.266671113550560064e-03
-4.599971916779070913e-01 2.284923415193096819e-03
-4.599462391643855397e-01 2.430814071736121709e-03
-4.598443341373424920e-01 2.598078607128447102e-03
-4.602519542455146828e-01 2.420110302995944363e-03
-4.601500492184716351e-01 2.164132661374152094e-03
-4.602519542455146828e-01 1.944224002356301391e-03
-4.604557642996007782e-01 2.462646253403033558e-03
-4.603538592725577305e-01 2.220968573597073732e-03
-4.609652894348160168e-01 2.596079315868806206e-03
-4.606595743536868737e-01 2.381178375722309021e-03
-4.607614793807299214e-01 2.276385871021271295e-03
-4.611181469753805606e-01 2.534855542146016369e-03
-4.610671944618590645e-01 2.381178375722309021e-03
-4.607614793807299214e-01 2.276385871021271295e-03
-4.605576693266438260e-01 2.258064560080628308e-03
-4.611181469753805606e-01 2.320997450641423907e-03
-4.608633844077729691e-01 2.038100540860909599e-03
-4.613219570294666561e-01 2.173111261656609713e-03
-4.609143369212944652e-01 2.220384031259381528e-03
-4.614238620565097038e-01 2.378451106042907270e-03
-4.612200520024236083e-01 2.192142703345732139e-03
-4.616786246241173508e-01 2.569946996594575130e-03
-4.616276721105957992e-01 2.635284490596900234e-03
-4.614238620565097038e-01 2.149084970440290517e-03
-4.617295771376388469e-01 2.501866996257408760e-03
-4.618314821646818946e-01 2.243646940059442364e-03
-4.618314821646818946e-01 2.464227068535381621e-03
-4.616786246241173508e-01 2.246537866319840357e-03
-4.618824346782034462e-01 2.161732069774079286e-03
-4.617805296511603985e-01 2.535367582458712080e-03
-4.616276721105957992e-01 2.635284490596900668e-03
-4.618314821646818946e-01 2.464227068535381621e-03
-4.614748145700312554e-01 2.420110302995944363e-03
-4.617295771376388469e-01 2.168327301508122563e-03
-4.619843397052464939e-01 2.555765075970201691e-03
-4.621881497593325339e-01 2.456312819204847179e-03
-4.622900547863755816e-01 2.606060434250339567e-03
-4.623919598134186293e-01 2.647570265778528657e-03
-4.621371972458110378e-01 2.206308554815440259e-03
-4.623410072998971332e-01 2.627391445566113273e-03
-4.625448173539832286e-01 2.501866996257409194e-03
-4.625448173539832286e-01 2.395851986273333459e-03
-4.624429123269401809e-01 2.567420256236728829e-03
-4.621881497593325339e-01 2.234951724786395175e-03
-4.623919598134186293e-01 2.443596705385364404e-03
-4.627995799215908201e-01 2.674885641620515942e-03
-4.627486274080693240e-01 2.460009304094030319e-03
-4.627995799215908201e-01 2.473165935007842677e-03
-4.626976748945477724e-01 2.745768503279805411e-03
-4.630543424891984672e-01 2.905187036949131735e-03
-4.635129151108921541e-01 2.835085030711129161e-03
-4.637167251649782496e-01 2.629860566913157401e-03
-4.636148201379352018e-01 2.919894682104919124e-03
-4.629014849486338679e-01 2.598078607128446668e-03
-4.633600575703276103e-01 2.647079929582864775e-03
-4.633091050568060587e-01 2.835085030711129161e-03
-4.632581525432845626e-01 2.543035815259971424e-03
-4.636657726514566980e-01 2.635284490596899801e-03
-4.632072000297630110e-01 2.639713956868814347e-03
-4.632072000297630110e-01 2.539460188161220440e-03
-4.638695827055427934e-01 2.979306357224164020e-03
-4.635638676244136502e-01 3.010513210709414144e-03
-4.640224402461073927e-01 2.770242755171429313e-03
-4.639205352190643450e-01 2.790784101732499307e-03
-4.636148201379352018e-01 2.919894682104919124e-03
-4.642772028137149842e-01 2.975818727866841318e-03
-4.646848229218871751e-01 2.825453556518837429e-03
-4.641243452731504404e-01 2.745768503279805844e-03
-4.642772028137149842e-01 2.795895857763419385e-03
-4.649395854894947666e-01 2.971016552654538387e-03
-4.648886329759732705e-01 2.908759355589692584e-03
-4.654491106247100052e-01 2.743876826511492621e-03
-4.649395854894947666e-01 3.057150811291364616e-03
-4.651433955435808620e-01 2.764614081380955234e-03
-4.651943480571024137e-01 3.171768388040607616e-03
-4.652962530841454614e-01 2.851065184024728898e-03
-4.649905380030163182e-01 3.115611839290610436e-03
-4.654491106247100052e-01 2.836915889817491574e-03
-4.656529206787961006e-01 2.773988859323894395e-03
-4.658057782193606999e-01 2.923004971775401348e-03
-4.655510156517530529e-01 2.241910594947001123e-03
-4.657548257058391483e-01 2.875094622993909846e-03
-4.661624458140113392e-01 2.590072182521544007e-03
-4.660605407869682915e-01 2.880507419670781232e-03
-4.664681608951404823e-01 3.014391351427905385e-03
-4.662643508410543869e-01 2.866050578493908787e-03
-4.664172083816189307e-01 3.230164322552784607e-03
-4.662643508410543869e-01 2.678765100717285259e-03
-4.661624458140113392e-01 2.875094622993909846e-03
-4.666210184357050261e-01 2.758503390740306687e-03
-4.667229234627480738e-01 2.825453556518837863e-03
-4.660605407869682915e-01 3.378270764129419519e-03
-4.665191134086619784e-01 2.780999203733343708e-03
-4.664681608951404823e-01 2.547625676076136891e-03
-4.670795910573987686e-01 2.751435730162228414e-03
-4.672324485979633124e-01 2.732024171418099764e-03
-4.670286385438772170e-01 2.526648784734791299e-03
-4.672324485979633124e-01 2.430280002945376955e-03
-4.673343536250063601e-01 2.777262555483763981e-03
-4.668248284897911216e-01 2.701444413758397663e-03
-4.669267335168341693e-01 2.666623051532943187e-03
-4.673853061385278562e-01 3.147529403827423362e-03
-4.673853061385278562e-01 2.798216296255429114e-03
-4.674872111655709039e-01 2.926999059229634659e-03
-4.671305435709202647e-01 2.777262555483763547e-03
-4.673343536250063601e-01 2.958318907041056125e-03
-4.674362586520494078e-01 2.908759355589692151e-03
-4.671814960844418163e-01 2.893097896120165775e-03
-4.685062614360013811e-01 2.647570265778528224e-03
-4.681495938413507418e-01 2.905187036949131735e-03
-4.682005463548722379e-01 2.820395372118805234e-03
-4.683534038954368373e-01 2.739615778053435414e-03
-4.687610240036089726e-01 2.732024171418099764e-03
-4.684043564089583334e-01 2.741983844688026910e-03
-4.688629290306520203e-01 2.720597042193659970e-03
-4.691176915982596674e-01 2.770242755171429313e-03
-4.694234066793888105e-01 2.483641059969503295e-03
-4.685062614360013811e-01 2.547625676076136891e-03
-4.687610240036089726e-01 2.534855542146015502e-03
-4.688119765171305242e-01 2.529216256980134584e-03
-4.689138815441735719e-01 2.713430648916695300e-03
-4.689648340576950680e-01 2.705285787065711198e-03
-4.687610240036089726e-01 2.534855542146015502e-03
-4.688629290306520203e-01 2.522535393672110330e-03
-4.693215016523457628e-01 2.518930666352168710e-03
-4.694743591929103066e-01 2.666623051532942754e-03
-4.692705491388242112e-01 2.635284490596899801e-03
-4.694743591929103066e-01 2.464227068535381621e-03
-4.694743591929103066e-01 2.464227068535381621e-03
-4.698819793010824974e-01 2.481026425009542642e-03
-4.696781692469964020e-01 2.262085026680307753e-03
-4.697800742740394497e-01 2.430280002945376955e-03
-4.693724541658672589e-01 2.603568741899138159e-03
-4.694743591929103066e-01 2.567420256236729263e-03
-4.696272167334749059e-01 2.504459873931478078e-03
-4.697800742740394497e-01 2.732024171418099764e-03
-4.697800742740394497e-01 2.320997450641423907e-03
-4.700348368416470413e-01 2.598078607128446668e-03
-4.702895994092546883e-01 1.819368642841582510e-03
-4.703405519227761844e-01 2.164132661374151660e-03
-4.703915044362977360e-01 2.239013694144100473e-03
-4.705443619768622798e-01 1.973382363162658019e-03
-4.706972195174268792e-01 2.070327970394966917e-03
-4.707991245444699269e-01 2.320997450641423474e-03
-4.710029345985560223e-01 1.689135382064709976e-03
-4.708500770579914230e-01 2.027884433716812661e-03
-4.707991245444699269e-01 1.819368642841582727e-03
-4.704424569498192321e-01 1.805761679875326738e-03
-4.703915044362977360e-01 2.352108426369201553e-03
-4.706462670039053275e-01 2.122953458958397668e-03
-4.709010295715129746e-01 1.520913325287609388e-03
-4.707481720309483753e-01 1.581991442243340295e-03
-4.709519820850344707e-01 1.762102643564359989e-03
-4.711048396255990145e-01 1.836412280991140886e-03
-4.714105547067281576e-01 1.940882834734634606e-03
-4.713596021932066615e-01 1.738369537861082737e-03
-4.716143647608142531e-01 2.378451106042906837e-03
-4.714105547067281576e-01 1.940882834734634606e-03
-4.713596021932066615e-01 2.015041464543034649e-03
-4.712576971661636138e-01 2.027884433716812661e-03
-4.715124597337712054e-01 2.173111261656609713e-03
-4.717672223013788524e-01 2.040646576258166745e-03
-4.715634122472927570e-01 1.973382363162658019e-03
-4.717162697878573008e-01 2.352108426369201987e-03
-4.720219848689864439e-01 2.356519322744944113e-03
-4.715124597337712054e-01 2.173111261656609713e-03
-4.714615072202497092e-01 2.241910594947001123e-03
-4.721238898960294916e-01 2.196874803193213897e-03
-4.715634122472927570e-01 1.973382363162658019e-03
-4.717162697878573008e-01 2.119894005777793380e-03
-4.722767474365940910e-01 2.292296899518424247e-03
-4.719710323554649478e-01 2.206896825337776712e-03
-4.723276999501155871e-01 2.206308554815440259e-03
-4.721748424095510432e-01 2.110689038257460362e-03
-4.724805574906801309e-01 2.504459873931478078e-03
-4.724805574906801309e-01 2.287762183110056673e-03
-4.722257949230725393e-01 2.262085026680307753e-03
-4.719200798419433962e-01 2.395851986273333459e-03
-4.722767474365940910e-01 2.610042194302298127e-03
-4.724296049771586348e-01 2.374080957921072526e-03
-4.728372250853308256e-01 2.534855542146015502e-03
-4.728881775988523217e-01 2.445720649033091779e-03
-4.730410351394169211e-01 2.686023984318327423e-03
-4.730410351394169211e-01 2.485208520560984978e-03
-4.731429401664599688e-01 2.506014312815343925e-03
-4.733977027340675603e-01 2.539460188161220440e-03
-4.733977027340675603e-01 2.539460188161220440e-03
-4.733467502205460642e-01 2.635284490596899801e-03
-4.736015127881536557e-01 2.547625676076136891e-03
-4.731938926799814649e-01 2.514804651024825453e-03
-4.730919876529384172e-01 2.496153184799823101e-03
-4.733977027340675603e-01 2.639713956868814347e-03
-4.738053228422397511e-01 2.539460188161220440e-03
-4.734486552475891119e-01 2.543035815259971424e-03
-4.737034178151967034e-01 2.545586759642214439e-03
-4.738053228422397511e-01 2.539460188161220440e-03
-4.741110379233688943e-01 2.598078607128447102e-03
-4.737034178151967034e-01 2.545586759642214439e-03
-4.744167530044980374e-01 2.518930666352120571e-03
-4.741110379233688943e-01 2.496153184799822667e-03
-4.742638954639334381e-01 2.563372291154981594e-03
-4.743148479774549897e-01 2.445720649033091779e-03
-4.747734205991486212e-01 2.481026425009449834e-03
-4.747224680856271806e-01 2.504459873931385704e-03
-4.744167530044980374e-01 2.518930666352120571e-03
-4.744167530044980374e-01 2.413665257457460901e-03
-4.747224680856271806e-01 2.287762183110056673e-03
-4.746205630585841329e-01 2.334937500606389712e-03
-4.745186580315410851e-01 2.483641059969455157e-03
-4.751300881937993159e-01 2.278665677171945719e-03
-4.746205630585841329e-01 2.443596705385315832e-03
-4.748753256261917244e-01 2.430280002945283714e-03
-4.750791356802778198e-01 2.075337845767052762e-03
-4.753848507614069629e-01 1.956868412895257543e-03
-4.753338982478854113e-01 2.002116113302200486e-03
-4.753338982478854113e-01 2.002116113302200920e-03
-4.753338982478854113e-01 1.867950000485111466e-03
-4.752829457343638597e-01 2.168327301508024552e-03
-4.755886608154929474e-01 2.149084970440103600e-03
-4.757415183560576022e-01 1.862382327890397225e-03
-4.753848507614069629e-01 2.206308554815298445e-03
-4.753848507614069074e-01 2.206308554815298445e-03
-4.754867557884498996e-01 2.239013694143917894e-03
-4.755886608154930584e-01 1.892115946898487340e-03
-4.753848507614069074e-01 2.085321488936223763e-03
-4.756396133290145545e-01 1.837119001156116340e-03
-4.756396133290145545e-01 1.973382363162506665e-03
-4.760472334371867453e-01 1.243909380123633382e-03
-4.760472334371866898e-01 1.762102643564098263e-03
-4.760472334371865788e-01 2.035551320925020960e-03
-4.762510434912726187e-01 2.035551320924946367e-03
-4.756396133290144990e-01 2.100825951399314107e-03
-4.757415183560575467e-01 1.996922547839662457e-03
-4.761491384642296265e-01 1.906468485924714667e-03
-4.760981859507081304e-01 1.836412280990842080e-03
-4.762000909777511781e-01 2.100207970520504442e-03
-4.761491384642296265e-01 1.765046843852044597e-03
-4.763529485183157219e-01 1.895543075131030271e-03
-4.762510434912726742e-01 2.035551320924946367e-03
-4.764548535453587697e-01 1.408355493651294562e-03
-4.765567585724017063e-01 2.122953458957887660e-03
-4.764039010318372735e-01 1.819368642841157502e-03
-4.765567585724017619e-01 2.122953458957887226e-03
-4.771681887346598816e-01 2.389884724238970116e-03
-4.767605686264878018e-01 2.195101461208613484e-03
-4.773719987887459770e-01 2.176095896027168981e-03
-4.769134261670522901e-01 2.320997450640794203e-03
-4.770662837076168339e-01 2.206896825337104073e-03
-4.772191412481814332e-01 2.196874803192497890e-03
-4.773210462752243699e-01 2.374080957920339172e-03
-4.772191412481814332e-01 2.075337845766328949e-03
-4.772700937617028738e-01 2.452081441696676248e-03
-4.771172362211383855e-01 1.998871716236669954e-03
-4.771172362211384410e-01 2.124787016339043343e-03
-4.772191412481813222e-01 2.196874803192497890e-03
-4.775758088428319059e-01 2.504459873930697453e-03
-4.776777138698749536e-01 2.443596705384560360e-03
-4.777796188969179458e-01 2.483641059968684939e-03
-4.784929540862190578e-01 2.539460188160335731e-03
-4.783400965456545695e-01 2.522535393671230825e-03
-4.783910490591760656e-01 2.629860566912294376e-03
-4.781872390050899146e-01 2.598078607127590148e-03
-4.781872390050900812e-01 2.496153184798952269e-03
-4.781362864915685851e-01 2.587565094349653962e-03
-4.785439065997404984e-01 2.643153965345670670e-03
-4.785948591132621055e-01 2.545586759641327128e-03
-4.782891440321331289e-01 2.514804651023948984e-03
-4.782891440321330179e-01 2.616003470877628981e-03
-4.791553367619986181e-01 2.705285787064867688e-03
-4.786458116267835461e-01 2.647079929581993944e-03
-4.789515267079126337e-01 2.534855542145132527e-03
-4.791553367619985626e-01 2.705285787064861617e-03
-4.793081943025631619e-01 2.770242755170598814e-03
-4.791043842484771775e-01 2.616003470877622909e-03
-4.796648618972136346e-01 2.464227068534570637e-03
-4.793591468160847135e-01 2.851065184023908808e-03
-4.799196244648212817e-01 2.348242095473603800e-03
-4.798686719512997301e-01 2.682155024463708706e-03
-4.800215294918642184e-01 2.402885099702105082e-03
-4.797158144107351863e-01 2.334937500605575259e-03
-4.796648618972137457e-01 2.666623051532146516e-03
-4.793591468160846580e-01 2.460009304093172498e-03
-4.804291496000364092e-01 2.569946996593924608e-03
-4.795629568701706980e-01 2.603568741898323272e-03
-4.796648618972137457e-01 2.464227068534570637e-03
-4.795629568701707535e-01 2.603568741898323272e-03
-4.801234345189073771e-01 2.751435730161510239e-03
-4.801234345189072661e-01 2.655403331017220769e-03
-4.803781970865148576e-01 2.501866996256748264e-03
-4.804801021135578498e-01 2.825453556518183872e-03
-4.804291496000364092e-01 2.764614081380295171e-03
-4.807858171946869374e-01 2.173111261656079322e-03
-4.807348646811653303e-01 2.100825951398960657e-03
-4.807858171946868819e-01 2.173111261656079322e-03
-4.806329596541223936e-01 2.310346760084343136e-03
-4.802253395459502583e-01 2.496153184799127043e-03
-4.807858171946869374e-01 2.506014312814784477e-03
-4.806329596541224491e-01 2.625908858343777279e-03
-4.808877222217299297e-01 2.522535393671576469e-03
-4.805820071406008420e-01 2.352108426368598737e-03
-4.813972473569451682e-01 2.438811069119724197e-03
-4.813462948434235611e-01 2.494072189702540958e-03
-4.816520099245525932e-01 2.241910594946739180e-03
-4.818048674651171925e-01 2.266671113550338453e-03
-4.818048674651172480e-01 2.485208520560701784e-03
-4.819067724921602403e-01 2.119894005777648964e-03
-4.814991523839882159e-01 2.430280002945024807e-03
-4.816010574110311526e-01 2.522535393671765120e-03
-4.819067724921602958e-01 2.662725902133364440e-03
-4.816010574110311526e-01 2.417426955565518069e-03
-4.817029624380742003e-01 2.705285787065346038e-03
-4.819577250056817364e-01 2.392056360057120013e-03
-4.815501048975097120e-01 2.773988859323479363e-03
-4.822634400868108240e-01 2.278665677171945719e-03
-4.820086775192032880e-01 2.534855542145768737e-03
-4.822124875732894389e-01 2.666623051532700760e-03
-4.826201076814614632e-01 2.374080957921024387e-03
-4.826710601949830148e-01 2.606060434250205993e-03
-4.824162976273754788e-01 2.481026425009407333e-03
-4.830786803031552057e-01 2.745768503279670536e-03
-4.825182026544185265e-01 2.732024171417892465e-03
-4.832824903572413566e-01 2.696153589032007809e-03
-4.827220127085045664e-01 2.526648784734698058e-03
-4.829258227625906619e-01 2.795895857763246780e-03
-4.826201076814614632e-01 2.374080957921024387e-03
-4.828748702490691103e-01 2.483641059969454723e-03
-4.825691551679399671e-01 2.456312819204754805e-03
-4.833843953842844043e-01 2.807478871391892641e-03
-4.833843953842842933e-01 2.713430648916600324e-03
-4.832315378437197495e-01 2.485208520560984978e-03
-4.832824903572412456e-01 2.696153589032055081e-03
-4.833843953842842933e-01 2.807478871391984581e-03
-4.837410629789349881e-01 2.743403703509993911e-03
-4.840467780600641312e-01 2.635284490596899801e-03
-4.839448730330210835e-01 2.643153965346487725e-03
-4.845053506817578182e-01 2.649530703119126925e-03
-4.841996356006286750e-01 2.514804651024825453e-03
-4.838939205194995319e-01 2.645608375723425710e-03
-4.839958255465425796e-01 2.639713956868761872e-03
-4.841486830871071789e-01 2.522535393672109896e-03
-4.841996356006286750e-01 2.713430648916694866e-03
-4.845563031952793143e-01 2.534855542146015935e-03
-4.844034456547147705e-01 2.674885641620516376e-03
-4.844034456547147705e-01 2.473165935007842677e-03
-4.849639233034515051e-01 2.583548692869523655e-03
-4.851167808440161044e-01 2.508602903850300995e-03
-4.850148758169730567e-01 2.456312819204847613e-03
-4.848110657628869613e-01 2.547625676076137324e-03
-4.852696383845806483e-01 2.312031709933367717e-03
-4.851167808440161044e-01 2.610042194302236544e-03
-4.854734484386667437e-01 2.395851986273334327e-03
-4.852696383845806483e-01 2.526648784734790865e-03
-4.853715434116236960e-01 2.464227068535381621e-03
-4.854224959251452476e-01 2.430814071736121709e-03
-4.851167808440161044e-01 2.402885099702849279e-03
-4.854734484386667437e-01 2.168327301508122563e-03
-4.857791635197958868e-01 2.149084970440290517e-03
-4.850658283304945528e-01 2.534855542146015502e-03
-4.856263059792313430e-01 2.698078725720828071e-03
-4.858810685468389345e-01 2.289463754325666428e-03
-4.858810685468389345e-01 2.506014312815343491e-03
-4.859829735738819823e-01 2.522535393672110764e-03
-4.856263059792313430e-01 2.498232446455482363e-03
-4.859320210603604306e-01 2.122953458958397235e-03
-4.860848786009250300e-01 2.085321488936323509e-03
-4.864415461955756692e-01 2.276385871021271295e-03
-4.863905936820541731e-01 2.443065430956781452e-03
-4.864415461955756692e-01 2.035551320925338414e-03
-4.862377361414895738e-01 1.762102643564359772e-03
-4.865434512226187169e-01 1.895543075131442701e-03
-4.864415461955756692e-01 2.596079315868806206e-03
-4.864415461955756692e-01 2.035551320925338414e-03
-4.864924987090972208e-01 2.215702140902150140e-03
-4.868491663037478601e-01 2.100825951399503625e-03
-4.871039288713554516e-01 2.430280002945376522e-03
-4.869510713307909078e-01 2.073460561035716208e-03
-4.870529763578339555e-01 2.280943204654285392e-03
-4.871548813848770032e-01 2.359271945249443413e-03
-4.873586914389630986e-01 2.278665677172041128e-03
-4.872058338983984993e-01 2.284923415193097253e-03
-4.872567864119200509e-01 2.321556659769075538e-03
-4.873586914389630986e-01 2.161732069774079286e-03
-4.873077389254415470e-01 2.243646940059442364e-03
-4.878172640606567856e-01 2.526648784734791299e-03
-4.875115489795276424e-01 2.374080957921072960e-03
-4.877663115471352895e-01 2.504459873931478078e-03
-4.874605964660061463e-01 2.751435730162228414e-03
-4.883267891958720242e-01 2.485208520560984978e-03
-4.877663115471352895e-01 2.287762183110056240e-03
-4.881739316553074803e-01 2.549662962028322304e-03
-4.882248841688289764e-01 2.563372291155029733e-03
-4.885305992499581196e-01 2.623436017737177436e-03
-4.880720266282644326e-01 2.413665257457460467e-03
-4.883267891958720242e-01 2.485208520560984978e-03
-4.892439344392594536e-01 2.522535393672109896e-03
-4.890910768986948542e-01 2.639713956868814347e-03
-4.888872668446087588e-01 2.547625676076137324e-03
-4.887344093040442150e-01 2.543035815259971424e-03
-4.889382193581303104e-01 2.647079929582865209e-03
-4.889382193581303104e-01 2.647079929582865209e-03
-4.891420294122164059e-01 2.534855542146015935e-03
-4.892439344392594536e-01 2.522535393672109896e-03
-4.897025070609531405e-01 2.413665257457461334e-03
-4.893458394663025013e-01 2.506014312815343491e-03
-4.899572696285607321e-01 2.312031709933368151e-03
-4.899063171150392360e-01 2.334937500606389278e-03
-4.901101271691253314e-01 2.348242095474373150e-03
-4.902120321961683791e-01 2.176095896027927488e-03
-4.900082221420822837e-01 2.287762183110056240e-03
-4.899063171150392360e-01 2.443596705385363537e-03
-4.903648897367329229e-01 2.075337845767052328e-03
-4.905686997908190183e-01 1.913943529156780440e-03
-4.903648897367329229e-01 2.075337845767052762e-03
-4.903139372232114268e-01 2.110689038257460362e-03
-4.900082221420822837e-01 2.287762183110056240e-03
-4.902629847096898752e-01 2.144247406690528643e-03
-4.903139372232114268e-01 2.110689038257460362e-03
-4.907725098449051138e-01 1.713550528941601989e-03
-4.904667947637759706e-01 2.124787016339733763e-03
-4.906706048178620660e-01 2.085321488936323509e-03
-4.908744148719481615e-01 1.594251957139641721e-03
-4.909253673854696576e-01 1.837119001156224977e-03
-4.911801299530773046e-01 1.670589875380259267e-03
-4.911801299530773046e-01 1.819368642841582510e-03
-4.909253673854696576e-01 1.528575405645682308e-03
-4.911801299530773046e-01 1.323785132889263895e-03
-4.912310824665988007e-01 1.426670378602636763e-03
-4.909763198989912092e-01 1.626494896459873812e-03
-4.912310824665988007e-01 1.426670378602636763e-03
-4.909253673854696576e-01 1.837119001156224977e-03
-4.910782249260342569e-01 1.486381847867827106e-03
-4.914858450342064478e-01 1.138192935510635865e-03
-4.912820349801203523e-01 1.339382550358642629e-03
-4.913839400071634000e-01 1.689135382064709760e-03
-4.913839400071634000e-01 1.527725961064582260e-03
-4.914858450342064478e-01 1.527725961064582043e-03
-4.915877500612494955e-01 1.682976253507340860e-03
-4.915877500612494955e-01 1.339382550358642412e-03
-4.916387025747709916e-01 1.426670378602637197e-03
-4.916896550882925432e-01 1.507195675713952692e-03
-4.916387025747709916e-01 9.984612739199292403e-04
-4.918425126288570870e-01 1.382307040690477183e-03
-4.915367975477279439e-01 1.437547311496954706e-03
-4.915877500612494955e-01 1.339382550358642629e-03
-4.918934651423786386e-01 1.458168001767225826e-03
-4.916896550882925432e-01 1.670589875380259267e-03
-4.918934651423786386e-01 1.626494896459873812e-03
-4.918934651423786386e-01 1.626494896459873812e-03
-4.919953701694216863e-01 1.594251957139641938e-03
-4.921991802235077262e-01 1.819368642841582510e-03
-4.924029902775938217e-01 2.124787016339733763e-03
-4.924539427911153733e-01 2.161732069774079286e-03
-4.924539427911153733e-01 2.038100540860909599e-03
-4.924539427911153733e-01 2.038100540860909599e-03
-4.926577528452014687e-01 2.176095896027927488e-03
-4.929634679263306118e-01 2.334937500606389712e-03
-4.924029902775938217e-01 1.998871716237366446e-03
-4.926577528452014687e-01 2.292296899518423813e-03
-4.925558478181584210e-01 2.110689038257460796e-03
-4.932182304939382034e-01 2.430280002945376522e-03
-4.929125154128090602e-01 2.312031709933368151e-03
-4.929634679263306118e-01 2.334937500606389712e-03
-4.929125154128090602e-01 2.421718884298837502e-03
-4.933201355209812511e-01 2.460009304094029885e-03
-4.933710880345028027e-01 2.473165935007842677e-03
-4.938296606561964897e-01 2.543035815259971424e-03
-4.940334707102825851e-01 2.647079929582865643e-03
-4.939315656832395374e-01 2.547116099978216121e-03
-4.935748980885888426e-01 2.514804651024825453e-03
-4.936258506021103942e-01 2.522535393672109896e-03
-4.936258506021103942e-01 2.522535393672109896e-03
-4.935748980885888426e-01 2.514804651024825453e-03
-4.939315656832395374e-01 2.547116099978216121e-03
-4.941353757373256328e-01 2.543035815259971424e-03
-4.941863282508471289e-01 2.539460188161220440e-03
-4.944920433319762720e-01 2.496153184799823101e-03
-4.940334707102825851e-01 2.547116099978215687e-03
-4.942882332778901766e-01 2.629860566913156967e-03
-4.952053785212776060e-01 2.234951724786395609e-03
-4.951034734942345583e-01 2.504459873931478078e-03
-4.945939483590193197e-01 2.473165935007842677e-03
-4.946449008725408714e-01 2.460009304094029885e-03
-4.947977584131054152e-01 2.413665257457461334e-03
-4.951034734942345583e-01 2.504459873931477645e-03
-4.951034734942345583e-01 2.398559470453189187e-03
-4.948487109266269113e-01 2.501866996257409194e-03
-4.949506159536699590e-01 2.356519322744944113e-03
-4.954601410888851976e-01 2.075337845767052328e-03
-4.955620461159282453e-01 1.998871716237366879e-03
-4.954091885753637015e-01 2.110689038257460796e-03
-4.954091885753637015e-01 2.230300415426674128e-03
-4.958168086835358923e-01 1.909190069731661697e-03
-4.954601410888851976e-01 2.075337845767052762e-03
-4.956639511429712930e-01 2.045094511173824528e-03
-4.959187137105789400e-01 1.805761679875327172e-03
-4.960715712511434838e-01 2.050166049057146767e-03
-4.963263338187510754e-01 1.753240377942105006e-03
-4.962244287917080277e-01 2.015041464543035083e-03
-4.962753813052295793e-01 1.670589875380259050e-03
-4.964282388457941231e-01 1.762102643564359772e-03
-4.961225237646649799e-01 1.862382327890554218e-03
-4.962244287917080277e-01 1.408355493651716967e-03
-4.964791913593156747e-01 1.527725961064582260e-03
-4.962244287917080277e-01 1.738369537861082954e-03
-4.966320488998802185e-01 1.437547311496954706e-03
-4.963263338187510754e-01 1.231323126701516562e-03
-4.966320488998802185e-01 1.903743011356495663e-03
-4.965810963863587224e-01 1.347113538376966098e-03
-4.967849064404448178e-01 1.323785132889264329e-03
-4.969377639810093616e-01 2.354866204812453186e-03
-4.967339539269232662e-01 1.598317895793694354e-03
-4.971415740350954571e-01 2.310346760084929472e-03
-4.968868114674878655e-01 1.940882834734634389e-03
-4.973963366027030486e-01 2.045094511173824528e-03
-4.972944315756600009e-01 1.956868412895311320e-03
-4.971415740350954571e-01 1.655760706646335458e-03
-4.970906215215739610e-01 2.024681328836751195e-03
-4.970906215215739610e-01 1.892115946898593592e-03
-4.971415740350954571e-01 1.944224002356301608e-03
-4.972434790621385048e-01 1.909190069731661046e-03
-4.973453840891815525e-01 2.127839434256427551e-03
-4.978039567108752395e-01 2.430280002945376955e-03
-4.978039567108752395e-01 2.320997450641423907e-03
-4.977530041973537434e-01 2.176095896027927488e-03
-4.982625293325689819e-01 2.413665257457460033e-03
-4.981096717920043826e-01 2.356519322744943679e-03
-4.979058617379182872e-01 2.262085026680307753e-03
-4.980587192784828865e-01 2.334937500606389712e-03
-4.986191969272196212e-01 2.506014312815343491e-03
-4.984153868731335257e-01 2.460009304094029885e-03
-4.983644343596120296e-01 2.549662962028322304e-03
-4.988230069813057166e-01 2.534855542146015935e-03
-4.983644343596120296e-01 2.445720649033091779e-03
-4.985172919001765734e-01 2.485208520560984978e-03
-4.988230069813057166e-01 2.534855542146015935e-03
-4.988739594948272127e-01 2.539460188161220006e-03
-4.988739594948272127e-01 2.639713956868814347e-03
-4.994853896570854990e-01 2.514804651024825453e-03
-4.995363421706070506e-01 2.506014312815343925e-03
-4.999949147923007375e-01 2.376813242123630363e-03
-4.997401522246931460e-01 2.460009304094030319e-03
-4.998420572517361382e-01 2.430280002945376955e-03
-4.997911047382146421e-01 2.445720649033091346e-03
-5.001477723328653369e-01 2.312031709933367717e-03
-4.998420572517361382e-01 2.430280002945376955e-03
-4.994344371435640029e-01 2.522535393672109896e-03
-4.999949147923007375e-01 2.483641059969502862e-03
-4.998420572517361382e-01 2.534855542146015935e-03
-5.006063449545590238e-01 2.278665677172041128e-03
-4.998930097652576898e-01 2.413665257457460901e-03
-4.997911047382146421e-01 2.445720649033091346e-03
-5.004534874139944245e-01 2.262085026680307753e-03
-5.006063449545590238e-01 2.161732069774079286e-03
-5.005553924410375277e-01 2.075337845767052762e-03
-5.006063449545590238e-01 2.389884724239667042e-03
-5.010649175762527108e-01 1.749534518000650908e-03
-5.011668226032957030e-01 1.919361639158811235e-03
-5.012177751168173101e-01 1.862382327890554001e-03
-5.012177751168173101e-01 1.382307040690477400e-03
-5.009630125492097186e-01 1.858894064240411642e-03
-5.012687276303388062e-01 2.070327970394966917e-03
-5.010139650627312147e-01 1.805761679875327172e-03
-5.009120600356881114e-01 2.040646576258166311e-03
-5.011158700897742069e-01 1.689903694764010407e-03
-5.011668226032957030e-01 1.458168001767226260e-03
-5.017273002520324932e-01 1.762102643564360206e-03
-5.013706326573817984e-01 1.670589875380259267e-03
-5.014725376844249016e-01 1.682976253507341294e-03
-5.015744427114678938e-01 1.138192935510635865e-03
-5.018801577925970925e-01 1.507195675713952909e-03
-5.017273002520324932e-01 1.903743011356495663e-03
-5.016763477385109971e-01 1.138192935510635648e-03
-5.018801577925970925e-01 1.670589875380259267e-03
-5.015234901979463977e-01 1.608034203499512970e-03
-5.017782527655539893e-01 1.339382550358642629e-03
-5.018801577925970925e-01 2.085321488936323509e-03
-5.020839678466831879e-01 2.173111261656610147e-03
-5.020839678466831879e-01 1.778965254028928075e-03
-5.019820628196400847e-01 1.651836167573275411e-03
-5.023387304142907794e-01 1.909190069731661263e-03
-5.023387304142907794e-01 1.767986141215420687e-03
-5.024915879548553788e-01 1.913943529156780657e-03
-5.027973030359844664e-01 2.144247406690528643e-03
-5.023387304142907794e-01 1.909190069731661263e-03
-5.028482555495059625e-01 2.176095896027927055e-03
-5.029501605765490657e-01 2.348242095474373150e-03
-5.029501605765490657e-01 2.234951724786395609e-03
-5.031030181171136650e-01 2.312031709933368151e-03
-5.024406354413337716e-01 2.002116113302252528e-03
-5.032049231441566572e-01 2.356519322744944113e-03
-5.026444454954198671e-01 2.161732069774079286e-03
-5.030520656035920579e-01 2.398559470453188753e-03
-5.034087331982427527e-01 2.635284490596842989e-03
-5.033068281711997605e-01 2.395851986273333459e-03
-5.033068281711997605e-01 2.501866996257409194e-03
-5.037654007928934474e-01 2.514804651024825886e-03
-5.040201633605010390e-01 2.643153965346487725e-03
-5.043258784416301266e-01 2.643153965346489460e-03
-5.040201633605010390e-01 2.643153965346487725e-03
-5.040201633605010390e-01 2.643153965346487725e-03
-5.042239734145871344e-01 2.647079929582814035e-03
-5.043258784416301266e-01 2.543035815259971424e-03
-5.042749259281086305e-01 2.645608375723374969e-03
-5.039692108469795429e-01 2.639713956868761004e-03
-5.047334985498023174e-01 2.587565094350451501e-03
-5.045296884957162220e-01 2.522535393672110764e-03
-5.041220683875440312e-01 2.547116099978215253e-03
-5.047844510633239246e-01 2.473165935007842244e-03
-5.049882611174099090e-01 2.518930666352120571e-03
-5.047334985498023174e-01 2.686023984318234182e-03
-5.052939761985389966e-01 2.703845911622245000e-03
-5.052939761985391076e-01 2.504459873931385704e-03
-5.055996912796681952e-01 2.555765075970029086e-03
-5.055996912796681952e-01 2.343815621989952126e-03
-5.054468337391035959e-01 2.534855542145881928e-03
-5.060073113878402751e-01 2.698078725720522326e-03
-5.057015963067111874e-01 2.278665677171945719e-03
-5.050901661444530122e-01 2.483641059969454723e-03
-5.058035013337542907e-01 2.206896825337680001e-03
-5.057525488202327946e-01 2.356519322744807070e-03
-5.061601689284048744e-01 2.378451106042653567e-03
-5.061092164148832673e-01 2.310346760084710464e-03
-5.059054063607972829e-01 2.466859509269272652e-03
-5.055996912796681952e-01 2.230300415426624255e-03
-5.064149314960124659e-01 2.370250468689496463e-03
-5.065677890365770653e-01 2.543035815259568101e-03
-5.070773141717921373e-01 2.070327970394478592e-03
-5.069244566312276490e-01 2.269532711853534338e-03
-5.068735041177060419e-01 2.095257561820127422e-03
-5.068225516041846568e-01 2.276385871020842819e-03
-5.073320767393996178e-01 2.310346760084343136e-03
-5.075868393070072093e-01 2.603568741898474627e-03
-5.068225516041846568e-01 2.159328809364452918e-03
-5.072301717123566256e-01 2.334937500605830697e-03
-5.073320767393997288e-01 2.310346760084343136e-03
-5.071792191988351295e-01 2.799607636174868824e-03
-5.071792191988351295e-01 2.289463754325126495e-03
-5.075868393070073203e-01 2.501866996256748698e-03
-5.077396968475718086e-01 2.389884724238970116e-03
-5.080963644422222814e-01 2.481026425008770690e-03
-5.084530320368729761e-01 2.518930666351339078e-03
-5.086058895774373534e-01 2.563372291154184489e-03
-5.083001744963082658e-01 2.666623051532146949e-03
-5.087077946044804566e-01 2.485208520560118050e-03
-5.084020795233513690e-01 2.603568741898323272e-03
-5.083511270098298729e-01 2.483641059968685373e-03
-5.087587471180019527e-01 2.598078607127589715e-03
-5.088096996315233378e-01 2.705285787064862051e-03
-5.086568420909588495e-01 2.473165935006980520e-03
-5.090135096856094332e-01 2.825453556517991752e-03
-5.089625571720879371e-01 2.726792681564244297e-03
-5.095739873343458903e-01 2.529216256979252911e-03
-5.093192247667385208e-01 2.647079929581993944e-03
-5.092173197396955286e-01 2.836458285831118791e-03
-5.096758923613889936e-01 2.616003470877628113e-03
-5.099306549289965851e-01 2.460009304093172498e-03
-5.099816074425180812e-01 2.549662962027491805e-03
-5.098797024154750890e-01 2.576001061512023845e-03
-5.097777973884319858e-01 2.496153184798952703e-03
-5.101854174966041766e-01 2.376813242122801598e-03
-5.102873225236470578e-01 2.334937500605575259e-03
-5.100325599560396883e-01 2.430280002944529543e-03
-5.104911325777330422e-01 2.234951724785615851e-03
-5.102363700101255617e-01 2.464227068534584949e-03
-5.105420850912545383e-01 2.206308554814671342e-03
-5.105930376047760344e-01 2.176095896027168547e-03
-5.100835124695610734e-01 2.413665257456619560e-03
-5.099306549289964741e-01 2.460009304093172498e-03
-5.106439901182975305e-01 2.144247406689780543e-03
-5.106439901182976415e-01 2.144247406689780977e-03
-5.111025627399912175e-01 1.767986141214804427e-03
-5.110006577129481142e-01 1.867950000484460511e-03
-5.110006577129481142e-01 1.867950000484460511e-03
-5.112044677670342097e-01 1.655760706645758229e-03
-5.111535152535127136e-01 1.858894064239819018e-03
-5.112554202805555947e-01 1.594251957139086176e-03
-5.110006577129482253e-01 1.867950000484460294e-03
-5.107968476588621298e-01 2.038100540860199664e-03
-5.113573253075986980e-01 1.626494896459367706e-03
-5.110516102264697214e-01 1.819368642840947818e-03
-5.113573253075986980e-01 1.458168001766717769e-03
-5.113063727940772019e-01 1.528575405645149748e-03
-5.113573253075988090e-01 1.458168001766717769e-03
-5.113573253075986980e-01 1.458168001766717552e-03
-5.116120878752064005e-01 1.231323126701163980e-03
-5.115101828481632973e-01 1.408355493651294128e-03
-5.117139929022492817e-01 7.133351893010698823e-04
-5.116630403887277856e-01 1.129032280040003205e-03
-5.116630403887277856e-01 1.339382550358314983e-03
-5.117139929022492817e-01 1.013942216858143954e-03
-5.115611353616847934e-01 1.323785132888874450e-03
-5.117649454157706668e-01 1.138192935510399509e-03
-5.117139929022491707e-01 1.243909380123496555e-03
-5.116120878752061785e-01 1.231323126701164197e-03
-5.118668504428138810e-01 1.138192935510475186e-03
-5.117649454157706668e-01 8.810513217819765982e-04
-5.118668504428138810e-01 1.347113538376762702e-03
-5.117649454157706668e-01 8.810513217819764898e-04
-5.120197079833783693e-01 1.231323126701440451e-03
-5.119178029563353771e-01 1.243909380123633382e-03
-5.121216130104214725e-01 1.408355493651649096e-03
-5.119178029563353771e-01 1.243909380123633382e-03
-5.121216130104214725e-01 1.408355493651649096e-03
-5.120706604968998654e-01 1.110484286798537300e-03
-5.122744705509859608e-01 1.458168001767225826e-03
-5.118668504428137700e-01 5.069711084292030569e-04
-5.119178029563353771e-01 7.133351893013185983e-04
-5.121216130104212505e-01 1.408355493651648662e-03
-5.119178029563353771e-01 7.133351893013185983e-04
-5.121725655239428576e-01 1.486381847867761620e-03
-5.123254230645073459e-01 1.528575405645682308e-03
-5.123254230645073459e-01 1.528575405645682308e-03
-5.123254230645075680e-01 1.528575405645682308e-03
-5.125292331185936634e-01 1.767986141215420687e-03
-5.124782806050720563e-01 1.713550528941601772e-03
-5.125292331185936634e-01 1.767986141215420687e-03
-5.125801856321150485e-01 1.819368642841582510e-03
-5.127330431726797588e-01 1.957531645726723595e-03
-5.130897107673303426e-01 2.206308554815439825e-03
-5.126311381456366556e-01 1.867950000485111683e-03
-5.125292331185936634e-01 1.767986141215420687e-03
-5.126311381456364336e-01 1.867950000485111466e-03
-5.127839956862011439e-01 1.998871716237366446e-03
-5.126820906591581517e-01 1.913943529156780874e-03
-5.131916157943732237e-01 2.262085026680307753e-03
-5.134973308755023114e-01 2.395851986273333893e-03
-5.131916157943733348e-01 2.262085026680307753e-03
-5.138539984701531171e-01 2.496153184799823101e-03
-5.136501884160670217e-01 2.445720649033091779e-03
-5.139049509836746132e-01 2.506014312815343925e-03
-5.139559034971961093e-01 2.514804651024825453e-03
-5.138030459566315100e-01 2.485208520560984978e-03
-5.139049509836746132e-01 2.506014312815343925e-03
-5.138539984701531171e-01 2.496153184799823101e-03
-5.139559034971961093e-01 2.514804651024825453e-03
-5.140578085242392126e-01 2.529216256980134150e-03
-5.141087610377607087e-01 2.534855542146015502e-03
-5.141597135512822048e-01 2.539460188161220440e-03
-5.140068560107176054e-01 2.522535393672110330e-03
-5.142106660648038119e-01 2.543035815259971424e-03
-5.143635236053683002e-01 2.547625676076136891e-03
-5.144654286324111814e-01 2.545586759642215306e-03
-5.147711437135403800e-01 2.514804651024825886e-03
-5.147711437135404910e-01 2.514804651024825453e-03
-5.150259062811479716e-01 2.563372291155029299e-03
-5.147711437135403800e-01 2.514804651024825886e-03
-5.153316213622771702e-01 2.356519322744944113e-03
-5.155354314163632656e-01 2.374080957921072960e-03
-5.157901939839709682e-01 2.230300415426674128e-03
-5.152297163352342890e-01 2.395851986273333459e-03
-5.152806688487556741e-01 2.376813242123630796e-03
-5.151787638217125709e-01 2.413665257457460033e-03
-5.157901939839709682e-01 2.230300415426674128e-03
-5.155354314163632656e-01 2.262085026680307753e-03
-5.154844789028417695e-01 2.398559470453189187e-03
-5.155863839298848728e-01 2.234951724786395175e-03
-5.157901939839709682e-01 2.343815621990046234e-03
-5.158411464974923533e-01 2.075337845767052328e-03
-5.160449565515784487e-01 1.913943529156780874e-03
-5.162487666056647662e-01 1.993669699047569827e-03
-5.158411464974923533e-01 2.075337845767052328e-03
-5.161468615786215519e-01 1.819368642841582510e-03
-5.162997191191860402e-01 1.655760706646335458e-03
-5.164016241462292545e-01 1.689903694764010407e-03
-5.164525766597506395e-01 1.778965254028927858e-03
-5.162487666056645441e-01 1.858894064240411209e-03
-5.162487666056645441e-01 1.858894064240411209e-03
-5.164016241462292545e-01 1.973382363162658019e-03
-5.162997191191860402e-01 1.805761679875327388e-03
-5.169111492814443265e-01 1.611259952385386569e-03
-5.168601967679228304e-01 1.527725961064582043e-03
-5.169621017949659336e-01 1.527725961064582260e-03
-5.161978140921429370e-01 2.164132661374151660e-03
-5.170130543084874297e-01 1.903743011356495447e-03
-5.169621017949660446e-01 1.527725961064582043e-03
-5.171149593355305329e-01 1.426670378602636763e-03
-5.170640068220089258e-01 1.682976253507341077e-03
-5.170130543084873187e-01 1.437547311496954923e-03
-5.170640068220089258e-01 1.682976253507341077e-03
-5.170640068220089258e-01 1.830748698402322617e-03
-5.170130543084873187e-01 1.608034203499513620e-03
-5.169111492814443265e-01 1.765046843852352294e-03
-5.170130543084874297e-01 1.762102643564359772e-03
-5.174206744166595096e-01 1.837119001156224977e-03
-5.174716269301811167e-01 2.024681328836751629e-03
-5.173187693896165174e-01 1.717334041008576791e-03
-5.175735319572243309e-01 1.858894064240411209e-03
-5.173697219031381245e-01 1.778965254028927641e-03
-5.177263894977887082e-01 2.002116113302252962e-03
-5.181849621194823952e-01 2.206308554815440259e-03
-5.178282945248317004e-01 2.085943880082531416e-03
-5.179811520653962997e-01 2.075337845767052762e-03
-5.179811520653962997e-01 2.196874803193213897e-03
-5.176754369842672121e-01 1.819368642841582510e-03
-5.179811520653962997e-01 2.196874803193214331e-03
-5.179811520653962997e-01 2.075337845767052762e-03
-5.179811520653962997e-01 2.312031709933368151e-03
-5.182868671465254984e-01 2.262085026680307753e-03
-5.182359146330040023e-01 2.348242095474372716e-03
-5.184906772006117048e-01 2.356519322744944113e-03
-5.181340096059610101e-01 2.176095896027927488e-03
-5.182868671465254984e-01 2.262085026680307753e-03
-5.186944872546978003e-01 2.430280002945376955e-03
-5.188473447952623996e-01 2.473165935007842677e-03
-5.185925822276545860e-01 2.395851986273333893e-03
-5.188982973087837847e-01 2.485208520560984978e-03
-5.184906772006115938e-01 2.356519322744944113e-03
-5.193568699304775826e-01 2.545586759642214873e-03
-5.188473447952622886e-01 2.576001061512865620e-03
-5.195606799845637891e-01 2.545586759642214873e-03
-5.193568699304775826e-01 2.545586759642215306e-03
-5.197135375251282774e-01 2.534855542146015502e-03
-5.195606799845635670e-01 2.545586759642215306e-03
-5.194587749575205748e-01 2.647570265778528224e-03
-5.196625850116067813e-01 2.539460188161220440e-03
-5.200192526062573650e-01 2.587565094350500073e-03
-5.199173475792142618e-01 2.506014312815343925e-03
-5.203759202009078377e-01 2.483641059969503729e-03
-5.201721101468220754e-01 2.445720649033091779e-03
-5.199683000927357579e-01 2.598078607128447102e-03
-5.205287777414724371e-01 2.312031709933368151e-03
-5.206306827685156513e-01 2.262085026680307753e-03
-5.207325877955587545e-01 2.320997450641423907e-03
-5.202740151738649566e-01 2.413665257457460901e-03
-5.206816352820371474e-01 2.348242095474373150e-03
-5.204268727144295559e-01 2.666623051532943187e-03
-5.201721101468217423e-01 2.445720649033092213e-03
-5.208344928226016357e-01 2.262085026680307753e-03
-5.210892553902094493e-01 1.957531645726723595e-03
-5.210892553902094493e-01 2.085943880082531416e-03
-5.212930654442954337e-01 2.040646576258166311e-03
-5.211911604172524415e-01 2.246537866319840791e-03
-5.212930654442955447e-01 2.164132661374151660e-03
-5.211911604172524415e-01 2.127839434256427117e-03
-5.217006855524676245e-01 1.738369537861082954e-03
-5.211911604172523305e-01 2.002116113302252962e-03
-5.216497330389461284e-01 2.070327970394966483e-03
-5.215987805254246323e-01 1.717334041008576791e-03
-5.215987805254245213e-01 1.862382327890554651e-03
-5.211911604172523305e-01 2.246537866319840791e-03
-5.213440179578170408e-01 1.858894064240411859e-03
-5.218025905795107278e-01 1.895543075131442701e-03
-5.217006855524677356e-01 1.738369537861082737e-03
-5.213949704713384259e-01 2.195101461209193749e-03
-5.219044956065538310e-01 1.608034203499513620e-03
-5.219044956065537200e-01 1.437547311496954706e-03
-5.221083056606397044e-01 1.762102643564359772e-03
-5.222611632012044147e-01 1.956868412895310886e-03
-5.220573531471183193e-01 2.220384031259381094e-03
-5.221592581741613115e-01 1.339382550358642629e-03
-5.224140207417690140e-01 1.862382327890554218e-03
-5.222611632012044147e-01 1.670589875380259267e-03
-5.223121157147257998e-01 1.738369537861082954e-03
-5.222611632012044147e-01 1.819368642841582727e-03
-5.223630682282474069e-01 1.651836167573275411e-03
-5.225668782823335023e-01 2.024681328836751195e-03
-5.224140207417690140e-01 2.122953458958397235e-03
-5.224649732552905101e-01 1.626494896459873812e-03
-5.224649732552905101e-01 1.778965254028927858e-03
-5.227197358228982127e-01 1.767986141215420687e-03
-5.227197358228982127e-01 2.040646576258166311e-03
-5.230254509040273003e-01 2.161732069774078852e-03
-5.227706883364195978e-01 1.956868412895310886e-03
-5.226178307958551095e-01 1.655760706646335458e-03
-5.230254509040271893e-01 2.278665677172041128e-03
-5.231273559310704035e-01 2.110689038257460362e-03
-5.232802134716346698e-01 2.206308554815440259e-03
-5.228725933634624790e-01 2.284923415193096819e-03
-5.230254509040271893e-01 2.278665677172041128e-03
-5.227706883364194868e-01 2.320997450641423474e-03
-5.228725933634627010e-01 2.168327301508122563e-03
-5.233311659851562769e-01 2.348242095474372716e-03
-5.230764034175485744e-01 2.312031709933367717e-03
-5.232802134716348919e-01 2.320997450641423474e-03
-5.236368810662855866e-01 2.483641059969503295e-03
-5.238916436338931781e-01 2.563372291155029299e-03
-5.237897386068500749e-01 2.430280002945376955e-03
-5.240445011744576664e-01 2.496153184799823101e-03
-5.237387860933284678e-01 2.518930666352168710e-03
-5.237897386068500749e-01 2.430280002945376955e-03
-5.240954536879791625e-01 2.506014312815343925e-03
-5.236878335798070827e-01 2.395851986273333893e-03
-5.240445011744576664e-01 2.496153184799823101e-03
-5.242992637420652580e-01 2.635284490596899801e-03
-5.235859285527639795e-01 2.464227068535381621e-03
-5.243502162555867541e-01 2.539460188161220006e-03
-5.240954536879790515e-01 2.607554306791624431e-03
-5.245540263096728495e-01 2.547625676076136891e-03
-5.247578363637589449e-01 2.539460188161220440e-03
-5.253183140124957351e-01 2.430280002945376955e-03
-5.250635514448880325e-01 2.496153184799823101e-03
-5.254202190395386163e-01 2.395851986273333893e-03
-5.255730765801032156e-01 2.443596705385364404e-03
-5.256749816071463188e-01 2.287762183110056240e-03
-5.254202190395386163e-01 2.395851986273333893e-03
-5.253183140124956241e-01 2.430280002945376522e-03
-5.250635514448882546e-01 2.496153184799822233e-03
-5.251654564719311358e-01 2.473165935007843111e-03
-5.249616464178449293e-01 2.514804651024825886e-03
-5.251145039584096397e-01 2.485208520560984978e-03
-5.257768866341894221e-01 2.234951724786395609e-03
-5.254202190395388383e-01 2.395851986273333893e-03
-5.258278391477108071e-01 2.320997450641423474e-03
-5.255730765801033266e-01 2.334937500606389712e-03
-5.261845067423613909e-01 1.957531645726723595e-03
-5.260316492017969026e-01 2.075337845767052328e-03
-5.259806966882755175e-01 2.110689038257460796e-03
-5.262354592558829980e-01 1.913943529156780657e-03
-5.262354592558829980e-01 1.913943529156780874e-03
-5.260316492017969026e-01 2.075337845767052328e-03
-5.262354592558832200e-01 2.045094511173824094e-03
-5.259806966882752954e-01 2.110689038257460362e-03
-5.258787916612323032e-01 2.292296899518423813e-03
-5.260826017153185097e-01 2.038100540860909599e-03
-5.262864117694044941e-01 1.867950000485111900e-03
-5.264902218234905895e-01 1.805761679875327388e-03
-5.262354592558829980e-01 1.913943529156780874e-03
-5.263373642829261012e-01 1.819368642841582510e-03
-5.267959369046196771e-01 1.881797113664368222e-03
-5.267959369046196771e-01 1.738369537861082954e-03
-5.266940318775767960e-01 1.717334041008577224e-03
-5.267959369046196771e-01 1.408355493651717184e-03
-5.265921268505335817e-01 1.689903694764010407e-03
-5.268978419316627804e-01 9.984612739199292403e-04
-5.269997469587057726e-01 1.013942216858406331e-03
-5.267449843910982921e-01 1.300038180531165859e-03
-5.265411743370121966e-01 1.594251957139641721e-03
-5.266430793640551888e-01 1.626494896459874029e-03
-5.268468894181412843e-01 1.670589875380259267e-03
-5.265921268505338038e-01 1.528575405645682308e-03
-5.267449843910982921e-01 2.192142703345731705e-03
-5.266430793640551888e-01 1.458168001767225826e-03
-5.269997469587059946e-01 1.762102643564359989e-03
-5.272545095263134751e-01 1.682976253507341077e-03
-5.273564145533565783e-01 1.110484286798537300e-03
-5.269997469587057726e-01 1.608034203499513403e-03
-5.274583195803995705e-01 1.486381847867827106e-03
-5.273054620398350822e-01 1.753240377942104789e-03
-5.273054620398350822e-01 1.231323126701516779e-03
-5.275092720939211777e-01 1.862382327890554651e-03
-5.277130821480071621e-01 1.944224002356301391e-03
-5.275092720939210666e-01 1.996922547839858481e-03
-5.274073670668780744e-01 1.581991442243340078e-03
-5.272545095263134751e-01 1.339382550358642629e-03
-5.274073670668779634e-01 1.581991442243340078e-03
-5.275602246074427848e-01 1.626494896459873812e-03
-5.273054620398349712e-01 1.426670378602636763e-03
-5.275602246074426738e-01 1.626494896459873812e-03
-5.276111771209641699e-01 1.837119001156224977e-03
-5.276621296344856660e-01 1.749534518000651125e-03
-5.277130821480071621e-01 1.655760706646335458e-03
-5.279168922020932575e-01 2.002116113302252962e-03
-5.277640346615286582e-01 1.713550528941601989e-03
-5.278659396885717614e-01 1.819368642841582510e-03
-5.279678447156147536e-01 2.284923415193097686e-03
-5.276111771209640589e-01 1.689903694764010407e-03
-5.277130821480072731e-01 1.805761679875327172e-03
-5.279168922020932575e-01 1.867950000485111683e-03
-5.280187972291362497e-01 2.085943880082531416e-03
-5.281716547697008490e-01 2.075337845767052762e-03
-5.281716547697010711e-01 2.075337845767052328e-03
-5.282226072832223451e-01 2.110689038257460362e-03
-5.285283223643514328e-01 2.287762183110056240e-03
-5.284264173373085516e-01 2.234951724786395609e-03
-5.288849899590022385e-01 2.430280002945376955e-03
-5.288340374454806314e-01 2.413665257457460033e-03
-5.289868949860452307e-01 2.460009304094029452e-03
-5.284773698508300477e-01 2.262085026680307753e-03
-5.289868949860452307e-01 2.460009304094029885e-03
-5.288340374454808535e-01 2.518930666352168710e-03
-5.285283223643517658e-01 2.287762183110056673e-03
-5.290378474995667268e-01 2.473165935007842244e-03
-5.290888000130883340e-01 2.485208520560984978e-03
-5.286811799049162541e-01 2.356519322744944113e-03
-5.284264173373085516e-01 2.234951724786395609e-03
-5.289359424725236236e-01 2.445720649033092213e-03
-5.287321324184375282e-01 2.376813242123630796e-03
-5.288849899590023496e-01 2.430280002945376955e-03
-5.293435625806958145e-01 2.529216256980135018e-03
-5.298021352023896124e-01 2.543035815259971424e-03
-5.295983251483036280e-01 2.547116099978215253e-03
-5.298021352023897235e-01 2.543035815259971424e-03
-5.299040402294328267e-01 2.534855542146015502e-03
-5.299040402294328267e-01 2.534855542146015502e-03
-5.296492776618252352e-01 2.547625676076137324e-03
-5.293945150942174216e-01 2.534855542146015502e-03
-5.292926100671745404e-01 2.522535393672109896e-03
-5.298021352023897235e-01 2.543035815259971424e-03
-5.298021352023896124e-01 2.543035815259971424e-03
-5.302097553105619143e-01 2.485208520560984978e-03
-5.300568977699974260e-01 2.514804651024825886e-03
-5.303626128511264026e-01 2.445720649033091346e-03
-5.306173754187339942e-01 2.356519322744944113e-03
-5.304645178781696169e-01 2.413665257457460033e-03
-5.310759480404277921e-01 2.110689038257460796e-03
-5.306173754187339942e-01 2.356519322744944113e-03
-5.303626128511266247e-01 2.445720649033091779e-03
-5.308211854728202006e-01 2.262085026680307753e-03
-5.307192804457772084e-01 2.312031709933367717e-03
-5.308211854728202006e-01 2.262085026680307753e-03
-5.306683279322557123e-01 2.334937500606389712e-03
-5.301588027970403072e-01 2.496153184799823101e-03
-5.305664229052127201e-01 2.376813242123630363e-03
-5.310249955269062960e-01 2.144247406690528643e-03
-5.308721379863418077e-01 2.234951724786395609e-03
-5.309740430133845779e-01 2.176095896027927488e-03
-5.314326156350784869e-01 1.819368642841582510e-03
-5.311269005539493993e-01 2.075337845767052762e-03
