# V, V_err
1.001422801146328867e+00 3.092187945133256961e-03
9.972446950375644104e-01 3.117740127680189259e-03
1.002747566497888654e+00 3.132129377729257150e-03
9.994866056325111270e-01 3.054512880617851322e-03
1.004225189390012707e+00 3.060902011712292488e-03
1.005549954741572272e+00 2.913664142228032574e-03
1.000098035794769302e+00 3.076498251932854346e-03
9.995375581460328451e-01 3.192393535878026815e-03
1.004123284362969493e+00 3.108921798410968149e-03
1.001677563713936792e+00 2.866883822266130376e-03
1.004530904471141683e+00 3.218489234144043289e-03
9.953594520372681664e-01 3.305243641934457223e-03
1.003257091633103615e+00 2.972217823846406114e-03
1.006518052498481142e+00 3.131399878590807734e-03
1.002136136335630479e+00 3.168619612303740819e-03
1.005295192173964791e+00 3.037021993254955705e-03
9.956651671183973651e-01 3.239409984182745235e-03
1.001983278795065990e+00 2.815328099901067641e-03
1.005957574849744240e+00 2.993892692458728112e-03
1.003562806714232813e+00 3.269782030291031125e-03
1.002492803930281173e+00 3.224935889044562749e-03
1.006467099984959424e+00 2.907402391565675620e-03
1.006161384903830225e+00 2.899086082869286457e-03
1.001830421254501280e+00 2.728938805410674115e-03
1.008097580417648187e+00 3.078729473877272159e-03
1.006263289930873439e+00 2.897419956748990399e-03
1.004938524579314096e+00 2.825802696687451307e-03
1.003206139119582119e+00 2.889703873627846691e-03
1.004276141903534203e+00 3.356200720154364249e-03
1.006365194957916431e+00 2.985765122096233765e-03
1.006161384903830447e+00 2.639399218110322510e-03
1.004072331849448219e+00 3.477108683619186021e-03
1.001473753659850585e+00 3.006630067724914805e-03
1.009829965877379943e+00 2.953066321383773611e-03
1.006619957525524356e+00 2.642166649867429447e-03
1.002085183822108982e+00 3.020654778235306714e-03
1.005397097201007783e+00 3.046819717304370938e-03
1.004785667038749386e+00 3.200186990178124219e-03
1.006569005012002638e+00 3.643015637878794372e-03
1.005906622336222744e+00 3.166980519823137889e-03
1.007944722877083477e+00 2.750355135967044382e-03
1.007129482660739317e+00 2.864143168669226573e-03
1.008709010579906362e+00 2.920943664119571466e-03
1.008658058066384866e+00 3.173073660256818616e-03
1.002849471524931646e+00 2.915316532083302159e-03
1.004174236876491211e+00 3.254948499090673433e-03
1.004683762011706172e+00 2.948786203674443746e-03
1.010492348553159614e+00 3.167144467243787707e-03
1.008250437958212897e+00 3.139315809650838288e-03
1.008658058066384866e+00 3.189395365705236744e-03
1.010849016147810531e+00 3.036462023425224623e-03
1.006059479876787233e+00 3.231771369578672389e-03
1.008709010579906362e+00 3.386084928876092939e-03
1.008709010579906584e+00 3.190278430328328911e-03
1.018797608257167475e+00 3.097644639376485442e-03
1.005499002228050776e+00 2.876263746951944738e-03
1.007944722877083477e+00 2.920654787174972299e-03
1.007180435174260591e+00 3.010323484620192579e-03
1.010339491012595126e+00 2.730237080685033249e-03
1.005346144687486065e+00 3.245895071547478389e-03
1.010033775931465927e+00 2.942815340025225525e-03
1.006212337417351943e+00 2.815102163752105941e-03
1.008250437958212675e+00 3.154989347180411127e-03
1.010849016147810531e+00 3.268690118284415993e-03
1.017167127824478490e+00 2.648236977307031302e-03
1.010237585985552133e+00 3.142642650657037108e-03
1.009880918390901217e+00 2.971344220234658096e-03
1.015281884824182468e+00 3.506699163740618994e-03
1.011715208877676186e+00 2.973195955151749885e-03
1.009931870904422935e+00 3.437856368799961475e-03
1.011664256364154468e+00 3.142576561413778970e-03
1.012938069202192315e+00 3.255682211706095557e-03
1.015129027283617758e+00 2.942815340025227260e-03
1.015536647391790170e+00 2.704921091110984530e-03
1.012836164175149545e+00 2.880376730355537363e-03
1.015842362472919369e+00 3.155256769889568276e-03
1.011511398823589980e+00 3.082062748893484548e-03
1.017880463013780101e+00 3.128152374410980013e-03
1.008097580417648187e+00 3.218085889417337392e-03
1.016402840121656048e+00 3.164192113988499762e-03
1.016097125040526850e+00 2.963715483736955886e-03
1.016963317770392727e+00 2.744747159749481077e-03
1.014109977013187391e+00 3.101397087317254216e-03
1.018084273067866086e+00 3.055129026388212540e-03
1.019052370824774956e+00 3.141233822685943027e-03
1.013651404391493926e+00 3.061304864923921048e-03
1.018288083121952292e+00 2.861064168016621417e-03
1.011817113904718957e+00 3.181538756689190721e-03
1.019663800987033131e+00 2.974732368822956448e-03
1.015281884824182468e+00 3.112105949194774422e-03
1.011052826201896293e+00 3.109589780413085126e-03
1.020020468581683826e+00 2.578539530127636151e-03
1.014976169743053269e+00 2.981810571170100468e-03
1.018339035635473566e+00 2.982089171012105785e-03
1.015944267499962139e+00 2.771854200400965598e-03
1.020529993716899009e+00 3.545225948517821083e-03
1.014109977013187613e+00 3.222100949949145698e-03
1.020886661311549481e+00 2.759627832853662512e-03
1.022975714365931932e+00 2.842017750869151645e-03
1.013753309418536919e+00 3.242674164712088664e-03
1.023638097041711825e+00 2.919338924532566878e-03
1.013294736796843232e+00 2.930438479772491753e-03
1.029140968502036069e+00 2.721317413593953797e-03
1.023281429447061353e+00 3.188569051589545175e-03
1.027306678015261321e+00 3.046308421580727101e-03
1.023281429447061130e+00 2.796434371029193466e-03
1.024911909879749672e+00 3.055451922129005359e-03
1.018848560770688971e+00 3.316296314330968633e-03
1.022822856825367444e+00 2.782114553770254940e-03
1.024045717149884016e+00 3.140308031618186009e-03
1.027612393096390297e+00 3.173531810315732751e-03
1.022771904311845947e+00 2.791137578666448918e-03
1.028784300907385374e+00 3.098918300650360495e-03
1.024759052339185184e+00 2.996471357752491810e-03
1.026185722717787518e+00 3.367012877272838964e-03
1.021650949014372589e+00 3.056233528434731082e-03
1.025115719933835656e+00 2.894461566298969172e-03
1.026338580258352451e+00 3.057388580441410507e-03
1.029446683583165267e+00 3.116440836725250553e-03
1.026287627744830733e+00 2.861204813131208204e-03
1.030975258988810594e+00 3.317235599888421031e-03
1.031230021556418075e+00 2.814608729934466730e-03
1.030363828826552641e+00 3.046990130146194024e-03
1.032045261772762457e+00 3.073243418780325330e-03
1.035153365097575273e+00 3.012577864838103699e-03
1.032045261772762457e+00 3.046091094910040667e-03
1.032503834394456366e+00 3.370650301236787459e-03
1.031382879096982563e+00 3.056008412333411153e-03
1.029497636096686541e+00 2.639222161064339479e-03
1.032860501989106838e+00 2.682367962278525697e-03
1.029140968502036069e+00 3.175658069752399643e-03
1.038567183503517066e+00 3.125246257032227894e-03
1.033981457286580197e+00 3.108337196403733200e-03
1.029039063474992854e+00 2.921756810424307269e-03
1.026083817690744748e+00 3.003221715512181984e-03
1.034541934935317098e+00 2.963575323452948863e-03
1.029497636096686541e+00 3.387096840120757714e-03
1.035560985205747464e+00 2.964626364063644402e-03
1.028835253420906870e+00 2.906218994862778439e-03
1.034490982421795602e+00 3.197025601452884499e-03
1.031128116529375305e+00 2.981814924492821005e-03
1.033064312043193045e+00 3.026424897683561814e-03
1.041675286828330105e+00 3.111772246181603377e-03
1.033777647232494212e+00 2.906723671998756933e-03
1.039331471206339952e+00 3.314855559548779505e-03
1.036834798043785755e+00 2.741813412218452144e-03
1.030720496421203114e+00 3.532020004928380051e-03
1.033981457286580419e+00 3.236010139107279616e-03
1.041930049395937363e+00 2.909937258348341445e-03
1.035815747773354945e+00 3.638466153979930291e-03
1.036987655584349799e+00 3.152849148932462819e-03
1.037497180719565426e+00 2.669303904211790986e-03
1.038618136017038784e+00 3.224368295460918778e-03
1.038261468422388090e+00 3.371793891146236764e-03
1.039229566179296960e+00 3.131897282798331433e-03
1.037700990773651188e+00 2.980521708155253920e-03
1.037650038260129914e+00 2.959196355942606427e-03
1.042439574531152546e+00 2.954296860958066477e-03
1.047229110802175622e+00 3.424054401659567311e-03
1.044121007477362806e+00 2.887398514834164237e-03
1.043305767261018646e+00 2.858154438910479479e-03
1.042643384585238975e+00 3.244743114428295418e-03
1.043356719774539920e+00 2.829199967216681436e-03
1.044019102450319814e+00 2.784614300146320484e-03
1.048401018613170699e+00 3.093698831352265869e-03
1.047025300748089638e+00 2.928612898653313798e-03
1.038720041044081555e+00 3.649918143430858596e-03
1.047687683423869309e+00 3.217888232045391927e-03
1.046872443207524928e+00 2.938590969726631932e-03
1.045394820315401097e+00 3.261581790020226697e-03
1.051916742046155262e+00 3.008787988097255239e-03
1.046872443207524928e+00 3.202392835845594646e-03
1.051865789532633988e+00 2.552609053190511412e-03
1.051661979478547781e+00 3.110503848230754872e-03
1.055177702911532789e+00 2.918489522561235842e-03
1.048910543748385882e+00 2.917844523493353000e-03
1.051916742046155262e+00 3.305636351927159107e-03
1.045292915288357882e+00 3.083363896509194995e-03
1.047789588450912301e+00 2.760004112817216870e-03
1.044477675072013501e+00 2.340845201974056655e-03
1.058489616290431368e+00 2.884735850013360296e-03
1.056757230830699834e+00 3.289003494812531205e-03
1.050031499045859018e+00 2.878212734898110900e-03
1.054515320235752895e+00 3.067404792383740791e-03
1.050642929208117637e+00 3.107163484721227158e-03
1.060527716831292322e+00 3.052132115343135152e-03
1.057470566020001224e+00 2.972322639025328644e-03
1.059763429128469436e+00 2.986112906645303940e-03
1.058540568803952864e+00 3.375195414594103945e-03
1.058744378858039070e+00 3.253085561572451045e-03
1.055228655425054063e+00 3.155252655865714486e-03
1.061139146993550719e+00 2.845409347511733064e-03
1.057776281101130422e+00 3.184735898627585708e-03
1.060425811804249552e+00 3.060762060820008176e-03
1.057725328587608704e+00 3.120124916204649202e-03
1.065673920696965871e+00 3.559389573326319188e-03
1.062922484966803749e+00 3.089100924551730753e-03
1.062260102291024078e+00 2.815102163752118084e-03
1.063686772669626412e+00 2.828938430591478731e-03
1.062514864858631558e+00 2.890386589780631447e-03
1.063533915129061924e+00 3.003502651178486475e-03
1.060935336939464291e+00 3.190990401212122872e-03
1.063432010102018932e+00 3.233554256474460622e-03
1.067457258670219122e+00 2.828094006957768743e-03
1.065877730751051855e+00 3.218908659045899810e-03
1.064043440264277329e+00 3.572552481198203785e-03
1.064043440264277329e+00 3.216132986037362022e-03
1.065572015669922656e+00 2.985991186660810412e-03
1.067762973751348099e+00 3.088827774246104448e-03
1.067813926264869595e+00 2.956106580663067120e-03
1.069953931832773542e+00 3.118793321958319726e-03
1.069444406697558358e+00 3.253165366629550640e-03
1.069138691616429382e+00 2.918187057991398180e-03
1.068782024021778687e+00 3.191185656894997193e-03
1.065572015669922656e+00 3.247542299812117370e-03
1.076373948536484715e+00 3.394753036236845909e-03
1.073112987671107632e+00 3.050196375272175124e-03
1.063788677696669627e+00 3.257659222577607809e-03
1.069852026805730327e+00 3.452896619531803466e-03
1.071176792157289892e+00 2.629742102057121885e-03
1.071176792157289892e+00 3.115928467357488227e-03
1.072348699968284969e+00 3.389085284802869670e-03
1.069597264238122625e+00 2.956699330401311478e-03
1.076628711104092861e+00 2.856409905372208485e-03
1.072603462535892671e+00 3.552029782622810692e-03
1.079583956888340968e+00 3.329546957968280291e-03
1.082131582564416883e+00 3.256224414772720347e-03
1.076577758590571143e+00 3.580928730398264155e-03
1.078564906617910379e+00 3.281322091023819269e-03
1.080348244591163631e+00 3.621917410994977739e-03
1.081367294861593997e+00 3.176168977601189717e-03
1.075660613347183991e+00 3.459011495751096541e-03
1.086105878619095355e+00 2.795334022171669895e-03
1.076781568644657350e+00 3.112343690763438690e-03
1.083660157970062432e+00 3.203657267875851221e-03
1.080144434537077425e+00 3.393850503876479074e-03
1.080399197104685127e+00 3.348549414202147551e-03
1.083965873051191631e+00 3.143150665311598285e-03
1.083863968024148416e+00 3.427900167108280990e-03
1.084984923321621997e+00 2.964801501273715660e-03
1.082692060213153340e+00 2.905472984073713665e-03
1.088602551781649996e+00 3.203531657536290520e-03
1.085035875835143493e+00 2.929658759059692620e-03
1.082080630050895387e+00 3.300039756159283463e-03
1.083201585348368745e+00 3.346552399468395028e-03
1.092220180241677774e+00 3.083107079154002658e-03
1.089723507079123355e+00 3.166345143387930966e-03
1.089672554565601859e+00 3.348704472300795786e-03
1.090487794781946240e+00 2.964416185753409282e-03
1.085596353483879950e+00 3.064356346473566702e-03
1.092220180241677774e+00 3.427627506227064972e-03
1.089061124403343683e+00 3.132394608021239844e-03
1.089723507079123355e+00 3.304363802187590491e-03
1.090946367403639705e+00 3.453001880913430556e-03
1.089927317133209117e+00 2.963597223934281814e-03
1.094716853404231971e+00 3.156178176097564850e-03
1.094920663458318399e+00 3.078493353003301358e-03
1.095990666242269818e+00 3.122998390790992108e-03
1.092882562917457667e+00 3.095817026281253489e-03
1.091557797565898102e+00 3.140824689749231648e-03
1.092882562917457445e+00 3.215115715510025955e-03
1.090742557349553721e+00 3.470371169994073378e-03
1.087277786430090210e+00 3.436723430332430749e-03
1.096551143891006719e+00 3.682862339900096205e-03
1.095379236080011864e+00 3.502224639950794142e-03
1.098334481864260193e+00 2.915886411589093015e-03
1.095684951161141063e+00 3.133886110158363124e-03
1.100117819837513222e+00 3.003623661521808222e-03
1.094665900890710697e+00 3.013784105719618644e-03
1.103684495784019726e+00 3.100844556539864710e-03
1.095022568485361170e+00 3.318976488480914529e-03
1.097875909242566284e+00 3.153857692505772272e-03
1.099964962296948734e+00 3.302143522157175576e-03
1.101340680162029795e+00 2.908313055724143226e-03
1.100321629891599429e+00 3.052051306804735766e-03
1.101442585189072787e+00 3.104158265972494120e-03
1.102563540486546367e+00 2.914305612343815691e-03
1.103939258351627428e+00 3.498249077484381908e-03
1.102054015351330962e+00 3.197139287044401586e-03
1.105060213649100787e+00 3.085935100994695833e-03
1.103990210865148702e+00 3.003416212233884185e-03
1.107505934298133710e+00 3.024446952752744833e-03
1.111174515271683205e+00 3.337646333107576781e-03
1.101442585189073009e+00 3.537278941058426968e-03
1.109289272271386961e+00 2.581759385320304620e-03
1.111836897947462877e+00 3.360719025505998214e-03
1.109900702433645359e+00 2.972833560101271165e-03
1.107913554406305900e+00 3.610728938516665539e-03
1.107047361676440245e+00 3.544830486034444145e-03
1.116881196786093433e+00 3.173302743554543698e-03
1.116881196786093211e+00 3.321208966158281824e-03
1.114639286191146494e+00 3.130404833071357383e-03
1.116881196786093211e+00 3.393892576395487245e-03
1.111021657731118495e+00 3.070285328863981474e-03
1.115607383948055586e+00 3.042680017585977243e-03
1.112550233136764266e+00 3.455016266223771317e-03
1.119479774975691067e+00 3.523999014896229964e-03
1.115199763839883174e+00 2.901055534435142014e-03
1.112550233136764266e+00 3.145879322768201786e-03
1.118715487272868181e+00 2.871927927219298116e-03
1.120295015192035448e+00 2.825802696687447838e-03
1.119530727489212563e+00 3.126056089776795693e-03
1.125237409003622790e+00 2.833523289196513209e-03
1.124778836381929104e+00 3.207985789527895322e-03
1.122078353165288478e+00 3.121900877684780692e-03
1.118970249840475661e+00 3.140775094256553247e-03
1.119072154867518876e+00 3.672598361048078595e-03
1.122587878300503661e+00 3.284643420155055563e-03
1.127734082166177210e+00 3.112343690763433920e-03
1.124625978841364615e+00 3.348208261108551100e-03
1.127988844733784690e+00 3.287171704189867198e-03
1.122638830814025157e+00 3.247862053101446215e-03
1.123861691138541286e+00 2.862406819979596440e-03
1.123352166003326769e+00 3.187428956475591400e-03
1.121670733057116287e+00 3.365254408265355799e-03
1.121619780543594791e+00 2.638907363650203931e-03
1.125339314030665561e+00 3.118273013512301486e-03
1.129262657571822537e+00 2.449623893713814057e-03
1.124931693922493592e+00 3.084925390804310000e-03
1.127632177139133995e+00 3.272182954137935109e-03
1.133797431275238132e+00 3.311094117928912832e-03
1.125186456490101072e+00 3.052969846234697329e-03
1.131504568166769698e+00 3.639079738959874553e-03
1.129517420139430239e+00 3.237514048661921211e-03
1.137262202194701199e+00 2.914889049337786829e-03
1.127937892220263416e+00 3.054075129145835364e-03
1.128396464841956881e+00 3.274542476320028202e-03
1.129211705058301263e+00 3.026643636476270861e-03
1.131606473193812912e+00 3.585855313536273105e-03
1.139045540167954673e+00 3.284758025117190481e-03
1.135326006680883681e+00 3.174513337790197624e-03
1.134918386572711491e+00 2.859425823629506685e-03
1.138586967546260764e+00 3.116940628111122911e-03
1.138841730113868689e+00 3.202250961363456525e-03
1.145057936763493878e+00 3.843711189584386907e-03
1.142153643492767268e+00 3.432320306805300338e-03
1.147401752385483809e+00 3.258189144513918938e-03
1.139198397708519161e+00 3.374006810383978379e-03
1.138434110005696498e+00 3.447704754764066570e-03
1.145312699331101580e+00 3.095846377215341616e-03
1.139300302735562154e+00 3.178207703385770803e-03
1.140879830654729199e+00 3.457660243091465781e-03
1.144140791520106504e+00 3.296592186273066081e-03
1.147656514953091511e+00 2.954977832158762162e-03
1.140828878141207703e+00 3.478512089121487544e-03
1.148777470250564869e+00 3.298241644766775928e-03
1.147911277520699214e+00 3.368743455353722608e-03
1.148471755169435893e+00 3.318863065130165605e-03
1.149949378061559946e+00 2.941173985905750320e-03
1.150968428331990312e+00 3.158414757792959906e-03
1.147809372493655999e+00 3.410455404549556785e-03
1.150509855710296625e+00 2.674278967769462643e-03
1.147911277520698992e+00 3.277336013837298979e-03
1.151885573575377908e+00 2.985382512296912323e-03
1.151274143413119511e+00 3.034991076428735206e-03
1.152853671332286556e+00 3.188744101518241163e-03
1.156267489738228349e+00 3.153116753156532011e-03
1.155197486954276487e+00 3.249040871387604782e-03
1.154586056792018312e+00 3.092926692830526205e-03
1.160547500874036242e+00 3.338521289707953484e-03
1.155808917116534884e+00 3.533250974193405999e-03
1.158356542792610577e+00 3.169143942853913567e-03
1.163247984090676646e+00 3.167570690824828526e-03
1.156827967386965028e+00 3.336899522060691927e-03
1.164470844415192996e+00 3.272480466607317375e-03
1.164521796928714492e+00 2.847876326864986520e-03
1.164114176820542301e+00 2.704498750145559877e-03
1.164267034361107012e+00 3.129641750588997053e-03
1.165693704739709569e+00 3.136668349931993113e-03
1.164216081847585516e+00 3.582523366313488007e-03
1.166763707523661431e+00 3.107117529694567240e-03
1.172215626470464400e+00 3.118106496472722571e-03
1.164216081847585516e+00 3.240852236172727004e-03
1.166457992442532454e+00 3.157230882494656797e-03
1.169209428172694576e+00 3.363390816742290509e-03
1.170126573416081950e+00 3.363251874159604339e-03
1.170483241010732423e+00 3.122732362428329994e-03
1.174304679524846629e+00 2.825618944081519351e-03
1.167731805280570523e+00 3.288435117264113059e-03
1.172164673956942460e+00 3.145466667250878222e-03
1.173030866686808560e+00 3.421835913294848409e-03
1.175068967227669292e+00 3.688522100232743180e-03
1.174559442092454109e+00 2.666579240279387183e-03
1.177259925309094513e+00 3.238191582253119490e-03
1.176699447660357833e+00 3.051961989615100106e-03
1.174508489578932391e+00 3.232108747935492216e-03
1.178788500714740284e+00 3.251393233415832661e-03
1.179705645958127658e+00 3.408856435838539343e-03
1.185259469931973397e+00 2.816946010646706466e-03
1.174355632038368125e+00 3.006850246528913750e-03
1.177005162741487032e+00 3.236487455433718213e-03
1.180317076120386055e+00 3.212433745743047825e-03
1.185921852607752847e+00 3.742149071411063430e-03
1.180062313552778130e+00 3.066795345618224776e-03
1.184393277202107519e+00 3.398574666441920439e-03
1.182304224147725291e+00 2.660770308344891956e-03
1.186329472715925260e+00 3.103572766686420268e-03
1.187756143094527594e+00 3.132083789010892995e-03
1.183170416877590947e+00 3.179714457497824498e-03
1.189743291121867053e+00 3.333692558287778499e-03
1.192036154230335487e+00 3.427858511988380284e-03
1.191017103959905121e+00 3.156589431318023407e-03
1.183730894526327626e+00 3.288593009770202254e-03
1.186533282770011022e+00 3.163884418756699075e-03
1.189896148662431541e+00 3.388997189609547177e-03
1.195195210068669578e+00 3.320118328358322678e-03
1.198507123447568379e+00 3.614437137998986662e-03
1.191730439149206289e+00 3.237165203889288446e-03
1.193106157014287572e+00 3.504921891217433437e-03
1.185055659877887191e+00 2.902464661899316171e-03
1.192443774338507456e+00 3.274054848976115737e-03
1.191322819041034320e+00 3.214954214396505659e-03
1.193717587176545747e+00 3.298052727160267865e-03
1.194481874879368410e+00 3.220327845681682059e-03
1.195806640230927975e+00 2.851538652821778222e-03
1.202685229556333057e+00 3.649775882200451647e-03
1.204264757475500325e+00 3.026424897683539263e-03
1.201462369231816707e+00 3.505277417812165727e-03
1.204927140151280218e+00 3.226750713006467687e-03
1.199118553609826776e+00 3.385406319008003699e-03
1.203143802178026744e+00 3.150151253014742310e-03
1.203143802178026744e+00 3.733244455601959950e-03
1.195806640230927975e+00 3.097661401477447892e-03
1.202430466988725577e+00 3.359250953053097202e-03
1.206761430638054744e+00 2.781741264638564002e-03
1.209971438989910331e+00 3.430644502970048911e-03
1.208646673638351210e+00 3.374595394892204638e-03
1.205130950205366203e+00 3.445576842814514033e-03
1.206251905502839339e+00 3.401014439406731867e-03
1.209360008827652377e+00 2.975382486754918863e-03
1.212417159638943254e+00 3.490897968825534305e-03
1.211805729476685300e+00 3.264207471956527551e-03
1.217206695909966108e+00 3.301486976500982249e-03
1.213640019963459826e+00 3.156194627335234294e-03
1.215219547882627094e+00 3.593055503053422216e-03
1.215627167990799284e+00 3.285907805340429998e-03
1.210379059098082521e+00 3.762904355775243542e-03
1.213894782531067529e+00 3.516605760726475207e-03
1.210582869152168728e+00 3.522672690714617142e-03
1.211856681990206575e+00 3.153540756424361765e-03
1.218123841153353704e+00 3.071113881242494223e-03
1.217716221045181513e+00 3.157674887746183493e-03
1.213538114936416834e+00 3.207807742994249478e-03
1.219193843937305566e+00 2.996124775593239122e-03
1.220620514315908123e+00 3.649775882200451214e-03
1.223371950046070245e+00 3.802966041296001846e-03
1.220824324369994329e+00 3.751416654562167528e-03
1.219805274099563741e+00 3.060015547960330019e-03
1.221843374640424473e+00 3.188809233922398727e-03
1.226480053370882617e+00 3.535032364210304728e-03
1.229384346641609893e+00 3.061270942487144368e-03
1.225308145559887985e+00 3.215466952424050374e-03
1.225613860641017183e+00 3.531928124347347674e-03
1.224849572938194298e+00 2.883858251546986360e-03
1.224034332721849916e+00 3.303578032972626956e-03
1.224340047802979115e+00 3.377210084957698276e-03
1.229078631560480472e+00 3.287961394252489865e-03
1.229995776803867846e+00 3.697745054281830011e-03
1.231677209750077884e+00 3.515634818801107765e-03
1.233409595209809639e+00 3.641219342241436372e-03
1.236059125912928769e+00 3.893065465779958247e-03
1.232390544939379051e+00 2.732385249882208177e-03
1.231881019804164090e+00 3.531255485695590588e-03
1.235702458318277852e+00 3.498664646088637305e-03
1.239116276724219867e+00 3.723732953824362372e-03
1.239880564427042531e+00 3.515572049069529918e-03
1.229282441614566235e+00 3.096215336651401452e-03
1.238301036507875708e+00 3.470371169994061668e-03
1.237638653832095592e+00 3.583650055953330367e-03
1.235549600777713364e+00 3.174484714202201272e-03
1.239421991805349066e+00 3.001877182559547358e-03
1.240797709670430127e+00 3.510517252782519634e-03
1.245077720806237354e+00 3.345601944902288488e-03
1.240746757156908409e+00 3.565161607482779209e-03
1.242581047643683156e+00 3.535884175711300099e-03
1.243447240373549034e+00 3.597474785138123597e-03
1.249867257077260652e+00 2.965221788373281243e-03
1.248389634185136376e+00 3.278761583079481227e-03
1.243752955454678233e+00 3.297674859479111150e-03
1.249255826915002476e+00 3.326894808466827717e-03
1.250122019644868354e+00 3.741455245675717051e-03
1.247268678887662796e+00 3.259463791646964766e-03
1.249714399536695941e+00 2.979811724624722817e-03
1.249510589482609957e+00 3.312994963346471700e-03
1.252312977726293575e+00 2.998723165403678181e-03
1.251650595050513681e+00 3.418378272274325176e-03
1.252567740293901055e+00 3.240259388062510185e-03
1.256592988862101024e+00 3.360746062930420382e-03
1.254809650888847994e+00 3.479038220232505245e-03
1.249102969374437544e+00 3.398192696823809124e-03
1.254911555915890986e+00 3.539362723414692623e-03
1.259802997213957054e+00 2.751907472253866706e-03
1.257306324051402413e+00 3.351494291353218028e-03
1.259752044700435114e+00 3.312849988826003372e-03
1.260312522349172015e+00 3.568858957593067181e-03
1.263114910592855633e+00 3.246099021348495574e-03
1.261586335187210306e+00 3.515631126494996733e-03
1.257000608970273436e+00 3.383933612768462267e-03
1.264643485998501182e+00 3.574946141736185575e-03
1.263267768133420343e+00 3.652111820922041702e-03
1.265866346323017755e+00 3.173728140094903786e-03
1.270604930080519113e+00 3.406113600276985780e-03
1.262503480430597680e+00 3.191641207034802332e-03
1.268872544620787579e+00 3.164376716766256585e-03
1.267802541836835717e+00 3.338735133112846060e-03
1.271267312756298784e+00 3.526690655076681561e-03
1.268515877026136884e+00 3.142655042235410756e-03
1.272388268053772142e+00 3.320958815668207612e-03
1.269382069756002540e+00 3.280946252887802141e-03
1.274324463567590104e+00 3.138753411305394894e-03
1.279063047325091462e+00 3.455376927653418945e-03
1.271216360242777288e+00 3.501160729443657943e-03
1.278400664649311791e+00 3.383166324370694752e-03
1.277687329460010179e+00 3.164224933047218250e-03
1.275292561324498974e+00 3.301801505680328815e-03
1.282425913217511759e+00 3.513152714179278071e-03
1.277432566892402699e+00 3.309733461673758283e-03
1.282731628298640958e+00 3.770486000592477432e-03
1.275496371378585181e+00 3.887499812839964597e-03
1.288540214840093956e+00 3.192751338189974471e-03
1.282731628298640736e+00 3.244999140239600462e-03
1.283037343379770157e+00 2.982894352359943997e-03
1.283546868514985340e+00 2.984547557026133273e-03
1.283546868514984896e+00 3.465909670866620159e-03
1.286756876866840926e+00 3.274066743190052857e-03
1.283444963487942125e+00 3.341350690467847270e-03
1.287877832164314507e+00 3.250031547133018592e-03
1.288387357299529690e+00 3.371882435800054121e-03
1.289304502542916842e+00 3.993516812042076716e-03
1.290680220407998346e+00 3.400575485799990812e-03
1.294654516462676375e+00 2.906009059095177299e-03
1.291138793029691589e+00 3.824070154504045135e-03
1.291240698056734804e+00 3.629203433299614621e-03
1.292055938273078963e+00 3.259730607786870925e-03
1.290833077948562613e+00 3.767244991756765575e-03
1.295011184057327069e+00 3.793068145605255851e-03
1.298017382355097116e+00 3.723370396081763459e-03
1.302246440977382846e+00 3.049885691615446780e-03
1.300565008031173031e+00 3.485315803372453312e-03
1.300972628139345222e+00 3.589589208631108717e-03
1.299749767814828649e+00 3.081190798984080430e-03
1.296692617003537329e+00 3.316863831161094567e-03
1.302501203544990771e+00 2.982076112225950492e-03
1.301533105788082123e+00 3.439875849677012567e-03
1.301940725896253648e+00 3.603214630737454436e-03
1.311825513519428998e+00 3.893848956192170249e-03
1.308462647627008257e+00 3.646132104830854346e-03
1.303163586220770442e+00 3.888644959230132953e-03
1.306883119707841212e+00 3.283825261672008913e-03
1.307749312437707312e+00 3.404981536932093905e-03
1.306322642059104533e+00 2.952657492998695711e-03
1.311315988384213593e+00 3.124926419125041190e-03
1.304233589004722305e+00 3.800101175009681833e-03
1.303775016383028840e+00 3.510960947154583098e-03
1.308411695113486761e+00 3.315532948879943743e-03
1.308921220248702388e+00 3.634611043895691167e-03
1.311570750951821296e+00 3.193401785138934995e-03
1.314016471600854219e+00 3.356854298604026315e-03
1.306577404626712235e+00 3.140328699575481268e-03
1.313455993952117540e+00 3.432290051236530810e-03
1.317532195033839226e+00 3.358582381176780825e-03
1.318296482736661890e+00 3.367787700342137706e-03
1.322168873764297148e+00 3.802587142350146495e-03
1.312284086141122907e+00 3.382878546353721566e-03
1.321047918466823790e+00 3.454324893229345026e-03
1.323086019007684744e+00 3.393819905353245240e-03
1.315392189465935058e+00 3.519705074136412429e-03
1.321608396115560691e+00 3.372159604033237064e-03
1.320130773223436638e+00 3.352365633683183996e-03
1.324869356980938218e+00 4.031020123608252716e-03
1.327009362548841942e+00 2.849603308241592872e-03
1.326805552494755513e+00 3.343024660453940231e-03
1.331085563630563184e+00 3.425354488171909826e-03
1.324410784359244309e+00 3.579594489382564165e-03
1.329353178170831651e+00 3.659635685963344345e-03
1.328181270359836796e+00 3.496307866659287885e-03
1.332512234009165963e+00 3.250159354265988367e-03
1.333684141820160596e+00 3.831276669407281989e-03
1.331085563630563406e+00 3.811367216629275682e-03
1.334601287063548192e+00 3.361923910997480312e-03
1.338575583118226886e+00 3.375749184274542177e-03
1.334601287063548414e+00 3.970230839236506618e-03
1.333684141820160596e+00 3.605047866895581907e-03
1.330525085981826727e+00 3.720008082946158097e-03
1.335620337333979002e+00 2.961546637029899114e-03
1.333327474225510123e+00 3.129874012778289215e-03
1.337148912739624551e+00 3.082757604785562981e-03
1.341887496497125687e+00 3.122433053428147736e-03
1.335569384820457284e+00 3.786464316316573431e-03
1.342040354037689731e+00 3.224710473765450038e-03
1.342702736713469847e+00 3.484537311852533605e-03
1.348154655660272594e+00 3.562976331055851820e-03
1.334448429522984148e+00 3.429656795034086852e-03
1.345352267416588976e+00 3.725109654493750748e-03
1.348918943363095480e+00 3.601225469128509910e-03
1.345708935011239671e+00 3.680817476400624535e-03
1.346116555119411640e+00 3.588099011056998609e-03
1.344740837254330579e+00 3.685987376774291831e-03
1.352077999201429126e+00 3.324584155573341755e-03
1.347339415443928212e+00 3.150233665713904254e-03
1.356459915364280455e+00 3.466310392383439333e-03
1.350600376309305739e+00 3.205135858123404381e-03
1.357886585742882568e+00 3.513415043198780258e-03
1.354727529904548922e+00 3.393647783519452513e-03
1.348103703146751320e+00 2.909611598086748845e-03
1.353759432147639830e+00 3.153314354006070928e-03
1.358090395796969219e+00 3.306417706047478592e-03
1.361147546608260095e+00 3.647356592325434830e-03
1.363287552176164263e+00 3.725806524132831664e-03
1.357835633229361738e+00 3.150678657039161865e-03
1.360688973986566630e+00 3.627661521774108635e-03
1.367414705771407224e+00 3.482245525819853502e-03
1.362828979554470576e+00 3.636367767551660409e-03
1.367873278393100467e+00 3.588515026522459163e-03
1.368128040960708391e+00 3.008287488472915876e-03
1.364408507473637622e+00 3.556364995276343338e-03
1.363746124797858172e+00 3.549529243657781503e-03
1.359517066175571331e+00 3.473642532785282781e-03
1.362064691851647913e+00 3.409522763931568078e-03
1.372968529745253186e+00 3.313946935700719937e-03
1.373681864934553909e+00 3.431926963606372286e-03
1.368382803528316538e+00 3.346222680508374736e-03
1.366191845446890651e+00 3.255526710342303114e-03
1.364663270041245324e+00 3.732479419405782591e-03
1.373630912421032413e+00 3.361259732672538213e-03
1.370420904069176826e+00 3.151729081700911476e-03
1.373172339799338948e+00 2.916669814100660788e-03
1.379235688908399871e+00 3.346629975679203499e-03
1.380917121854610130e+00 3.226106989867685935e-03
1.376942825799931658e+00 3.335498800666222233e-03
1.380917121854609686e+00 3.261323085785776486e-03
1.378624258746141695e+00 3.449737284583744186e-03
1.378624258746141251e+00 3.914386850130034678e-03
1.374293295096812750e+00 3.880464618519508749e-03
1.379999976611222756e+00 3.466490140255680356e-03
1.377554255962189611e+00 3.510694737260430191e-03
1.380254739178830237e+00 3.796711082853042925e-03
1.380356644205873451e+00 3.500938268267238165e-03
1.376637110718802237e+00 3.378005625559669066e-03
1.382089029665604762e+00 3.690805380054762962e-03
1.384585702828159404e+00 3.323021994051899609e-03
1.385961420693240020e+00 3.658248539084910621e-03
1.388559998882838098e+00 3.528221506159076679e-03
1.388050473747622915e+00 3.055158768212251283e-03
1.380968074368131404e+00 3.104743654843865851e-03
1.385451895558025504e+00 3.312712844926729051e-03
1.387439043585364962e+00 3.474778376792214598e-03
1.394470490451334088e+00 3.596146683038787574e-03
1.394674300505419851e+00 3.408151890201583344e-03
1.393910012802597631e+00 3.554265615775015208e-03
1.390037621774961929e+00 3.394079984007909809e-03
1.390903814504828029e+00 3.389207848219153753e-03
1.388865713963966853e+00 3.134681287790051611e-03
1.393298582640339900e+00 3.902776281907631515e-03
1.394521442964855362e+00 3.450519865557396572e-03
1.395438588208243402e+00 3.378946965397121478e-03
1.392687152478080836e+00 4.006552660379856731e-03
1.400941459668567202e+00 3.821098815592143070e-03
1.399718599344050851e+00 4.069648416891808763e-03
1.396661448532759753e+00 3.314906466447260867e-03
1.404457183101552209e+00 3.124427905166733167e-03
1.405476233371982131e+00 3.354591369160567216e-03
1.403030512722949652e+00 3.618485939442023149e-03
1.401603842344347095e+00 3.115574341730551269e-03
1.401960509938998012e+00 3.407348149509603630e-03
1.406087663534241194e+00 3.885171755424812745e-03
1.404304325560987277e+00 3.502643442877837431e-03
1.401858604911954798e+00 3.296733938264501725e-03
1.411182914886393025e+00 3.558729420393791452e-03
1.410571484724134628e+00 3.349944678712849042e-03
1.409501481940182543e+00 3.231112576972268533e-03
1.411488629967522002e+00 3.070247277722155509e-03
1.411437677454000728e+00 3.444796907129215463e-03
1.413679588048947444e+00 3.666103278557473512e-03
1.409909102048354734e+00 3.560643891265403115e-03
1.412609585264995582e+00 3.167013309986246080e-03
1.416329118752066130e+00 3.427237411976477750e-03
1.412303870183866383e+00 3.482450543703544208e-03
1.427742481780887029e+00 3.668736658481772279e-03
1.418723886887578001e+00 3.239309803949636142e-03
1.423258660590993152e+00 3.269373102327258977e-03
1.420507224860830808e+00 3.850958477625795497e-03
1.419946747212093685e+00 3.360282534124385372e-03
1.431512967781479295e+00 3.489410264530895533e-03
1.422800087969299243e+00 3.383411875589747205e-03
1.423207708077471434e+00 3.445124727695462411e-03
1.424073900807337312e+00 3.538775866607381856e-03
1.426672478996935167e+00 3.235685202845216182e-03
1.423666280699165343e+00 3.379054530395154271e-03
1.427029146591585418e+00 3.497941079614386769e-03
1.425347713645375380e+00 3.297139472800345028e-03
1.425449618672418151e+00 3.562520896411910856e-03
1.427946291834973458e+00 3.427479805859854310e-03
1.430697727565134691e+00 2.916442827072483410e-03
1.426978194078064144e+00 3.306417706047484230e-03
1.437882031971669194e+00 3.706861018564619557e-03
1.429984392375833968e+00 3.360162778789863632e-03
1.434213450998119921e+00 3.869208539930858552e-03
1.435487263836158212e+00 3.369329106678723481e-03
1.431614872808522065e+00 3.283319245236963370e-03
1.438340604593363103e+00 3.132332446686556058e-03
1.437423459349975507e+00 3.273134898850461969e-03
1.435945836457851454e+00 3.538067841056592201e-03
1.437525364377019166e+00 3.851673019961902259e-03
1.432073445430215974e+00 3.607563897072523732e-03
1.437066791755325035e+00 3.192974944274170473e-03
1.440939182782960293e+00 3.272385265560001557e-03
1.434264403511641639e+00 3.620010244203017511e-03
1.437168696782368027e+00 3.230160303933140523e-03
1.443996333594252057e+00 3.409157251503495446e-03
1.441244897864090158e+00 3.309713851587654278e-03
1.450773017892613925e+00 3.730600938141623128e-03
1.445830624081026583e+00 3.648922198344342008e-03
1.448633012324709979e+00 3.378362981362799389e-03
1.451282543027828886e+00 3.685582363658439914e-03
1.445015383864682423e+00 3.712459716832026448e-03
1.449142537459925162e+00 3.470775116433046960e-03
1.446238244189198996e+00 3.620350883386475559e-03
1.457702559731540282e+00 3.593810487430845052e-03
1.452811118433474435e+00 3.241941512148338415e-03
1.454033978757991008e+00 3.865936132270013457e-03
1.454696361433770457e+00 3.152783273639763774e-03
1.455817316731244482e+00 2.878753886265830644e-03
1.457753512245062444e+00 3.410679961534852835e-03
1.455205886568986084e+00 3.314166281506598748e-03
1.458823515029014084e+00 3.533122385527669336e-03
1.453575406136297321e+00 3.472895064396074559e-03
1.459282087650707549e+00 3.737550076020395348e-03
1.455919221758287252e+00 3.823608475096015088e-03
1.461880665840305404e+00 3.370977630905712483e-03
1.467842109922322891e+00 3.416824801411895342e-03
1.464784959111032014e+00 3.042897587879089295e-03
1.457243987109847039e+00 3.204240683601478068e-03
1.462441143489042084e+00 3.941139867336131489e-03
1.464020671408208907e+00 3.375641513951486376e-03
1.469676400409098083e+00 3.504181094958828437e-03
1.466874012165414243e+00 3.683567202036995645e-03
1.469370685327968662e+00 3.279264344352743853e-03
1.465294484246247197e+00 3.850510135737154286e-03
1.469268780300925892e+00 3.571545865797999455e-03
1.463562098786515220e+00 3.627801072058368763e-03
1.470899260733614433e+00 3.411654139287698638e-03
1.468912112706274975e+00 3.422264553884017593e-03
1.475586891977594073e+00 3.050668724035352809e-03
1.472529741166303197e+00 3.898699752911510743e-03
1.473905459031383813e+00 3.974348313323205865e-03
1.479306425464665509e+00 3.636296372569449483e-03
1.471663548436437097e+00 3.458831359230142479e-03
1.472427836139259760e+00 3.696256318744250806e-03
1.479102615410579302e+00 3.264636927944936182e-03
1.478694995302406667e+00 3.183794217213519514e-03
1.480733095843267400e+00 3.995677787682566304e-03
1.480121665681009446e+00 3.934787856673589192e-03
1.484197866762731133e+00 3.178407828393236233e-03
1.484401676816816895e+00 3.855311085496390504e-03
1.476249274653373744e+00 3.419805779400583723e-03
1.479764998086358530e+00 3.737049919699612140e-03
1.481955956167783972e+00 4.006500821791427955e-03
1.486592634898242338e+00 4.241193081086881873e-03
1.484554534357381606e+00 3.504032916913464666e-03
1.491687886250394390e+00 3.836216739447453287e-03
1.492299316412652344e+00 3.490938871736363937e-03
1.490006453304184575e+00 3.479933579619096801e-03
1.490057405817705849e+00 3.652193569487296489e-03
1.483943104195123430e+00 3.725945882420248021e-03
1.483994056708645148e+00 3.781143424722589828e-03
1.491331218655743918e+00 4.005541686895578227e-03
1.488274067844453263e+00 3.272420966277313215e-03
1.490515978439399536e+00 3.310721659560198100e-03
1.494337416953513520e+00 3.515247105482195884e-03
1.493522176737169138e+00 3.766528218128375495e-03
1.498923143170450389e+00 3.372621500470307683e-03
1.492197411385609129e+00 3.650629366426304950e-03
1.492655984007303482e+00 3.556470844198055588e-03
1.500808386170747077e+00 3.547700249233435525e-03
1.492299316412652566e+00 3.817737569507338724e-03
1.492248363899131292e+00 3.664955892650710416e-03
1.496375517494374252e+00 3.350998493273538333e-03
1.502693629171042655e+00 4.208230370688677106e-03
1.494643132034642941e+00 3.516310445547623890e-03
1.496630280061981955e+00 3.524485208705894958e-03
1.502336961576392405e+00 3.660433677981786427e-03
1.498464570548756480e+00 3.393926998977648234e-03
1.500349813549052946e+00 3.482033040002748773e-03
1.501012196224832618e+00 3.836639684712334769e-03
1.498362665521713488e+00 3.984395337004997643e-03
1.503508869387387037e+00 3.198629006769949761e-03
1.501114101251875388e+00 3.543907568625484592e-03
1.511661271550830188e+00 3.498070961540910954e-03
1.511100793902093065e+00 3.391294576262350764e-03
1.509062693361232776e+00 3.882287305202674656e-03
1.510540316253357052e+00 3.574016473130886638e-03
1.511457461496744425e+00 3.526484528219302802e-03
1.511966986631959387e+00 3.984535424583374522e-03
1.506973640306850548e+00 3.747899404253458681e-03
1.518387003335671004e+00 3.583650055953331668e-03
1.510132696145184639e+00 3.555780944576337425e-03
1.515176994983815195e+00 4.005775011115193449e-03
1.508706025766582082e+00 3.861229078457565408e-03
1.517571763119326844e+00 3.150246027432816211e-03
1.518488908362713774e+00 3.824124466064096530e-03
1.523431302174301338e+00 3.608877006836862158e-03
1.523737017255430759e+00 3.509810923553061644e-03
1.523125587093172806e+00 3.858138320288462958e-03
1.521851774255134515e+00 3.337024002174947355e-03
1.522819872012043385e+00 3.428524933175687399e-03
1.521597011687526813e+00 3.619192579353698504e-03
1.529392746256319269e+00 3.625796757965958801e-03
1.523074634579650644e+00 3.821543814524490552e-03
1.521138439065833348e+00 3.889446027349893146e-03
1.522361299390349254e+00 3.535865819868444417e-03
1.525010830093468606e+00 3.724329005695121205e-03
1.526131785390941964e+00 3.375545376832332460e-03
1.522055584309220500e+00 3.771900700263766584e-03
1.527303693201936596e+00 3.778739536920160819e-03
1.529647508823926971e+00 3.606646235347175152e-03
1.525367497688119522e+00 3.149491873787848423e-03
1.530768464121399886e+00 3.740261564341838818e-03
1.532602754608174633e+00 3.258667195616844151e-03
1.533978472473255916e+00 3.622644881035939034e-03
1.532704659635218070e+00 3.839818740705174763e-03
1.530972274175486536e+00 3.942605275681075258e-03
1.535303237824815703e+00 3.683309942988751383e-03
1.525010830093468606e+00 3.492663794621882201e-03
1.532093229472959672e+00 3.684130994649532313e-03
1.530055128932098718e+00 3.841170732473018525e-03
1.532297039527045879e+00 3.652538315046058130e-03
1.534793712689600298e+00 3.679219577024924435e-03
1.533316089797476467e+00 3.688187757314277584e-03
1.539532296447102100e+00 3.902443663653140053e-03
1.545748503096726845e+00 3.811833784063130108e-03
1.544831357853339471e+00 3.356312881715376676e-03
1.540143726609360053e+00 3.586333121589997761e-03
1.537748958473848626e+00 4.022587193220916041e-03
1.542844209826000679e+00 3.500089078144401171e-03
1.537035623284547015e+00 3.962451542428073459e-03
1.542232779663742503e+00 3.447987122220483314e-03
1.547531841069980763e+00 3.404341011171331619e-03
1.546563743313071004e+00 3.395884686881514396e-03
1.553340427611433983e+00 3.974096812291661764e-03
1.549875656691970027e+00 3.539388396178336747e-03
1.551913757232830982e+00 3.815969093786031243e-03
1.541672302015005602e+00 3.823801979868668346e-03
1.549569941610841051e+00 3.634636043885677761e-03
1.546308980745463746e+00 3.923843108672447552e-03
1.561543782288398408e+00 3.990385384949144548e-03
1.553544237665519745e+00 3.962766021149789764e-03
1.550028514232535404e+00 3.950196919281964356e-03
1.549111368989147586e+00 3.709734906073529261e-03
1.553340427611433761e+00 4.285282081880469052e-03
1.557365676179633729e+00 3.571404117378971371e-03
1.556805198530896828e+00 3.708345496790018021e-03
1.557110913612026248e+00 3.409918691515544976e-03
1.561085209666704721e+00 3.516871523185247268e-03
1.559199966666408921e+00 4.222866120618584164e-03
1.561543782288398186e+00 3.755777479630983875e-03
1.559047109125843988e+00 3.070078155830345112e-03
1.558792346558236064e+00 4.189759226303524896e-03
1.558333773936542821e+00 3.616045715312151548e-03
1.567607131397459108e+00 3.620064031468221786e-03
1.560422826990924605e+00 3.484570838994322569e-03
1.570358567127621230e+00 3.830175374833819264e-03
1.565976650964770789e+00 3.845679564624876652e-03
1.567963798992109359e+00 4.007071009379737508e-03
1.564753790640254216e+00 3.573493428254462343e-03
1.568218561559717061e+00 3.907001392738532891e-03
1.568880944235497843e+00 3.571418655937275664e-03
1.569899994505927987e+00 3.790620453563116506e-03
1.570256662100578460e+00 3.757833367829986441e-03
1.571887142533266779e+00 3.836270879043650502e-03
1.577186203939505260e+00 3.702039366099157784e-03
1.573059050344261856e+00 3.580754727155633678e-03
1.572498572695525176e+00 3.640345822811287546e-03
1.569645231938320062e+00 3.631234465208187621e-03
1.564804743153775268e+00 3.241252747833784503e-03
1.572090952587352541e+00 3.507587462302416779e-03
1.574281910668777762e+00 3.316362855812518724e-03
1.579988592183188656e+00 2.966136582456896376e-03
1.582026692724048944e+00 3.351900945961728325e-03
1.571581427452138024e+00 3.438366069320503322e-03
1.573313812911869336e+00 4.234184530876004826e-03
1.583911935724345632e+00 3.853367842632242964e-03
1.578714779345150365e+00 4.489778097993003293e-03
1.574791435803993833e+00 3.692197874116766310e-03
1.571071902316923063e+00 3.356912302377215804e-03
1.579224304480365548e+00 3.934177497718276822e-03
1.580854784913054534e+00 4.006367982347041647e-03
1.581873835183484678e+00 4.005590297228795241e-03
1.585185748562383701e+00 3.661015215901637816e-03
1.582383360318700083e+00 3.935233194002870846e-03
1.577950491642327480e+00 3.950065472577769451e-03
1.580039544696710152e+00 3.864589445551478396e-03
1.588446709427760783e+00 3.806804105267951911e-03
1.585695273697598662e+00 3.995937675926287784e-03
1.586306703859857281e+00 3.927364743811052709e-03
1.584166698291953335e+00 3.471149098999508874e-03
1.594051485915127797e+00 3.800319786785816972e-03
1.589567664725234364e+00 3.546368147976548812e-03
1.593643865806956050e+00 4.095631370215535930e-03
1.587529564184373410e+00 3.674223870600451438e-03
1.590994335103836699e+00 3.428994379422889253e-03
1.588905282049454692e+00 3.382337457396303142e-03
1.590484809968621294e+00 3.702393494534094668e-03
1.594968631158515393e+00 3.720915230105820669e-03
1.590433857455100020e+00 3.978928074400475863e-03
1.592319100455396708e+00 3.502717562074036430e-03
1.601694362943356209e+00 3.988641386504508321e-03
1.586561466427464540e+00 3.510221425377085987e-03
1.592675768050046736e+00 3.675265938576541182e-03
1.590841477563272433e+00 3.459563105499090067e-03
1.600522455132360911e+00 3.561762924088644582e-03
1.601847220483920697e+00 3.412719327793383405e-03
1.592675768050047180e+00 3.542174618030774491e-03
1.600267692564753430e+00 3.209992176413887458e-03
1.600216740051231934e+00 3.798949839852177636e-03
1.600573407645882851e+00 3.905223480694556409e-03
1.604140083592389132e+00 4.133175437621620582e-03
1.601745315456877927e+00 3.361858271309003162e-03
1.600063882510667002e+00 4.043896560278556138e-03
1.595427203780209302e+00 3.701871055561432866e-03
1.595936728915424041e+00 3.750503040571004539e-03
1.607553901998330703e+00 3.990186945952384732e-03
1.603222938349001758e+00 4.024603547994326860e-03
1.602152935565050118e+00 3.272004433671421488e-03
1.611171530458358925e+00 3.670151673136226415e-03
1.602203888078571170e+00 3.416099099931413970e-03
1.603528653430130957e+00 3.851362951833929484e-03
1.601541505402791721e+00 3.813519081185270335e-03
1.602203888078570948e+00 3.419896876646114168e-03
1.609846765106799138e+00 3.867695185770700893e-03
1.609235334944541185e+00 4.044923620769874488e-03
1.606891519322550810e+00 3.654670039098537829e-03
1.605974374079164102e+00 3.627675834870838605e-03
1.612903915918091124e+00 3.461022383345323163e-03
1.609031524890455200e+00 3.356003461419729446e-03
1.610560100296100305e+00 3.633325098215904776e-03
1.619018217540672655e+00 3.473750902350194840e-03
1.609795812593278086e+00 3.546891533135661852e-03
1.614381538810214289e+00 3.604540128634190800e-03
1.614992968972472909e+00 3.740133151506547845e-03
1.612343438269354001e+00 3.306731766226530395e-03
1.610050575160885566e+00 3.617499282335200073e-03
1.622228225892528686e+00 3.436221041436726166e-03
1.621158223108576601e+00 3.698029390764676072e-03
1.616368686837553525e+00 3.723983934661131198e-03
1.617846309729677801e+00 3.253352900808013839e-03
1.619171075081237365e+00 3.651454211549878901e-03
1.623196323649437778e+00 3.501279369624949074e-03
1.617234879567419625e+00 3.838976885378656695e-03
1.620495840432796708e+00 3.133057585518523279e-03
1.622330130919571900e+00 3.710361194991054681e-03
1.623756801298174457e+00 4.036297838184751095e-03
1.623756801298174457e+00 3.406323200349704004e-03
1.623043466108872845e+00 3.924663452436260441e-03
1.621158223108576601e+00 3.596236922894461424e-03
1.626915857136508770e+00 3.360838761020012305e-03
1.623043466108873067e+00 2.872831762636039558e-03
1.624062516379303434e+00 3.464542374916518980e-03
1.627985859920460188e+00 3.692507245927953603e-03
1.627068714677072814e+00 3.241460994340313907e-03
1.633132063786133958e+00 3.336868401306540728e-03
1.630482533083014607e+00 3.398479178062204127e-03
1.634202066570086265e+00 3.278729910496926310e-03
1.627934907406938692e+00 3.456800421398817207e-03
1.628953957677369058e+00 3.782430593309139919e-03
1.633590636407827423e+00 3.156441385611394226e-03
1.633896351488956844e+00 3.696976183187687063e-03
1.635526831921645163e+00 3.371593694661517530e-03
1.631909203461617608e+00 3.623619390275529574e-03
1.632265871056268081e+00 3.538174237360665244e-03
1.628648242596240081e+00 3.480541546531835170e-03
1.630635390623579095e+00 3.327538538972901576e-03
1.629871102920756654e+00 3.645192102905422254e-03
1.626762999595943615e+00 3.756745096580132483e-03
1.639959700598017545e+00 4.004034473853781799e-03
1.632979206245569470e+00 3.679759342494261145e-03
1.641641133544227582e+00 3.538555770212228717e-03
1.635526831921645607e+00 3.404543094810101068e-03
1.628087764947503402e+00 3.980810025179715508e-03
1.644290664247347156e+00 3.637110192288336118e-03
1.641233513436055391e+00 3.771394773748572987e-03
1.639959700598017989e+00 3.591118549664351709e-03
1.643730186598610032e+00 3.958833241596503363e-03
1.640010653111539485e+00 3.638651667327782134e-03
1.632877301218526700e+00 3.612012147510812975e-03
1.633437778867263157e+00 3.762528322524778812e-03
1.639348270435759147e+00 3.892915417712435652e-03
1.644137806706782001e+00 3.429111730942913279e-03
1.641488276003663316e+00 3.655746087373407203e-03
1.634915401759386988e+00 4.000911278716703587e-03
1.645309714517777966e+00 3.833661157996219766e-03
1.648519722869632664e+00 3.809868365443358409e-03
1.641284465949577553e+00 3.643197356544502184e-03
1.646787337409901575e+00 3.523744841433885770e-03
1.637972552570678531e+00 4.139828228465878071e-03
1.652697828978397565e+00 3.828358393842493795e-03
1.652748781491919283e+00 3.838303944555415161e-03
1.644443521787911200e+00 4.000142267994935205e-03
1.641590181030706308e+00 3.570062680720231633e-03
1.646634479869336865e+00 3.365782816772083883e-03
1.648468770356111612e+00 3.246582850990712386e-03
1.644647331841997628e+00 3.700889091532986227e-03
1.641895896111835507e+00 3.410162316411489460e-03
1.641539228517184812e+00 3.814829353104252918e-03
1.654073546843479292e+00 3.902230773091292827e-03
1.641080655895491347e+00 3.175821569206490648e-03
1.653920689302913694e+00 3.690717452445051953e-03
1.652646876464876291e+00 3.779426518025193714e-03
1.654226404384043336e+00 3.854176242902520536e-03
1.652494018924311581e+00 3.622186197732544209e-03
1.647908292707374489e+00 3.488409426585088041e-03
1.655602122249123731e+00 3.818910433214645159e-03
1.652799734005440557e+00 3.503558705054257098e-03
1.650099250788799932e+00 3.786632294859037205e-03
1.654583071978694031e+00 3.334475123919510876e-03
1.663295951790873861e+00 3.667798910642109354e-03
1.656570220006033267e+00 3.939031357916260821e-03
1.651118301059230298e+00 4.231513452632068226e-03
1.650710680951058329e+00 4.180702637389790803e-03
1.657589270276463411e+00 4.091366273882618768e-03
1.665537862385820578e+00 3.571807540407984181e-03
1.651016396032187528e+00 3.864659981936440034e-03
1.665385004845256089e+00 3.947093609682728391e-03
1.655245454654473480e+00 3.854715082229664795e-03
1.656977840114205014e+00 3.603156989332975072e-03
1.657436412735898923e+00 3.928052168809507624e-03
1.661054041195926922e+00 4.048961933022605583e-03
1.658251652952243749e+00 3.464396248370667144e-03
1.657538317762941915e+00 3.775385275652577612e-03
1.660595468574233236e+00 3.837722212190309602e-03
1.659219750709152397e+00 4.044933248228100089e-03
1.659627370817324366e+00 4.180003969537720784e-03
1.662480711574529479e+00 3.816241220315801791e-03
1.657844032844070892e+00 4.252249029496855091e-03
1.661614518844664046e+00 3.386192267131240413e-03
1.669002633305283867e+00 3.484567113772264659e-03
1.663499761844960068e+00 3.801518512205584628e-03
1.667881678007810731e+00 3.851750533093782798e-03
1.663601666872002838e+00 3.864589445551476661e-03
1.670531208710929638e+00 3.791562060578069528e-03
1.666964532764422913e+00 3.468436811791072386e-03
1.667168342818509341e+00 3.363927235635129527e-03
1.669614063467542486e+00 3.553297658105770366e-03
1.670378351170364706e+00 3.810266981145542936e-03
1.661716423871706594e+00 3.306170362659005459e-03
1.670021683575714455e+00 4.124507619657763816e-03
1.669308348386413066e+00 3.805613866677976572e-03
1.669868826035149967e+00 3.668849879737650418e-03
1.663346904304395579e+00 3.350103546978308675e-03
1.670021683575714455e+00 3.099567498859907063e-03
1.667932630521332005e+00 3.808849491341176948e-03
1.667066437791466349e+00 3.578052966939264303e-03
1.676288842738861140e+00 3.937096466619162752e-03
1.669715968494585701e+00 3.664598146434972035e-03
1.675015029900823071e+00 3.562812381290776566e-03
1.666964532764422913e+00 3.745543494032763966e-03
1.667219295332030837e+00 3.717941752915236014e-03
1.674862172360258805e+00 3.361105253786638488e-03
1.673486454495177300e+00 3.685452045626906419e-03
1.676339795252382858e+00 3.969311994673967864e-03
1.667372152872595770e+00 4.220575421769381420e-03
1.672518356738268874e+00 4.169086477359969060e-03
1.675728365090124683e+00 3.697520377893796263e-03
1.682046476766793752e+00 3.863836977322844014e-03
1.680874568955798010e+00 3.836842681879213714e-03
1.681027426496362720e+00 4.016309052253931242e-03
1.678275990766200598e+00 4.186830385303751470e-03
1.682810764469616416e+00 3.749135664486866366e-03
1.677358845522813668e+00 3.906017825523039159e-03
1.678479800820286805e+00 3.659124879741502880e-03
1.682199334307357574e+00 4.053207598553118171e-03
1.681027426496362942e+00 3.482450543703547678e-03
1.673384549468134530e+00 3.656285767889315506e-03
1.683320289604831155e+00 3.755570100706784233e-03
1.680619806388190751e+00 3.856465790081193938e-03
1.683575052172439301e+00 3.651312010167267943e-03
1.677766465630985415e+00 3.763494203792096086e-03
1.689179828659806093e+00 3.361672928799645278e-03
1.678836468414937055e+00 3.454881008480963685e-03
1.679295041036630964e+00 3.622616215030947853e-03
1.687345538173030901e+00 3.660004557231570470e-03
1.679804566171846147e+00 3.402510273151134607e-03
1.686479345443165689e+00 3.981683834976230268e-03
1.680976473982841002e+00 3.927986075479691572e-03
1.679957423712411080e+00 3.650647145225871613e-03
1.685409342659213161e+00 3.865583553905541786e-03
1.682199334307357574e+00 4.052567028403164344e-03
1.675422650008995928e+00 3.757971538453979028e-03
1.682301239334400789e+00 3.349545537389124299e-03
1.679549803604238667e+00 3.859416627067895067e-03
1.681689809172142613e+00 3.906765492095809825e-03
1.683167432064266889e+00 3.591552286700618567e-03
1.681893619226228598e+00 4.330316204292831636e-03
1.689893163849107038e+00 3.724691470127625224e-03
1.687090775605423643e+00 3.834879925814091428e-03
1.679651708631282103e+00 4.017501490799586447e-03
1.681944571739750316e+00 3.645420004417868759e-03
1.683422194631873703e+00 3.796369171725138408e-03
1.682250286820879293e+00 4.341976371188772423e-03
1.680874568955798010e+00 3.364579313189037992e-03
1.683880767253567612e+00 3.478422526964222803e-03
1.685256485118649117e+00 3.489410264530898136e-03
1.685103627578084406e+00 3.845517540933723714e-03
1.693001267173920077e+00 3.742204571912680251e-03
1.690096973903193023e+00 3.713158960557545653e-03
1.683880767253568056e+00 3.553005392648969467e-03
1.689689353795020832e+00 3.552274623804349551e-03
1.695294130282388512e+00 3.303715556076405879e-03
1.693867459903785955e+00 4.048654149563455859e-03
1.698606043661286868e+00 3.839656469702251804e-03
1.694886510174216099e+00 3.685592929783378015e-03
1.695294130282388512e+00 3.522035140578450539e-03
1.694529842579565404e+00 3.690439587428794629e-03
1.695345082795910008e+00 3.749343399304454986e-03
1.692746504606312152e+00 3.605807540250373887e-03
1.692848409633355589e+00 3.817492752502774957e-03
1.696109370498732671e+00 3.618026728879700400e-03
1.689230781173327145e+00 3.946751570420760184e-03
1.688823161065155398e+00 3.935896158441787827e-03
1.689740306308542550e+00 3.340153928802786637e-03
1.700440334148062282e+00 3.465055642398967659e-03
1.690912214119538071e+00 3.971482872227137875e-03
1.696466038093382922e+00 3.852225688204469027e-03
1.694631747606608396e+00 3.765607928927834636e-03
1.700593191688626105e+00 3.548647786026874057e-03
1.696720800660990847e+00 4.206206372985814637e-03
1.694376985039000916e+00 3.690098382778765444e-03
1.699013663769459281e+00 3.419896876646117637e-03
1.701306526877927716e+00 4.076439914631882662e-03
1.699370331364109976e+00 3.787972428190179621e-03
1.698707948688330305e+00 4.296188315244952802e-03
1.692950314660398359e+00 3.793341915002208103e-03
1.698504138634244320e+00 3.747695053070532883e-03
1.691880311876446052e+00 3.872726227032616177e-03
1.697536040877335450e+00 3.283093884695028556e-03
1.694733652633651610e+00 3.414061752557078638e-03
1.694173174984914487e+00 3.750724543186046041e-03
1.694631747606608396e+00 3.924944579191914570e-03
1.699421283877631472e+00 3.806790465673094703e-03
1.698096518526072130e+00 4.103547280895847305e-03
1.696618895633948298e+00 4.128886246047774183e-03
1.705178917905563196e+00 3.854849780292687704e-03
1.694478890066043908e+00 3.357066974206073581e-03
1.693001267173920077e+00 3.528681367708921129e-03
1.701204621850884280e+00 3.633778803228256745e-03
1.691931264389968215e+00 3.912738363864775790e-03
1.698402233607201328e+00 3.674647798313626645e-03
1.700083666553410922e+00 3.631520434779777345e-03
1.696924610715076831e+00 3.268511407045234744e-03
1.703905105067524905e+00 3.581943580846499130e-03
1.693612697336178696e+00 3.823625449590712516e-03
1.694122222471393435e+00 3.587592492335259058e-03
1.702631292229487281e+00 3.846759548165534608e-03
1.701561289445534975e+00 3.693969380104343038e-03
1.700746049229190593e+00 4.032736138461664316e-03
1.698198423553114900e+00 4.063839090068442801e-03
1.704210820148654548e+00 3.881551644786236568e-03
1.710834646906451928e+00 3.654101700947827436e-03
1.703803200040482357e+00 3.809340220579280571e-03
1.701765099499621181e+00 3.634682471982302824e-03
1.703803200040481913e+00 3.760640688775286795e-03
1.702835102283573265e+00 3.834917159843445091e-03
1.699726998958760449e+00 3.619364734672829431e-03
1.697943660985507197e+00 4.088725711909269034e-03
1.700389381634540564e+00 3.554320397948898362e-03
1.702172719607793594e+00 3.535590470789604263e-03
1.698402233607201106e+00 3.523895874252244795e-03
1.702427482175400852e+00 3.643197356544499582e-03
1.699726998958760449e+00 3.847451253310780334e-03
1.699064616282980555e+00 3.877814343054491325e-03
1.703140817364702242e+00 4.030917075080015302e-03
1.708083211176289584e+00 4.205283526449837481e-03
1.700083666553410922e+00 3.594153609720983876e-03
1.705484632986692173e+00 3.747040361537453713e-03
1.697994613499029137e+00 3.908094323934270878e-03
1.703089864851180746e+00 3.900780146946980585e-03
1.706299873203036555e+00 3.687677385995606020e-03
1.708439878770940945e+00 3.761092840901827938e-03
1.700389381634540120e+00 3.677102085087997213e-03
1.705637490527256439e+00 3.600003319683207914e-03
1.696618895633947632e+00 3.370773534960559877e-03
1.705178917905563196e+00 4.136198762850458802e-03
1.703803200040481913e+00 3.776485361714464802e-03
1.696669848147469351e+00 3.819277516525942939e-03
1.703089864851181190e+00 3.801002867547478240e-03
1.707013208392337722e+00 3.315012193661591531e-03
1.698758901201851801e+00 4.008363350191930172e-03
1.701561289445535197e+00 3.907762158337318471e-03
1.702274624634836364e+00 3.684412858603759028e-03
1.696567943120425914e+00 3.713721756105305225e-03
1.699472236391152968e+00 3.888778482042862077e-03
1.705382727959649181e+00 3.966694901550833763e-03
1.710936551933495142e+00 3.836098306416931784e-03
1.706911303365295174e+00 3.822712114720642953e-03
1.710579884338844447e+00 3.284011045010853426e-03
1.712516079852662410e+00 3.851804454352496070e-03
1.706096063148950570e+00 3.530310634712670488e-03
1.705892253094864364e+00 4.625957909636437340e-03
1.714859895474652118e+00 3.507587462302406370e-03
1.707930353635725318e+00 4.041260314288872349e-03
1.707726543581638889e+00 3.478900165159081771e-03
1.715216563069302591e+00 3.815441793403116788e-03
1.706147015662471844e+00 3.300134159440195995e-03
1.708388926257418561e+00 3.972741045567277501e-03
1.715012753015216385e+00 3.434607611976167769e-03
1.718579428961722888e+00 3.576576109714691039e-03
1.707930353635725540e+00 3.836270879043651803e-03
1.712872747447312882e+00 3.959754517710849242e-03
1.715522278150431790e+00 3.647303207547289428e-03
1.708185116203333020e+00 3.672471116899996696e-03
1.718528476448201392e+00 3.636492705397684124e-03
1.713942750231264300e+00 3.582693660465571632e-03
1.713942750231264522e+00 3.602205772993112478e-03
1.720209909394411874e+00 4.212648312643016771e-03
1.719904194313282675e+00 3.820419327933951507e-03
1.722451819989358590e+00 3.676710215406515242e-03
1.729381361828285169e+00 3.979531569761125993e-03
1.720668482016104894e+00 3.892035019198700208e-03
1.717866093772421721e+00 3.705897890486193561e-03
1.721993247367664459e+00 3.487992636147255188e-03
1.717815141258900224e+00 3.735966017964857753e-03
1.729177551774199406e+00 4.059850747282952796e-03
1.717356568637206315e+00 4.077156329420151062e-03
1.725763733368257169e+00 3.522271010725223223e-03
1.722553725016401582e+00 4.783287801973936694e-03
1.717203711096642049e+00 3.302457988806509290e-03
1.718273713880593689e+00 3.928224006262738717e-03
1.720617529502583620e+00 3.600738822150783246e-03
1.719853241799760513e+00 3.779766527472284109e-03
1.724082300422047132e+00 3.911334778951644324e-03
1.718630381475244828e+00 3.568404273747522761e-03
1.723114202665138039e+00 3.708457508766380226e-03
1.724133252935568850e+00 3.092658077721758148e-03
1.723470870259788734e+00 4.098748897121375599e-03
1.727139451233338230e+00 4.065474201390912971e-03
1.722095152394708117e+00 3.926488763583760137e-03
1.726731831125166039e+00 3.938349145298682651e-03
1.723980395395004139e+00 3.774615024644743973e-03
1.725458018287128636e+00 4.311494994863254195e-03
1.717152758583120331e+00 4.187676705331237412e-03
1.725559923314171407e+00 2.997025805841984671e-03
1.731521367396188893e+00 3.715049755330284646e-03
1.721127054637798803e+00 4.129430104413862011e-03
1.723878490367961591e+00 3.902164242408790590e-03
1.721178007151320521e+00 4.479404094717214305e-03
1.723827537854439873e+00 4.004138214219433826e-03
1.723878490367960925e+00 3.895505436018616673e-03
1.728769931666027215e+00 4.014993404424949813e-03
1.724133252935568184e+00 3.756036687184893114e-03
1.724846588124870017e+00 4.014886711381357096e-03
1.730655174666323237e+00 3.920957311446581287e-03
1.716694185961426644e+00 4.101379840968598194e-03
1.725356113260084756e+00 3.966616362079541762e-03
1.728362311557855246e+00 4.280751096443829659e-03
1.731164699801538420e+00 3.614609519808558574e-03
1.725661828341214399e+00 3.588196688585982598e-03
1.733916135531700986e+00 3.979110763736973082e-03
1.723419917746267682e+00 3.749561508476341540e-03
1.732438512639576267e+00 3.869319249922801608e-03
1.731878034990839366e+00 3.794080993700895028e-03
1.732387560126054771e+00 3.933174323787961071e-03
1.734833280775087916e+00 3.826703377264773550e-03
1.725407065773607140e+00 3.922800892446441992e-03
1.726120400962908086e+00 3.482394630932281014e-03
1.731674224936753603e+00 4.053652735184682700e-03
1.733406610396485137e+00 3.648267572106422309e-03
1.735954236072561274e+00 3.426627564041667771e-03
1.733763277991136054e+00 3.710154776246035128e-03
1.728820884179548267e+00 3.769366944873218418e-03
1.740692819830062410e+00 3.912197562174666264e-03
1.735291853396781825e+00 4.084459760699218379e-03
1.734986138315652404e+00 3.909701606587971494e-03
1.737635669018771090e+00 3.374026046794710489e-03
1.742985682938530845e+00 3.296162955572029540e-03
1.738858529343287884e+00 3.740122739461785445e-03
1.740794724857106068e+00 3.391692631705591453e-03
1.731164699801538864e+00 4.250365103151041400e-03
1.741049487424713327e+00 3.444762992876279108e-03
1.739215196937938357e+00 3.539124324573131222e-03
1.739928532127239968e+00 3.926488763583749729e-03
1.735546615964389527e+00 4.226451874081731466e-03
1.732540417666619703e+00 4.185233381585393500e-03
1.730858984720409222e+00 3.787917598278436361e-03
1.737380906451163609e+00 3.488855932515497887e-03
1.734629470721001709e+00 3.938794079973078309e-03
1.741304249992320807e+00 4.154426867800194677e-03
1.742985682938530845e+00 3.752855837365005713e-03
1.740743772343584128e+00 3.978928074400474996e-03
1.741100439938235045e+00 3.669090463305872685e-03
1.746195691290386653e+00 3.852710892513941301e-03
1.746858073966166325e+00 3.833508784774531612e-03
1.741100439938234601e+00 3.928118261027266182e-03
1.740539962289497922e+00 3.917300683744510091e-03
1.750781417507323523e+00 3.563632054688826122e-03
1.742781872884444860e+00 3.528986682672866602e-03
1.743291398019660265e+00 3.567472900359027702e-03
1.739877579613718472e+00 3.912197562174675805e-03
1.738450909235115693e+00 3.145483174510988692e-03
1.739317101964981571e+00 3.962975659766948197e-03
1.741304249992321029e+00 3.372887062279454791e-03
1.745533308614606982e+00 3.949036751047796390e-03
1.751392847669581920e+00 4.027105649164112663e-03
1.741864727641057931e+00 3.381876887964003348e-03
1.743291398019660043e+00 3.848918606136173589e-03
1.750169987345064904e+00 4.092612966125225640e-03
1.751749515264232615e+00 4.003826985058625207e-03
1.753634758264528637e+00 3.466853352301604765e-03
1.744106638236004203e+00 3.820674149967107774e-03
1.747367599101381730e+00 4.082498406368139168e-03
1.754042378372701050e+00 3.026853782387410423e-03
1.742323300262750951e+00 3.897784027766062944e-03
1.750068082318022356e+00 4.117190102429491710e-03
1.745227593533478005e+00 3.923313763601062043e-03
1.746552358885037348e+00 3.506373397882924653e-03
1.743699018127832456e+00 4.026896125605593929e-03
1.742272347749229677e+00 3.506403014211547688e-03
1.747469504128424278e+00 4.099125754405240005e-03
1.748437601885333592e+00 3.607927298558224506e-03
1.757456196778642843e+00 3.590366614676603237e-03
1.749915224777457645e+00 4.161229733689124008e-03
1.747418551614903004e+00 3.771174485214404647e-03
1.750220939858587066e+00 3.710361194991062487e-03
1.743953780695440159e+00 3.072466139632727515e-03
1.747826171723075417e+00 3.454625507184717198e-03
1.747469504128424278e+00 4.012066400489490425e-03
1.750577607453237095e+00 3.598546292719890204e-03
1.752208087885926524e+00 3.570473526512685236e-03
1.750119034831543852e+00 3.731209808798344359e-03
1.750322844885629836e+00 3.965438083343889031e-03
1.751749515264232393e+00 3.579300744548349726e-03
1.747265694074338960e+00 3.896221803634140196e-03
1.745991881236300225e+00 3.771367238385481789e-03
1.753329043183399660e+00 3.734037145901027317e-03
1.754959523616087980e+00 4.087827151225118839e-03
1.754042378372700828e+00 4.233353641217701795e-03
1.758933819670766896e+00 3.988784579284226917e-03
1.749762367236893157e+00 3.385195423831614901e-03
1.754602856021437285e+00 4.581588704702375600e-03
1.752208087885926302e+00 3.651002703036517437e-03
1.749405699642242462e+00 3.480690724638983626e-03
1.750220939858587066e+00 4.264439258875306685e-03
1.757405244265121125e+00 3.889462714514646448e-03
1.757252386724556636e+00 4.271544036801085131e-03
1.757965721913857582e+00 3.872025627239680193e-03
1.760717157644019926e+00 3.856600426997873650e-03
1.756080478913561560e+00 3.938533716893890743e-03
1.757507149292164561e+00 4.141771836392565270e-03
1.751443800183102972e+00 3.727339178725365323e-03
1.759749059887111056e+00 4.135247736852554548e-03
1.755978573886518124e+00 3.907549557536948645e-03
1.758831914643723682e+00 3.849205264921611632e-03
1.759392392292459917e+00 3.736855396384999341e-03
1.760309537535847735e+00 3.845652561150398469e-03
1.765710503969128986e+00 4.256590789143465184e-03
1.757405244265121347e+00 3.687300721862101036e-03
1.762296685563186749e+00 3.797162358400828306e-03
1.762245733049665475e+00 3.922148952968159547e-03
1.766067171563779459e+00 3.915607012487932331e-03
1.759188582238374821e+00 3.128745720633083205e-03
1.766525744185473146e+00 3.566220984332655469e-03
1.762500495617273399e+00 4.208147085114220115e-03
1.766576696698994642e+00 3.002067442442070584e-03
1.759698107373589782e+00 4.281645550214993948e-03
1.756233336454126270e+00 4.024058425325939027e-03
1.767952414564075481e+00 3.901948009856301240e-03
1.760513347589933941e+00 4.598985838011457848e-03
1.768818607293941580e+00 3.625155859562637778e-03
1.763519545887703543e+00 3.690678763633147789e-03
1.771671948051146694e+00 3.565744121678364464e-03
1.760360490049369231e+00 3.868916652948491738e-03
1.771570043024103480e+00 3.663638080509044187e-03
1.768665749753377314e+00 3.574132694930886537e-03
1.761481445346842589e+00 3.565015964061793441e-03
1.770245277672543915e+00 3.952207508715317383e-03
1.768461939699291108e+00 4.105049578270622730e-03
1.771060517888888297e+00 3.199006400506242218e-03
1.769124322375071223e+00 3.946251613556176797e-03
1.766474791671951650e+00 3.831967781852828499e-03
1.769939562591414717e+00 4.128336027407726073e-03
1.768920512320984573e+00 4.430689481528129678e-03
1.768054319591118695e+00 4.151535635464793234e-03
1.775034813943566991e+00 4.204357389890612563e-03
1.764895263752784826e+00 3.815696947848814559e-03
1.767340984401817527e+00 3.656314169920382804e-03
1.770601945267195054e+00 3.577849799165383309e-03
1.770703850294237824e+00 3.494952463117188650e-03
1.776359579295126778e+00 3.694447259995867726e-03
1.767290031888295809e+00 3.630523018193624642e-03
1.770856707834802313e+00 3.641590078975488146e-03
1.766067171563779459e+00 4.528655274224456864e-03
1.768563844726334100e+00 4.269306820876617170e-03
1.777633392133164625e+00 4.258761533086371717e-03
1.777276724538513708e+00 3.412388394113837625e-03
1.774983861430045051e+00 3.743324812306896791e-03
1.772181473186361655e+00 3.601171400489661199e-03
1.775442434051739404e+00 3.252590726513973629e-03
1.765914314023215193e+00 3.687254956308608309e-03
1.776308626781605282e+00 3.664513132297719106e-03
1.787212464675210111e+00 3.603819809822048255e-03
1.765965266536736689e+00 4.022938918250713522e-03
1.781251020593192624e+00 3.737234012796487263e-03
1.774066716186658343e+00 3.404035956542706721e-03
1.781607688187843319e+00 3.622214867140668201e-03
1.773811953619050197e+00 3.567534756910433445e-03
1.775034813943566991e+00 3.934497535572727134e-03
1.783187216107010808e+00 4.052041685316230130e-03
1.782219118350101272e+00 4.029989519751297870e-03
1.776920056943863457e+00 4.136700866586835376e-03
1.776461484322169326e+00 3.814638796068443773e-03
1.773047665916227755e+00 4.087811273818970324e-03
1.784715791512655692e+00 4.416780655914984144e-03
1.783187216107010586e+00 3.824616629411315034e-03
1.781760545728407585e+00 3.758776281377721601e-03
1.780588637917412509e+00 3.050430431098588493e-03
1.785429126701957303e+00 4.222005332598778408e-03
1.790524378054109356e+00 4.346831764143486120e-03
1.788486277513247735e+00 3.445550471061947177e-03
1.785480079215478799e+00 3.821543814524481445e-03
1.782066260809537006e+00 3.831276669407264641e-03
1.783340073647575075e+00 3.956865386005007854e-03
1.785836746810129272e+00 4.400138233790160461e-03
1.790524378054109356e+00 3.639464960379917326e-03
1.785327221674913867e+00 4.470902328859585953e-03
1.783187216107010364e+00 3.760958236409398144e-03
1.784206266377440731e+00 3.388843975123042966e-03
1.791645333351582714e+00 3.688117365469281879e-03
1.782321023377144265e+00 3.380863414358956012e-03
1.791798190892146980e+00 3.992476527223837515e-03
1.790931998162281547e+00 4.119799817106912891e-03
1.792970098703142501e+00 4.217206297277814597e-03
1.794243911541180347e+00 3.721344303441094428e-03
1.792256763513840667e+00 3.579028737094572168e-03
1.787823894837468508e+00 4.162577122629451502e-03
1.786142461891258248e+00 3.987339398094913272e-03
1.789811042864808410e+00 3.672174196741221676e-03
1.787976752378033218e+00 4.110778563252610179e-03
1.789607232810721538e+00 3.672032797750912625e-03
1.795059151757524507e+00 3.558204128369125800e-03
1.788435324999726461e+00 3.794765197483329026e-03
1.802600123758709039e+00 3.827788714806357705e-03
1.791492475811018004e+00 3.781057597903563026e-03
1.796078202027954873e+00 3.441747057530041703e-03
1.790371520513544423e+00 4.170054688976860234e-03
1.796791537217256041e+00 4.063503683202756948e-03
1.798269160109379650e+00 3.930140145523690690e-03
1.800052498082633345e+00 3.645761829974464123e-03
1.793632481378921506e+00 3.908728681778585179e-03
1.803415363975053642e+00 4.037738355715464814e-03
1.798371065136423086e+00 3.800661342512643565e-03
1.796383917109083850e+00 3.737633428900195929e-03
1.803160601407445718e+00 3.832103279481360262e-03
1.806829182380996102e+00 4.032543002532535358e-03
1.803873936596747551e+00 4.140329892051788224e-03
1.801071548353063712e+00 3.913905975167439495e-03
1.800409165677284262e+00 3.947422465639111380e-03
1.809733475651722268e+00 3.499554984067627071e-03
1.796078202027954873e+00 3.908011285181850654e-03
1.800052498082632901e+00 4.297478288184257249e-03
1.814523011922744899e+00 3.472446506131612876e-03
1.809784428165243320e+00 3.894132307520874019e-03
1.804638224299570215e+00 3.404798541867640280e-03
1.802090598623494522e+00 4.500958856902868323e-03
1.806115847191694268e+00 3.941288079459761076e-03
1.804587271786048497e+00 4.316120022536222567e-03
1.809478713084114343e+00 3.973760363946665999e-03
1.811058241003281610e+00 3.362784830626362135e-03
1.810090143246372962e+00 3.763939115689136222e-03
1.806574419813388177e+00 4.586006447198842303e-03
1.812077291273712198e+00 4.355826048935694181e-03
1.809988238219329526e+00 3.433821404541234808e-03
1.811262051057367373e+00 4.020573055820255912e-03
1.804434414245483786e+00 3.943536926258327073e-03
1.815745872247261250e+00 3.945248219524415297e-03
1.816102539841912389e+00 4.093539015779400561e-03
1.821095886167020783e+00 4.322275023383592360e-03
1.814879679517395594e+00 3.688708615217727201e-03
1.813249199084706831e+00 4.046078752192672559e-03
1.824815419654092663e+00 3.684888455136849962e-03
1.816713970004170342e+00 3.967758303822238250e-03
1.820178740923633631e+00 4.253164737552423899e-03
1.822879224140273813e+00 3.682210222296013191e-03
1.811262051057368039e+00 3.680066232649285320e-03
1.823694464356618417e+00 3.648466818612768232e-03
1.812586816408927159e+00 3.896248456631680544e-03
1.813809676733443732e+00 4.252172711590913173e-03
1.819108738139681769e+00 4.107578521359402449e-03
1.809172998002985366e+00 3.585174689102911018e-03
1.821452553761671700e+00 3.688522100232737109e-03
1.821095886167021227e+00 4.065372026200342499e-03
1.825070182221699255e+00 3.730698364124438674e-03
1.825375897302828676e+00 4.180280345447603442e-03
1.831337341384847051e+00 3.484686318902482406e-03
1.822573509059145724e+00 4.048320691076461898e-03
1.824305894518877036e+00 3.892115063656418489e-03
1.825070182221699699e+00 3.545884954646099600e-03
1.827515902870732400e+00 3.409846362023757991e-03
1.830471148654980951e+00 3.258173208269174968e-03
1.832916869304013652e+00 4.063046846463327227e-03
1.824662562113527509e+00 3.704720783230386252e-03
1.827974475492426309e+00 4.054036986490279666e-03
1.834190682142051720e+00 4.262539403074173082e-03
1.836330687709955445e+00 3.965385707273979925e-03
1.835566400007132559e+00 4.123377607631679466e-03
1.830063528546808982e+00 3.878942269974673500e-03
1.830471148654980951e+00 4.080338873288882375e-03
1.834853064817831614e+00 4.050208857843399200e-03
1.836789260331649132e+00 4.056293727801531593e-03
1.832203534114712484e+00 3.674181475138932427e-03
1.832407344168798247e+00 4.067708641559064295e-03
1.845654997684394338e+00 3.764201209709281629e-03
1.833986872087965514e+00 3.403456277420320673e-03
1.839540696061811254e+00 3.572843147665827942e-03
1.831235436357803614e+00 3.462803443964099399e-03
1.845247377576221703e+00 3.883771577278145263e-03
1.837400690493907751e+00 3.712071579726953889e-03
1.836381640223476941e+00 3.883116428018949101e-03
1.843718802170575932e+00 4.259642319978170812e-03
1.840559746332242286e+00 4.202195610807373145e-03
1.847132620576517947e+00 3.818009569989981675e-03
1.843922612224662361e+00 3.813767556939884860e-03
1.844177374792269619e+00 4.416084064700516454e-03
1.848763101009205823e+00 3.217113620834463009e-03
1.846164522819608855e+00 4.169136294376480159e-03
1.856711693118563433e+00 3.580025996720249438e-03
1.850648344009502511e+00 3.599440775212277809e-03
1.854367877496573946e+00 3.617194261144499913e-03
1.856762645632085373e+00 4.034602642458468350e-03
1.857425028307864823e+00 4.016851994998354644e-03
1.864303617633270349e+00 4.174513032951921061e-03
1.854011209901923474e+00 3.748997168213613618e-03
1.856609788091520885e+00 4.240433972796493582e-03
1.861348371849021799e+00 4.111788917700736484e-03
1.855437880280525365e+00 4.451861971488182100e-03
1.857221218253778838e+00 4.188888536191129677e-03
1.869347916471900461e+00 4.539096881335425056e-03
1.866036003093001439e+00 3.628648992998740469e-03
1.862775042227625022e+00 4.134331029553931988e-03
1.862825994741145852e+00 3.423595652757036121e-03
1.862724089714102638e+00 3.927282112513886050e-03
1.861908849497758256e+00 3.537921082283376588e-03
1.877194603554214414e+00 3.948510783486793366e-03
1.863590282443969182e+00 3.633739508184533062e-03
1.866749338282302606e+00 3.729904964257788232e-03
1.871335064499239920e+00 3.672881110038867143e-03
1.867106005876953523e+00 3.697408034580020823e-03
1.867004100849910531e+00 4.110232236949654464e-03
1.865322667903700271e+00 3.603909857546999749e-03
1.870316014228809776e+00 4.035542003962366495e-03
1.862010754524801914e+00 4.220083297404106024e-03
1.877143651040693140e+00 4.414981638877305339e-03
1.883971287852576504e+00 4.029438682749852951e-03
1.883512715230882817e+00 3.793068145605259754e-03
1.876837935959564163e+00 3.961209762795602982e-03
1.880659374473677925e+00 4.413426015291175251e-03
1.891970832475455389e+00 4.218828120438389284e-03
1.880914137041285628e+00 4.101598218909464910e-03
1.883003190095667856e+00 4.313541812645756840e-03
1.876685078418999897e+00 3.581823988419608785e-03
1.880608421960156429e+00 3.853182560349751977e-03
1.882289854906366688e+00 3.761286110723054826e-03
1.877347461094778902e+00 4.130297614587824864e-03
1.884277002933705703e+00 4.051682875284067474e-03
1.885907483366394244e+00 3.275402584944362653e-03
1.885499863258222275e+00 3.951695102671322693e-03
1.889779874394029724e+00 3.572654217151857887e-03
1.895384650881397404e+00 3.626101055529970443e-03
1.883512715230883039e+00 3.637235104632312310e-03
1.893295597827015175e+00 3.582983504238820924e-03
1.889677969366986954e+00 3.959820080793860497e-03
1.890697019637417542e+00 3.370176579662797264e-03
1.893193692799972405e+00 3.691505209142068120e-03
1.893244645313493235e+00 3.640862829011699050e-03
1.885347005717658009e+00 3.629060360040880281e-03
1.890391304556288565e+00 3.834270590330124493e-03
1.894518458151531526e+00 4.024187455113199981e-03
1.891155592259111451e+00 3.920295131864189563e-03
1.897320846395215366e+00 4.110690145423231794e-03
1.900887522341721425e+00 4.518703775567549201e-03
1.905626106099222783e+00 4.239405286668857832e-03
1.908683256910513881e+00 4.157784422648360192e-03
1.907256586531911768e+00 4.062711374192074995e-03
1.911281835100111737e+00 3.991452232049855393e-03
1.906543251342609935e+00 3.812702060460820223e-03
1.907460396585997309e+00 3.614896804557227086e-03
1.919485189777076384e+00 3.956655423642372812e-03
1.907868016694169944e+00 3.700215594158021148e-03
1.921676147858501604e+00 4.599293483910462874e-03
1.910364689856724363e+00 4.203369285977439848e-03
1.917650899290301192e+00 3.732211619688710538e-03
1.915765656290005614e+00 3.535472981989170975e-03
1.918720902074253054e+00 4.217058548046890079e-03
1.918873759614817764e+00 3.848432923701300499e-03
1.924835203696835917e+00 3.623422359915003891e-03
1.921930910426109529e+00 3.759712053249071075e-03
1.919587094804119598e+00 3.870174629437319637e-03
1.919688999831162146e+00 3.879956120171698490e-03
1.927943307021648733e+00 4.348047004277646663e-03
1.930287122643638220e+00 3.849727940697011876e-03
1.937216664482565465e+00 3.438728477059990740e-03
1.934057608644230930e+00 4.260224331785853955e-03
1.926924256751218145e+00 4.172917536747195247e-03
1.937980952185387684e+00 4.065997808943722786e-03
1.933344273454929318e+00 4.241560342777205179e-03
1.924172821021056246e+00 3.980232814269650185e-03
1.929319024886729572e+00 4.150988419030385464e-03
1.931000457832939832e+00 3.938372217221123781e-03
1.939917147699205868e+00 3.926571411576264617e-03
1.935127611428183014e+00 3.958010141042816836e-03
1.932070460616891694e+00 4.003921004751160966e-03
1.942515725888803280e+00 4.337669204034548531e-03
1.941496675618372691e+00 4.188962908251361340e-03
1.942006200753588097e+00 3.868430125702501752e-03
1.947814787295041539e+00 4.040283728353539355e-03
1.941904295726545326e+00 3.595857900282437621e-03
1.944248111348535479e+00 3.590945040180792188e-03
1.953011943674236583e+00 3.636150008473489157e-03
1.950719080565767927e+00 4.323163888556933419e-03
1.956069094485527460e+00 4.018712956091167847e-03
1.946897642051653721e+00 4.295979828931885056e-03
1.947458119700390844e+00 3.685680979646462248e-03
1.960145295567249368e+00 3.976500119579303924e-03
1.958056242512866696e+00 4.025970868143143554e-03
1.954693376620446621e+00 3.896904729181117043e-03
1.951941940890284277e+00 4.139665174710772597e-03
1.951330510728026324e+00 3.897237820168056310e-03
1.959177197810340054e+00 4.011306000437564120e-03
1.959177197810339832e+00 3.831222459237136613e-03
1.964629116757143024e+00 4.404051260094210898e-03
1.960043390540206376e+00 3.936657934908967607e-03
1.961011488297114802e+00 3.540286825619586714e-03
1.967227694946740213e+00 4.103762380355242476e-03
1.967890077622520328e+00 4.178140284091257789e-03
1.965240546919400755e+00 4.045754706939667759e-03
1.968246745217171023e+00 3.884186002392247400e-03
1.969061985433515405e+00 4.271814490297475009e-03
1.971049133460854197e+00 3.563249563900897001e-03
1.977265340110479830e+00 3.958256105354139749e-03
1.972322946298892488e+00 3.971303100638970927e-03
1.975787717218355555e+00 4.402356140680916199e-03
1.971354848541984062e+00 3.660345020793078809e-03
1.972628661380021464e+00 3.948080095375569067e-03
1.964221496648970833e+00 3.939110447387812568e-03
1.969928178163380617e+00 3.880598422799687482e-03
1.977316292624001326e+00 3.608992106009481678e-03
1.969011032919993687e+00 4.163724554483875205e-03
1.980526300975857357e+00 3.905353112848497336e-03
1.983328689219541197e+00 4.081611196011821971e-03
1.978793915516125379e+00 4.210722006325118456e-03
1.978641057975561335e+00 3.573642358549312340e-03
1.979252488137819288e+00 4.143476444690450365e-03
1.985774409868573898e+00 3.753495681297340514e-03
1.983991071895320424e+00 3.928339661854714573e-03
1.982309638949110608e+00 3.564855749426123176e-03
1.984653454571100317e+00 4.129304363181027226e-03
1.983226784192497316e+00 4.237264451952823391e-03
1.988729655652821560e+00 3.821859698348466228e-03
1.987099175220133240e+00 4.221574872770201235e-03
1.988627750625779234e+00 3.908838272442051107e-03
1.994894909788925252e+00 4.535892803125566621e-03
1.995659197491748582e+00 3.956146874871528316e-03
1.992703951707500698e+00 4.452689985132990066e-03
1.994028717059060263e+00 4.093995620679307876e-03
1.990767756193682736e+00 3.862133304671408994e-03
1.991073471274811491e+00 3.814693241907154107e-03
1.994945862302447193e+00 4.231194405227287243e-03
1.997493487978523774e+00 4.217981895830969288e-03
1.997289677924436901e+00 4.059812378814796688e-03
2.002894454411804581e+00 4.232691265490714713e-03
1.999480636005863010e+00 3.304187020406423175e-03
1.993824907004974056e+00 3.740150504850029648e-03
1.997085867870351361e+00 4.090189022347433083e-03
1.999888256114034757e+00 4.078986595550084665e-03
1.996729200275700666e+00 3.691195753346747377e-03
1.999378730978819130e+00 4.059847549924468051e-03
1.996729200275700666e+00 4.024316480763420398e-03
2.010995904061726236e+00 4.187202415176952824e-03
2.002333976763067458e+00 4.204897661006468286e-03
1.999735398573469825e+00 4.228555206045302509e-03
2.002843501898283307e+00 4.203786170638880784e-03
1.995098719843011459e+00 3.933913529380815045e-03
2.005085412493229580e+00 4.498535639405940208e-03
2.000550638789814872e+00 3.547466069870878168e-03
2.008601135926214809e+00 4.013441226196267850e-03
2.008397325872128825e+00 3.974805547156093528e-03
2.010639236467075541e+00 4.424262818195052495e-03
2.006410177844789366e+00 3.751748822671271879e-03
2.014817342575839998e+00 4.283212667824759685e-03
2.007836848223392145e+00 4.243763245468149502e-03
2.002079214195459755e+00 4.371701905996313968e-03
2.019504973819819416e+00 4.490763884926500180e-03
2.008601135926214365e+00 3.960698521397194860e-03
2.004015409709278384e+00 4.402084861000243876e-03
2.007174465547612030e+00 4.453482867957223382e-03
2.009569233683123901e+00 4.036760917736897242e-03
2.009212566088472762e+00 4.432329835433654157e-03
2.008091610790999404e+00 4.209257423945270485e-03
2.005289222547316008e+00 3.863998232850489323e-03
2.015224962684012411e+00 4.044820926456334578e-03
2.008703040953257801e+00 3.731644655586283717e-03
2.006766845439439617e+00 4.424075038122353767e-03
2.008040658277478130e+00 3.888030695231081690e-03
2.015021152629925982e+00 4.157350435639972641e-03
2.011658286737505907e+00 4.167915606060340269e-03
2.012575431980893281e+00 4.401613030427919265e-03
2.005493032601401993e+00 3.961455528444403698e-03
2.010639236467075541e+00 4.173642272417435808e-03
2.014613532521754014e+00 4.126662912240227493e-03
2.009976853791295426e+00 4.492067335381361333e-03
2.013900197332453068e+00 4.112660149046696613e-03
2.013390672197237663e+00 3.762214357721255231e-03
2.009773043737209441e+00 3.755926094149877707e-03
2.012881147062022702e+00 4.244989644240528340e-03
2.017110205684308877e+00 4.220181726868170620e-03
2.012728289521457992e+00 4.192035799030892004e-03
2.019403068792776867e+00 4.222349668864811001e-03
2.009874948764252878e+00 4.039152649653912110e-03
2.009976853791295426e+00 3.777540455673570295e-03
2.006919702980004772e+00 4.017860122585264690e-03
2.018434971035868220e+00 3.823880057969060529e-03
2.010129711331860136e+00 3.747639633879946454e-03
2.011964001818634884e+00 3.993116984630271961e-03
2.013288767170194227e+00 4.289209099446049910e-03
2.024854987739579837e+00 3.877332280159379030e-03
2.021950694468853005e+00 4.328913074520345829e-03
2.016244012954442777e+00 4.013117780167644970e-03
2.007989705763956412e+00 4.316504967214763663e-03
2.020829739171379646e+00 4.347309540345774791e-03
2.026740230739875859e+00 4.093095045515110497e-03
2.027096898334526553e+00 4.570582468794428740e-03
2.023734032442106034e+00 4.594015492602162090e-03
2.012524479467372007e+00 4.462494903629115120e-03
2.020218309009121249e+00 4.272008963127448336e-03
2.021441169333638044e+00 4.425178131940212325e-03
2.010384473899468283e+00 3.817356736271516025e-03
2.015989250386835518e+00 4.545292643751050986e-03
2.012779242034979266e+00 3.689384213193177935e-03
2.014511627494711021e+00 4.208677616877547385e-03
2.020422119063207234e+00 4.304193788275016003e-03
2.016091155413878067e+00 3.953110626859525356e-03
2.003862552168713673e+00 3.864911887088325060e-03
2.011556381710462915e+00 4.097874708165616039e-03
2.016957348143744166e+00 3.785260823501167358e-03
2.017721635846567274e+00 4.283876322353776314e-03
2.013441624710758937e+00 4.202204877947734660e-03
2.014358769954146311e+00 3.581418069193814582e-03
2.019250211252212157e+00 4.066237241149467038e-03
2.021237359279551615e+00 3.620870744566388570e-03
2.013696387278366640e+00 4.342768544182636775e-03
2.007429228115219733e+00 4.118813488919992848e-03
2.012320669413285579e+00 4.403131554541471135e-03
2.008397325872128381e+00 4.755690455760200330e-03
2.018587828576432486e+00 4.022203164720820553e-03
2.016193060440921503e+00 3.980415443722434832e-03
2.020473071576728952e+00 4.395814230887324509e-03
2.015581630278663106e+00 4.319532202615895475e-03
2.012269716899764305e+00 3.995001999126009118e-03
2.008193515818042396e+00 4.225791488332740140e-03
2.005543985114923711e+00 3.637895284342700791e-03
2.007072560520569038e+00 4.886407146843286392e-03
2.005594937628445429e+00 3.705375945615382773e-03
2.014715437548797006e+00 3.723384341263118180e-03
2.005900652709573961e+00 4.558843567795758250e-03
1.998869205843604391e+00 4.142144779399854933e-03
2.002690644357718153e+00 3.882100059414072928e-03
2.012779242034979266e+00 4.327353507844669024e-03
2.005594937628444985e+00 4.569991695188508132e-03
2.001518736546723076e+00 4.178016008836304626e-03
1.998104918140781505e+00 3.980170848801402317e-03
2.001773499114331223e+00 4.124246390911750701e-03
2.005493032601401993e+00 4.004475351847223627e-03
2.004728744898578885e+00 4.320160230938322257e-03
2.003454932060541260e+00 4.178339116810893955e-03
2.003862552168713673e+00 3.574568493026102772e-03
1.998920158357126331e+00 4.118728395230501424e-03
2.001467784033202246e+00 4.311811111041024928e-03
2.005136365006751298e+00 4.471053302823825917e-03
1.996882057816265599e+00 4.527909957178071279e-03
1.991633948923548836e+00 3.722711426715666350e-03
1.992805856734543690e+00 3.857155754602939295e-03
1.998614443275996244e+00 3.949723690674008039e-03
1.992602046680457262e+00 4.174674725625372902e-03
2.007582085655784443e+00 4.272373575824368538e-03
2.003658742114627245e+00 4.184746406806648736e-03
1.992500141653414492e+00 4.231513452632068226e-03
1.993824907004974056e+00 3.969799237672795925e-03
1.999990161141078415e+00 4.093650000822017694e-03
1.986029172436181156e+00 4.044779206146698752e-03
1.995913960059356285e+00 4.033338019445017672e-03
1.995098719843012125e+00 3.878082129881529720e-03
1.996015865086399055e+00 3.833102426570756706e-03
1.988372988058171309e+00 4.614337380450102451e-03
1.992194426572285515e+00 4.118224100247994124e-03
1.996933010329786651e+00 3.982554193638075321e-03
1.998104918140781505e+00 4.149424545856171542e-03
1.992805856734543690e+00 4.159622901126086916e-03
1.992347284112850003e+00 3.398540290934300330e-03
1.992958714275108401e+00 3.433227849885586019e-03
1.986589650084918057e+00 4.402733545474065910e-03
1.987404890301262661e+00 3.450880996918770545e-03
1.976501052407657166e+00 4.041353463117304187e-03
1.982819164084325791e+00 3.913736825790414472e-03
1.986436792544353347e+00 3.828358393842508974e-03
1.996474437708092964e+00 4.323512177771491813e-03
1.980933921084029548e+00 3.922916707922886360e-03
1.974870571974968625e+00 4.257459829326444220e-03
1.975583907164269348e+00 4.139640088947639171e-03
1.978131532840345708e+00 4.250111610113052954e-03
1.984908217138707576e+00 4.221067488759020457e-03
1.980679158516421401e+00 4.133991921933032575e-03
1.974819619461447129e+00 4.077127675245619670e-03
1.972322946298892710e+00 4.327917416042951528e-03
1.974513904380317708e+00 4.626002806647374482e-03
1.981698208786852433e+00 3.594070541013976664e-03
1.974666761920882418e+00 3.906433213507749629e-03
1.986436792544353791e+00 4.268893293939441530e-03
1.969520558055208648e+00 3.467388739846142317e-03
1.967431505000826641e+00 4.283758144825170443e-03
1.970488655812117518e+00 4.115739545917147628e-03
1.978029627813302493e+00 3.980314346310792097e-03
1.965036736865314326e+00 4.228687205124736712e-03
1.969877225649859342e+00 3.648584226637453017e-03
1.970794370893246938e+00 3.961288409462171943e-03
1.968705317838864932e+00 3.622329542504080374e-03
1.960858630756550314e+00 3.513355928509672051e-03
1.967635315054912404e+00 4.076697838459163864e-03
1.966972932379132732e+00 3.874733464351432736e-03
1.964119591621928063e+00 3.899285704144846761e-03
1.962438158675717803e+00 4.301792503631165013e-03
1.959737675459077177e+00 4.310989160764101130e-03
1.966004834622224084e+00 4.250490317025102348e-03
1.960501963161899619e+00 3.809926286553821841e-03
1.956731477161307353e+00 3.774945151464131204e-03
1.966259597189831343e+00 4.068152191488887473e-03
1.960451010648378567e+00 4.133938541347676084e-03
1.951432415755069094e+00 4.482848354554228205e-03
1.950719080565767927e+00 4.486425959563769203e-03
1.954081946458188446e+00 4.192942986155981377e-03
1.954285756512274208e+00 4.013945749957414412e-03
1.953011943674236583e+00 4.219763385789489403e-03
1.946031449321787843e+00 3.968268635692358617e-03
1.950413365484638506e+00 3.747085396893576423e-03
1.949750982808858835e+00 3.487843770349205452e-03
1.952706228593107163e+00 3.949851862353667524e-03
1.953878136404102017e+00 4.105191872671147373e-03
1.954591471593403851e+00 3.767606772804498513e-03
1.946337164402917708e+00 3.834202880409908702e-03
1.948171454889692011e+00 4.177484690436100191e-03
1.944604778943185952e+00 4.069508069449056208e-03
1.941190960537243715e+00 3.525129680450976490e-03
1.946642879484046240e+00 4.069508069449052738e-03
1.949903840349423767e+00 4.111725777821244147e-03
1.946540974457003248e+00 4.388712460448131354e-03
1.936146661698613602e+00 4.094198539844795884e-03
1.939356670050468967e+00 3.895288833827143839e-03
1.943687633699798134e+00 4.200836208839664639e-03
1.946795737024610951e+00 3.787972428190174851e-03
1.934159513671274144e+00 4.034831068974646315e-03
1.937929999671865966e+00 4.078935677513903166e-03
1.940681435402028754e+00 4.113641641527507678e-03
1.932478080725063663e+00 3.438505751827265929e-03
1.934057608644230930e+00 4.609135759452064052e-03
1.930032360076030740e+00 3.787057350130288401e-03
1.932070460616891694e+00 3.797599907719073544e-03
1.937573332077215937e+00 4.186225766244106375e-03
1.930541885211246145e+00 3.764435699417382521e-03
1.933497130995494029e+00 4.169821217999926041e-03
1.933599036022537465e+00 4.074812389176138937e-03
1.931408077941112023e+00 3.409248633284327028e-03
1.931509982968155237e+00 4.004527216655345487e-03
1.923867105939926825e+00 4.067565035894196886e-03
1.920555192561028024e+00 3.682552157818858203e-03
1.923510438345276130e+00 3.779371564132147365e-03
1.921064717696243429e+00 3.730670528388967296e-03
1.923918058453448543e+00 3.709342984366648110e-03
1.923459485831755300e+00 4.222838455161546066e-03
1.925701396426702017e+00 3.845409521346980497e-03
1.923969010966970705e+00 4.794073773792594494e-03
1.913982318316751696e+00 3.832018594024991925e-03
1.922491388074845986e+00 4.374871944309313698e-03
1.920911860155678941e+00 4.075802995770960377e-03
1.918466139506645574e+00 3.400831230877063120e-03
1.917650899290301636e+00 3.831747587987223511e-03
1.917447089236215207e+00 4.136801280020988882e-03
1.915918513830569880e+00 4.332135398630845326e-03
1.912555647938149361e+00 3.968867210592986680e-03
1.905014675936964830e+00 4.033338019445002927e-03
1.915714703776484340e+00 3.491831179613641596e-03
1.918415186993124522e+00 3.992492783758684952e-03
1.908377541829385127e+00 4.034264804889114639e-03
1.912453742911106369e+00 3.849727940697010575e-03
1.910517547397288407e+00 3.695441473738376482e-03
1.897473703935779632e+00 4.180202713610556113e-03
1.907766111667126507e+00 3.733574763679609054e-03
1.906288488775002676e+00 4.613484919229440991e-03
1.908377541829385127e+00 4.118334420052040430e-03
1.904708960855835187e+00 4.144951743370667123e-03
1.901906572612152013e+00 4.270951410282532168e-03
1.899613709503683578e+00 3.695272862682981354e-03
1.904250388234141944e+00 3.936476572930783062e-03
1.899562756990162082e+00 3.587447759564835192e-03
1.904097530693577234e+00 4.342263363759778227e-03
1.895741318476048098e+00 4.177170839049747231e-03
1.900632759774113945e+00 4.152836157670113104e-03
1.897983229070994815e+00 4.203736764245966442e-03
1.894161790556880831e+00 3.565947979166135626e-03
1.886060340906959176e+00 3.664258078051522809e-03
1.898543706719731272e+00 3.996327476602505764e-03
1.896097986070698793e+00 3.751973711465404846e-03
1.887130343690911038e+00 4.373839262828243570e-03
1.894263695583924045e+00 3.853964054245285435e-03
1.892123690016019877e+00 3.392075333273153470e-03
1.889372254285857977e+00 4.018871227246007850e-03
1.884022240366098222e+00 3.833508784774543321e-03
1.880812232014242413e+00 4.117505373181387304e-03
1.881372709662979092e+00 3.994946761354020714e-03
1.881729377257630009e+00 3.978944386289409198e-03
1.881016042068328620e+00 4.305882331808035500e-03
1.877347461094778902e+00 4.047118088581025050e-03
1.884480812987792131e+00 3.678122162545904936e-03
1.872201257229105797e+00 3.737911258408846416e-03
1.883614620257926253e+00 3.834429703936227760e-03
1.868532676255556080e+00 4.071137715422016613e-03
1.869857441607115867e+00 3.332041170300050533e-03
1.872354114769669842e+00 4.632858517774383379e-03
1.875360313067440110e+00 4.337549499449686909e-03
1.873831737661794561e+00 3.822657783094177315e-03
1.866494575714695348e+00 4.407822402508367390e-03
1.868430771228513310e+00 4.197556385611754190e-03
1.865934098065958668e+00 3.775454040422309733e-03
1.867360768444561447e+00 3.777928738542746332e-03
1.863641234957490234e+00 3.835539930016183211e-03
1.867615531012168928e+00 4.100012340786802524e-03
1.860482179119155699e+00 4.066058466435981851e-03
1.863895997525097714e+00 3.581653652917894844e-03
1.865475525444264981e+00 4.167688244511378280e-03
1.854265972469530732e+00 4.147331161179573789e-03
1.862876947254668014e+00 4.205246484903627825e-03
1.858240268524208982e+00 3.933174323787981888e-03
1.856253120496870190e+00 3.950131196476627457e-03
1.857425028307864601e+00 4.039409740805395208e-03
1.854775497604745693e+00 3.776303182103841506e-03
1.850801201550066999e+00 3.777842838690961304e-03
1.857221218253778616e+00 3.988885462019723868e-03
1.846317380360173344e+00 3.557707948019434019e-03
1.853145017172056930e+00 3.755566644294368404e-03
1.862214564578887677e+00 4.250951438756000490e-03
1.844432137359877322e+00 3.952233784157575987e-03
1.847132620576517947e+00 3.896754828947896539e-03
1.845247377576221703e+00 4.292125541966849804e-03
1.840355936278156079e+00 4.232752600931010897e-03
1.835209732412482087e+00 4.330457091776705389e-03
1.844737852441006076e+00 3.940510727166599003e-03
1.833528299466272049e+00 3.916720741801159832e-03
1.843973564738183857e+00 4.191366893712219002e-03
1.836432592736998881e+00 3.856034920357283811e-03
1.839642601088854690e+00 4.282739864893176859e-03
1.840152126224069873e+00 3.892451899376754391e-03
1.841476891575628994e+00 4.051298400699360029e-03
1.840559746332242286e+00 3.377409948530060105e-03
1.839031170926596515e+00 3.968268635692349944e-03
1.841120223980978965e+00 4.120729207434654581e-03
1.836840212845170850e+00 3.563307850862924321e-03
1.836585450277563369e+00 4.320761129505941781e-03
1.828891620735813683e+00 3.811503446600835680e-03
1.835107827385438872e+00 3.963106678271346300e-03
1.833732109520358033e+00 3.692015051315820397e-03
1.831846866520062012e+00 4.159082990893003644e-03
1.828229238060033790e+00 4.693509250968362634e-03
1.823388749275489218e+00 3.680376624244267349e-03
1.828891620735813683e+00 3.538830888567283308e-03
1.820280645950676846e+00 3.922681764389047629e-03
1.818599213004466364e+00 3.758524170155736789e-03
1.824662562113527731e+00 4.044435799556976921e-03
1.819873025842504655e+00 4.177347965998164797e-03
1.821248743707585716e+00 3.817628763887986280e-03
1.815338252139089281e+00 4.360448709776197293e-03
1.814370154382180189e+00 3.363190120058128646e-03
1.813860629246965450e+00 3.819957207287640738e-03
1.821350648734628708e+00 4.043007300366418741e-03
1.813809676733444398e+00 3.893955632053577171e-03
1.811669671165539564e+00 3.820076140737343161e-03
1.816917780058256771e+00 4.132446746193766188e-03
1.810548715868066649e+00 4.191936708681750709e-03
1.815389204652610999e+00 3.471223890677742341e-03
1.810090143246372962e+00 3.829582238883721176e-03
1.808816330408334894e+00 3.531839916740778067e-03
1.804179651677876750e+00 4.022616235901955647e-03
1.810344905813980443e+00 3.756257863486577638e-03
1.804281556704919520e+00 3.679406563569676686e-03
1.806064894678172772e+00 4.023051850958192510e-03
1.804128699164355476e+00 3.826160593042977030e-03
1.796180107054997865e+00 3.928604004708053862e-03
1.802498218731666713e+00 3.753436889378849832e-03
1.800714880758412795e+00 4.119295653290680481e-03
1.798014397541772613e+00 4.186830385303730653e-03
1.785887699323650768e+00 3.846408586775865255e-03
1.795212009298089217e+00 3.133956524652390351e-03
1.794040101487094363e+00 4.016128055027842411e-03
1.785429126701957303e+00 3.888461357876289541e-03
1.790524378054109134e+00 4.341453158834248163e-03
1.791237713243410745e+00 4.015885635249839131e-03
1.790116757945937165e+00 3.639864406197488439e-03
1.795976297000912103e+00 4.060410246246515774e-03
1.792052953459754905e+00 4.051106149723629826e-03
1.784002456323354746e+00 4.484504364733839753e-03
1.791441523297496508e+00 4.485511568301187545e-03
1.786295319431822959e+00 3.899418862600167492e-03
1.783747693755746822e+00 3.983727409894797199e-03
1.784308171404483723e+00 3.523114854254332570e-03
1.780588637917412287e+00 3.893182165834330882e-03
1.780639590430934227e+00 3.688821223472937751e-03
1.780282922836283976e+00 3.903358295651383151e-03
1.780486732890369517e+00 3.838652265337771409e-03
1.781454830647278387e+00 4.036313918226192704e-03
1.779416730106417877e+00 3.464681002096254431e-03
1.784461028945048433e+00 3.614437137998979289e-03
1.770398135213108848e+00 4.001050788027467851e-03
1.780079112782197548e+00 3.283726436464618620e-03
1.776308626781605060e+00 3.660969121754621171e-03
1.772640045808056009e+00 3.493407033188492775e-03
1.771264327942974948e+00 3.415475861485794875e-03
1.771519090510582650e+00 4.131651949134037063e-03
1.769328132429156986e+00 4.299679712938883971e-03
1.764283833590526429e+00 3.680094451148795912e-03
1.765659551455607712e+00 3.706584363754974239e-03
1.772589093294534068e+00 4.275289357960482262e-03
1.772079568159319107e+00 4.108630735097139677e-03
1.770296230186065412e+00 3.982710642440463224e-03
1.759494297319503353e+00 4.042210973885877398e-03
1.766270981617865887e+00 3.668227119584443509e-03
1.763978118509397230e+00 4.001881254420055004e-03
1.764029071022919171e+00 4.342170691149049681e-03
1.761889065455014780e+00 3.793222143322294744e-03
1.760003822454718536e+00 3.910189638080071098e-03
1.762551448130795118e+00 3.627056741831961341e-03
1.754857618589045654e+00 3.708713023425856074e-03
1.756437146508212033e+00 3.924372382342281723e-03
1.748131886804204393e+00 4.365545229177224262e-03
1.761124777752191894e+00 3.997805125569979003e-03
1.753991425859179110e+00 3.763383829908101361e-03
1.752768565534662759e+00 3.426627564041671674e-03
1.748131886804204393e+00 4.374456527046168518e-03
1.753940473345657836e+00 3.895038893254181532e-03
1.746858073966166325e+00 4.022535561270209822e-03
1.746450453857994134e+00 3.719390398493039283e-03
1.749405699642242684e+00 3.986880345825010927e-03
1.747214741560816798e+00 3.374056824823774663e-03
1.745889976209258343e+00 3.454640537195818786e-03
1.738399956721594419e+00 4.184721591287808400e-03
1.738654719289201900e+00 4.139953650061378894e-03
1.742068537695143915e+00 3.729901484062079359e-03
1.740947582397670335e+00 3.711256709444789824e-03
1.747265694074338516e+00 4.068968962675821935e-03
1.736514713721297731e+00 4.029193842132556755e-03
1.730196602044629550e+00 4.338438227210287927e-03
1.738298051694551205e+00 3.350409637760368327e-03
1.732183750071969230e+00 3.779491774735391999e-03
1.733508515423528129e+00 3.495398133233170411e-03
1.720719434529627057e+00 3.876893684762984342e-03
1.732693275207183747e+00 3.763935666961976036e-03
1.729636124395892871e+00 3.319426232576702142e-03
1.736820428802427152e+00 3.819658158253272547e-03
1.730706127179844511e+00 3.680083869236839417e-03
1.727394213800945488e+00 4.113894077612640157e-03
1.727852786422639397e+00 4.113808882165666085e-03
1.723572775286831948e+00 3.956671827353176567e-03
1.724897540638391513e+00 3.766338663836354093e-03
1.725763733368256947e+00 3.884690605533140662e-03
1.731776129963796818e+00 3.766390361407549823e-03
1.718069903826507483e+00 3.428252321984304359e-03
1.719700384259196246e+00 4.165610270458390205e-03
1.725356113260084978e+00 3.642484682392565284e-03
1.712159412258011493e+00 3.654030652463525868e-03
1.723165155178659758e+00 3.436572343650326662e-03
1.714299417825915661e+00 3.841089626386654573e-03
1.719496574205110484e+00 3.814761298112752212e-03
1.723063250151616987e+00 3.814829353104242510e-03
1.718324666394115408e+00 3.841221422907349463e-03
1.713942750231264744e+00 4.133787815974033011e-03
1.716948948529034347e+00 4.024397119694153764e-03
1.714707037934087630e+00 4.074914327657249216e-03
1.708949403906156128e+00 3.631148669945035486e-03
1.711038456960537912e+00 4.609228697017431556e-03
1.705077012878519982e+00 4.136324294498608910e-03
1.706147015662471844e+00 3.535605156615154263e-03
1.704312725175697318e+00 3.312164212543627050e-03
1.705637490527256883e+00 4.021699676855680985e-03
1.713535130123092109e+00 4.009010983326214209e-03
1.703803200040481913e+00 3.478769567479568590e-03
1.708541783797983493e+00 3.541734833984686807e-03
1.700338429121018846e+00 4.016351068300593949e-03
1.702172719607793594e+00 4.155976365034531710e-03
1.702325577148357860e+00 3.913322213063382370e-03
1.696567943120426136e+00 4.143275938937542383e-03
1.701357479391448990e+00 3.288328535536646363e-03
1.695141272741823801e+00 3.884453349969243206e-03
1.699777951472282167e+00 3.671675741066721989e-03
1.693205077228006061e+00 3.917131680957608789e-03
1.701561289445535197e+00 3.795876765596034597e-03
1.691829359362925000e+00 3.966118909310867302e-03
1.693612697336178252e+00 3.974766357745664058e-03
1.686071725334993276e+00 4.151000927640192267e-03
1.690096973903193245e+00 3.783116904150498391e-03
1.687039823091901924e+00 4.240629884719073275e-03
1.691982216903489267e+00 3.761165318248606195e-03
1.690861261606015908e+00 3.569222662965487562e-03
1.695956512958168183e+00 3.710448657097154771e-03
1.691676501822360290e+00 4.009687648181046657e-03
1.684084577307654040e+00 4.005823618617029500e-03
1.682352191847922063e+00 3.683168971506221075e-03
1.686785060524294444e+00 3.806463100734165748e-03
1.680161233766496842e+00 4.284255074515993036e-03
1.684084577307654040e+00 3.733435690156132556e-03
1.681231236550449148e+00 3.534573328949570329e-03
1.675677412576603409e+00 3.810130706964567297e-03
1.676951225414641256e+00 3.461213656930284786e-03
1.679295041036630742e+00 3.600331430033518361e-03
1.678428848306764865e+00 3.681311168138890009e-03
1.686836013037815940e+00 3.488290348684398856e-03
1.677205987982248736e+00 3.540213492987207868e-03
1.673435501981656248e+00 3.866540477524101765e-03
1.673588359522221181e+00 4.093421685462358614e-03
1.677409798036334720e+00 3.842251983360364144e-03
1.679345993550152905e+00 3.805385325557289998e-03
1.670582161224451134e+00 3.814897406881687884e-03
1.676492652792947347e+00 3.763925320761488981e-03
1.667932630521331783e+00 3.785603737921729162e-03
1.667168342818509119e+00 3.960800119492831860e-03
1.668747870737676164e+00 3.538849229030489180e-03
1.675015029900823071e+00 3.568637079113732430e-03
1.670174541116279165e+00 3.377594427484485132e-03
1.667983583034853723e+00 2.920512560336817418e-03
1.667372152872595548e+00 4.028597786327858810e-03
1.664671669655954922e+00 3.689553093357442366e-03
1.664518812115390212e+00 4.005953235738496029e-03
1.666455007629208174e+00 3.516458106237153707e-03
1.665741672439906784e+00 3.723129833481564951e-03
1.673231691927570264e+00 4.005347239663235685e-03
1.662786426655658456e+00 3.529575167112478876e-03
1.658761178087458488e+00 3.224935889044566219e-03
1.656162599897860632e+00 4.179034956830644104e-03
1.663194046763831091e+00 3.439694711024051353e-03
1.659933085898453564e+00 3.900350844498180931e-03
1.663041189223266381e+00 3.785411709673306042e-03
1.660187848466061045e+00 3.965192564536883582e-03
1.657844032844070892e+00 3.947672377844239563e-03
1.652035446302618338e+00 3.475902646121090123e-03
1.647857340193853659e+00 3.522746388491997029e-03
1.663601666872002838e+00 4.199411454262966768e-03
1.651627826194445481e+00 4.010063164089971988e-03
1.653360211654177236e+00 3.805317101667089145e-03
1.645003999436648323e+00 3.489782250061988778e-03
1.647500672599202964e+00 3.126255401046904112e-03
1.639144460381673163e+00 3.830175374833820999e-03
1.638482077705893492e+00 3.302870680846861813e-03
1.646532574842293872e+00 3.371347282668388928e-03
1.645156856977212589e+00 3.657279707739839215e-03
1.642813041355222659e+00 3.840518455865486215e-03
1.640163510652103529e+00 3.789973177101984420e-03
1.638278267651807285e+00 3.473735955025008225e-03
1.637259217381377363e+00 3.578724064201656285e-03
1.637513979948984622e+00 3.372929396287722460e-03
1.637513979948984399e+00 3.630204788224674489e-03
1.634303971597129257e+00 3.450504817597103372e-03
1.645105904463691315e+00 3.808086009053542227e-03
1.636698739732640240e+00 3.653018061416570678e-03
1.629412530299062745e+00 4.217144735727341824e-03
1.639246365408716377e+00 3.633064281501577342e-03
1.638023505084200027e+00 3.981641453105566261e-03
1.625183471676776792e+00 3.625223893259806734e-03
1.622941561081829853e+00 3.773552232856229420e-03
1.624673946541561831e+00 3.982580268865266310e-03
1.623705848784652739e+00 3.284188912827434685e-03
1.621871558297877991e+00 3.704580626500868397e-03
1.624521089000997343e+00 3.792510279304672077e-03
1.623349181190001822e+00 3.900696952489029860e-03
1.621412985676184082e+00 3.710137282604187951e-03
1.620139172838146679e+00 3.306955515907813309e-03
1.623349181190001822e+00 4.014188286886492124e-03
1.622992513595351349e+00 3.482692822006180910e-03
1.619069170054194151e+00 3.484418101624640971e-03
1.618355834864893206e+00 3.731209808798340022e-03
1.626253474460728876e+00 3.896305093646116983e-03
1.619680600216452326e+00 3.701029388059687893e-03
1.617489642135027550e+00 4.127782590689162492e-03
1.612751058377526192e+00 3.845787576626704535e-03
1.620699650486882915e+00 3.509037866359801614e-03
1.608827714836368994e+00 3.544039428684349867e-03
1.614738206404864984e+00 4.238881663053530383e-03
1.618406787378414702e+00 3.333930072744505004e-03
1.614534396350779666e+00 3.542486098696855015e-03
1.616164876783467985e+00 3.492028200200856212e-03
1.614330586296693237e+00 4.214040868696048749e-03
1.605923421565642828e+00 3.987765846111172331e-03
1.609031524890455422e+00 3.576939030402394477e-03
1.603222938349001758e+00 3.845817954455653907e-03
1.600624360159404125e+00 3.677836287019536042e-03
1.604853418781690300e+00 4.112458140824153813e-03
1.612037723188225025e+00 3.791123814406918181e-03
1.607401044457765993e+00 3.609135974813421684e-03
1.612190580728789291e+00 3.694686176762811830e-03
1.601694362943356431e+00 3.408109993711301057e-03
1.600063882510667668e+00 4.162842182533129168e-03
1.603171985835479818e+00 3.901841552505522313e-03
1.601388647862227455e+00 3.669019705070467215e-03
1.601949125510963690e+00 3.938451319929122188e-03
1.603375795889566247e+00 3.722432462744237371e-03
1.594561011050343868e+00 3.141750328571466053e-03
1.597618161861634523e+00 3.615833912340717885e-03
1.599350547321366500e+00 3.572654217151858321e-03
1.590790525049751158e+00 3.148535528626680673e-03
1.598025781969806491e+00 3.669062160175460413e-03
1.594306248482735722e+00 3.971927363401288325e-03
1.590892430076793485e+00 3.558572570478729657e-03
1.591249097671444401e+00 3.675915756807789699e-03
1.589975284833406555e+00 3.214049658192191794e-03
1.590688620022707722e+00 3.810566767189105253e-03
1.595580061320773346e+00 3.295016753835999703e-03
1.591758622806660028e+00 3.782430593309149460e-03
1.588905282049454470e+00 3.261195716162445905e-03
1.596599111591204156e+00 3.678475064649129427e-03
1.588956234562976189e+00 3.750811064092233419e-03
1.586867181508593960e+00 3.524127936456266427e-03
1.580549069831924891e+00 3.722934582842580414e-03
1.583351458075608731e+00 4.002286692975826760e-03
1.582740027913350778e+00 4.220566194965391302e-03
1.580803832399533038e+00 3.931936503356438586e-03
1.575300960939208794e+00 3.543145614422592814e-03
1.579988592183188434e+00 3.669585732751041215e-03
1.580192402237274418e+00 3.736719918809066482e-03
1.582179550264613876e+00 3.480064133616283563e-03
1.579377162020930481e+00 3.590746216923470201e-03
1.571428569911573092e+00 3.272896938629806657e-03
1.573670480506520253e+00 3.567039874464757697e-03
1.577848586615284932e+00 4.172684225952962359e-03
1.567199511289286917e+00 3.722292972918501280e-03
1.569186659316626375e+00 3.853694591493651758e-03
1.572600477722568169e+00 3.747068075666814494e-03
1.575351913452730734e+00 3.500296759387813879e-03
1.572702382749611383e+00 3.286255425981867481e-03
1.575657628533859267e+00 4.042750437995001715e-03
1.574230958155256932e+00 3.677836287019535608e-03
1.567556178883937390e+00 3.743189568879084963e-03
1.565670935883641812e+00 3.963735506808761105e-03
1.566333318559421706e+00 3.309184335336300131e-03
1.561339972234311757e+00 3.686427557952571231e-03
1.567097606262244147e+00 3.624794185316017499e-03
1.558333773936542377e+00 3.496319004785269739e-03
1.563327120261650993e+00 4.050551774992082986e-03
1.563938550423909835e+00 3.783473736587681345e-03
1.563632835342780858e+00 3.898486657900258195e-03
1.557620438747241209e+00 3.419042744682633007e-03
1.564040455450952827e+00 3.105257869712797596e-03
1.558537583990628583e+00 4.120577998880821206e-03
1.566588081127028742e+00 3.746375160927307209e-03
1.563123310207565453e+00 3.484835319581080278e-03
1.568473324127324986e+00 3.939575065967655665e-03
1.554716145476514599e+00 3.881886053167570797e-03
1.556499483449767851e+00 3.640345822811271066e-03
1.553544237665519745e+00 3.276349632227287031e-03
1.556295673395681645e+00 3.722599843635697372e-03
1.557059961098504752e+00 3.848800563960075131e-03
1.555123765584686790e+00 4.062305575473651800e-03
1.547226125988851564e+00 3.938134899563837735e-03
1.547939461178152731e+00 3.229260007147903653e-03
1.550741849421835905e+00 3.828565220610872372e-03
1.549824704178448753e+00 3.351095334600329764e-03
1.548652796367453899e+00 3.766969325732429097e-03
1.549213274016190356e+00 3.238993214047115876e-03
1.545850408123770059e+00 3.669090463305876154e-03
1.551760899692266715e+00 4.008768133161938300e-03
1.543812307582909105e+00 4.002494261619521723e-03
1.545646598069683630e+00 3.240996426072405984e-03
1.552423282368046387e+00 3.773001802315972125e-03
1.540857061798661221e+00 3.791784588070264660e-03
1.551506137124659457e+00 3.832885684579787674e-03
1.552270424827481676e+00 3.590254533958245429e-03
1.546920410907722143e+00 3.798184367612029381e-03
1.543761355069388497e+00 3.535425251048718298e-03
1.542997067366565389e+00 3.638080826800398244e-03
1.541876112069091587e+00 3.269563677062322510e-03
1.534844665203122016e+00 3.507132237395818759e-03
1.546207075718420976e+00 3.597186109002047886e-03
1.541519444474441336e+00 3.523833251674113494e-03
1.545952313150813495e+00 3.760847788099464482e-03
1.541060871852746983e+00 3.523836935385988526e-03
1.533570852365084169e+00 3.565405546884392596e-03
1.536016573014116871e+00 3.913799843079422171e-03
1.531379894283658505e+00 3.379807389527838234e-03
1.539022771311886473e+00 3.826869589534028036e-03
1.532755612148739788e+00 3.597734573856330078e-03
1.528883221121104086e+00 3.583012487326576231e-03
1.527558455769544521e+00 3.476272342950038029e-03
1.516705570389460744e+00 3.761027264956014280e-03
1.528730363580539819e+00 3.598185551387517948e-03
1.526692263039678865e+00 3.486939274045755370e-03
1.529698461337448245e+00 3.619461568441433713e-03
1.527966075877716934e+00 3.179579736202792391e-03
1.529087031175190070e+00 3.605317911306014401e-03
1.525061782606990102e+00 3.653064255889564016e-03
1.516196045254246005e+00 3.397413345640032389e-03
1.524552257471775141e+00 3.411323102273836061e-03
1.519966531254838271e+00 3.663000259270331356e-03
1.519355101092579652e+00 3.131420605343559344e-03
1.522972729552608095e+00 3.658926213618968713e-03
1.514463659794513806e+00 3.549807168304173859e-03
1.517520810605805348e+00 3.947475080049757390e-03
1.514565564821556798e+00 4.098748897121367793e-03
1.516399855308331768e+00 3.904984148489146125e-03
1.516858427930025455e+00 4.169631318631841430e-03
1.513903182145777127e+00 3.672297916391582123e-03
1.507636022982629997e+00 3.790551963928768912e-03
1.522106536822741996e+00 3.416007901407724055e-03
1.520374151363010018e+00 4.056869715894707504e-03
1.521647964201048087e+00 3.538243943549290726e-03
1.510336506199270623e+00 4.018893836902156028e-03
1.516043187713681073e+00 3.943800250477989822e-03
1.513801277118733912e+00 3.701955211786825319e-03
1.506056495063463174e+00 4.166566828019848887e-03
1.503050296765693572e+00 3.579260851415359997e-03
1.508502215712495875e+00 3.424444858501506875e-03
1.509266503415318761e+00 3.263523406860459330e-03
1.506464115171634921e+00 2.900173922606605510e-03
1.511304603956179715e+00 3.878299693063792103e-03
1.507737928009673212e+00 3.908771854224929627e-03
1.506922687793328830e+00 3.728944306980812827e-03
1.508196500631366677e+00 3.511197561227574152e-03
1.504680777198382557e+00 4.106102440065463599e-03
1.502795534198085869e+00 3.735827033460547425e-03
1.504782682225425106e+00 3.430568826598844653e-03
1.495152657169858124e+00 3.817628763887980642e-03
1.505750779982334198e+00 3.230931787222218656e-03
1.498158855467627504e+00 3.935223298165309996e-03
1.502438866603434953e+00 3.402681946683295405e-03
1.502846486711607366e+00 3.222519904770600099e-03
1.499330763278622136e+00 3.591552286700610327e-03
1.491585981223351398e+00 3.463043348422807817e-03
1.494897894602250421e+00 3.425373436221390393e-03
1.497751235359455091e+00 3.190945653435384079e-03
1.496375517494374252e+00 3.333910604983047424e-03
1.488579782925581574e+00 3.926320156284518817e-03
1.490566930952921254e+00 3.306417706047483362e-03
1.493369319196604872e+00 3.941116811615946042e-03
1.491738838763915886e+00 3.702800174514418122e-03
1.489904548277141361e+00 3.767744585018462881e-03
1.490210263358270337e+00 3.315188398192533796e-03
1.488885498006710773e+00 3.877898028424376416e-03
1.496069802413245275e+00 3.815152597735537755e-03
1.489242165601361245e+00 3.410284122332901159e-03
1.484248819276252851e+00 3.929872602892267412e-03
1.489904548277141361e+00 3.821791768546960177e-03
1.491687886250394612e+00 3.591552286700606857e-03
1.491178361115178763e+00 3.681928189722593649e-03
1.488172162817409383e+00 3.422158347060143876e-03
1.481803098627219484e+00 3.811476200996039097e-03
1.480172618194530720e+00 3.836270879043650502e-03
1.485064059492596789e+00 3.566745095675855765e-03
1.478389280221277691e+00 3.483453093708455996e-03
1.479866903113401744e+00 3.403456277420312866e-03
1.477981660113105722e+00 3.729278476710117494e-03
1.481650241086654995e+00 3.931685590922153958e-03
1.475484986950550859e+00 3.113073485648030526e-03
1.472274978598695050e+00 3.535237992674540759e-03
1.476809752302110423e+00 3.601657989018521022e-03
1.472224026085173998e+00 3.155680485620686142e-03
1.480733095843267844e+00 3.848733109662513894e-03
1.475128319355900386e+00 3.587664856530938581e-03
1.476351179680416736e+00 3.464021536753292274e-03
1.468096872489930815e+00 3.522127279234519518e-03
1.468657350138667494e+00 3.582432781019554563e-03
1.471103070787700418e+00 3.744267912678977440e-03
1.476096417112809256e+00 3.738244626563158070e-03
1.470644498166006509e+00 3.624926684030383654e-03
1.473854506517862095e+00 3.303118271321402698e-03
1.470593545652485234e+00 3.508889893412627144e-03
1.472478788652781478e+00 3.810430503729516499e-03
1.466007819435548365e+00 3.725499917551027516e-03
1.472784503733910233e+00 3.482334989653430943e-03
1.465753056867940884e+00 3.724262782420363627e-03
1.474109269085470242e+00 3.655195673211348618e-03
1.467230679760064715e+00 3.464842102390736610e-03
1.466924964678936183e+00 3.181473475440883911e-03
1.465549246813854900e+00 4.058123807080003809e-03
1.461676855786219642e+00 3.733035824915465796e-03
1.463511146272994168e+00 3.654314838112658788e-03
1.455103981541942870e+00 3.218856233921952529e-03
1.460504947975224121e+00 3.773304549049504540e-03
1.459231135137186275e+00 3.702898331955873420e-03
1.461625903272697480e+00 3.329266242146945720e-03
1.457600654704497734e+00 3.826856021456129416e-03
1.459893517812965946e+00 3.399304109133528731e-03
1.458823515029013640e+00 3.552175958492632350e-03
1.460810663056353098e+00 3.250095451327739658e-03
1.450620160352049437e+00 3.692827137246939596e-03
1.446289196702720048e+00 3.671056996278875603e-03
1.452403498325302911e+00 3.470386131811752269e-03
1.455511601650115283e+00 3.768347454196031929e-03
1.454543503893206413e+00 3.632081584612150468e-03
1.464734006597510074e+00 3.592553296406474084e-03
1.448887774892317459e+00 3.081422500565759743e-03
1.446645864297370743e+00 3.808614327840543438e-03
1.448785869865274689e+00 3.182224128942004633e-03
1.453983026244469512e+00 3.943273584454378734e-03
1.445575861513418658e+00 3.525472123209327704e-03
1.450823970406135199e+00 3.357994855568893072e-03
1.451588258108958307e+00 3.333571847734300743e-03
1.447970629648930307e+00 3.924107754430754443e-03
1.451180638000786116e+00 3.531284893342077381e-03
1.450263492757398742e+00 3.641361937759944427e-03
1.436964886728282265e+00 3.969364318936228521e-03
1.448531107297666765e+00 3.547422159519354051e-03
1.445270146432289460e+00 3.560483479895187962e-03
1.440276800107180621e+00 3.687835784653207410e-03
1.447359199486672132e+00 3.106428122714068995e-03
1.446645864297370743e+00 3.862089610875135172e-03
1.440072990053094859e+00 3.689524947200201969e-03
1.442875378296778033e+00 3.819505226403736853e-03
1.442009185566912599e+00 3.761814100859900336e-03
1.441907280539869607e+00 4.246102577321652152e-03
1.443792523540165851e+00 3.775093011407169678e-03
1.435334406295593501e+00 4.044471104382855661e-03
1.431309157727393755e+00 3.396297492552923739e-03
1.434417261052205683e+00 3.115574341730542596e-03
1.426672478996935167e+00 3.939769464573805724e-03
1.434824881160378096e+00 3.499347258800898121e-03
1.435385358809115219e+00 3.622089436804804777e-03
1.430952490132743060e+00 3.046342510632114343e-03
1.431105347673307326e+00 3.630794743054986153e-03
1.423921043266773045e+00 3.017055757109545020e-03
1.426264858888763198e+00 3.818145562964927932e-03
1.433398210781775761e+00 3.213528615196583997e-03
1.427232956645671624e+00 3.752070582484424120e-03
1.425857238780590786e+00 3.319582651022879444e-03
1.431869635376129990e+00 3.250159354265992704e-03
1.429169152159489364e+00 4.002818566077094055e-03
1.423921043266772601e+00 3.483523894881090325e-03
1.430850585105699402e+00 3.874304626215273935e-03
1.423666280699165343e+00 3.586289687124757149e-03
1.421882942725912091e+00 3.129741293637846363e-03
1.419539127103922160e+00 3.448529202925727961e-03
1.423462470645079359e+00 3.334475123919507841e-03
1.422494372888170044e+00 3.349448651253645291e-03
1.423971995780294542e+00 3.796341817504613435e-03
1.416532928806152558e+00 4.155314150629433635e-03
1.424022948293815816e+00 3.598023205988064386e-03
1.422239610320562564e+00 3.846276967998510377e-03
1.419335317049836176e+00 3.376345154307117645e-03
1.416736738860238543e+00 3.796902539635992144e-03
1.418214361752362818e+00 3.408334705223226881e-03
1.421322465077175190e+00 3.672824561982086615e-03
1.418418171806448802e+00 3.542614347481595934e-03
1.420252462293223328e+00 3.342496537718590063e-03
1.412507680237952146e+00 3.454306103988512983e-03
1.417348169022496718e+00 3.619264311731841370e-03
1.415564831049243910e+00 3.154824768092224889e-03
1.411284819913435573e+00 3.697660802236137946e-03
1.415972451157416101e+00 3.572040123968536242e-03
1.406699093696498926e+00 3.496437809254660054e-03
1.415411973508679422e+00 3.358323418741301046e-03
1.404864803209724400e+00 3.763632166595248709e-03
1.406036711020719476e+00 3.652268207883635400e-03
1.402419082560691033e+00 3.741243603219052832e-03
1.399260026722357386e+00 3.493317852909850942e-03
1.402011462452519508e+00 4.117956168419515187e-03
1.401807652398432857e+00 3.438637878705920990e-03
1.401654794857868813e+00 3.125528684073337719e-03
1.402673845128298735e+00 3.477202012733579366e-03
1.397018116127410670e+00 3.711956179788135531e-03
1.409552434453704040e+00 3.663691227266735548e-03
1.404660993155638193e+00 3.311250929971505143e-03
1.395285730667679136e+00 3.627514809276531724e-03
1.402266225020126766e+00 3.326555336769836113e-03
1.397527641262625853e+00 3.596291065720983501e-03
1.397935261370798266e+00 3.162911905078680426e-03
1.391668102207650914e+00 3.554411699695764811e-03
1.391005719531870799e+00 3.532574912829443241e-03
1.393553345207946936e+00 3.600273742468166997e-03
1.392687152478080836e+00 4.022074071276740201e-03
1.396457638478673102e+00 3.138840258804895863e-03
1.392687152478080836e+00 3.468949503050773597e-03
1.388407141342273388e+00 3.379669121851824280e-03
1.392126674829344601e+00 3.648751437605160432e-03
1.390598099423698608e+00 3.235909853618699952e-03
1.395948113343458585e+00 3.982896417411574581e-03
1.387388091071843021e+00 3.862738244897466998e-03
1.392228579856387372e+00 3.853367842632229954e-03
1.389630001666789738e+00 3.115511844794457540e-03
1.385044275449853313e+00 2.807552848780109616e-03
1.385910468179719190e+00 3.337584105236132085e-03
1.386216183260848167e+00 3.194600699508351981e-03
1.381579504530389801e+00 3.125179799901514448e-03
1.379082831367835160e+00 3.676989117932718577e-03
1.381222836935739107e+00 3.326738733827750392e-03
1.389477144126225250e+00 3.900031332936800509e-03
1.377299493394582131e+00 3.633825242277534222e-03
1.385197132990417579e+00 3.384179108314163374e-03
1.385961420693240242e+00 2.906009059095175564e-03
1.380203786665308519e+00 3.473044570943524447e-03
1.383006174908992136e+00 3.147760346149665236e-03
1.376178538097108550e+00 3.446303870221485103e-03
1.382496649773777397e+00 3.453197357823833361e-03
1.379949024097701260e+00 3.512458001871770520e-03
1.380968074368131404e+00 3.456879278582961762e-03
1.375057582799634970e+00 3.776595352696205353e-03
1.382598554800820612e+00 3.972989365162837155e-03
1.381528552016868083e+00 3.378343769646726356e-03
1.371134239258477994e+00 3.677328008987560369e-03
1.365988035392804889e+00 3.179877748385056407e-03
1.376178538097108550e+00 3.794111785522338333e-03
1.370318999042133834e+00 3.817628763887989749e-03
1.371083286744956720e+00 3.440272057229926822e-03
1.363440409716728752e+00 2.623851617834492295e-03
1.370675666636784307e+00 3.382433401467742524e-03
1.369503758825789452e+00 3.198953649219939133e-03
1.369401853798746682e+00 3.778942209332904721e-03
1.374904725259070482e+00 3.864535702679745225e-03
1.374089485042726544e+00 3.494358147876986623e-03
1.366038987906326163e+00 3.609635874322209611e-03
1.371389001826085696e+00 3.323260271137302903e-03
1.371389001826086140e+00 3.266529042638443344e-03
1.373732817448076071e+00 3.007338036255235818e-03
1.373121387285817230e+00 3.697355372476633130e-03
1.365325652717024774e+00 3.487248243608295946e-03
1.366548513041541124e+00 4.152160937367739210e-03
1.357886585742883234e+00 3.873982966460274430e-03
1.369809473906918873e+00 3.502995495092371681e-03
1.363032789608557005e+00 3.562247607676354705e-03
1.355491817607370919e+00 3.314248532441178927e-03
1.360128496337829951e+00 3.636521262016938726e-03
1.358650873445705898e+00 3.512768422222802608e-03
1.354880387445112966e+00 3.014839170593002458e-03
1.356816582958930928e+00 3.273372841772427457e-03
1.356001342742586546e+00 3.284900287783489633e-03
1.349377515984789166e+00 3.431703796940283654e-03
1.356459915364280233e+00 3.042726945827826587e-03
1.363134694635598887e+00 3.332606005904988847e-03
1.352944191931295226e+00 3.398177417146044758e-03
1.347950845606186832e+00 3.527150716215282124e-03
1.352689429363687967e+00 3.242001571866657324e-03
1.353351812039467195e+00 2.990890843245443045e-03
1.351619426579736105e+00 3.767785927699725257e-03
1.355338960066806653e+00 3.579300744548361002e-03
1.352740381877209463e+00 3.386575590270148040e-03
1.350753233849870227e+00 3.838300562645312938e-03
1.347492272984493145e+00 3.487248243608294211e-03
1.349377515984789166e+00 3.259431931543735513e-03
1.341938449010647405e+00 3.389303597804255944e-03
1.345759887524761167e+00 3.566861554404763580e-03
1.342651784199948350e+00 2.976185120985384153e-03
1.344027502065029189e+00 3.917618786859439900e-03
1.340511778632044626e+00 3.283509010538554398e-03
1.339492728361614482e+00 3.389181037850567957e-03
1.337556532847796298e+00 3.438384945666545130e-03
1.342397021632340870e+00 3.777430492211276102e-03
1.336231767496236733e+00 3.531196669667909568e-03
1.335671289847500498e+00 3.722041878058581724e-03
1.340562731145565678e+00 3.280309207824386956e-03
1.329811750792525338e+00 3.086999146241465979e-03
1.336282720009758451e+00 3.661706558477883979e-03
1.338167963010054473e+00 3.342484887011707741e-03
1.336078909955672689e+00 3.423352983852388613e-03
1.335569384820456840e+00 3.169930276063695398e-03
1.333887951874246802e+00 3.405153085873501625e-03
1.331442231225213879e+00 3.520608526598108159e-03
1.329404130684353369e+00 2.804258966147401676e-03
1.322474588845426569e+00 3.235384306838352039e-03
1.326754599981234461e+00 3.321478638550566694e-03
1.332155566414514825e+00 3.626945794920591933e-03
1.338524630604705168e+00 3.313382836951826553e-03
1.325735549710803873e+00 3.076215543140804233e-03
1.330932706089998918e+00 3.418165613823022277e-03
1.326856505008277232e+00 3.151667301706204214e-03
1.326958410035320224e+00 3.497792637221395877e-03
1.320232678250480074e+00 2.968673768851533019e-03
1.324869356980937773e+00 3.353941220048617389e-03
1.324920309494459048e+00 3.323635229986627530e-03
1.323442686602334994e+00 3.384179108314176818e-03
1.322576493872469339e+00 3.481947296439889990e-03
1.315748857060585753e+00 3.198973938279144839e-03
1.317481242520317730e+00 3.486418058522940209e-03
1.318806007871876851e+00 3.303735201766774647e-03
1.321608396115560691e+00 3.751195192815302056e-03
1.318041720169054187e+00 3.730096370020984792e-03
1.322016016223733104e+00 3.207253307533567376e-03
1.316054572141715395e+00 3.429085232563621691e-03
1.315646952033542982e+00 3.392243708284999743e-03
1.310500748167869212e+00 3.309462832222996673e-03
1.318704102844834303e+00 3.265432067670388794e-03
1.312538848708730166e+00 3.473283768033665932e-03
1.316156477168758165e+00 3.787742822637791412e-03
1.314322186681983418e+00 3.285548295313901919e-03
1.311774561005907502e+00 3.077042498696430824e-03
1.312436943681686952e+00 3.785915763051791397e-03
1.316818859844537615e+00 3.409553221531864964e-03
1.311163130843648883e+00 3.770196799559827165e-03
1.311061225816605891e+00 3.420367507096304296e-03
1.307086929761926974e+00 3.629435915316033771e-03
1.313455993952117318e+00 3.546130220094918187e-03
1.307800264951228808e+00 3.636796108011781242e-03
1.315137426898327799e+00 3.420519309557231748e-03
1.302857871139641466e+00 3.419042744682639079e-03
1.307749312437707756e+00 3.220823607214910126e-03
1.303571206328942411e+00 3.740966021192947653e-03
1.301635010815124893e+00 3.233052417031209626e-03
1.303927873923593106e+00 3.483095339461471374e-03
1.297915477328053901e+00 3.209102401551438503e-03
1.302399298517947557e+00 3.100007201048816594e-03
1.299902625355392916e+00 3.407542435960258295e-03
1.304997876707544968e+00 2.982576658115925709e-03
1.305099781734588182e+00 3.300602202489530922e-03
1.301838820869210656e+00 3.236487455433714744e-03
1.294858326516762803e+00 2.981640786626461696e-03
1.287113544461491621e+00 3.260817558284101296e-03
1.299087385139048978e+00 3.106929524780033258e-03
1.291903080732514475e+00 3.103505845449006269e-03
1.295062136570848788e+00 3.475080956800360478e-03
1.298781670057919557e+00 3.407633861045255251e-03
1.295826424273672117e+00 3.411806329434973091e-03
1.292463558381251154e+00 4.119847079301525682e-03
1.295011184057327291e+00 3.297296948494587900e-03
1.294043086300418421e+00 3.583508786324798683e-03
1.291291650570256522e+00 3.500018612065543353e-03
1.285075443920630889e+00 3.385348803444670866e-03
1.286196399218104247e+00 3.043771978240223872e-03
1.294603563949154879e+00 3.593835771243905630e-03
1.287164496975013339e+00 3.304658417474231648e-03
1.290170695272782941e+00 3.306201772368937836e-03
1.293941181273375207e+00 3.461772415293321113e-03
1.285330206488238591e+00 3.735410048920156326e-03
1.290068790245739727e+00 3.181591796717140284e-03
1.284209251190765233e+00 3.580113017107838802e-03
1.283801631082593042e+00 3.558729420393791452e-03
1.282935438352726942e+00 3.651642619852260747e-03
1.284565918785415484e+00 3.638965591448385575e-03
1.282171150649904501e+00 3.370650301236784857e-03
1.282986390866248216e+00 3.315732615277043778e-03
1.285992589164018263e+00 3.669797970623246523e-03
1.288030689704878773e+00 3.755390363042562969e-03
1.277789234487053172e+00 3.620752437892913421e-03
1.278145902081704088e+00 3.542940444908275650e-03
1.274783036189284013e+00 3.133078301304795862e-03
1.279776382514392630e+00 3.103321804605033239e-03
1.283088295893291431e+00 3.119238637044349002e-03
1.281203052892995187e+00 3.377117836242599699e-03
1.276158754054364630e+00 3.379112153092756442e-03
1.280999242838909202e+00 3.698899815941510821e-03
1.275700181432671165e+00 3.482990987550877056e-03
1.276413516621972333e+00 2.925153581064105033e-03
1.275649228919149669e+00 3.224690346634979075e-03
1.268006351890921701e+00 3.401777702073059770e-03
1.274273511054068608e+00 3.277177578975742391e-03
1.272031600459121670e+00 3.238191582253117755e-03
1.271165407729255792e+00 3.343707989582713532e-03
1.270859692648126593e+00 3.232699075335245757e-03
1.273509223351245723e+00 3.481138220603836788e-03
1.270146357458825426e+00 3.498219392123581330e-03
1.268923497134309075e+00 2.974069014834568227e-03
1.266681586539362137e+00 3.131300388267836774e-03
1.267343969215141808e+00 3.194507241001883456e-03
1.260159664808607305e+00 3.120902803575750697e-03
1.264541580971458412e+00 3.322209379764262151e-03
1.262095860322425489e+00 3.722237175524551692e-03
1.272948745702508822e+00 3.448307110719314207e-03
1.259293472078741649e+00 3.483453093708447322e-03
1.260210617322129245e+00 3.312759866331792952e-03
1.265917298836539251e+00 3.564855749426127512e-03
1.260516332403258222e+00 3.369591075632725249e-03
1.256542036348579305e+00 2.798976981110886438e-03
1.257510134105488397e+00 3.222822001851538640e-03
1.263013005565812641e+00 3.638062986590650388e-03
1.259038709511134391e+00 3.474778376792218935e-03
1.260363474862693511e+00 3.134051788802657418e-03
1.258631089402961978e+00 3.254150797744988916e-03
1.256694893889144238e+00 3.278504234489511802e-03
1.255981558699843070e+00 3.206670439919239064e-03
1.257153466510837925e+00 3.043004234301839844e-03
1.253688695591374636e+00 3.208390403994985235e-03
1.253433933023766933e+00 3.255682211706093822e-03
1.252414882753336567e+00 3.466550054141892458e-03
1.251956310131642658e+00 3.216649571670693233e-03
1.254554888321240291e+00 2.775911454574625167e-03
1.261127762565516397e+00 3.420215697897794564e-03
1.242733905184247867e+00 3.068487954423517600e-03
1.250427734725997109e+00 3.675665025341337371e-03
1.251701547564035177e+00 3.221629560651130715e-03
1.244721053211586881e+00 3.175138903184882878e-03
1.242784857697769363e+00 3.471149098999495863e-03
1.250784402320647803e+00 3.566861554404754907e-03
1.240237232021693226e+00 3.467033072024154443e-03
1.246759153752447613e+00 3.341195291095127966e-03
1.248287729158093384e+00 3.178162775631679544e-03
1.248950111833873500e+00 3.559575561160000130e-03
1.244721053211586881e+00 3.761261952538495681e-03
1.242835810211290859e+00 3.255108015901515828e-03
1.245179625833280790e+00 3.194243104352136129e-03
1.247727251509356705e+00 3.220146450440959825e-03
1.243600097914113523e+00 3.136357954457587825e-03
1.243039620265377287e+00 3.421866261297355685e-03
1.236364840994057523e+00 3.761869311234749495e-03
1.242988667751855347e+00 3.415719090018672858e-03
1.237842463886181799e+00 3.257691100017869913e-03
1.236466746021100738e+00 3.254808915468101159e-03
1.237638653832095814e+00 3.643995386121292625e-03
1.239167229237741363e+00 3.289792745167592711e-03
1.236110078426450265e+00 3.331355448068901680e-03
1.231982924831206860e+00 3.254681290917387556e-03
1.232237687398814785e+00 3.431109875955388848e-03
1.236313888480536249e+00 3.381416255799346484e-03
1.234887218101933692e+00 3.540884429945319149e-03
1.235091028156019899e+00 3.520796563060511059e-03
1.232645307506986754e+00 3.646331468025545888e-03
1.226021480749189374e+00 3.209001275160945632e-03
1.228059581290049884e+00 3.456860503226078830e-03
1.226429100857361565e+00 3.122998390790976929e-03
1.227601008668356197e+00 3.088226758531061218e-03
1.221945279667467688e+00 3.426991213140024618e-03
1.229231489101044961e+00 3.582291463387112570e-03
1.224034332721849916e+00 3.358137881136163353e-03
1.224034332721849694e+00 3.627933460955761694e-03
1.222556709829725641e+00 3.398876392089269366e-03
1.223575760100156451e+00 3.136866986916946043e-03
1.224391000316500611e+00 3.209907254006753256e-03
1.224441952830022107e+00 3.359096381786987225e-03
1.215423357936713078e+00 3.456139452363993052e-03
1.217512410991095306e+00 3.274467156513181845e-03
1.223932427694807146e+00 3.134486653578693466e-03
1.222301947262118382e+00 3.112043382605443088e-03
1.219142891423784070e+00 3.493187794255645656e-03
1.217716221045181735e+00 3.364656473767620778e-03
1.219550511531956039e+00 3.561577050480454251e-03
1.217767173558703009e+00 3.360066198798200652e-03
1.216391455693621948e+00 3.379331110382724403e-03
1.217970983612789215e+00 3.367105402833907302e-03
1.219040986396741078e+00 3.195417329262945777e-03
1.220263846721257428e+00 3.606358293353094900e-03
1.216900980828837131e+00 3.449812540468538864e-03
1.217970983612788993e+00 3.357066974206082688e-03
1.225002430478758786e+00 3.192291880179064928e-03
1.216697170774750925e+00 3.047897418073487220e-03
1.209512866368216644e+00 3.682746024681189580e-03
1.211245251827948621e+00 3.553589899525163350e-03
1.215780025531363773e+00 3.591208915866907301e-03
1.212977637287679933e+00 3.311125480931545288e-03
1.211856681990206575e+00 3.105425075712965610e-03
1.206710478124533026e+00 3.620196703305579577e-03
1.211398109368513110e+00 3.982127187503358562e-03
1.212824779747115445e+00 3.924653529947572106e-03
1.206506668070447041e+00 3.302980723349035249e-03
1.211296204341470117e+00 3.273182488818632187e-03
1.207067145719183721e+00 3.160185631566225783e-03
1.208901436205958468e+00 3.059947674124106724e-03
1.207678575881442118e+00 3.450094735416626805e-03
1.211194299314426903e+00 3.377286956962185453e-03
1.210531916638647232e+00 3.480810062521471487e-03
1.203602374799720431e+00 3.522035140578452274e-03
1.210430011611604018e+00 3.580113017107827526e-03
1.205385712772973683e+00 3.262536827947437514e-03
1.204723330097194012e+00 2.983133688688723896e-03
1.204876187637758500e+00 3.311270530954678933e-03
1.205895237908188866e+00 3.082757604785553874e-03
1.200443318961386563e+00 2.959963910360015153e-03
1.204417615016064813e+00 3.318612737810680037e-03
1.203092849664505248e+00 2.909433138648695287e-03
1.200035698853214150e+00 3.244563084183210103e-03
1.200698081528993599e+00 3.258173208269170198e-03
1.198558075961090097e+00 3.095028639928981435e-03
1.193411872095416548e+00 3.474539282595156490e-03
1.193615682149502533e+00 3.289729612107333920e-03
1.202481419502247073e+00 3.309462832222989735e-03
1.194074254771196220e+00 3.201505003536052416e-03
1.203602374799720653e+00 3.242642139644846908e-03
1.199628078745041959e+00 3.638662369732353213e-03
1.195144257555148304e+00 3.908091002418044753e-03
1.192239964284421472e+00 3.052323495452991149e-03
1.191017103959904899e+00 3.024708750736543328e-03
1.199271411150391486e+00 3.130475325870556852e-03
1.193615682149502755e+00 3.253225219137623192e-03
1.200290461420821853e+00 3.212821638852279924e-03
1.201971894367032112e+00 2.966097195223383037e-03
1.198405218420525387e+00 3.274764461462715583e-03
1.192647584392593441e+00 3.062648739061858000e-03
1.193615682149502311e+00 3.309400074406824988e-03
1.190558531338211434e+00 3.349634670158710414e-03
1.198252360879961120e+00 3.350320525608224860e-03
1.192953299473722639e+00 3.360688125326012719e-03
1.194991400014583594e+00 3.075759778743474612e-03
1.193513777122459540e+00 3.397959674272168357e-03
1.194227112311760930e+00 3.215305468952768444e-03
1.189080908446087159e+00 3.360070062051173818e-03
1.184851849823801206e+00 4.005201398043861660e-03
1.188316620743264496e+00 3.273717828290179273e-03
1.187807095608049313e+00 3.357654662175534738e-03
1.184851849823801428e+00 3.242994397990627779e-03
1.184698992283236496e+00 3.129264287763590391e-03
1.188316620743264496e+00 3.562345994036380300e-03
1.182202319120682077e+00 3.068555639356037017e-03
1.185565185013102152e+00 3.339357145154845004e-03
1.186686140310575954e+00 3.052370275432533982e-03
1.190507578824689494e+00 2.812560285271697297e-03
1.182864701796461970e+00 3.470012067016087307e-03
1.184648039769715000e+00 2.927331653862584766e-03
1.179909456012213864e+00 3.599267666917317122e-03
1.176393732579228857e+00 3.650174199673541543e-03
1.175680397389927467e+00 3.321459097808681423e-03
1.178482785633611085e+00 3.564214818865483244e-03
1.178228023066003605e+00 3.445004153642748038e-03
1.177871355471352910e+00 3.579594489382573706e-03
1.181387078904337917e+00 3.143976530147296437e-03
1.180164218579821123e+00 3.409065867273120692e-03
1.177667545417266926e+00 2.933360586548600796e-03
1.174712299633018597e+00 3.284758025117196552e-03
1.171604196308206003e+00 2.637642876933390425e-03
1.173489439308502025e+00 3.208082901654067502e-03
1.174559442092454109e+00 3.046478863023230170e-03
1.175782302416970460e+00 3.253225219137632733e-03
1.178890405741783276e+00 3.297678795823948041e-03
1.167171327631833622e+00 3.456879278582963063e-03
1.171247528713555308e+00 3.298072406582527177e-03
1.177056115255008528e+00 3.241332844227325181e-03
1.175119919741190788e+00 3.134039363208144472e-03
1.173540391822023521e+00 3.443617248598054847e-03
1.174202774497803636e+00 3.299347382897982635e-03
1.170636098551297133e+00 3.019554457725890859e-03
1.172215626470464178e+00 3.799633166896660731e-03
1.167426090199441324e+00 3.520708076564495193e-03
1.170992766145947606e+00 3.570935217137565648e-03
1.173183724227373048e+00 3.001877182559561236e-03
1.174457537065411117e+00 3.318863065130175146e-03
1.167680852767049027e+00 2.845851828325272458e-03
1.174763252146540093e+00 3.184018452335216857e-03
1.173030866686808560e+00 3.586315023960070549e-03
1.165031322063929675e+00 3.375579986510652327e-03
1.160649405901079234e+00 2.949195568712001912e-03
1.166712755010140157e+00 3.470950893258062993e-03
1.164012271793499309e+00 3.133061728686734569e-03
1.158152732738524593e+00 3.126321835313253944e-03
1.163502746658284126e+00 3.539641446313368696e-03
1.167018470091268911e+00 3.180755293281429912e-03
1.157592255089787914e+00 3.155371960379881220e-03
1.164317986874628508e+00 3.089184965940562806e-03
1.165642752226188072e+00 3.076266179461258164e-03
1.166356087415489462e+00 3.262966503818009838e-03
1.157490350062744699e+00 2.897384115556069731e-03
1.161107978522772921e+00 3.179579736202792391e-03
1.155656059575969952e+00 3.683144300942030151e-03
1.157796065143874120e+00 3.023747282998644724e-03
1.159579403117127372e+00 3.360900558326006086e-03
1.157490350062744922e+00 3.391141465573618147e-03
1.158967972954868975e+00 2.773141746201312346e-03
1.154127484170324625e+00 3.101765386488470385e-03
1.155961774657099372e+00 3.357364697415735674e-03
1.151732716034813198e+00 3.086305245297224064e-03
1.154637009305539808e+00 3.208649330477379019e-03
1.165133227090973111e+00 3.332060648983778579e-03
1.157337492522180211e+00 3.515424351162364010e-03
1.157745112630352402e+00 3.296635500028227174e-03
1.160955120982207989e+00 3.422173519665369472e-03
1.154229389197367617e+00 3.655806450335380257e-03
1.154229389197367395e+00 3.188487629743574393e-03
1.152293193683549877e+00 2.676826073969601049e-03
1.151376048440162281e+00 3.227494857836485896e-03
1.152089383629463448e+00 3.026699390895094387e-03
1.153516054008066449e+00 3.093216267363336960e-03
1.153567006521587723e+00 2.929104854088095036e-03
1.156369394765271563e+00 3.484198297074284859e-03
1.150611760737339617e+00 3.412567178363072606e-03
1.151579858494248487e+00 2.886287870542392914e-03
1.150204140629167648e+00 3.325364961136993702e-03
1.147656514953091511e+00 3.044125928273467164e-03
1.145873176979838259e+00 3.288881144053765020e-03
1.145924129493359755e+00 3.081995360596020191e-03
1.149694615493952243e+00 3.258647278221085859e-03
1.147401752385483809e+00 3.416874189104117214e-03
1.145210794304058588e+00 3.107932086238674504e-03
1.145873176979838259e+00 3.027471269621936217e-03
1.142357453546853474e+00 3.177390735901440468e-03
1.144650316655321909e+00 3.108938499710185883e-03
1.147045084790833114e+00 3.346036471917826580e-03
1.145669366925752275e+00 3.250195299116616886e-03
1.143376503817283840e+00 2.933533165414034354e-03
1.141236498249380116e+00 3.411349738624236579e-03
1.144752221682364679e+00 3.189545951617044073e-03
1.133440763680587215e+00 3.175040783430354945e-03
1.141134593222336902e+00 3.592130521281072797e-03
1.138586967546260764e+00 3.098562230981770187e-03
1.144701269168843405e+00 3.710725023802637166e-03
1.139147445194997665e+00 3.061376948854015526e-03
1.145669366925752053e+00 3.066054535440595422e-03
1.140828878141207703e+00 3.060015547960339127e-03
1.139096492681476169e+00 3.205148008093768822e-03
1.137160297167658429e+00 3.228681112363331919e-03
1.132982191058893751e+00 3.553326883329299777e-03
1.134408861437496308e+00 3.249871781148635456e-03
1.135326006680883681e+00 2.772917054002881337e-03
1.129364562598865973e+00 3.537073431245145450e-03
1.137058392140615215e+00 3.337210713640380473e-03
1.132880286031850758e+00 3.095376728872763737e-03
1.135886484329620583e+00 3.215890807956187092e-03
1.131300758112683491e+00 3.520136547707142759e-03
1.136497914491878536e+00 3.023421001263270399e-03
1.134001241329324117e+00 3.644793240969065786e-03
1.132014093301985103e+00 3.401842571502880583e-03
1.125645029111794981e+00 3.283694811770110963e-03
1.127377414571526515e+00 2.981740917142246781e-03
1.130893138004511744e+00 3.057999901937005164e-03
1.123810738625020011e+00 3.118938992768820195e-03
1.130944090518033018e+00 3.561646298644714770e-03
1.116728339245528945e+00 3.184250824798921017e-03
1.127020746976875598e+00 3.325228333398434679e-03
1.123810738625020011e+00 3.112272787283783867e-03
1.130026945274645644e+00 3.562200235496807560e-03
1.119479774975690622e+00 3.760640688775277688e-03
1.132014093301984659e+00 3.194019587048962158e-03
1.124116453706148988e+00 3.041190736501709051e-03
1.121619780543594791e+00 3.014546373282502890e-03
1.122995498408676074e+00 3.410679961534869749e-03
1.122282163219374462e+00 2.610335608620425844e-03
1.123454071030369317e+00 2.940114561483408127e-03
1.118664534759346463e+00 3.210412711415456220e-03
1.121212160435422378e+00 2.598578189597527174e-03
1.120345967705556722e+00 3.229806645839250999e-03
1.120295015192035004e+00 3.336421008387397552e-03
1.117849294543002081e+00 2.966399150648742385e-03
1.119174059894561646e+00 2.960073544743827001e-03
1.120447872732599492e+00 3.612511649014740929e-03
1.119785490056820265e+00 2.989814302393496888e-03
1.122027400651766982e+00 2.960704959756291135e-03
1.115607383948055586e+00 2.972763695735497220e-03
1.118256914651174494e+00 3.085619602053287815e-03
1.111072610244640213e+00 3.281195497723050913e-03
1.114282618596496022e+00 3.262568657730310299e-03
1.113874998488323831e+00 3.076468716408733289e-03
1.114078808542409815e+00 3.536339370132913357e-03
1.117849294543002303e+00 3.484734744821848477e-03
1.116575481704964012e+00 3.600792897285115361e-03
1.116015004056227777e+00 2.716758206129778717e-03
1.111072610244640213e+00 3.322865737507168550e-03
1.111582135379855174e+00 3.372806241333617481e-03
1.111633087893376892e+00 3.046755810031316278e-03
1.110206417514774335e+00 3.083549128536055596e-03
1.112193565542113793e+00 3.179416430010043645e-03
1.110664990136468244e+00 3.279422678398890602e-03
1.120804540327250187e+00 2.524263834336387853e-03
1.110563085109424808e+00 3.176344710904174286e-03
1.108677842109128564e+00 3.142510470780606607e-03
1.106079263919531375e+00 3.179089792457969431e-03
1.112397375596199778e+00 3.487813996427138047e-03
1.105416881243751481e+00 3.264939103852279763e-03
1.111480230352812182e+00 3.000661829231966900e-03
1.107149266703483015e+00 3.162029408184714556e-03
1.110868800190554007e+00 3.627629317100003643e-03
1.108677842109128786e+00 2.945496014253552904e-03
1.103888305838105932e+00 2.844683895036292237e-03
1.106130216433052649e+00 3.273214215079671505e-03
1.105926406378966442e+00 3.134718556792320029e-03
1.099863057269905742e+00 3.177652188348845629e-03
1.101034965080900818e+00 3.322025732657036320e-03
1.104499736000364107e+00 3.133956524652396856e-03
1.108270222000956373e+00 3.197382885414777002e-03
1.103327828189369253e+00 2.777257881527233144e-03
1.098945912026518368e+00 3.309682475208241235e-03
1.101799252783723482e+00 3.604107954622504800e-03
1.098334481864260193e+00 3.077038280099497237e-03
1.107047361676440023e+00 3.330346088699474936e-03
1.104499736000364107e+00 2.966276621718204592e-03
1.094462090836624713e+00 3.003498329290330091e-03
1.095175426025925880e+00 2.986612775982665745e-03
1.106130216433052649e+00 3.767331133252686294e-03
1.101901157810766474e+00 3.299186070532503842e-03
1.106843551622353816e+00 3.112593925428673667e-03
1.096347333836920956e+00 3.297993688188957141e-03
1.095226378539447376e+00 3.163982884486501914e-03
1.096958763999179132e+00 2.937287561575842917e-03
1.100321629891599651e+00 3.330283724419658663e-03
1.100729249999771620e+00 3.271675137035941119e-03
1.092678752863371461e+00 3.424448649126428899e-03
1.096602096404528437e+00 2.987620953483581445e-03
1.096856858972136362e+00 3.032492253506773646e-03
1.098130671810174208e+00 3.563366136871537644e-03
1.091506845052376384e+00 2.959683227831632311e-03
1.098793054485953657e+00 3.089672360916084250e-03
1.096347333836920734e+00 3.325431321156019967e-03
1.099557342188776765e+00 3.345353618409892434e-03
1.092882562917457445e+00 3.205411246142955868e-03
1.096143523782834750e+00 3.222664914903657259e-03
1.090436842268424522e+00 3.326711420013093307e-03
1.088959219376300247e+00 3.154989347180392478e-03
1.087328738943611706e+00 3.369325254042140894e-03
1.091710655106462369e+00 3.325052660913854242e-03
1.089927317133209561e+00 3.352443075374575594e-03
1.093341135539151132e+00 3.205115608070439187e-03
1.088653504295171270e+00 3.316922534256683958e-03
1.090283984727860034e+00 3.141961038584388695e-03
1.091252082484768904e+00 2.909009253605901631e-03
1.087379691457133424e+00 3.097661401477454397e-03
1.088806361835735759e+00 3.286354175139030893e-03
1.077953476455652204e+00 3.158640794628781064e-03
1.090742557349553499e+00 3.278809091379678714e-03
1.080297292077642135e+00 3.281163848634695204e-03
1.088093026646435035e+00 3.468515404420261742e-03
1.089213981943907950e+00 3.331515202789626408e-03
1.086513498727267546e+00 3.232731198903494776e-03
1.087685406538262400e+00 3.201245499198793979e-03
1.084475398186406592e+00 3.523685900041398540e-03
1.093086372971543652e+00 3.251377263861718239e-03
1.087889216592348607e+00 3.388185073882037796e-03
1.088653504295171270e+00 3.619346802209160059e-03
1.088857314349257255e+00 3.113840628377054047e-03
1.087226833916568713e+00 2.963189848487801474e-03
1.086870166321918241e+00 3.286433172328410285e-03
1.083507300429498166e+00 3.275656214407427630e-03
1.082182535077938157e+00 3.210186276337054223e-03
1.086360641186702836e+00 2.965086077176698649e-03
1.082335392618502867e+00 3.385682380111281527e-03
1.082029677537373669e+00 3.624221162137607113e-03
1.088042074132912873e+00 3.034559064144498781e-03
1.083558252943019218e+00 3.457941797606048882e-03
1.084169683105277837e+00 2.889375932871454580e-03
1.075660613347183769e+00 3.494852179508833260e-03
1.085137780862186263e+00 3.392213095268112235e-03
1.078463001590867387e+00 3.324740331355662167e-03
1.079533004374819249e+00 3.132547934039509648e-03
1.085341590916272692e+00 2.950339728736212606e-03
1.079634909401862464e+00 3.081864791576491552e-03
1.081978725023852173e+00 3.415719090018682399e-03
1.077392998806915303e+00 3.218892528329471425e-03
1.082335392618502867e+00 3.418495988228424133e-03
1.075762518374226984e+00 3.624568568252139241e-03
1.070922029589682190e+00 3.179253115428856084e-03
1.075609660833662051e+00 3.179841008666522886e-03
1.078310144050302677e+00 2.960231411123218602e-03
1.080042529510034433e+00 3.164130577335878131e-03
1.078055381482695196e+00 2.732931527902447959e-03
1.068323451400084778e+00 3.328162643586485281e-03
1.080399197104685127e+00 3.008783673801081453e-03
1.077800618915087716e+00 3.062224867680851323e-03
1.080450149618206623e+00 3.247798104962018768e-03
1.068221546373041786e+00 3.269309574946899742e-03
1.078157286509738189e+00 3.287424425648813233e-03
1.070412504454467006e+00 3.353941220048613919e-03
1.070616314508553435e+00 3.076835780644343859e-03
1.074081085428016502e+00 3.307108599072671688e-03
1.066030588291616787e+00 3.199115958090793972e-03
1.074081085428016724e+00 3.024172255095526184e-03
1.071380602211376099e+00 3.259431931543750691e-03
1.070157741886859526e+00 3.006181025681578089e-03
1.069495359211079855e+00 3.348456375896427355e-03
1.071890127346591060e+00 3.326680203950301788e-03
1.069495359211079855e+00 3.428142514130195356e-03
1.070667267022074931e+00 2.391166227916868663e-03
1.070361551940945510e+00 3.054160134340366730e-03
1.070514409481510221e+00 3.252490952261997362e-03
1.068476308940649266e+00 3.045558365915452311e-03
1.068832976535299961e+00 3.440392797126508913e-03
1.066234398345702550e+00 3.210651259668672979e-03
1.064654870426535505e+00 3.150002904722810394e-03
1.062973437480325245e+00 2.837149239430584915e-03
1.068527261454170985e+00 3.428403775322326312e-03
1.064756775453578497e+00 3.276987447030712229e-03
1.060578669344813596e+00 2.764614081380813854e-03
1.070361551940945510e+00 3.465879708517894363e-03
1.058183901209302169e+00 3.294744915559072625e-03
1.065877730751051855e+00 3.055044048152657891e-03
1.061342957047636482e+00 3.370095693714712879e-03
1.062311054804545574e+00 2.854086750063477076e-03
1.066591065940353023e+00 2.917742200194247976e-03
1.064807727967099993e+00 3.464212644742524494e-03
1.063126295020889733e+00 3.385563523229088816e-03
1.067355353643176130e+00 3.111238246913030931e-03
1.056502468263092132e+00 2.910989828546370946e-03
1.066998686048525213e+00 3.608661185993408595e-03
1.062514864858631780e+00 3.181151129640488132e-03
1.059202951479732979e+00 3.084252067035781874e-03
1.061241052020593711e+00 3.542467777062880720e-03
1.060680574371856810e+00 3.120008424396239141e-03
1.060374859290727834e+00 3.292904492660063930e-03
1.062820579939760757e+00 3.365890802461616541e-03
1.056043895641398445e+00 3.401472417558929710e-03
1.059865334155512873e+00 2.982720277512992957e-03
1.057164850938872025e+00 3.052268209098262051e-03
1.062820579939760757e+00 3.271230732404677675e-03
1.060629621858335314e+00 3.074843825676360897e-03
1.058744378858039070e+00 2.997220704630902330e-03
1.053852937559973446e+00 3.125246257032220955e-03
1.059508666560861956e+00 3.448167825257746066e-03
1.062463912345110062e+00 3.183985837298970896e-03
1.055381512965618773e+00 3.145202539306571343e-03
1.061241052020593711e+00 3.230449631757483821e-03
1.056808183344221330e+00 3.277652860585178463e-03
1.054973892857446804e+00 2.851975631176648356e-03
1.054107700127580705e+00 3.144273788386376528e-03
1.062412959831588566e+00 2.936668792577791943e-03
1.052426267181370445e+00 3.030711013551193756e-03
1.054770082803360598e+00 3.230100024041103381e-03
1.053190554884193553e+00 3.095443825855765958e-03
1.053751032532930232e+00 3.369514028054615591e-03
1.055687228046747972e+00 2.976708461494973097e-03
1.050184356586423950e+00 3.137880667307660527e-03
1.055636275533226254e+00 3.180069604463475579e-03
1.055891038100833956e+00 3.036598819479863903e-03
1.052630077235456652e+00 3.135894373351758111e-03
1.054566272749274614e+00 2.896846444448787465e-03
1.050897691775724674e+00 2.707204429708928543e-03
1.048757686207821394e+00 3.330346088699474936e-03
1.049878641505294530e+00 3.038837978851381422e-03
1.055483417992661765e+00 3.269706600824248688e-03
1.051916742046155484e+00 3.036273918786744526e-03
1.049929594018816026e+00 3.504625591504437806e-03
1.049725783964730264e+00 3.425172581563595657e-03
1.047993398504998508e+00 3.025270896067484144e-03
1.046159108018223760e+00 2.833120119377385750e-03
1.049827688991773034e+00 3.087146317299773075e-03
1.045089105234271676e+00 3.246854723608404939e-03
1.043917197423276821e+00 3.250638586260194175e-03
1.044324817531449012e+00 2.752468739989852482e-03
1.046974348234568142e+00 2.862656229852709230e-03
1.048604828667257127e+00 3.494150113661278860e-03
1.046923395721046646e+00 3.040699839404495571e-03
1.043713387369190615e+00 3.491117351557286065e-03
1.047331015829218614e+00 3.232173006486893565e-03
1.049623878937686827e+00 3.709661423907465068e-03
1.051509121937983293e+00 2.823504929592871547e-03
1.043152909720453936e+00 3.348460252544115112e-03
1.049471021397122339e+00 3.306170362659000689e-03
1.051458169424461575e+00 3.255139918325638398e-03
