# V, V_err
9.519479105169332822e-01 3.104409160433896017e-03
9.526612457062344497e-01 3.074240076092486264e-03
9.512345753276317817e-01 3.518321789436473258e-03
9.452221787320925772e-01 2.946377281892436500e-03
9.582660221936015743e-01 3.166017157273302157e-03
9.546993462470955150e-01 3.105496135536911680e-03
9.539860110577939034e-01 2.948103802293564144e-03
9.521007680574977705e-01 3.094034483650383045e-03
9.524574356521483542e-01 3.203758562949497908e-03
9.545464887065306936e-01 3.091180277386854167e-03
9.487888546785988586e-01 3.004228640124037824e-03
9.540879160848371177e-01 2.989744834833774501e-03
9.506740976788953246e-01 3.074472301501825211e-03
9.553107764093534682e-01 3.154795965869055911e-03
9.546993462470954039e-01 3.287428374267446253e-03
9.503683825977661259e-01 2.997510863792328135e-03
9.544955361930089754e-01 2.901681897790406393e-03
9.562788741662623382e-01 3.022695327483073367e-03
9.542407736254016060e-01 3.061270942487132225e-03
9.602022177074194254e-01 3.136374509658370561e-03
9.584698322476877808e-01 3.414441946922996442e-03
9.503683825977659039e-01 2.861930613501982665e-03
9.552598238958316390e-01 2.765792359729975832e-03
9.621384132212369433e-01 3.109422798365602068e-03
9.523555306251051400e-01 3.164409533910402840e-03
9.619346031671511810e-01 2.760027628611647077e-03
9.546483937335733527e-01 2.749259952407025632e-03
9.529669607873636483e-01 3.028551569338758850e-03
9.569412568420418985e-01 3.026956705674064673e-03
9.646350863837915846e-01 2.957752814404466298e-03
9.541898211118799988e-01 2.857050600038898210e-03
9.610174579237635850e-01 3.208649330477384657e-03
9.584698322476876697e-01 3.151914414419371233e-03
9.587245948152955943e-01 2.847780605981576826e-03
9.591322149234676742e-01 3.021011436744668738e-03
9.591322149234673411e-01 3.233534184392104164e-03
9.498588574625508318e-01 2.941734443629153914e-03
9.598455501127685086e-01 2.931479260803602962e-03
9.609155528967207038e-01 3.538115536347188114e-03
9.673355696004323212e-01 3.029425815523138690e-03
9.541898211118799988e-01 2.995453158545588902e-03
9.603041227344621955e-01 2.976848003425549595e-03
9.583169747071231814e-01 2.980138425171992463e-03
9.600493601668549370e-01 2.662877022896365485e-03
9.570941143826067199e-01 3.339854671381438898e-03
9.640746087350549054e-01 2.892397868389598621e-03
9.559222065716116434e-01 3.015958427596558862e-03
9.583169747071229594e-01 3.032813279210267842e-03
9.540879160848371177e-01 3.132232985985109082e-03
9.590303098964245709e-01 3.154166365864905126e-03
9.581131646530370860e-01 2.802383611633087798e-03
9.545974412200525228e-01 3.040973044089725127e-03
9.565845892473916479e-01 3.497358407054995070e-03
9.579603071124725977e-01 2.829053142614303823e-03
9.620874607077157803e-01 3.231253184229038178e-03
9.615269830589789901e-01 3.250371023775407153e-03
9.528650557603205451e-01 3.183957298868178749e-03
9.569412568420421206e-01 3.138128865652849760e-03
9.578074495719078874e-01 2.891531573906949877e-03
9.670298545193031226e-01 3.234678094299293146e-03
9.592341199505105553e-01 3.404524030828312044e-03
9.626988908699738445e-01 3.075688031899260176e-03
9.644312763297056001e-01 3.159758411805885757e-03
9.631065109781460354e-01 2.956523713238567996e-03
9.598965026262902267e-01 2.702616611303383914e-03
9.561260166256978499e-01 2.802388243683596146e-03
9.598455501127687306e-01 3.201549603725675937e-03
9.620365081941941732e-01 3.208487503874569990e-03
9.638707986809688100e-01 3.124166153495218541e-03
9.612212679778495694e-01 3.491269795845680125e-03
9.604060277615054098e-01 3.035692430758107994e-03
9.609155528967207038e-01 2.926928100816409122e-03
9.616798405995434784e-01 3.144802178100447078e-03
9.696793852224223631e-01 3.234678094299300952e-03
9.633103210322322418e-01 3.322084344538936331e-03
9.667241394381740349e-01 3.217182213727778819e-03
9.646860388973133027e-01 2.974143213089588782e-03
9.663674718435231181e-01 3.049408964742243537e-03
9.650936590054851605e-01 3.223341542600845992e-03
9.611703154643282954e-01 2.972846659487069897e-03
9.685074774114270646e-01 3.033669181671352563e-03
9.636669886268828256e-01 2.866213623509714613e-03
9.603041227344623065e-01 2.920499226215637813e-03
9.650427064919639975e-01 3.249296558560466151e-03
9.646860388973130807e-01 3.158710657287395421e-03
9.665203293840879395e-01 3.338863432581704038e-03
9.619855556806724550e-01 2.698439535947064032e-03
9.601512651938978182e-01 3.244114965529763112e-03
9.671317595463461148e-01 2.953154234072090639e-03
9.718703433038474726e-01 2.834805720784872897e-03
9.625460333294091342e-01 2.968848667298641750e-03
9.673355696004324322e-01 3.322088251960952053e-03
9.606607903291128903e-01 3.031135009317189287e-03
9.624950808158879711e-01 2.507956006574435862e-03
9.655522316271790695e-01 3.062559730938148837e-03
9.658069941947866610e-01 3.025566945888083503e-03
9.696793852224219190e-01 3.446077867768390646e-03
9.684055723843844055e-01 3.360931456552888105e-03
9.643293713026624969e-01 2.709883457088240691e-03
9.624950808158878601e-01 3.142886342730649533e-03
9.682017623302979770e-01 2.888117732586598964e-03
9.708003405198957214e-01 2.846946330632917251e-03
9.742651114393591216e-01 2.898674119307472711e-03
9.711060556010246980e-01 2.781391260577578857e-03
9.674374746274753134e-01 2.678648798694586216e-03
9.686603349519916639e-01 2.964297953905024700e-03
9.725327259796270329e-01 3.461682420039929702e-03
9.714117706821538967e-01 3.115611839290447372e-03
9.775260723047364264e-01 3.305636351927164311e-03
9.703417678982018124e-01 3.048557481331467221e-03
9.711060556010248090e-01 2.945496014253539026e-03
9.741122538987943003e-01 2.827432977765758498e-03
9.738574913311865977e-01 3.272230557950792009e-03
9.683546198708625763e-01 2.720597042193523361e-03
9.796660778726401508e-01 3.525000795528204865e-03
9.688131924925563743e-01 3.206443740566296448e-03
9.736536812771007243e-01 2.925597311908507969e-03
9.758446393585260559e-01 3.101376159914856403e-03
9.766089270613490525e-01 3.134536348568812969e-03
9.729912986013209419e-01 3.306103616034589132e-03
9.825194186298449317e-01 2.638808981756813297e-03
9.771694047100855096e-01 2.691194846774262305e-03
9.695774801953790378e-01 2.806202454471442079e-03
9.759465443855691591e-01 2.843766548756101065e-03
9.772713097371282798e-01 2.998307574355886605e-03
9.831308487921032180e-01 3.452761278754414020e-03
9.773222622506503310e-01 3.112377056547883936e-03
9.829270387380172336e-01 3.179142873343836738e-03
9.803794130619415403e-01 2.508623601808550232e-03
9.809908432241997156e-01 3.260944942677922696e-03
9.782394074940373718e-01 2.839952510030569182e-03
9.829779912515387297e-01 3.345570905098751990e-03
9.778827398993870101e-01 2.863925616088902355e-03
9.824684661163237687e-01 3.236070308908672259e-03
9.830798962785819439e-01 3.330981358262099460e-03
9.885318152253844692e-01 2.784656254343883565e-03
9.792075052509463529e-01 3.429111730942908075e-03
9.854746644140933709e-01 2.964910956776520713e-03
9.864937146845236260e-01 2.926839400380889990e-03
9.808379856836352273e-01 2.745177494317970358e-03
9.845575191707061080e-01 2.847766931307023526e-03
9.922513487124554610e-01 3.011543559537298211e-03
9.883789576848200920e-01 3.115407680448263432e-03
9.844046616301413977e-01 2.858227104700598094e-03
9.872070498738247935e-01 3.044386033990042605e-03
9.901113431445515145e-01 2.880376730355535628e-03
9.897546755499009308e-01 3.244599091031376368e-03
9.903151531986376099e-01 3.120769702910490898e-03
9.915380135231540715e-01 3.628287666953967320e-03
9.957161196319188612e-01 3.163699787253214293e-03
9.944932593074023996e-01 3.130703379934480449e-03
9.899584856039870262e-01 3.014064056884061156e-03
9.900094381175084113e-01 2.981810571170110009e-03
9.918437286042831591e-01 2.874096654704939163e-03
9.882770526577767667e-01 3.290360888199121876e-03
9.913342034690679760e-01 2.898920408909457219e-03
9.901113431445516255e-01 3.487813996427137180e-03
9.914870610096323533e-01 3.204682226268020743e-03
9.956651671183971430e-01 3.077481201203918944e-03
9.920984911718909727e-01 2.770917427678445955e-03
9.952575470102253963e-01 2.979376068168776773e-03
9.968370749293922195e-01 2.588162001551493063e-03
9.937799241181011212e-01 3.253384820442668888e-03
9.927099213341492590e-01 3.326446074141935043e-03
9.988242229567315666e-01 3.256563245846916255e-03
9.911303934149819916e-01 3.300885355975773094e-03
9.956142146048759800e-01 2.945015612364780024e-03
9.971937425240430253e-01 2.726526082655562032e-03
1.000760418470549418e+00 3.011823718962117116e-03
9.988242229567317887e-01 3.072804111247093729e-03
9.972956475510860175e-01 2.966976718878441225e-03
9.995885106595544523e-01 2.946143771640434735e-03
9.959199296860049566e-01 3.169799234074963026e-03
9.984166028485593758e-01 2.967519180573743951e-03
1.004734714525227890e+00 2.851083395816838423e-03
1.002594708957324166e+00 3.055095035377647286e-03
1.002441851416759455e+00 3.412445453934462997e-03
1.000199940821812516e+00 3.000038823911554443e-03
9.999451782542049250e-01 2.945125803209566826e-03
1.004327094417055921e+00 3.200142370997823178e-03
1.006518052498480920e+00 2.986265049649075316e-03
1.004225189390012929e+00 2.990543614345399660e-03
1.006721862552567126e+00 3.289855877016322795e-03
1.009422345769207752e+00 3.451497842249808511e-03
1.009371393255686034e+00 2.562232648713572234e-03
1.005906622336222744e+00 3.352547618820361265e-03
1.010849016147810531e+00 3.075540312538005763e-03
1.006518052498480920e+00 3.300130226024071932e-03
1.003868521795362234e+00 3.455358144133236116e-03
1.004938524579314096e+00 3.048544707269854048e-03
1.007588055282432782e+00 2.879605993449318394e-03
1.013702356905015645e+00 2.599077676039338210e-03
1.005855669822701470e+00 3.165639931231220647e-03
1.012326639039934362e+00 2.932010580963602831e-03
1.004581856984663402e+00 2.859607403874342944e-03
1.011001873688374797e+00 2.863018969064269528e-03
1.008861868120471073e+00 3.287424425648805860e-03
1.013039974229235529e+00 2.788787977229797987e-03
1.015587599905311667e+00 3.260845424045459399e-03
1.014415692094316812e+00 2.796750003011469303e-03
1.019816658527597841e+00 3.016974009063943130e-03
1.017829510500258383e+00 2.918378325995647261e-03
1.012071876472326881e+00 3.251936151594118744e-03
1.011154731228939285e+00 3.212433745743040886e-03
1.016555697662220537e+00 3.325540617124228548e-03
1.014568549634881078e+00 3.174022611993626650e-03
1.019052370824774956e+00 3.115507678287473929e-03
1.019001418311253460e+00 3.060817193753586924e-03
1.016657602689263529e+00 2.954349586914660312e-03
1.016148077554048346e+00 3.299174266879018221e-03
1.022211426663109268e+00 3.494060952348560477e-03
1.021905711581980292e+00 3.170126828890230432e-03
1.014313787067273598e+00 2.630334372982426859e-03
1.019918563554640611e+00 2.855869065404396771e-03
1.018644750716602765e+00 3.338579611994956821e-03
1.023230476933539634e+00 2.990053084820655602e-03
1.024249527203970000e+00 3.175821569206492383e-03
1.020224278635770032e+00 3.041724230445034139e-03
1.028376680799213183e+00 3.205621821018411755e-03
1.020835708798028207e+00 3.027282606329839698e-03
1.021345233933243390e+00 3.317396034573978462e-03
1.025064767420314382e+00 3.153837113207685026e-03
1.023587144528190329e+00 3.289670423762947656e-03
1.023128571906496420e+00 3.207479949667691767e-03
1.021498091473807879e+00 3.303086832289857909e-03
1.019612848473511857e+00 2.896971909966186524e-03
1.023994764636362298e+00 3.633153604402264425e-03
1.027408583042304313e+00 3.320990085509904072e-03
1.023281429447061130e+00 3.267387287887709400e-03
1.030058113745423221e+00 2.703745091624445464e-03
1.025574292555529565e+00 3.140804025055800829e-03
1.028376680799212961e+00 3.202380675421982563e-03
1.029395731069643549e+00 3.037966441239236138e-03
1.027357630528782817e+00 3.167820660665519265e-03
1.026338580258352451e+00 2.835341422156528388e-03
1.027816203150476504e+00 2.914604026008254904e-03
1.029854303691337014e+00 2.826147200621667056e-03
1.029701446150772526e+00 3.300071224219647964e-03
1.032198119313327167e+00 3.229324322384857955e-03
1.030822401448246106e+00 3.174730050867929400e-03
1.037751943287172685e+00 3.505947635511943994e-03
1.034541934935317098e+00 2.962699171450056471e-03
1.031535736637547496e+00 3.229360499142731183e-03
1.034796697502924800e+00 3.262886938481235864e-03
1.030720496421202892e+00 3.273372841772430927e-03
1.038720041044081777e+00 3.215014778264783761e-03
1.039484328746904440e+00 2.901538740944471090e-03
1.039433376233382944e+00 3.096282415461615745e-03
1.038567183503517066e+00 3.100224935233614892e-03
1.048401018613170477e+00 2.931691800422749940e-03
1.034694792475881808e+00 3.184006221735762639e-03
1.037293370665479220e+00 3.585880653440764228e-03
1.035000507557010785e+00 2.816876888169469236e-03
1.041981001909459081e+00 2.922005596862523903e-03
1.036783845530264037e+00 2.797525006905878572e-03
1.041726239341851379e+00 3.029425815523129582e-03
1.049471021397122339e+00 3.435559891488246861e-03
1.044375770044970508e+00 3.103656416204023279e-03
1.049420068883601065e+00 2.907505078751829175e-03
1.047585778396826095e+00 3.183105104998988546e-03
1.039840996341555135e+00 3.318925644009919525e-03
1.044630532612577989e+00 2.848291080187384701e-03
1.052731982262499644e+00 3.490764101402730329e-03
1.048808638721342890e+00 3.167505121699248916e-03
1.047636730910347813e+00 2.849534977947499378e-03
1.047687683423869309e+00 3.418951624678951730e-03
1.049929594018816026e+00 3.261354927414357278e-03
1.046515775612874233e+00 3.048408447281973025e-03
1.051101501829810880e+00 2.667713233146809960e-03
1.050541024181074423e+00 2.899063695049606312e-03
1.049369116370079347e+00 2.991914933714853730e-03
1.051407216910940523e+00 3.104342257226868663e-03
1.051916742046155484e+00 3.030282674772497454e-03
1.054413415208709903e+00 3.487843770349214993e-03
1.047127205775132630e+00 3.578245240100092015e-03
1.053496269965322529e+00 2.949349616107323126e-03
1.052477219694892163e+00 2.859244231853176783e-03
1.052731982262499644e+00 2.972606494908915965e-03
1.057113898425350307e+00 3.304992283050339763e-03
1.056604373290135124e+00 3.083683835748792477e-03
1.052833887289542636e+00 2.968988578638156149e-03
1.059814381641990932e+00 2.956453463452525868e-03
1.059253903993254253e+00 3.332792964877724813e-03
1.061342957047636482e+00 3.467298890366897566e-03
1.062107244750459589e+00 3.520888734129107127e-03
1.063432010102018932e+00 3.354146340220895417e-03
1.061954387209895101e+00 3.085598567643537370e-03
1.060171049236641849e+00 3.273261803894665645e-03
1.058948188912125055e+00 3.306091837078638761e-03
1.059202951479732757e+00 3.392117427809640626e-03
1.062922484966803971e+00 2.951571405054418881e-03
1.062412959831588788e+00 3.434607611976176443e-03
1.061190099507071771e+00 3.204001658060244041e-03
1.063941535237234559e+00 2.860265535629950406e-03
1.067813926264869373e+00 2.943785602669293355e-03
1.068374403913606274e+00 3.382613768954804371e-03
1.068425356427127992e+00 3.248213745364422755e-03
1.071686317292505297e+00 3.224597760216754185e-03
1.066642018453874741e+00 3.474718604785318517e-03
1.063941535237234115e+00 3.050877215087191129e-03
1.071227744670811610e+00 3.144802178100440573e-03
1.067151543589089924e+00 3.268829109160052097e-03
1.070412504454467228e+00 3.321271500836940702e-03
1.075252993239011357e+00 3.048204045879418424e-03
1.073673465319844755e+00 3.223369732339255445e-03
1.060935336939464513e+00 3.211265743026560458e-03
1.073724417833365807e+00 2.805055033696984314e-03
1.074539658049710189e+00 2.906723671998746091e-03
1.073316797725193616e+00 3.106432301399017840e-03
1.074539658049710411e+00 3.082707075092787092e-03
1.073520607779279823e+00 2.974527268586555587e-03
1.076017280941834242e+00 3.554028216597089531e-03
1.078513954104388661e+00 2.834425631927621134e-03
1.077240141266350593e+00 2.965466928340086163e-03
1.070922029589682412e+00 3.085598567643533033e-03
1.079023479239604288e+00 3.230228619784252485e-03
1.076883473671700120e+00 3.404299067780796988e-03
1.079991576996512714e+00 3.131068231886872423e-03
1.078259191536781403e+00 3.095343179835854941e-03
1.075303945752533075e+00 2.805161467465761872e-03
1.075151088211968586e+00 3.327491726408022404e-03
1.076883473671700564e+00 3.159055838334241025e-03
1.078055381482694974e+00 3.229324322384841909e-03
1.081469199888636989e+00 3.262154846328525239e-03
1.084832065781057286e+00 3.309576577731549070e-03
1.086054926105573859e+00 3.368265611747705938e-03
1.083354442888933455e+00 3.292064728994572535e-03
1.080704912185814326e+00 3.179841008666513345e-03
1.087685406538262400e+00 3.027008166005057226e-03
1.084169683105277615e+00 3.232056536921760169e-03
1.079431099347776257e+00 3.300920748453741414e-03
1.086819213808396745e+00 3.306323482176549457e-03
1.086972071348961233e+00 2.741586152444712952e-03
1.090895414890117987e+00 3.635435952792105858e-03
1.094462090836624713e+00 2.996575324583590494e-03
1.090233032214338316e+00 3.023146210383133650e-03
1.086972071348961011e+00 3.143055676942881592e-03
1.088704456808692989e+00 3.179763445644470058e-03
1.093137325485065148e+00 3.388625632510374516e-03
1.090436842268424522e+00 2.773445987870799302e-03
1.090283984727860034e+00 3.127052519090860964e-03
1.089112076916864957e+00 2.997116760187355962e-03
1.095939713728748544e+00 2.985330334434057285e-03
1.093290183025630080e+00 3.045221633128956246e-03
1.091710655106462591e+00 3.456740338527260290e-03
1.097009716512700628e+00 3.396186651513336593e-03
1.098130671810173986e+00 3.288277217176520297e-03
1.101748300270201986e+00 2.885802110387203964e-03
1.103327828189369031e+00 3.088827774246104448e-03
1.098181624323695704e+00 3.101815605714522764e-03
1.091761607619984087e+00 2.970212521732995634e-03
1.101391632675551291e+00 3.009991435188416175e-03
1.106232121460095641e+00 3.607437957323609938e-03
1.101391632675551513e+00 2.829489005887528882e-03
1.100015914810470230e+00 3.149359981376029932e-03
1.106181168946574145e+00 2.980939778840470573e-03
1.100627344972728627e+00 3.263682504561343616e-03
1.110410227568860320e+00 2.974317789917641473e-03
1.110868800190554229e+00 2.926515620976421084e-03
1.103786400811062718e+00 3.542339522971629795e-03
1.105467833757272977e+00 2.998065119640456674e-03
1.112142613028592075e+00 3.291137980562327918e-03
1.111684040406898388e+00 2.674550774670260596e-03
1.110868800190554229e+00 3.043921239296848609e-03
1.115046906299318685e+00 3.105425075712972549e-03
1.111276420298726419e+00 3.180657346786297524e-03
1.110817847677032510e+00 2.945055281543869190e-03
1.111072610244640213e+00 3.241392915223619605e-03
1.110053559974209625e+00 3.227909091153920943e-03
1.116677386732007005e+00 3.351184426149354193e-03
1.115301668866926166e+00 3.058186670241995215e-03
1.113569283407194410e+00 3.008356527854392799e-03
1.117288816894265624e+00 3.047671686225898648e-03
1.117747389515959089e+00 2.968726239467579103e-03
1.113059758271979449e+00 3.500923437019516464e-03
1.116524529191442738e+00 3.082673388170789099e-03
1.109442129811951672e+00 3.504773744492145540e-03
1.116116909083270770e+00 3.367880204616554348e-03
1.115199763839883396e+00 3.563675765307762564e-03
1.118664534759346685e+00 3.273674211312927081e-03
1.124524073814321623e+00 3.704759325401442514e-03
1.120957397867815120e+00 2.804124723191559442e-03
1.119479774975690622e+00 3.022751154728164046e-03
1.120498825246121211e+00 3.398589944333704586e-03
1.127071699490397538e+00 3.260463244269055406e-03
1.124982646436015088e+00 3.232269391918744707e-03
1.124829788895450600e+00 3.621067913765988605e-03
1.128498369868999873e+00 2.937848760718209627e-03
1.119581680002733837e+00 3.151140063150541844e-03
1.122791688354589867e+00 3.309713851587669890e-03
1.126001696706445676e+00 3.200142370997827081e-03
1.125950744192923958e+00 2.880737238222362377e-03
1.130332660355774621e+00 3.366180032777710968e-03
1.126562174355182355e+00 3.152783273639781121e-03
1.134510766464539300e+00 3.885038108654414839e-03
1.126664079382225125e+00 3.206573285016210174e-03
1.132166950842549369e+00 3.289792745167600951e-03
1.132370760896635575e+00 3.213399351142710858e-03
1.133287906140022949e+00 3.202846791956406782e-03
1.132829333518329262e+00 3.103990991731731073e-03
1.129007895004215278e+00 2.772542526539985459e-03
1.135122196626797475e+00 3.236070308908664452e-03
1.139300302735561932e+00 3.097958913677439745e-03
1.132065045815506155e+00 3.421532418465019713e-03
1.134154098869888827e+00 2.748528013323877240e-03
1.135580769248491384e+00 3.206269656969617469e-03
1.134154098869888827e+00 3.100928279652675340e-03
1.138892682627390185e+00 3.232538452705494697e-03
1.142204596006288764e+00 3.212660022415051581e-03
1.144038886493063290e+00 3.205540832318723270e-03
1.138383157492174780e+00 3.626340895613702590e-03
1.140217447978949750e+00 3.234465397815166395e-03
1.140828878141207703e+00 3.135443143784937860e-03
1.147452704899005305e+00 2.880845381785203212e-03
1.152446051224114365e+00 3.397929112752229482e-03
1.146535559655618153e+00 3.465111834950795021e-03
1.146127939547445740e+00 3.500474762075175047e-03
1.151630811007769983e+00 3.359355284637122966e-03
1.145414604358144572e+00 2.995708824074010991e-03
1.146331749601531946e+00 3.359200718171770871e-03
1.151019380845512030e+00 3.094605009005220453e-03
1.144854126709407893e+00 3.462537280506795649e-03
1.156369394765271341e+00 3.338070229611358412e-03
1.157133682468094227e+00 3.416004101416415892e-03
1.148777470250564869e+00 3.168980098876294366e-03
1.148471755169436115e+00 3.082837608438652923e-03
1.155248439467798205e+00 3.074408969038903202e-03
1.151019380845512030e+00 3.318080729550884709e-03
1.154789866846104296e+00 3.074168293780497711e-03
1.161566551144466386e+00 2.761964642111194509e-03
1.154993676900190502e+00 3.551105080857931175e-03
1.154382246737932105e+00 3.342341191621084860e-03
1.163553699171805622e+00 3.330045949888314066e-03
1.160853215955164996e+00 3.382172427226830865e-03
1.161617503657988104e+00 3.139481201755690235e-03
1.157897970170917112e+00 2.999281525193448102e-03
1.154789866846104518e+00 3.479795560067552168e-03
1.155095581927233273e+00 3.251692648033933843e-03
1.161974171252638577e+00 3.214857309834091327e-03
1.162279886333767775e+00 3.218747348243881316e-03
1.165897514793795553e+00 3.352702492007279909e-03
1.162585601414896530e+00 3.239217635398770022e-03
1.164114176820542523e+00 2.924052837997186301e-03
1.164216081847585516e+00 3.381205111751630493e-03
1.165795609766752783e+00 3.541382967425533383e-03
1.159324640549519669e+00 3.339609804454547574e-03
1.162228933820246279e+00 3.350006676981119591e-03
1.170687051064818407e+00 3.029250129440942598e-03
1.162177981306724783e+00 3.562611987998425510e-03
1.170534193524253919e+00 3.929215229442306959e-03
1.166203229874924752e+00 3.318612737810677869e-03
1.165438942172101866e+00 3.258077589163705517e-03
1.172266578983985674e+00 3.121422673663352965e-03
1.164776559496321973e+00 3.471040648203536742e-03
1.177616592903745429e+00 3.721455924166829250e-03
1.168852760578044103e+00 3.112172685503640686e-03
1.175476587335841483e+00 3.170847418348243709e-03
1.177361830336137727e+00 3.445595679657062482e-03
1.174763252146540315e+00 3.690098382778753735e-03
1.172470389038071881e+00 3.511156894318562868e-03
1.176597542633314841e+00 3.526160590241477627e-03
1.181132316336729993e+00 3.072922392530377193e-03
1.184444229715629016e+00 3.302961073171110321e-03
1.181438031417859413e+00 3.557842945113690730e-03
1.179501835904041451e+00 3.664913389977862181e-03
1.179450883390520177e+00 3.421228896712374175e-03
1.178431833120089811e+00 2.973510286168075303e-03
1.182762796769418756e+00 3.412814417742803148e-03
1.188622335824393694e+00 3.091650563206608127e-03
1.181488983931380687e+00 3.362908352580198934e-03
1.183323274418155435e+00 3.381876887964005950e-03
1.190762341392297641e+00 3.626140433348560947e-03
1.187093760418748145e+00 3.312505159070167939e-03
1.188112810689178289e+00 3.148069617363617560e-03
1.191220914013991106e+00 3.398284373447715140e-03
1.193972349744153227e+00 3.479411314644002655e-03
1.184087562120978099e+00 3.202088811401009819e-03
1.184648039769715222e+00 3.149487752233589514e-03
1.195602830176841769e+00 3.200288395092513311e-03
1.192341869311464464e+00 2.990543614345407466e-03
1.195908545257970745e+00 3.290853988387087287e-03
1.192443774338507456e+00 3.699924408901322792e-03
1.186838997851140443e+00 3.401842571502872777e-03
1.198405218420525387e+00 3.328236748235474055e-03
1.188112810689178289e+00 3.675407213182576953e-03
1.192953299473722639e+00 3.225080790547114277e-03
1.201819036826467402e+00 3.295710036889785369e-03
1.195093305041626586e+00 3.088411698900626716e-03
1.196061402798535456e+00 2.935585632994995500e-03
1.202736182069854776e+00 2.888158183264590180e-03
1.199628078745042181e+00 3.217597774694595791e-03
1.205946190421710584e+00 3.611994178543750846e-03
1.209309056314130659e+00 3.650344893856836883e-03
1.202532372015768569e+00 3.416798207743478640e-03
1.205946190421710362e+00 3.023554094117770347e-03
1.211500014395556324e+00 3.098130703484516454e-03
1.194532827392890129e+00 3.473672428175359015e-03
1.206200952989318065e+00 3.184739974565194837e-03
1.199679031258563455e+00 3.514984913192470504e-03
1.207474765827356133e+00 3.149388833313097706e-03
1.208442863584264781e+00 2.818351133328250973e-03
1.201717131799424187e+00 2.795895857763265428e-03
1.206099047962275073e+00 3.278207268704967127e-03
1.210480964125125736e+00 3.076603733632988797e-03
1.212417159638943476e+00 3.669996048230245774e-03
1.214608117720368696e+00 3.379081421109646211e-03
1.208442863584264781e+00 2.926803919453985561e-03
1.207118098232705217e+00 3.192182088388125817e-03
1.216238598153057460e+00 3.573493428254460175e-03
1.210786679206254934e+00 3.183353855014770667e-03
1.219448606504913268e+00 3.305699181196576023e-03
1.217614316018138521e+00 3.474632680724019321e-03
1.214659070233890414e+00 3.046704683247693571e-03
1.225206240532844992e+00 3.511729884601558997e-03
1.220416704261822138e+00 3.819369281841148486e-03
1.214811927774454903e+00 2.997684079753348482e-03
1.223320997532548748e+00 3.333727602468502475e-03
1.216136693126014245e+00 3.478721058521289100e-03
1.227397198614270435e+00 3.472420338444239581e-03
1.219703369072520971e+00 3.260208432861854549e-03
1.227091483533141236e+00 3.178783539270136488e-03
1.223626712613677725e+00 3.509441060975128455e-03
1.219346701477870276e+00 3.402865055571376637e-03
1.226938625992576526e+00 3.722237175524548223e-03
1.227702913695399634e+00 3.220908241801686504e-03
1.228110533803571602e+00 3.559010273899840347e-03
1.233562452750374128e+00 3.106327832588929964e-03
1.230199586857953831e+00 3.290203080531176136e-03
1.238097226453789501e+00 3.224388424601656693e-03
1.240288184535214944e+00 3.431382260124221824e-03
1.245128673319759294e+00 3.291374621990068080e-03
1.242632000157204653e+00 3.682041005344288860e-03
1.236059125912928547e+00 3.111793103668335052e-03
1.243600097914113745e+00 3.458380976878174754e-03
1.242886762724812355e+00 2.913468109299699720e-03
1.237027223669837417e+00 3.026300509750303163e-03
1.240899614697472897e+00 3.524569917432831493e-03
1.243243430319463050e+00 3.670261313994026275e-03
1.237791511372660302e+00 3.196457112844981827e-03
1.239320086778305852e+00 3.344969452051878289e-03
1.239421991805349066e+00 3.244599091031349913e-03
1.247523441455270721e+00 3.450726768356918335e-03
1.243600097914113523e+00 3.155339049240315445e-03
1.247931061563442690e+00 3.007195592567635418e-03
1.246198676103711156e+00 3.133852973378408596e-03
1.241714854913817501e+00 3.201809083415480157e-03
1.249510589482609735e+00 3.525589945284208528e-03
1.249714399536695941e+00 3.884493450518789089e-03
1.253382980510245215e+00 3.243654779279839771e-03
1.247013916320055538e+00 3.560625663064551603e-03
1.245791055995538965e+00 3.242097665101725205e-03
1.249612494509653171e+00 3.454640537195820087e-03
1.255981558699842848e+00 3.374714638070060776e-03
1.252160120185729086e+00 3.244999140239597426e-03
1.249306779428523750e+00 3.855944027625855201e-03
1.252618692807422551e+00 3.500029738382830994e-03
1.252414882753336567e+00 3.062559730938154041e-03
1.262605385457640672e+00 3.367783845942227353e-03
1.260516332403258222e+00 2.861263791283087405e-03
1.256745846402665512e+00 3.390927098994839413e-03
1.258529184375918764e+00 3.606757806690193309e-03
1.266579681512319144e+00 3.363217137617046607e-03
1.256694893889144238e+00 3.439272017066471229e-03
1.256643941375622520e+00 2.957599204692145604e-03
1.262146812835946763e+00 3.430674773051128196e-03
1.260057759781564535e+00 3.320427183303652132e-03
1.266630634025840640e+00 3.083296536649522256e-03
1.264541580971458412e+00 3.657705599280303144e-03
1.261535382673688588e+00 3.282322797408163649e-03
1.269993499918260937e+00 3.016543719678731975e-03
1.263063958079334359e+00 3.319523994969308337e-03
1.260822047484387420e+00 3.178309809555890895e-03
1.267700636809792503e+00 3.558933679687141440e-03
1.262146812835946763e+00 3.263125628671373173e-03
1.271318265269820502e+00 3.602108475345179583e-03
1.267038254134012831e+00 3.346055869129494625e-03
1.269025402161352067e+00 2.983655810402851150e-03
1.267853494350357213e+00 3.440770081995331211e-03
1.270655882594040609e+00 3.565259913428532774e-03
1.276209706567886348e+00 3.494376721758255151e-03
1.275088751270412546e+00 2.988007620953897665e-03
1.274681131162240799e+00 3.537278941058427835e-03
1.276617326676058317e+00 3.584102805700059655e-03
1.276107801540843134e+00 3.425206689788531933e-03
1.275241608810977478e+00 2.991789110980605688e-03
1.274732083675762295e+00 3.192291880179082275e-03
1.278604474703397997e+00 3.437610930484458812e-03
1.283903536109635812e+00 3.278630931704355853e-03
1.280489717703694019e+00 3.488755473663568505e-03
1.280846385298344492e+00 3.564531656898583395e-03
1.281610673001167600e+00 3.441449090527953260e-03
1.282273055676947049e+00 3.428536291504942404e-03
1.290833077948562391e+00 3.607419965572000557e-03
1.287826879650793011e+00 3.632310308716001686e-03
1.290476410353911918e+00 3.247462356570454591e-03
1.288794977407701658e+00 3.432320306805303374e-03
1.294043086300418421e+00 3.547831968332104159e-03
1.291852128218993201e+00 3.075350377218994020e-03
1.291648318164906772e+00 3.161007045741273148e-03
1.291087840516170315e+00 3.573744063476754461e-03
1.299698815301307153e+00 3.142952425459917369e-03
1.294195943840983132e+00 3.460553530827787435e-03
1.295724519246628237e+00 3.759712053249079748e-03
1.303724063869507344e+00 3.716307422114401016e-03
1.302959776166684458e+00 3.341999404788845249e-03
1.298374049949747144e+00 3.201387418239554951e-03
1.297354999679317222e+00 3.178926461096073103e-03
1.304641209112894495e+00 3.001877182559556032e-03
1.301227390706952702e+00 3.703133198129174471e-03
1.301838820869210656e+00 3.569131740097008978e-03
1.304335494031765519e+00 3.277890475547154923e-03
1.302552156058512267e+00 2.930628948185695550e-03
1.300361197977086603e+00 3.638894247435404353e-03
1.300310245463565106e+00 3.453043232721175922e-03
1.304335494031765519e+00 3.459761963633710587e-03
1.312487896195208670e+00 3.710042815512847557e-03
1.306934072221362930e+00 2.935302619342815191e-03
1.312844563789859142e+00 3.602811121539719295e-03
1.309991223032654029e+00 3.311815391846340169e-03
1.309736460465046548e+00 3.226143202703531804e-03
1.313863614060289731e+00 3.230321044812578535e-03
1.310602653194912426e+00 3.157457004082050902e-03
1.313252183898031333e+00 3.659862688066621746e-03
1.312080276087036479e+00 3.597781478153400971e-03
1.317481242520317730e+00 3.526399865483820836e-03
1.323238876548248788e+00 3.656796970697592103e-03
1.317481242520317508e+00 3.402758243250806301e-03
1.316818859844538059e+00 2.627781721063266861e-03
1.314118376627897433e+00 3.331468446103350630e-03
1.319825058142307661e+00 3.405427546204786628e-03
1.311417893411256808e+00 3.684860273349607578e-03
1.318856960385398569e+00 3.271528331469019009e-03
1.325786502224325369e+00 3.450034535764548438e-03
1.316360287222844150e+00 3.031567509544987570e-03
1.316462192249887364e+00 3.599556176117238264e-03
1.320844108412737583e+00 3.576038919503441403e-03
1.316258382195800936e+00 3.908147467809878345e-03
1.318806007871876851e+00 3.382939941051532444e-03
1.317277432466231524e+00 3.506465948079298071e-03
1.317481242520317730e+00 3.312289622242846170e-03
1.324716499440373729e+00 3.552322128347423086e-03
1.325582692170239163e+00 3.298871291985861799e-03
1.325888407251368362e+00 3.582693660465562958e-03
1.327111267575885156e+00 3.635235992066868007e-03
1.335569384820457506e+00 3.654581242088609204e-03
1.339034155739920795e+00 3.656796970697598174e-03
1.327060315062363216e+00 3.374810798854200461e-03
1.333276521711988849e+00 3.689947117015869062e-03
1.334040809414811513e+00 3.204629568411260839e-03
1.333480331766074611e+00 3.186646941222297160e-03
1.336537482577365932e+00 3.291169533735768728e-03
1.336078909955672245e+00 3.345881290176117712e-03
1.336690340117930198e+00 3.238027223223266353e-03
1.343161309335163089e+00 3.301958759034787083e-03
1.338218915523576191e+00 3.002391721269284837e-03
1.337709390388361008e+00 3.204337909228551634e-03
1.340358921091479916e+00 3.373268049227625028e-03
1.341632733929517984e+00 3.403627903237539665e-03
1.345301314903067480e+00 3.428222030513774967e-03
1.342244164091776160e+00 3.159285938079800429e-03
1.337709390388360786e+00 3.610441322128703744e-03
1.344282264632636892e+00 3.311584130907167713e-03
1.347797988065621899e+00 3.644052381546505383e-03
1.346422270200540838e+00 3.699938442451340594e-03
1.346167507632933358e+00 3.336028031205422791e-03
1.347747035552100625e+00 3.242534052707739256e-03
1.347441320470971649e+00 3.221311233137878934e-03
1.350039898660568838e+00 3.257053491934236607e-03
1.345046552335459999e+00 3.463463141239671826e-03
1.348154655660272594e+00 3.788291111340155032e-03
1.350192756201133104e+00 3.132912571179288612e-03
1.352587524336645197e+00 3.502847266893584395e-03
1.353148001985381654e+00 3.076603733632982292e-03
1.356969440499495416e+00 3.411806329434980464e-03
1.351874189147343586e+00 3.501928112022171993e-03
1.354319909796376731e+00 3.539916480290897921e-03
1.355797532688500784e+00 3.910697524542023837e-03
1.358803730986269942e+00 3.816105159476579269e-03
1.359160398580920859e+00 3.607207656125903470e-03
1.354014194715247532e+00 2.976861085146185158e-03
1.359568018689093050e+00 3.023918996086926922e-03
1.361809929284039766e+00 3.624496940850484381e-03
1.365733272825196742e+00 3.176671630716059510e-03
1.370064236474526354e+00 3.392243708284994972e-03
1.367058038176756529e+00 3.653956050068180809e-03
1.365427557744067988e+00 3.746486035897647528e-03
1.365733272825196742e+00 3.856600426997870614e-03
1.368433756041837590e+00 3.750451124003251376e-03
1.358956588526835096e+00 3.638537506386923560e-03
1.367261848230842736e+00 3.725667160632737361e-03
1.371389001826086140e+00 3.161520321224998986e-03
1.365376605230546936e+00 3.506614023312708446e-03
1.370166141501568902e+00 3.340806761038731584e-03
1.372459004610037336e+00 3.426870001061620673e-03
1.371643764393693399e+00 3.763163072428298093e-03
1.369860426420440369e+00 3.620497886186008121e-03
1.379235688908399871e+00 3.398971869309948875e-03
1.376535205691759467e+00 2.985743384216833600e-03
1.370369951555655552e+00 3.083363896509215378e-03
1.376789968259367170e+00 3.070048558541430255e-03
1.378777116286706184e+00 3.644707764875209678e-03
1.374497105150898513e+00 3.314103612757737013e-03
1.371134239258478216e+00 3.270004338597928741e-03
1.379082831367835160e+00 3.452682327517639198e-03
1.391820959748215403e+00 3.792383635648829444e-03
1.382700459827862938e+00 3.542119648011116811e-03
1.378369496178533993e+00 3.345415701761085027e-03
1.380917121854610352e+00 3.710417170976464899e-03
1.386369040801413099e+00 3.409191519958348297e-03
1.384229035233508931e+00 3.439411662780593286e-03
1.394368585424291540e+00 3.794436795064844679e-03
1.380101881638265970e+00 3.728035631606740202e-03
1.384993322936331817e+00 3.619318110082458181e-03
1.395234778154156974e+00 3.530152522109020891e-03
1.393604297721468210e+00 3.469203949407911360e-03
1.386572850855498862e+00 3.434804135716384814e-03
1.392177627342865653e+00 3.710014824801617823e-03
1.391005719531870799e+00 3.087045400758682383e-03
1.394929063073027997e+00 3.539333382885366617e-03
1.393859060289076135e+00 3.406201252785536621e-03
1.398546691533055997e+00 3.339823578163638070e-03
1.391413339640043212e+00 3.647612828384664413e-03
1.398342881478969790e+00 3.457190934611888925e-03
1.394827158045984783e+00 3.369806799479582726e-03
1.395183825640635922e+00 3.550520164916729730e-03
1.398648596560099211e+00 3.275557142735808537e-03
1.402062414966041004e+00 3.792989433246470900e-03
1.403234322777035636e+00 3.286634606567037566e-03
1.400024314425180050e+00 3.529784790992013428e-03
1.402826702668863668e+00 3.280689075670885184e-03
1.405832900966633270e+00 3.151255404122294164e-03
1.403641942885207827e+00 3.574132694930892609e-03
1.397120021154453218e+00 3.495635800728644823e-03
1.403285275290556910e+00 3.618719109996222476e-03
1.408533384183273451e+00 3.655746087373404167e-03
1.406800998723542140e+00 3.722934582842592991e-03
1.411794345048650978e+00 2.901570057108048776e-03
1.403794800425772760e+00 3.118460334553659064e-03
1.411845297562172474e+00 3.653277453580358516e-03
1.413373872967818023e+00 3.681099594072895220e-03
1.405119565777332102e+00 4.277329222810864230e-03
1.408227669102144919e+00 3.430928274495739696e-03
1.409654339480747254e+00 3.567327351301319976e-03
1.410520532210612910e+00 3.409694084394223387e-03
1.411488629967522002e+00 3.322834485316468640e-03
1.413985303130076199e+00 3.823761242835582545e-03
1.416991501427846245e+00 3.752108638271931060e-03
1.413628635535425726e+00 3.715619251639395385e-03
1.419590079617443878e+00 3.990476468397382258e-03
1.414392923238248834e+00 3.491582099942243302e-03
1.425653428726504357e+00 3.585822733395956606e-03
1.418418171806448802e+00 3.798649137011055141e-03
1.421424370104218404e+00 3.399094076239043798e-03
1.419284364536314236e+00 3.735900000970022138e-03
1.424328663374944792e+00 3.692911499570465834e-03
1.422800087969299243e+00 3.354900919692540510e-03
1.424277710861423518e+00 3.397413345640038461e-03
1.430290107456962945e+00 3.297946456250936721e-03
1.425245808618332388e+00 3.551397502702614752e-03
1.426774384023978159e+00 3.120570041268038927e-03
1.418265314265884092e+00 3.184430188437423898e-03
1.423921043266772601e+00 3.269782030291048906e-03
1.431360110240914585e+00 3.232699075335245757e-03
1.424532473429030999e+00 3.686550799264003749e-03
1.424073900807337090e+00 3.045937678512472199e-03
1.427997244348494288e+00 3.370804342687553495e-03
1.431563920295000347e+00 3.450576294824000186e-03
1.431716777835565502e+00 3.677995109499605005e-03
1.422341515347605778e+00 3.520520035375897163e-03
1.431462015267957799e+00 3.370496252745867807e-03
1.435996788971372951e+00 3.647345915432308270e-03
1.433754878376426456e+00 3.244775118759482373e-03
1.437168696782368249e+00 3.838381727665392436e-03
1.425551523699461809e+00 3.745515768622581423e-03
1.440837277755917301e+00 3.780700537424877723e-03
1.435385358809114775e+00 3.425373436221390393e-03
1.438442509620406096e+00 3.399811953234399380e-03
1.438799177215056568e+00 3.804112748626328148e-03
1.439716322458444386e+00 3.807823526662053489e-03
1.437270601809411463e+00 3.743158358163342636e-03
1.443232045891428950e+00 3.483825715316587503e-03
1.441092040323525003e+00 3.434728550993160125e-03
1.447970629648930307e+00 3.671166610098842986e-03
1.444149191134816324e+00 4.058507635073567779e-03
1.453014928487560864e+00 3.350320525608229631e-03
1.447715867081322827e+00 3.373795202626961830e-03
1.437780126944625980e+00 3.804522203197455675e-03
1.442824425783256759e+00 3.728791135846245240e-03
1.450365397784441956e+00 2.922116655398006909e-03
1.450518255325006223e+00 3.500296759387815614e-03
1.451639210622480025e+00 4.089792297933810515e-03
1.453524453622776269e+00 3.797982722022070264e-03
1.455715411704201268e+00 3.329016697100421838e-03
1.451180638000785672e+00 3.656970905357845823e-03
1.451690163136001743e+00 3.395532998021506300e-03
1.451027780460221628e+00 3.674135546170232552e-03
1.451792068163044513e+00 3.120008424396237406e-03
1.452199688271216482e+00 3.565525690007487290e-03
1.452403498325302467e+00 3.304850885276672083e-03
1.460963520596918030e+00 3.361615007169794361e-03
1.460759710542831824e+00 4.298182021161128623e-03
1.467842109922322891e+00 3.683027994627849442e-03
1.464020671408209129e+00 3.234244660259144068e-03
1.467944014949366105e+00 4.075165977364278436e-03
1.459893517812966168e+00 3.536306333800128508e-03
1.456938272028717840e+00 3.633664489193800910e-03
1.460199232894095367e+00 3.519380512150327260e-03
1.459333040164229045e+00 3.268928384738753381e-03
1.462695906056649342e+00 3.279600795063678659e-03
1.464173528948773617e+00 3.537216555412977474e-03
1.469523542868533594e+00 3.334194823015204558e-03
1.466262582003155845e+00 3.166099156987321056e-03
1.466874012165413799e+00 3.512561478370239236e-03
1.467026869705978731e+00 3.469005632528045398e-03
1.465396389273290412e+00 3.425111943880598028e-03
1.460708758029310328e+00 4.015016035918191756e-03
1.464886864138075007e+00 3.424353882244825144e-03
1.464275433975816831e+00 3.815696947848826268e-03
1.466262582003155845e+00 3.966174548574609611e-03
1.470287830571356036e+00 3.642655736905268862e-03
1.476504037220981225e+00 3.424717772771065320e-03
1.481650241086654773e+00 3.796642703090751664e-03
1.475637844491115791e+00 3.795753654082858856e-03
1.472580693679824471e+00 3.500864111400357054e-03
1.467536394841193914e+00 3.657563640943636667e-03
1.479968808140444514e+00 3.495427842553834596e-03
1.481344526005526019e+00 3.865264526720320337e-03
1.475383081923508310e+00 3.289887442486368746e-03
1.484146914249209415e+00 3.988547006634471023e-03
1.476300227166895240e+00 3.620637712578351260e-03
1.482720243870607302e+00 3.586546666726583149e-03
1.486083109763027377e+00 3.462443556109014685e-03
1.484758344411467368e+00 4.167762994882336439e-03
1.477726897545498241e+00 3.644052381546504515e-03
1.479204520437622072e+00 3.516181237357563025e-03
1.487560732655151208e+00 3.817020075256317199e-03
1.489089308060796979e+00 3.845142834999120372e-03
1.489344070628404459e+00 3.302395097872221682e-03
1.483841199168080216e+00 3.199927378954009645e-03
1.485064059492596789e+00 3.482033040002760482e-03
1.482363576275956163e+00 3.400315903964308030e-03
1.492503126466738550e+00 3.138984999297758736e-03
1.490159310844748841e+00 3.540444485635695950e-03
1.495152657169857902e+00 3.860233848715524749e-03
1.488477877898538582e+00 3.887900485505220351e-03
1.490515978439399536e+00 3.584088318593958104e-03
1.489904548277141361e+00 3.351281262103255557e-03
1.490872646034049787e+00 3.410679961534864111e-03
1.489191213087839749e+00 4.161968980242579212e-03
1.494235511926470306e+00 3.897980510559594276e-03
1.489700738223055154e+00 3.207483996703114262e-03
1.492146458872088077e+00 3.698534823871825646e-03
1.496069802413245498e+00 3.264346653696383049e-03
1.495560277278030092e+00 3.246163002959199986e-03
1.501317911305961594e+00 3.835678685681135486e-03
1.501216006278918602e+00 3.293188308007514303e-03
1.503254106819779556e+00 3.992856912792554572e-03
1.509113645874754273e+00 3.726614729657748339e-03
1.500757433657224915e+00 3.815996307312276205e-03
1.502336961576391960e+00 3.374041435844349259e-03
1.495203609683379398e+00 3.426722268044011567e-03
1.499126953224536596e+00 3.555780944576335256e-03
1.510234601172227853e+00 3.484477707248374162e-03
1.503916489495559228e+00 3.378190071984872589e-03
1.509062693361232999e+00 3.902962535748428965e-03
1.506260305117549159e+00 3.355334242459922980e-03
1.502999344252172076e+00 3.453704794309653790e-03
1.509674123523490730e+00 3.788085512376692353e-03
1.502795534198085869e+00 3.735132033364590119e-03
1.501470768846526305e+00 3.869476922321817610e-03
1.504884587252468320e+00 4.194849606641588152e-03
1.500553623603138709e+00 3.832885684579789842e-03
1.503916489495559228e+00 3.772478818914117623e-03
1.507737928009673212e+00 3.886791856856539832e-03
1.507686975496151494e+00 3.569131740097004207e-03
1.505750779982334420e+00 3.456860503226087504e-03
1.505241254847118348e+00 3.564968628668858247e-03
1.506769830252764564e+00 3.630204788224666249e-03
1.512578416794217784e+00 3.256734641080478478e-03
1.512221749199567089e+00 3.318663587075646685e-03
1.512680321821260332e+00 3.921063249802181350e-03
1.508247453144888839e+00 3.204277143557344998e-03
1.506973640306850548e+00 3.195250769988775604e-03
1.512935084388868257e+00 3.410988227553575589e-03
1.505597922441769487e+00 3.808726799152375910e-03
1.520374151363010462e+00 3.687441535387162624e-03
1.517215095524675705e+00 3.580174655269302564e-03
1.517011285470589499e+00 3.952273196993430320e-03
1.514412707280992532e+00 3.410436373616950075e-03
1.514056039686341837e+00 3.753924488615090291e-03
1.514667469848599790e+00 3.364471285406073296e-03
1.521189391579354400e+00 3.791086150262672899e-03
1.518081288254541805e+00 3.374345355193440147e-03
1.522717966985000171e+00 3.516461797674945433e-03
1.517826525686934325e+00 3.653845919938771176e-03
1.514157944713384829e+00 3.489246578333857901e-03
1.528577506039974887e+00 3.450786955932878819e-03
1.519915578741316109e+00 3.449281951464659886e-03
1.524807020039382399e+00 4.074477885621353990e-03
1.521342249119919110e+00 3.734826192350613420e-03
1.522055584309220055e+00 3.498367816408551930e-03
1.527558455769544521e+00 3.546510897043741485e-03
1.525775117796291047e+00 4.108238951263491756e-03
1.524399399931210430e+00 4.027282929814880556e-03
1.525265592661076308e+00 3.948080095375554321e-03
1.535812762960030664e+00 3.884877726460971795e-03
1.526080832877420690e+00 3.676300649302104238e-03
1.530055128932098718e+00 3.848598197520604423e-03
1.528679411067018101e+00 3.330638405695137555e-03
1.530564654067314123e+00 3.706402250585211135e-03
1.529545603796883535e+00 3.616925103438141300e-03
1.532347992040567375e+00 3.578081989965237273e-03
1.531227036743093795e+00 3.474090936624416037e-03
1.526284642931506896e+00 3.697481760264693072e-03
1.540194679122881549e+00 3.978771476864170417e-03
1.534029424986777412e+00 3.625499595698518200e-03
1.539532296447101878e+00 3.519044854068560050e-03
1.535303237824815703e+00 3.358891563902947908e-03
1.541570396987962610e+00 3.863665635950375328e-03
1.538513246176671290e+00 3.784917878012500434e-03
1.530717511607878611e+00 3.689507355742912414e-03
1.539277533879493953e+00 3.325895804215767051e-03
1.541315634420354463e+00 3.513415043198777656e-03
1.539277533879493953e+00 3.900696952489015549e-03
1.545391835502076594e+00 3.906017825523044364e-03
1.535252285311293763e+00 4.499496428185844818e-03
1.546258028231942250e+00 3.601935495259344505e-03
1.538156578582020373e+00 3.728982598781383460e-03
1.546563743313071670e+00 3.643713958141103163e-03
1.552270424827481676e+00 3.878754862705442123e-03
1.543048019880086219e+00 3.564706452034519142e-03
1.544321832718124288e+00 3.794795983752987604e-03
1.545188025447990388e+00 3.430353139781730596e-03
1.540092774095838557e+00 3.561792079852950897e-03
1.544016117636995533e+00 3.388614140404197679e-03
1.546359933258985686e+00 3.896997997527284433e-03
1.550079466746056456e+00 3.295060088300322178e-03
1.540653251744574792e+00 3.919954065741693139e-03
1.547073268448286631e+00 3.592553296406474951e-03
1.554919955530600584e+00 3.690298888302667810e-03
1.549722799151405761e+00 4.280011135807681305e-03
1.546461838286028234e+00 2.962195266703676437e-03
1.551658994665223279e+00 3.847491739515344986e-03
1.551658994665223501e+00 3.610790054047663487e-03
1.554257572854821134e+00 3.469634220637182222e-03
1.554716145476514821e+00 4.018586980716939289e-03
1.546512790799549952e+00 3.480064133616288333e-03
1.554308525368342631e+00 3.596756660384835356e-03
1.555888053287509676e+00 3.572999371121606850e-03
1.556091863341596104e+00 3.893368878645540789e-03
1.561339972234312423e+00 3.717983649386657954e-03
1.561798544856005666e+00 3.248561403696414909e-03
1.562511880045307500e+00 3.558583513720401433e-03
1.558435678963585591e+00 3.646359947592139363e-03
1.563021405180522239e+00 3.607419965572001425e-03
1.554002810287212988e+00 4.219729547565791508e-03
1.564295218018560751e+00 3.706192108885160517e-03
1.557773296287805698e+00 3.412966556151228285e-03
1.561849497369527384e+00 3.777351453995465760e-03
1.560168064423317347e+00 3.598109791112659266e-03
1.564855695667297431e+00 3.210618915181511455e-03
1.558384726450064095e+00 3.621214887457735974e-03
1.562868547639957528e+00 3.743106339725468194e-03
1.556142815855117378e+00 3.636610500006814788e-03
1.567199511289287361e+00 3.268479635135298437e-03
1.561798544856005666e+00 3.257340431016931409e-03
1.567607131397459552e+00 3.744850297197858426e-03
1.565059505721382971e+00 3.386633084998830895e-03
1.560015206882753303e+00 3.535810751768076517e-03
1.563836645396866620e+00 3.207706575788278006e-03
1.564702838126732720e+00 2.937994566571352963e-03
1.570562377181707658e+00 3.580983104677669566e-03
1.565365220802512836e+00 3.823852900549745866e-03
1.569645231938319840e+00 3.927969551973468573e-03
1.565416173316033888e+00 3.640791522176490408e-03
1.570868092262836635e+00 3.155252655865728364e-03
1.575810486074424199e+00 3.497644188528422314e-03
1.573976195587649451e+00 4.008457263482519649e-03
1.567810941451544871e+00 3.832885684579788541e-03
1.579937639669667160e+00 3.651169803246351493e-03
1.572192857614396422e+00 3.894115640366397572e-03
1.571173807343965612e+00 3.387246301381602841e-03
1.563581882829258696e+00 3.244903132927623272e-03
1.571275712371008604e+00 3.254629442014149443e-03
1.573874290560606015e+00 3.992037575759688553e-03
1.568473324127325208e+00 4.060298352621611109e-03
1.570613329695228488e+00 4.288797491492041085e-03
1.573874290560606237e+00 2.997307322246912584e-03
1.569950947019449039e+00 3.779601678226875757e-03
1.578663826831628869e+00 3.912462995657961691e-03
1.582281455291656869e+00 3.507587462302420682e-03
1.577288108966547808e+00 3.394749212453394144e-03
1.579784782129102672e+00 3.626229926800535967e-03
1.583147648021522746e+00 3.532093507672337367e-03
1.581975740210527892e+00 3.656711775192419793e-03
1.580294307264317410e+00 3.890450467125462601e-03
1.579326209507408985e+00 3.773992519487283370e-03
1.588548614454803998e+00 3.381788604992819885e-03
1.576421916236682153e+00 3.463062090258739976e-03
1.586408608886900051e+00 3.546968387389814407e-03
1.580701927372489379e+00 3.478142630358414811e-03
1.590179094887492761e+00 3.910033607424720156e-03
1.583555268129695159e+00 3.240291436679422401e-03
1.586612418940986258e+00 3.444269314278309343e-03
1.580549069831925557e+00 3.514153892908476653e-03
1.582943837967436540e+00 3.512605824507878012e-03
1.584574318400125303e+00 3.402254654286501669e-03
1.581771930156441686e+00 3.617194261144488637e-03
1.582740027913350778e+00 3.460782338791548556e-03
1.585491463643512677e+00 3.644996238658598699e-03
1.584166698291953335e+00 4.213695853448641560e-03
1.586153846319292793e+00 3.751416654562181405e-03
1.588650519481847212e+00 3.388338318162857458e-03
1.586714323968029028e+00 3.726172328521141965e-03
1.588752424508889982e+00 3.618432128718801662e-03
1.586153846319292571e+00 3.846408586775876964e-03
1.583759078183781588e+00 3.579812062608679450e-03
1.587325754130287203e+00 3.599988896564089609e-03
1.596497206564161164e+00 3.977939449085520288e-03
1.596853874158811637e+00 3.545778789713432966e-03
1.596395301537117950e+00 3.807567844599144078e-03
1.587631469211417068e+00 3.607150078529021333e-03
1.583810030697302640e+00 3.526631762918240424e-03
1.593287198212305134e+00 3.636863923958407775e-03
1.589924332319884837e+00 3.367876350322500292e-03
1.592828625590611225e+00 3.951905328572828148e-03
1.601235790321662300e+00 3.370034065022622753e-03
1.585083843535340486e+00 3.639036934062663160e-03
1.599452452348409492e+00 3.425979718472626882e-03
1.585593368670555670e+00 3.476380630535635258e-03
1.598535307105021896e+00 3.915315269125419807e-03
1.591045287617358195e+00 3.431109875955390583e-03
1.596038633942467921e+00 3.820891584663559191e-03
1.595478156293730798e+00 3.999158887008373055e-03
1.596853874158811637e+00 3.763163072428292455e-03
1.598891974699672591e+00 3.538449385380334350e-03
1.595070536185558607e+00 3.637666911403097426e-03
1.597261494266983606e+00 3.930453906886503812e-03
1.597210541753462332e+00 3.536471512377884711e-03
1.599860072456581683e+00 3.726381343477498578e-03
1.603324843376044528e+00 3.718681854417625783e-03
1.597261494266983828e+00 3.672297916391590363e-03
1.598993879726715583e+00 3.307485388984991118e-03
1.597567209348112804e+00 3.424444858501508177e-03
1.607401044457766437e+00 3.670477049344952718e-03
1.598025781969806491e+00 3.263889319978474125e-03
1.600573407645882407e+00 3.439336179314896134e-03
1.599095784753758354e+00 3.861847605513848113e-03
1.603121033321958988e+00 3.566443013124066808e-03
1.602000078024485408e+00 3.438460450014386386e-03
1.606891519322551254e+00 3.443259125325824101e-03
1.601949125510963690e+00 4.104366496477883028e-03
1.603019128294915774e+00 3.766228373312707073e-03
1.604445798673518109e+00 3.862469394271785678e-03
1.605566753970991467e+00 4.006384182515103712e-03
1.607961522106503116e+00 3.914701874111667194e-03
1.608827714836369216e+00 3.592784536963901203e-03
1.608929619863411986e+00 3.425267325794231071e-03
1.609999622647364070e+00 3.925827517005964738e-03
1.610662005323143520e+00 3.821316226124913448e-03
1.606025326592685376e+00 3.494150113661275391e-03
1.607299139430723223e+00 3.482334989653430943e-03
1.606432946700857567e+00 3.623619390275529574e-03
1.603222938349001758e+00 3.879424132810101698e-03
1.610865815377229282e+00 3.836017093082720077e-03
1.608114379647067160e+00 3.586144901774567656e-03
1.612598200836961482e+00 3.635753724888117662e-03
1.610203432701450277e+00 3.837678240462129124e-03
1.613413441053305641e+00 3.596756660384838825e-03
1.612445343296396993e+00 3.963892698356106560e-03
1.606229136646770916e+00 3.572272692386051305e-03
1.601694362943356209e+00 3.502035606297433830e-03
1.609795812593277420e+00 3.598484969244726030e-03
1.609235334944540963e+00 3.940234005444637720e-03
1.619222027594758861e+00 3.775385275652583250e-03
1.614840111431907976e+00 3.370407671675357437e-03
1.613413441053305641e+00 3.729988487980504582e-03
1.621565843216749014e+00 4.382804779379851148e-03
1.612700105864004474e+00 3.507161847316416642e-03
1.610407242755536039e+00 3.588804400142870353e-03
1.617591547162070320e+00 3.981918557169084397e-03
1.613770108647956336e+00 3.716429672573477207e-03
1.616776306945725938e+00 4.073091792527998127e-03
1.616419639351075910e+00 3.776468175334187546e-03
1.610152480187928559e+00 3.899395560198733266e-03
1.623043466108872845e+00 3.580838104764470786e-03
1.615553446621209810e+00 3.752873131878601241e-03
1.614330586296693237e+00 3.710854454296168368e-03
1.616419639351075244e+00 3.989744489050200439e-03
1.610203432701450277e+00 3.611131562974691234e-03
1.612241533242310565e+00 3.865449229878883258e-03
1.616012019242903275e+00 4.055701654797715279e-03
1.620037267811103243e+00 3.653689600507168626e-03
1.608420094728196803e+00 3.445444982033202784e-03
1.615451541594166818e+00 4.007148755946524435e-03
1.613260583512740931e+00 3.965307141871928648e-03
1.616980116999811701e+00 3.804757619623083068e-03
1.612649153350482978e+00 3.776935617012072872e-03
1.611273435485401917e+00 3.615747751649853788e-03
1.617438689621505388e+00 3.821027475065630341e-03
1.615043921485994405e+00 4.157038186748078859e-03
1.615451541594166596e+00 3.375579986510638449e-03
1.623043466108872845e+00 3.715339755156438911e-03
1.620241077865189228e+00 3.714518612613980364e-03
1.618814407486586893e+00 3.460062105210528517e-03
1.623909658838738501e+00 3.678277443642644084e-03
1.620597745459840366e+00 3.890780774369656438e-03
1.620801555513926129e+00 3.726419661614475791e-03
1.614738206404864984e+00 3.500938268267218649e-03
1.619171075081237365e+00 3.740660657173031957e-03
1.622533940973657662e+00 3.490819880119430067e-03
1.623196323649437334e+00 3.749066416989767919e-03
1.619629647702931052e+00 3.714211074219896103e-03
1.628291575001589386e+00 3.496827608068695751e-03
1.620495840432797152e+00 3.880758981846170550e-03
1.619935362784059585e+00 3.745463782925317116e-03
1.619222027594759306e+00 3.589979740617745170e-03
1.618661549946022182e+00 3.548911148999090489e-03
1.626406332001293364e+00 3.815234255203784567e-03
1.621209175622098320e+00 3.515837889666639793e-03
1.626610142055379349e+00 3.443496621760964212e-03
1.628189669974546616e+00 3.212837800048868372e-03
1.629871102920756654e+00 3.563803251550761494e-03
1.629820150407235158e+00 4.130536462208243657e-03
1.628546337569196645e+00 3.308584114470242143e-03
1.624928709109169089e+00 3.754284095697028086e-03
1.622635846000700655e+00 3.225012365648877253e-03
1.626712047082422341e+00 3.760347278541337820e-03
1.624622994028039891e+00 3.858622781111351735e-03
1.623909658838738945e+00 3.450294139262006458e-03
1.624521089000997121e+00 3.730392159610399026e-03
1.627883954893417418e+00 3.860855897368137973e-03
1.631297773299359655e+00 3.467688221296583943e-03
1.623247276162958830e+00 3.569189930999657531e-03
1.632928253732047752e+00 3.658131441237129529e-03
1.615451541594166596e+00 3.662560806690895541e-03
1.619171075081237365e+00 3.963080474916983245e-03
1.630533485596536103e+00 3.543614528705643120e-03
1.629361577785541249e+00 3.910322425223076298e-03
1.626661094568901289e+00 3.533401600678681524e-03
1.624113468892824708e+00 3.324822320704691383e-03
1.622482988460136610e+00 3.909940650032061801e-03
1.625591091784948761e+00 3.494239272698902634e-03
1.629565387839627233e+00 3.911650048731242155e-03
1.626253474460728876e+00 3.498905801661814693e-03
1.628495385055675593e+00 3.760019322361365327e-03
1.632520633623876227e+00 3.800234393057528356e-03
1.626508237028336135e+00 3.628774196600371375e-03
1.629463482812584463e+00 3.587270453963005250e-03
1.619833457757017259e+00 3.747362525633247173e-03
1.629820150407235602e+00 3.902363831053476308e-03
1.621565843216748792e+00 3.561212564264446163e-03
1.624572041514518617e+00 3.332072336139360429e-03
1.632214918542746585e+00 3.563249563900887894e-03
1.624979661622690585e+00 3.543786692594767286e-03
1.621158223108576824e+00 3.332450198748710454e-03
1.626813952109465999e+00 4.108463283675391035e-03
1.632316823569789799e+00 3.943273584454368326e-03
1.630635390623579539e+00 3.462132372913322327e-03
1.631450630839923699e+00 3.944474938552695528e-03
1.632520633623875561e+00 3.705460022239787966e-03
1.631195868272316440e+00 3.720646598037113950e-03
1.627476334785245449e+00 3.849542483222456908e-03
1.633794446461913852e+00 3.775646575114818739e-03
1.627629192325809937e+00 3.946695657338030426e-03
1.625845854352556685e+00 3.629035321640670768e-03
1.633845398975435348e+00 3.760071106817778393e-03
1.629055862704412050e+00 3.677808051193940005e-03
1.625947759379599455e+00 3.485926555364837753e-03
1.631501583353445195e+00 3.565492924102678460e-03
1.621871558297877991e+00 3.497673878771043968e-03
1.626661094568901067e+00 3.771518680394720345e-03
1.630890153191187242e+00 3.556072981916926640e-03
1.632673491164440049e+00 3.637509896690037468e-03
1.627221572217637746e+00 3.713382690740959970e-03
1.630380628055971393e+00 3.809704818730925199e-03
1.632062061002182318e+00 3.443817027502790035e-03
1.629973007947799424e+00 4.217917268065422137e-03
1.640876845841404696e+00 3.259762464970927028e-03
1.631705393407531623e+00 3.709885365015078932e-03
1.629871102920756654e+00 3.029901402330100867e-03
1.632877301218526256e+00 3.645637209786072811e-03
1.633539683894306149e+00 3.513415043198770717e-03
1.634609686678257567e+00 3.924746138866491880e-03
1.635883499516295636e+00 3.877412628137241659e-03
1.633233968813176951e+00 3.751499699346739960e-03
1.635781594489253088e+00 3.695722475069385983e-03
1.639399222949280643e+00 4.045514062483148918e-03
1.636443977165032759e+00 3.961065573184580253e-03
1.633183016299655232e+00 4.318645595723836009e-03
1.637310169894898415e+00 3.336743915387446920e-03
1.639704938030410286e+00 3.912821302298080152e-03
1.639704938030409842e+00 3.534224422277001433e-03
1.640469225733232506e+00 3.330357781871933452e-03
1.635475879408124111e+00 4.332015541132870108e-03
1.642405421247050690e+00 4.177046534951931941e-03
1.633743493948392134e+00 3.679953356487359294e-03
1.646226859761164674e+00 4.825404791766760813e-03
1.638838745300544186e+00 3.793205032773599387e-03
1.634609686678258234e+00 3.410866446776568243e-03
1.636291119624468049e+00 3.821842716011282590e-03
1.646634479869336865e+00 3.732966278762177292e-03
1.645360667031299018e+00 3.737744563181823968e-03
1.639450175462803028e+00 3.212268068787022847e-03
1.638482077705893714e+00 3.538159562198603565e-03
1.643832091625653691e+00 3.767906507929037925e-03
1.646430669815250658e+00 3.632438959695381744e-03
1.641539228517184590e+00 3.854098778556197622e-03
1.638634935246458424e+00 4.079623017381083655e-03
1.641793991084792292e+00 3.498367816408558869e-03
1.648825437950762085e+00 3.746569189972104395e-03
1.646889242436944567e+00 3.546276639141966031e-03
1.638278267651807285e+00 3.417223681603148103e-03
1.640673035787318934e+00 3.866604264011614701e-03
1.644953046923126827e+00 4.186359100003100159e-03
1.644239711733825215e+00 3.916637885942092848e-03
1.649029248004848291e+00 3.645220591373703276e-03
1.645105904463691315e+00 3.607121289385924971e-03
1.646481622328772154e+00 3.537510125327555845e-03
1.640927798354926415e+00 3.809190282241621626e-03
1.645768287139470987e+00 3.738244626563175851e-03
1.645105904463691315e+00 3.750381900794956536e-03
1.656111647384339358e+00 3.534856101720410589e-03
1.650099250788799932e+00 4.066317048751778504e-03
1.648672580410197597e+00 4.058315725614504953e-03
1.651933541275574902e+00 3.904585228880337773e-03
1.654735929519258297e+00 3.633235779531379835e-03
1.658812130600980206e+00 3.968736382259030471e-03
1.642252563706486201e+00 4.116206302483492105e-03
1.654277356897564388e+00 3.682199646464350083e-03
1.652850686518962053e+00 3.480261820346075043e-03
1.655704027276167389e+00 3.934906618222883644e-03
1.649589725653585193e+00 3.484198297074287028e-03
1.651678778707967199e+00 3.466939469164522815e-03
1.652595923951354573e+00 3.867893197029619035e-03
1.646328764788207444e+00 3.603117360332485503e-03
1.647500672599202298e+00 3.436402363192776928e-03
1.645054951950169819e+00 3.495130737982957668e-03
1.658047842898157320e+00 4.044243222354179657e-03
1.651373063626838000e+00 3.856519645411907171e-03
1.652697828978397565e+00 3.463043348422816491e-03
1.653513069194742169e+00 4.175902763640482879e-03
1.649895440734714169e+00 3.926068884913275908e-03
1.650812585978101099e+00 3.565452876476783717e-03
1.650099250788800376e+00 3.836355470633141026e-03
1.656162599897860410e+00 3.785257394200080335e-03
1.664467859601868716e+00 4.268640901197337870e-03
1.651169253572752238e+00 3.462893410083802727e-03
1.649895440734714169e+00 3.651287124355904936e-03
1.652799734005440557e+00 4.080055727522358296e-03
1.653207354113613192e+00 3.385252942000900513e-03
1.656977840114205014e+00 3.950955938446996246e-03
1.660952136168883708e+00 3.931114375266610630e-03
1.660493563547189799e+00 3.332792964877718308e-03
1.660952136168883708e+00 3.466460182924229784e-03
1.655653074762645671e+00 4.026792971541306998e-03
1.659627370817324588e+00 3.976291194000793582e-03
1.660493563547190021e+00 3.923819951319370766e-03
1.659627370817324588e+00 3.809568524440522849e-03
1.654837834546301956e+00 4.092000770324030409e-03
1.665792624953428280e+00 3.556310244597873232e-03
1.655551169735602679e+00 3.733574763679615126e-03
1.657996890384635824e+00 3.501572245360980336e-03
1.661971186439314518e+00 4.180997595428691260e-03
1.657894985357592610e+00 3.627343040763597679e-03
1.659372608249716441e+00 3.087806398314696561e-03
1.661003088682405426e+00 3.587954298718767140e-03
1.661308803763534847e+00 3.988966817206030316e-03
1.658914035628023420e+00 3.066863067906205366e-03
1.664416907088347219e+00 4.151860804207400599e-03
1.667066437791465905e+00 3.729400301975549503e-03
1.667830725494289457e+00 4.073384982579281166e-03
1.662531664088050976e+00 3.294717336509764890e-03
1.662327854033964991e+00 3.906100906653883938e-03
1.660595468574233013e+00 3.606142321769376016e-03
1.660085943439017830e+00 4.152939306659990393e-03
1.663550714358481564e+00 4.164301269010808881e-03
1.655500217222080961e+00 4.173455657237699554e-03
1.651424016140359718e+00 3.765194242538250687e-03
1.667728820467246242e+00 3.326477292401829738e-03
1.668238345602461647e+00 3.392090640437764835e-03
1.660697373601276228e+00 3.882955966452138370e-03
1.663397856817917297e+00 3.857004309549212032e-03
1.662735474142137404e+00 3.963555383830008258e-03
1.658710225573936770e+00 3.430504500370757433e-03
1.660034990925496556e+00 3.397715174415596919e-03
1.658863083114501702e+00 3.625857619521797269e-03
1.666251197575121745e+00 3.512735164211597347e-03
1.663143094250308929e+00 3.952036714082495308e-03
1.668340250629504418e+00 3.992726870521169300e-03
1.669868826035149745e+00 3.687202149194877907e-03
1.670836923792058615e+00 3.967532559172360501e-03
1.671652164008402996e+00 3.872025627239682796e-03
1.668798823251198105e+00 3.761838255498609236e-03
1.670531208710930082e+00 3.761313719886825134e-03
1.669512158440499050e+00 4.477966513602342838e-03
1.668136440575418433e+00 3.892932090005545107e-03
1.665435957358777141e+00 4.135445492940720974e-03
1.676390747765904354e+00 3.465834764509122343e-03
1.675065982414344790e+00 4.136264667440771661e-03
1.669665015981063982e+00 3.605782340383576444e-03
1.673741217062785669e+00 4.138034283789287712e-03
1.674352647225043622e+00 3.709272993989975835e-03
1.671652164008403441e+00 3.888084113344326964e-03
1.675626460063081469e+00 4.154236264722232369e-03
1.674811219846737087e+00 3.807059838623575755e-03
1.672110736630096905e+00 4.470356457372265044e-03
1.668085488061896715e+00 3.476780145206462367e-03
1.670225493629800440e+00 3.536247601779805849e-03
1.674862172360258583e+00 3.471298680744536961e-03
1.670174541116278721e+00 3.502124564581808076e-03
1.673333596954613256e+00 3.823150135251029112e-03
1.677766465630985415e+00 4.360448709776193824e-03
1.677460750549856883e+00 3.589209484016642193e-03
1.677002177928162530e+00 3.696203640231660557e-03
1.670429303683886424e+00 3.641087436414923613e-03
1.672925976846441287e+00 3.224597760216769363e-03
1.674862172360258805e+00 3.410942560271722386e-03
1.675065982414344568e+00 3.859631879184077189e-03
1.677715513117464141e+00 4.119963657063486009e-03
1.678887420928458774e+00 4.110055375883029175e-03
1.668645965710633394e+00 3.799855221727982315e-03
1.676594557819990339e+00 3.874066734593371170e-03
1.683727909713003124e+00 4.098115445468258899e-03
1.672976929359962561e+00 3.927837361421287858e-03
1.674811219846737309e+00 3.917963369422124836e-03
1.676441700279426295e+00 3.828195637054096490e-03
1.680976473982841224e+00 3.684483321223157998e-03
1.679091230982545202e+00 3.688691019867319180e-03
1.682861716983137468e+00 4.045421009455641564e-03
1.681893619226228820e+00 3.643314934380784912e-03
1.675779317603646401e+00 3.879236748819840652e-03
1.683422194631874369e+00 3.263125628671378377e-03
1.681384094091013415e+00 3.794043358913101044e-03
1.684543149929348171e+00 3.867574360361481466e-03
1.688007920848811017e+00 3.526871006194589979e-03
1.687192680632466857e+00 3.789839598358379046e-03
1.685358390145691665e+00 3.742551431400552211e-03
1.683829814740046338e+00 4.078544223883781225e-03
1.685409342659213605e+00 4.046704310705402305e-03
1.682250286820879293e+00 3.773854935433041020e-03
1.678683610874373011e+00 4.117451778856646982e-03
1.685409342659213161e+00 3.521887713714875849e-03
1.683422194631874147e+00 4.253067071419928263e-03
1.683116479550744948e+00 3.514305337912994147e-03
1.689383638713892077e+00 3.582287839784775545e-03
1.689281733686849529e+00 3.953662248434376518e-03
1.689638401281499336e+00 3.949934021499271544e-03
1.686326487902600757e+00 4.194289472033763989e-03
1.685867915280907070e+00 3.430039045250647158e-03
1.688007920848810572e+00 4.024035844687808873e-03
1.686224582875558209e+00 4.199732916171514813e-03
1.692084121930532481e+00 3.767331133252688029e-03
1.689230781173327589e+00 3.231353614237988340e-03
1.688874113578676672e+00 3.970436814352314679e-03
1.688823161065154954e+00 3.572857680368483370e-03
1.691676501822360512e+00 3.998016173697383803e-03
1.683727909713003124e+00 3.452385304312317188e-03
1.688874113578676672e+00 3.825237683108076610e-03
1.686785060524294444e+00 3.724416139788956810e-03
1.685256485118648895e+00 4.121803258520165616e-03
1.688262683416418719e+00 3.727060561133095640e-03
1.689230781173327589e+00 4.211514210143477675e-03
1.690402688984322221e+00 3.697688886464664450e-03
1.689791258822064046e+00 3.732489852772091950e-03
1.686886965551337658e+00 3.803720313302769163e-03
1.692440789525183176e+00 4.447132928272203370e-03
1.693612697336178030e+00 3.868178449666847488e-03
1.697994613499028471e+00 4.198252132413772195e-03
1.699370331364109754e+00 4.289980757915823513e-03
1.693765554876742963e+00 3.976030021589498607e-03
1.695141272741823801e+00 4.104774461775966693e-03
1.693205077228006061e+00 4.019194210264044262e-03
1.693103172200962625e+00 3.166951828151934496e-03
1.695446987822952778e+00 3.885108273782099386e-03
1.703242722391745234e+00 3.669185984759201855e-03
1.697026515742120045e+00 3.818716680574019227e-03
1.698962711255937563e+00 3.845409521346970089e-03
1.700338429121019068e+00 4.178553472737855587e-03
1.693357934768570772e+00 3.422776576250222223e-03
1.689842211335585986e+00 3.529725950458064733e-03
1.694988415201258869e+00 3.715619251639389747e-03
1.693714602363221466e+00 4.092105452781208755e-03
1.701612241959056693e+00 3.793889394530013635e-03
1.699472236391152968e+00 3.620494300822874566e-03
1.694988415201258869e+00 4.391914555009091004e-03
1.696822705688034061e+00 4.224731583849750463e-03
1.697434135850292236e+00 3.696143937009759104e-03
1.695599845363517488e+00 3.736494111933297193e-03
1.696975563228598327e+00 3.818720079827871150e-03
1.693612697336178030e+00 3.840562395075220424e-03
1.694886510174216321e+00 4.176300632669063817e-03
1.691931264389968215e+00 3.950377651358595241e-03
1.692899362146876641e+00 3.721626836915166523e-03
1.695956512958168405e+00 3.757035333069354364e-03
1.696669848147469351e+00 4.339240020609496165e-03
1.706554635770644479e+00 3.799827892602860961e-03
1.701153669337362784e+00 3.833227724943716417e-03
1.701714146986099907e+00 3.940349308523840265e-03
1.706299873203036555e+00 4.099733720012312295e-03
1.713942750231265189e+00 3.901814937713973721e-03
1.707573686041074623e+00 3.901898108334776044e-03
1.703854152554003409e+00 3.646844066195672421e-03
1.698402233607201106e+00 3.822851335988875551e-03
1.700898906769755525e+00 4.117930950408665511e-03
1.707064160905859218e+00 3.400086844710319134e-03
1.700949859283277021e+00 4.173803998824048879e-03
1.710987504447016638e+00 3.733380059296154910e-03
1.704873202824434220e+00 4.005771770594108473e-03
1.701102716823841954e+00 3.803867054727964186e-03
1.712312269798576203e+00 3.656882164217949323e-03
1.711649887122796310e+00 3.627861899989521296e-03
1.710681789365886996e+00 3.850671949356232471e-03
1.713993702744786463e+00 3.760640688775286795e-03
1.707217018446423928e+00 3.987010578789508541e-03
1.707930353635725096e+00 3.886695003794661540e-03
1.704261772662175822e+00 3.886614847711337365e-03
1.706248920689515058e+00 3.971603804898979698e-03
1.706248920689514836e+00 3.560031372600563210e-03
1.705994158121907356e+00 3.866926537543948720e-03
1.709764644122499622e+00 3.098897356508277523e-03
1.713637035150135546e+00 3.616447747845610156e-03
1.714350370339436935e+00 3.963237692444476420e-03
1.719088954096938293e+00 3.936041270087967114e-03
1.713433225096049561e+00 3.988547006634463217e-03
1.705077012878519982e+00 3.668648201944354516e-03
1.716694185961426866e+00 3.992970696305865597e-03
1.710019406690107546e+00 3.707172668239005261e-03
1.716235613339732957e+00 3.895172196888926734e-03
1.717458473664249308e+00 3.558280738285868241e-03
1.712872747447312660e+00 3.609927150745225518e-03
1.723725632827396659e+00 3.955552938392783817e-03
1.720821339556669605e+00 3.558207776497793878e-03
1.714554180393522920e+00 4.113212464627445664e-03
1.713687987663656820e+00 3.410836000902923992e-03
1.715165610555781761e+00 3.960721463130454506e-03
1.711547982095753095e+00 3.914081750107877532e-03
1.727801833909117901e+00 4.324890047095888458e-03
1.729075646747156192e+00 4.057688758129058063e-03
1.722044199881186399e+00 4.328373288108562991e-03
1.727037546206295238e+00 4.226295233774541096e-03
1.729738029422935863e+00 3.891287858194049896e-03
1.725050398178955779e+00 3.777018100714713521e-03
1.719241811637502337e+00 4.124734214326008022e-03
1.719088954096938293e+00 3.930761038487226057e-03
1.719751336772717965e+00 3.606095526221361758e-03
1.727699928882075353e+00 4.123349274660243445e-03
1.715216563069302591e+00 4.159223436715192741e-03
1.731113747288016702e+00 3.619422117959542919e-03
1.725458018287128192e+00 3.506551092102529275e-03
1.725967543422343375e+00 4.018919676353443007e-03
1.729839934449978855e+00 4.070066240851702086e-03
1.729483266855328383e+00 4.110626988666426541e-03
1.725967543422343153e+00 4.108994049620198936e-03
1.723470870259788734e+00 3.668934793386643273e-03
1.728820884179548711e+00 4.344654231273626863e-03
1.728515169098419069e+00 4.177916585970747887e-03
1.735138995856217115e+00 3.367105402833905133e-03
1.735138995856216892e+00 4.287583623313412362e-03
1.729890886963500574e+00 3.998340841371569171e-03
1.732285655099012223e+00 4.123223347987295742e-03
1.731521367396188671e+00 4.017876276416749819e-03
1.724388015503176108e+00 3.755500971853943833e-03
1.729177551774198962e+00 3.839656469702247468e-03
1.728464216584897573e+00 3.615029666032163521e-03
1.735088043342695396e+00 3.993832094860494571e-03
1.741049487424713327e+00 4.175231273681782700e-03
1.736005188586082770e+00 3.953809991145305555e-03
1.740387104748933433e+00 3.986675220278965495e-03
1.744870925938827533e+00 4.062484515337803567e-03
1.745889976209257677e+00 3.642659300455535799e-03
1.739317101964981571e+00 3.280562457942740907e-03
1.738909481856809380e+00 3.870952692861481283e-03
1.742272347749230121e+00 3.736521904285178448e-03
1.743342350533181762e+00 3.386713575979193556e-03
1.742527110316837602e+00 4.344621365766411850e-03
1.743953780695440159e+00 3.722031415405149726e-03
1.750628559966759035e+00 3.894755607881412486e-03
1.746093786263344105e+00 3.496114800170874257e-03
1.752972375588748744e+00 3.998714176608429705e-03
1.750424749912672828e+00 3.900776819202735925e-03
1.744157590749526143e+00 3.926399501797832141e-03
1.743036635452052341e+00 4.195728341165821419e-03
1.753379995696920934e+00 4.092254541354891501e-03
1.745227593533477561e+00 3.884744069575102928e-03
1.753634758264528637e+00 3.985893692920601875e-03
1.749864272263936371e+00 3.875929270005933590e-03
1.759035724697809444e+00 3.307505012283564437e-03
1.753685710778050355e+00 3.999467233800084801e-03
1.755520001264824881e+00 3.571400482730130357e-03
1.754653808534959669e+00 3.691424331154193918e-03
1.748080934290682897e+00 4.163450197374011195e-03
1.761532397860364751e+00 4.301222152421180223e-03
1.754551903507915789e+00 3.424069565863052667e-03
1.749813319750414209e+00 4.237126592916196956e-03
1.764130976049961719e+00 3.601358834966946528e-03
1.767239079374774535e+00 4.113161970283334308e-03
1.763060973266010301e+00 4.248018951437685688e-03
1.758780962130201742e+00 3.879527859341385613e-03
1.757609054319207553e+00 3.473003457284557557e-03
1.765200978833913803e+00 3.589817024119808936e-03
1.758169531967943788e+00 3.411532382281591471e-03
1.762653353157837666e+00 3.654325494644583040e-03
1.766729554239559574e+00 3.697267600637419750e-03
1.776155769241040794e+00 3.864955548978427601e-03
1.764232881077004711e+00 4.025893485062046959e-03
1.762449543103751681e+00 3.839653088983418453e-03
1.768665749753377092e+00 3.738855724312507671e-03
1.768971464834506291e+00 4.084253179426931141e-03
1.764793358725741612e+00 3.813410155202448699e-03
1.765659551455607268e+00 3.846816913809453752e-03
1.773710048592007871e+00 4.224648623583548632e-03
1.772741950835098557e+00 3.721037329180591595e-03
1.767901462050553985e+00 3.873852284555640013e-03
1.771162422915931511e+00 4.161806793931179145e-03
1.770754802807759543e+00 3.815645918324665764e-03
1.781403878133757335e+00 3.879929355254681852e-03
1.772843855862141771e+00 3.799223185418322633e-03
1.774372431267787320e+00 3.614178549868515746e-03
1.775595291592303893e+00 4.212300101697106017e-03
1.770601945267194610e+00 3.749339937151806215e-03
1.780792447971498715e+00 4.040617850103851716e-03
1.773302428483835236e+00 4.228432412504571150e-03
1.779467682619939595e+00 3.936024780397619563e-03
1.777429582079078418e+00 3.455237927186048750e-03
1.784104361350397960e+00 3.974949238355356476e-03
1.783340073647575075e+00 4.127703971500123331e-03
1.786957702107602408e+00 3.867507233503083251e-03
1.789403422756635775e+00 3.610459298824184905e-03
1.784613886485612699e+00 3.648356522784161615e-03
1.789505327783678545e+00 3.730489591045690282e-03
1.787874847350990226e+00 3.533930579413228131e-03
1.780384827863326747e+00 4.128508961167622407e-03
1.790626283081152126e+00 3.996626298040835586e-03
1.787620084783382968e+00 3.955500431430438932e-03
1.792766288649055850e+00 3.880762326755668370e-03
1.799492020433896444e+00 3.924190452570070105e-03
1.788027704891555159e+00 3.937976679846942780e-03
1.798422017649945026e+00 4.054549264917850851e-03
1.795110104271046003e+00 4.085184301651152358e-03
1.803364411461531924e+00 3.710644564733894986e-03
1.795008199244002789e+00 3.379515484465933119e-03
1.796383917109084294e+00 3.567036235368960858e-03
1.789963900405372232e+00 3.658926213618958305e-03
1.798116302568815605e+00 4.453246766876365476e-03
1.798523922676987796e+00 3.728425588395141259e-03
1.804791081840135147e+00 3.865828683222762626e-03
1.806217752218737482e+00 3.695950772919625368e-03
1.804383461731962734e+00 3.217020816356763561e-03
1.802498218731666491e+00 4.051474622746383328e-03
1.804077746650833758e+00 3.450113547592501603e-03
1.808918235435378108e+00 3.836325017875814782e-03
1.812535863895405663e+00 3.788606341413974701e-03
1.806829182380995658e+00 3.652140255413146262e-03
1.810803478435674130e+00 4.183520964770716041e-03
1.806829182380995436e+00 3.452625932671759233e-03
1.811924433733147710e+00 3.368126870260959582e-03
1.803415363975053642e+00 3.850806788844725239e-03
1.817019685085299541e+00 3.841981699166378827e-03
1.809325855543550077e+00 3.946353583584642950e-03
1.813860629246965228e+00 3.937755820862114640e-03
1.817274447652907465e+00 3.916319703153474385e-03
1.817936830328686693e+00 3.917794395221649295e-03
1.824713514627049449e+00 3.317986836885381506e-03
1.818752070545030852e+00 4.453611115149996857e-03
1.814828727003874542e+00 3.706356720894620101e-03
1.820739218572370755e+00 4.300763402392048483e-03
1.819771120815461440e+00 3.836017093082705331e-03
1.822828271626752539e+00 3.661497396804445741e-03
1.828331143087076782e+00 4.206641491239851427e-03
1.824509704572962798e+00 3.823445516112613553e-03
1.831744961493018797e+00 4.101202598149526410e-03
1.829604955925115295e+00 4.322536296640823970e-03
1.822573509059145280e+00 3.543581560198191295e-03
1.834292587169094935e+00 4.249803122286646001e-03
1.830980673790195912e+00 4.069827033910058608e-03
1.828534953141163211e+00 4.082488867497296656e-03
1.829554003411593355e+00 3.835665148764060787e-03
1.831795914006540071e+00 3.804020615274084256e-03
1.826547805113823975e+00 4.186954398934428570e-03
1.842495941846059582e+00 4.137406846872466841e-03
1.837247832953343041e+00 3.866657978132308996e-03
1.836228782682912675e+00 3.812293484437055593e-03
1.832560201709363179e+00 4.474486584328305101e-03
1.835515447493611729e+00 3.622071517830813964e-03
1.835617352520654499e+00 3.642513192035853366e-03
1.850597391495981014e+00 3.963421105011136029e-03
1.839082123440117567e+00 3.983362446310510091e-03
1.847438335657646702e+00 3.205925510420516711e-03
1.853145017172057374e+00 3.923260825165736550e-03
1.853603589793750839e+00 4.055205527078253533e-03
1.850189771387809046e+00 3.630347816381109764e-03
1.855743595361654785e+00 3.717941752915249025e-03
1.854113114928966022e+00 4.161432493703439740e-03
1.848966911063292473e+00 3.483494084036425995e-03
1.854520735037138213e+00 3.571898395163820069e-03
1.854164067442487074e+00 4.403414561324837766e-03
1.850852154063589161e+00 3.433534091533632475e-03
1.843158324521839031e+00 4.027308715441249923e-03
1.856558835577998723e+00 4.111953076850008784e-03
1.856609788091520219e+00 4.352821072540707589e-03
1.857170265740256898e+00 3.856819201963237412e-03
1.861603134416629723e+00 3.585330375236968955e-03
1.855437880280526031e+00 3.524205287128517015e-03
1.864966000309050242e+00 3.857919620127677526e-03
1.850699296523024229e+00 3.684860273349595434e-03
1.852737397063885183e+00 4.166442207555719375e-03
1.865883145552436950e+00 4.222838455161541729e-03
1.865526477957786478e+00 3.699012113948136303e-03
1.858749793659424165e+00 4.054088217245984185e-03
1.869908394120637363e+00 3.840967964045900220e-03
1.867462673471604440e+00 3.660731550408465734e-03
1.870010299147679911e+00 4.042573835647277763e-03
1.873933642688837331e+00 3.685423868149326904e-03
1.868583628769077576e+00 4.458493420842530967e-03
1.868226961174427103e+00 3.589817024119815875e-03
1.875207455526875400e+00 3.845129331400924146e-03
1.875564123121525872e+00 4.077076733993643433e-03
1.873729832634751125e+00 3.773029325750108971e-03
1.877653176175908323e+00 4.152501687262001931e-03
1.878468416392252927e+00 3.948264212072925133e-03
1.879130799068032376e+00 4.146529825575558798e-03
1.873984595202358605e+00 4.200490109002540801e-03
1.876583173391956683e+00 3.845733571004996375e-03
1.891359402313197213e+00 4.457325766373058593e-03
1.880965089554807124e+00 3.906363431413320368e-03
1.875360313067440110e+00 4.045189971994944851e-03
1.887181296204432757e+00 3.860341453489845275e-03
1.885194148177093521e+00 3.898663128035368027e-03
1.889117491718250275e+00 4.106845288186775252e-03
1.889779874394030168e+00 3.782324203981518411e-03
1.887487011285561289e+00 3.808777921378026128e-03
1.887334153744997467e+00 3.796574322096888700e-03
1.894926078259703717e+00 3.436462801652074954e-03
1.891155592259110785e+00 4.029371030908885168e-03
1.886467961015131145e+00 3.613460152410912646e-03
1.883003190095668078e+00 3.569219026095226018e-03
1.897779419016908609e+00 3.973704830898447046e-03
1.889627016853465680e+00 4.411260756847367077e-03
1.893040835259407473e+00 4.279392381988838048e-03
1.907052776477825118e+00 4.317367960606294935e-03
1.898696564260296205e+00 4.032720044154195979e-03
1.890798924664460312e+00 3.692858773344105151e-03
1.895129888313790145e+00 4.337788905316103741e-03
1.901040379882285913e+00 4.107527957756548255e-03
1.897320846395215366e+00 3.854502923235288234e-03
1.894926078259703717e+00 4.051525885902672666e-03
1.894008933016315899e+00 3.836731034766552827e-03
1.904454198288228151e+00 3.657652365549721087e-03
1.896454653665349488e+00 3.877332280159388571e-03
1.899155136881989892e+00 4.085349529837911664e-03
1.901193237422850402e+00 4.440288648829541010e-03
1.898798469287339419e+00 3.553473005841515341e-03
1.900377997206506020e+00 4.055884086503263805e-03
1.904046578180055960e+00 4.145055088562843611e-03
1.907358491558954761e+00 3.780315973039099185e-03
1.906950871450782126e+00 3.948274075225132428e-03
1.901549905017500874e+00 3.805013490522152729e-03
1.907613254126562463e+00 4.040839511789044367e-03
1.908071826748255928e+00 4.159582332272093730e-03
1.902976575396104097e+00 3.818553512830437976e-03
1.907052776477825562e+00 3.391964354263797034e-03
1.913167078100407759e+00 3.197654881663775702e-03
1.911485645154197721e+00 4.099698891084111591e-03
1.915612798749440682e+00 3.302961073171116393e-03
1.920351382506941817e+00 4.515105746848975185e-03
1.915408988695354475e+00 3.537921082283384394e-03
1.920453287533985032e+00 4.052259518763785297e-03
1.913829460776187652e+00 3.860183407945019882e-03
1.917345184209172215e+00 3.952269912605444781e-03
1.914746606019575026e+00 3.703178767452202595e-03
1.922593293101889200e+00 3.985763423462393429e-03
1.922542340588367482e+00 4.191664198143208765e-03
1.918924712128339483e+00 3.815537053058822015e-03
1.920962812669200215e+00 3.964760414509490433e-03
1.920453287533985032e+00 3.931289380788943917e-03
1.934108561157752426e+00 4.212093626745802913e-03
1.923816153426405329e+00 4.117379267777494627e-03
1.918568044533689010e+00 3.988963563030438128e-03
1.931051410346461328e+00 4.023842291163002259e-03
1.928198069589256214e+00 4.590976981095805376e-03
1.919688999831162146e+00 4.069377286793509838e-03
1.926261874075438474e+00 3.825512543537626896e-03
1.925242823805008108e+00 3.996769204744084376e-03
1.921115670209764703e+00 3.882765409728580752e-03
1.926924256751218145e+00 3.586749341875276106e-03
1.925191871291486390e+00 3.724970264921424832e-03
1.935942851644527396e+00 4.052567028403164344e-03
1.926771399210653435e+00 4.014592482540347076e-03
1.920657097588071238e+00 3.985385617954056992e-03
1.925395681345573262e+00 3.295847888294916976e-03
1.927128066805304352e+00 3.662245360639259512e-03
1.927331876859390114e+00 3.819940216492549549e-03
1.930643790238289359e+00 3.988328948049289432e-03
1.927790449481084245e+00 4.599293483910459404e-03
1.920198524966377773e+00 3.861444229540562240e-03
1.924427583588663726e+00 3.695388783609998475e-03
1.929675692481380045e+00 4.064755727623532364e-03
1.926363779102481466e+00 4.602385734569809130e-03
1.923459485831755300e+00 4.512894353442371657e-03
1.929675692481380267e+00 3.610843978657159951e-03
1.918262329452559589e+00 4.318810909117661544e-03
1.920249477479899269e+00 3.944053683435176823e-03
1.928656642210949679e+00 3.826839061291094878e-03
1.917090421641564735e+00 4.425835163530423937e-03
1.921523290317936894e+00 4.041183223979599899e-03
1.926465684129524236e+00 4.244940717410289159e-03
1.923867105939927491e+00 4.097453383851971075e-03
1.926771399210653657e+00 3.888448004712391579e-03
1.928707594724471397e+00 3.789702589627780456e-03
1.924988061237400627e+00 3.694232924454570605e-03
1.932834748319714357e+00 4.160855381550471535e-03
1.937522379563694441e+00 3.797446087533379311e-03
1.931306172914069030e+00 4.341737196221621443e-03
1.932987605860279290e+00 3.996691256266662537e-03
1.934312371211838633e+00 3.941288079459756739e-03
1.931968555589848702e+00 3.982635678156202196e-03
1.931255220400547090e+00 4.511804074215614024e-03
1.933649988536058739e+00 4.114474621832453494e-03
1.934159513671274366e+00 4.008363350191930172e-03
1.929420929913772564e+00 3.817890572163267719e-03
1.937216664482565465e+00 4.228981885876831673e-03
1.927280924345869062e+00 3.723719009948544927e-03
1.932223318157456626e+00 3.748425816996693496e-03
1.930185217616595228e+00 4.275674942714378056e-03
1.934567133779446557e+00 3.854688142052243444e-03
1.925599491399658580e+00 3.812702060460834100e-03
1.932732843292671365e+00 4.358066507238691004e-03
1.925344728832050878e+00 3.769025997264416512e-03
1.927229971832347344e+00 4.362734400453376245e-03
1.923816153426405329e+00 4.106013921541681877e-03
1.921370432777372406e+00 4.223480861793579150e-03
1.934312371211838411e+00 4.232850735786836648e-03
1.936859996887914326e+00 3.840873335116546348e-03
1.926058064021352489e+00 3.672414562530112482e-03
1.937012854428479036e+00 4.471003946511799797e-03
1.937980952185388128e+00 3.887112456672059402e-03
1.938235714752995387e+00 4.984174247618655684e-03
1.927382829372911610e+00 4.269735508723900876e-03
1.920147572452856277e+00 3.781829969153970624e-03
1.924886156210356747e+00 3.896355066798683122e-03
1.924427583588663726e+00 4.403205255976306437e-03
1.933955703617187716e+00 3.796215301670814116e-03
1.927077114291782856e+00 3.688497465473030562e-03
1.928299974616299206e+00 4.190824878242586406e-03
1.925497586372615810e+00 4.070066240851710759e-03
1.923714248399362337e+00 4.037805867365228465e-03
1.936095709185091440e+00 4.134541387895073090e-03
1.919077569668904193e+00 3.878483775454968745e-03
1.934261418698316692e+00 4.150835185501074859e-03
1.923051865723582221e+00 4.094410960071308628e-03
1.919128522182425245e+00 4.519864189575870800e-03
1.920504240047506750e+00 3.659124879741494640e-03
1.919536142290597880e+00 3.893372212721509656e-03
1.926771399210653657e+00 3.965140185223861233e-03
1.929319024886729794e+00 4.205048924479757796e-03
1.919994714912291123e+00 4.247652248173439463e-03
1.930134265103073732e+00 4.214373535220319877e-03
1.927280924345869284e+00 3.461397419634379500e-03
1.919587094804119154e+00 4.211954943857689447e-03
1.920809955128635726e+00 3.878590873916760474e-03
1.919077569668904193e+00 3.748453520882716848e-03
1.925497586372615366e+00 3.729205379640569609e-03
1.923765200912883389e+00 4.771884472473856588e-03
1.914950416073661232e+00 4.017876276416754155e-03
1.917701851803822910e+00 3.244503071881631000e-03
1.917498041749736704e+00 4.182813457589321104e-03
1.915816608803526666e+00 3.635435952792110629e-03
1.909294687072772279e+00 4.155086099543331586e-03
1.911944217775891630e+00 4.067718215089789410e-03
1.914033270830273636e+00 3.929955179721759777e-03
1.922236625507238506e+00 4.160855381550477607e-03
1.922949960696539673e+00 4.137127606850292232e-03
1.916224228911699079e+00 3.830229599823604079e-03
1.919688999831162146e+00 3.855792534978790681e-03
1.918160424425516819e+00 3.786354612021403630e-03
1.913829460776187652e+00 4.194738204612153548e-03
1.914644700992531590e+00 3.514305337912998484e-03
1.901702762558065807e+00 3.478142630358423918e-03
1.922440435561324490e+00 3.981067623375976298e-03
1.908988971991643302e+00 3.788959230922828766e-03
1.907613254126562019e+00 4.403617961216117413e-03
1.907868016694169500e+00 4.116695078638652090e-03
1.910415642370245415e+00 3.921619379217559584e-03
1.913982318316752140e+00 3.999752839093761135e-03
1.905626106099223005e+00 3.683676443595352602e-03
1.902314192720324426e+00 3.772551077516236341e-03
1.904658008342313691e+00 3.906845234751793461e-03
1.908632304396992607e+00 4.464045059185215575e-03
1.903791815612448479e+00 3.912472949063265648e-03
1.905371343531614858e+00 3.381343316618952606e-03
1.900836569828199929e+00 3.507587462302411141e-03
1.901651810044544311e+00 4.013334491888580560e-03
1.899970377098334273e+00 4.075067230597645938e-03
1.895435603394918678e+00 3.973887760360231974e-03
1.896352748638305830e+00 4.622746643171467100e-03
1.897269893881693203e+00 3.928762601882749943e-03
1.902161335179759494e+00 3.898353467603051566e-03
1.900785617314678655e+00 4.164101765994581913e-03
1.884786528068921108e+00 3.765332143051506979e-03
1.900836569828199707e+00 3.779079608175980789e-03
1.900174187152420258e+00 3.831127589593621898e-03
1.893499407881100716e+00 3.859803399619916343e-03
1.895792270989569817e+00 4.241918392310532922e-03
1.898034181584516311e+00 4.113556440852346799e-03
1.890697019637417320e+00 4.096201826843385262e-03
1.889372254285857755e+00 3.711931700552012579e-03
1.894977030773224769e+00 3.964825894814083887e-03
1.892021784988976885e+00 4.251760571227207290e-03
1.881780329771152172e+00 4.060793858124875887e-03
1.893652265421665426e+00 3.896784809455844292e-03
1.882952237582146582e+00 3.571767563583265991e-03
1.889015586691207282e+00 4.264025259879974591e-03
1.890544162096852610e+00 4.021373667119297265e-03
1.884378907960748917e+00 3.555799197612823787e-03
1.885397958231179727e+00 3.955621852723173633e-03
1.887487011285561511e+00 3.793068145605260622e-03
1.888607966583035092e+00 3.991175789901611586e-03
1.869449821498943676e+00 4.523237464047383249e-03
1.883665572771447971e+00 4.419095958734305975e-03
1.880863184527764354e+00 4.017239766317581146e-03
1.875920790716176789e+00 4.361594681000335871e-03
1.879385561635640078e+00 3.977887237618661989e-03
1.872608877337277766e+00 4.154711193844550822e-03
1.876379363337870032e+00 3.859157635953705708e-03
1.879181751581554094e+00 4.099458246768022084e-03
1.877347461094778902e+00 3.884774142775362406e-03
1.868226961174427103e+00 3.788273978519375758e-03
1.868736486309642064e+00 3.826052026958349540e-03
1.874901740445746423e+00 4.166395473920664685e-03
1.873322212526579378e+00 4.202822641215799362e-03
1.876990793500128429e+00 3.895821986789582171e-03
1.864201712606226913e+00 4.522379312026540872e-03
1.866392670687652577e+00 3.559663081483942226e-03
1.862927899768189066e+00 4.065522095127546698e-03
1.867819341066254912e+00 3.550227670808319032e-03
1.860227416551548663e+00 3.766641946124776874e-03
1.865067905336092569e+00 3.853233092764909214e-03
1.861399324362543295e+00 3.996999793422677597e-03
1.854826450118267411e+00 4.512379452282002171e-03
1.870112204174722903e+00 3.851201167248283208e-03
1.858749793659424387e+00 3.503054784615704242e-03
1.861450276876065013e+00 3.887499812839958525e-03
1.867207910903996737e+00 3.567472900359045483e-03
1.863284567362839761e+00 4.491353519126937630e-03
1.855794547875176281e+00 3.831991494283703246e-03
1.855998357929262266e+00 3.535454624011410193e-03
1.854724545091224197e+00 3.666046625953957999e-03
1.856864550659127922e+00 4.259508232689539035e-03
1.849629293739072367e+00 3.729236707131536842e-03
1.848457385928077512e+00 3.647897514007722441e-03
1.846521190414259772e+00 3.945695666090211565e-03
1.849782151279637299e+00 3.383258408166318985e-03
1.843514992116490170e+00 3.811316129134554535e-03
1.841324034035064283e+00 3.655859710944736694e-03
1.836279735196433727e+00 3.844616159524360220e-03
1.847795003252297397e+00 3.969393751030647274e-03
1.850495486468938022e+00 3.848621807486850808e-03
1.839438791034768261e+00 3.817985770721355528e-03
1.839133075953639063e+00 4.648142871457927594e-03
1.843514992116489948e+00 3.957026130908826954e-03
1.842903561954231328e+00 3.845493911908412672e-03
1.837094975412778775e+00 3.883771577278143962e-03
1.838470693277859391e+00 3.473642532785287118e-03
1.840559746332242064e+00 4.011927274231684437e-03
1.835719257547697714e+00 4.079928464597675462e-03
1.845553092657350458e+00 4.062944610229460470e-03
1.836993070385735560e+00 3.963162359824129802e-03
1.836840212845170850e+00 3.770744197057060258e-03
1.835719257547697270e+00 3.924240070617139586e-03
1.835923067601783032e+00 4.485473946947107771e-03
1.830471148654980951e+00 3.706248147836865674e-03
1.828585905654684707e+00 4.450727576036947117e-03
1.838215930710251689e+00 3.976633956759684750e-03
1.834547349736702415e+00 4.045193180938921711e-03
1.833630204493315041e+00 4.658676110603852949e-03
1.824560657086484738e+00 4.279052635964397666e-03
1.821911126383365387e+00 4.065346482001448367e-03
1.827312092816646416e+00 4.026654354106113526e-03
1.827821617951861599e+00 3.799554590540233593e-03
1.822522556545623562e+00 3.901791649622451258e-03
1.829044478276378172e+00 3.973760363946667734e-03
1.826191137519173280e+00 3.986701268552363987e-03
1.826293042546216050e+00 4.524904511459470861e-03
1.826547805113823975e+00 4.166442207555705497e-03
1.812128243787233917e+00 3.818720079827868982e-03
1.821197791194064219e+00 3.924521227701063993e-03
1.814573964436266396e+00 4.190626637935080875e-03
1.810192048273416177e+00 3.968464899706193767e-03
1.825172087248742470e+00 4.096037036422564039e-03
1.811363956084410587e+00 3.784489152449234482e-03
1.806778229867474383e+00 4.096769035494945629e-03
1.805504417029436093e+00 4.264210955576821713e-03
1.813198246571185557e+00 4.000142267994921327e-03
1.806166799705215764e+00 4.024445502277014877e-03
1.800714880758413017e+00 4.039104443241233605e-03
1.807542517570296825e+00 4.409085602774700033e-03
1.806115847191694046e+00 3.946554226592890839e-03
1.805657274570000581e+00 3.975638230802684345e-03
1.802651076272230979e+00 3.618790851759555449e-03
1.799492020433896444e+00 4.115361055784198113e-03
1.806013942164650832e+00 3.763939115689139692e-03
1.806115847191694046e+00 3.452520659828115478e-03
1.795161056784567055e+00 3.707897415046842310e-03
1.791084855702845591e+00 3.772864182133497859e-03
1.794957246730481959e+00 3.851453952676860051e-03
1.792460573567927096e+00 3.891864919259865798e-03
1.795568676892739468e+00 3.899365599763700199e-03
1.790371520513544423e+00 3.819777101014238535e-03
1.792154858486797675e+00 4.139012895456370585e-03
1.788333419972684135e+00 3.636778261499851953e-03
1.800154403109676560e+00 3.871971987581963350e-03
1.789760090351285804e+00 3.648210642534467727e-03
1.784410076431526493e+00 4.009558151782057281e-03
1.789097707675506577e+00 4.199290899702902945e-03
1.793632481378921950e+00 3.904741477248974916e-03
1.788486277513247735e+00 4.133388995247106942e-03
1.782524833431230693e+00 3.746513754127529013e-03
1.785378174188435807e+00 3.296099944525936881e-03
1.792664383622012636e+00 3.557988882156458334e-03
1.786499129485908943e+00 4.307374332538975621e-03
1.782015308296015288e+00 3.994946761354013776e-03
1.785480079215478799e+00 3.906203924802034017e-03
1.771417185483538992e+00 3.696003455036309636e-03
1.772945760889184541e+00 3.700355916219934781e-03
1.777735297160207395e+00 4.039975283749836464e-03
1.778193869781901304e+00 4.302589058124349844e-03
1.771162422915931733e+00 3.824372252769461973e-03
1.771009565375366579e+00 3.711116799555801322e-03
1.778448632349508785e+00 4.038766982241630971e-03
1.772028615645797389e+00 3.379696007676278625e-03
1.768971464834506513e+00 3.733574763679608187e-03
1.769582894996764244e+00 4.176474688450416799e-03
1.767493841942381794e+00 4.257032954563600043e-03
1.774678146348916519e+00 3.997986952313457507e-03
1.773455286024399946e+00 4.504902449737134551e-03
1.766321934131387605e+00 3.688972535402924250e-03
1.761583350373885581e+00 3.622562465660182467e-03
1.766984316807166833e+00 3.993273019602730338e-03
1.761226682779235331e+00 4.371176312402571748e-03
1.761634302887407300e+00 3.862788652306604811e-03
1.758831914643723682e+00 3.860654162841026943e-03
1.752411897940012064e+00 4.227388523398697105e-03
1.753685710778050355e+00 3.651312010167244958e-03
1.757354291751599629e+00 3.796817069050825895e-03
1.757761911859771597e+00 4.307977014549165852e-03
1.764487643644612191e+00 4.164647259392912151e-03
1.754704761048480721e+00 4.154461237916412183e-03
1.754857618589045432e+00 3.612975153375019323e-03
1.750220939858587066e+00 3.668138650759565633e-03
1.750832370020845019e+00 3.587183607205478471e-03
1.742781872884445082e+00 3.474868032874765290e-03
1.750169987345065348e+00 3.555609361453278272e-03
1.752462850453533783e+00 3.687564742810684436e-03
1.745380451074042494e+00 4.225680902027163788e-03
1.748947127020548775e+00 3.701341528752220746e-03
1.744769020911784319e+00 3.529564133931845874e-03
1.747622361668989210e+00 3.756910948748099638e-03
1.743138540479095555e+00 3.535472981989156663e-03
1.741253297478799533e+00 3.934045515763524500e-03
1.738145194153986495e+00 4.173866199619531876e-03
1.737482811478207045e+00 4.064321388559954257e-03
1.732744227720705466e+00 4.007135798290145136e-03
1.731827082477318314e+00 4.137030339045891930e-03
1.736565666234819449e+00 4.121711927821196733e-03
1.734578518207480435e+00 3.933771639080320751e-03
1.728973741720112978e+00 3.807881478876259766e-03
1.728871836693069985e+00 3.735983390664367187e-03
1.731623272423232107e+00 3.761869311234748627e-03
1.733865183018179046e+00 3.792195373749631011e-03
1.732642322693662251e+00 3.658305312449779741e-03
1.730400412098715535e+00 3.319211145177350906e-03
1.731470414882667619e+00 3.591957060680794379e-03
1.724897540638391735e+00 3.455752576616809291e-03
1.728413264071375854e+00 3.801381924404346416e-03
1.725508970800649244e+00 4.057368839434355792e-03
1.723929442881482643e+00 3.780315973039086175e-03
1.718885144042852087e+00 3.598560721620995377e-03
1.722349914962315820e+00 3.640506280868754854e-03
1.724795635611348521e+00 3.460962373767723955e-03
1.717305616123684819e+00 3.772203535368730265e-03
1.718120856340029201e+00 4.172121115498544745e-03
1.715165610555781317e+00 3.391505092172968864e-03
1.720209909394411874e+00 3.642887360421816125e-03
1.710477979311801233e+00 3.785175090041967803e-03
1.710783694392930210e+00 3.641087436414918409e-03
1.712159412258011493e+00 4.123994588507757901e-03
1.711497029582232043e+00 3.377790425333939382e-03
1.707064160905859662e+00 3.906752201494906145e-03
1.706707493311208745e+00 3.861040811425210488e-03
1.705739395554300097e+00 4.467916642400903901e-03
1.703191769878223738e+00 3.654456922649926449e-03
1.701816052013143343e+00 3.896701529697553425e-03
1.704873202824433998e+00 3.569131740097008544e-03
1.703854152554003409e+00 4.094867467743653136e-03
1.705688443040778601e+00 3.844329158544661403e-03
1.701000811796798740e+00 4.183257215118025944e-03
1.698555091147765594e+00 3.676141753615284717e-03
1.696211275525775442e+00 3.903358295651386620e-03
1.695956512958167961e+00 3.774958906121761524e-03
1.695548892849995992e+00 3.737692469398747226e-03
1.704007010094567898e+00 4.227695576362768340e-03
1.701765099499621181e+00 3.935117741016158285e-03
1.696007465471689457e+00 3.261514130894363570e-03
1.693816507390264459e+00 3.777557637175414824e-03
1.688109825875853787e+00 3.532387503353562937e-03
1.699574141418196183e+00 3.274066743190058495e-03
1.687651253254160322e+00 3.786327185450973944e-03
1.694224127498436649e+00 4.278142469045571016e-03
1.688313635929940215e+00 4.231206676726160729e-03
1.684237434848218307e+00 3.562305911032543661e-03
1.679702661144803155e+00 4.331200422184587964e-03
1.684237434848218751e+00 3.740761291251565833e-03
1.689944116362628979e+00 3.977743652551066732e-03
1.693205077228006061e+00 3.511748366602511669e-03
1.685001722551041636e+00 4.013541489172433273e-03
1.684237434848218307e+00 4.076837938390063393e-03
1.678377895793243813e+00 3.568404273747517123e-03
1.678174085739157606e+00 3.363402395031763088e-03
1.683014574523702178e+00 3.628820699695033299e-03
1.675575507549560639e+00 4.129040294128064406e-03
1.678123133225635888e+00 3.603607288269872807e-03
1.675422650008995706e+00 4.179879749693461884e-03
1.677053130441683804e+00 3.979580497806346415e-03
1.673588359522220737e+00 3.858350279383383589e-03
1.672416451711225882e+00 3.880347535989492509e-03
1.672875024332919569e+00 3.444371070618026942e-03
1.668493108170068906e+00 3.768485239323534318e-03
1.672365499197704164e+00 3.368308003839907971e-03
1.665537862385820578e+00 3.809568524440525884e-03
1.666200245061600249e+00 3.459086549866178303e-03
1.665232147304691823e+00 3.652165135411273959e-03
1.663703571899046052e+00 3.863299410285547884e-03
1.665334052331734593e+00 3.871247779459424491e-03
1.661614518844663824e+00 3.315689550992696917e-03
1.658761178087458266e+00 3.460272188824032279e-03
1.669206443359370295e+00 3.892035019198706279e-03
1.660340706006625533e+00 4.052371634356067599e-03
1.656060694870817196e+00 3.720897787053802259e-03
1.656774030060119474e+00 3.812184523435129153e-03
1.654379261924607603e+00 3.523483281484635944e-03
1.658149747925200534e+00 3.873919301467675016e-03
1.655398312195038191e+00 3.890597273807169191e-03
1.657487365249420419e+00 3.786546592452140307e-03
1.647551625112724016e+00 3.906433213507748761e-03
1.653054496573048260e+00 3.708194975368754674e-03
1.653003544059526986e+00 3.559137927258026850e-03
1.651678778707966755e+00 3.469933508285718334e-03
1.650455918383450848e+00 4.011781671818473970e-03
1.647602577626245735e+00 3.509955159394454599e-03
1.649334963085977490e+00 3.764542594290117179e-03
1.650965443518665809e+00 3.706216626030786696e-03
1.641997801138878721e+00 3.586488757437581061e-03
1.641539228517185034e+00 4.067772464671683824e-03
1.637819695030114042e+00 3.735827033460549593e-03
1.637972552570678308e+00 3.699363023247270645e-03
1.637717790003070162e+00 4.070882628008839002e-03
1.638838745300544186e+00 4.009477214408798881e-03
1.646634479869336420e+00 3.850729256715763882e-03
1.640418273219711454e+00 3.186060303818539444e-03
1.635170164326994691e+00 3.478721058521310784e-03
1.640061605625060759e+00 4.074324960563788060e-03
1.635119211813472972e+00 3.686596573558945881e-03
1.637615884976027836e+00 3.557474427437916364e-03
1.639450175462802584e+00 3.518524705224083862e-03
1.640265415679146743e+00 3.690210948624666858e-03
1.632316823569789577e+00 4.104568902934381189e-03
1.632113013515703148e+00 3.494506736162898523e-03
1.631144915758794722e+00 3.758886790555238805e-03
1.633539683894306149e+00 3.480004452396730837e-03
1.628750147623283295e+00 3.927572966969499965e-03
1.634660639191779508e+00 3.788246565844989675e-03
1.626966809650030044e+00 3.861729958540742382e-03
1.633030158759090966e+00 4.079623017381078451e-03
1.631043010731751286e+00 3.879303672712560748e-03
1.629922055434278150e+00 3.810362370172363979e-03
1.625081566649734022e+00 3.885038108654403129e-03
1.620648697973361418e+00 3.692197874116765442e-03
1.632062061002182318e+00 3.759535966371769979e-03
1.623756801298174013e+00 3.649178324470688049e-03
1.626508237028336357e+00 3.574713747251457956e-03
1.621922510811399709e+00 3.860879432376343283e-03
1.620088220324624517e+00 3.332695591721484413e-03
1.620699650486883359e+00 2.889914993874003434e-03
1.626100616920164166e+00 3.841491760593765317e-03
1.620444887919275656e+00 3.459131581553554716e-03
1.619171075081237365e+00 4.007378747375138148e-03
1.621209175622098320e+00 3.773689827946631603e-03
1.614687253891343710e+00 3.521533864060804545e-03
1.613158678485698161e+00 3.922599034442822430e-03
1.615808209188817068e+00 3.569771787854792485e-03
1.613973918702042765e+00 4.081480801176087456e-03
1.613158678485698161e+00 4.015481569763879738e-03
1.615502494107687648e+00 3.708345496789997638e-03
1.611986770674703084e+00 3.426631352252010407e-03
1.610050575160885344e+00 3.395380078459442862e-03
1.606280089160292635e+00 4.095580659114421603e-03
1.610967720404272718e+00 3.832482647355633845e-03
1.603987226051824644e+00 3.847083484107331752e-03
1.603579605943652453e+00 4.130017893894093878e-03
1.602000078024485408e+00 4.040389750747780048e-03
1.598229592023892476e+00 3.666655595569227183e-03
1.598891974699672591e+00 3.660345020793086181e-03
1.600318645078274926e+00 3.636921031143178738e-03
1.594561011050343424e+00 3.997743432474514316e-03
1.600165787537710660e+00 3.459897030565344499e-03
1.597465304321069590e+00 3.447083464941968264e-03
1.603426748403087743e+00 3.789729991770157680e-03
1.600318645078274926e+00 3.878724742835476351e-03
1.601592457916313217e+00 4.126574834755980525e-03
1.591860527833702577e+00 3.710557107245579349e-03
1.592624815536525240e+00 3.260148708557391618e-03
1.598535307105021896e+00 3.669557433440607565e-03
1.593796723347520539e+00 3.100471961272739836e-03
1.595070536185558385e+00 3.807145079258076291e-03
1.594255295969214448e+00 4.005671313139913883e-03
1.593949580888085249e+00 3.320196522199803015e-03
1.587070991562680167e+00 4.103025301506356068e-03
1.589312902157626661e+00 3.894888921211678984e-03
1.592115290401310501e+00 3.631366728934214659e-03
1.591147192644401631e+00 3.485580227432453354e-03
1.585083843535340709e+00 3.689341991944214329e-03
1.598280544537414638e+00 3.614149816711940359e-03
1.584319555832517823e+00 3.530751841736610910e-03
1.587223849103244211e+00 3.318507125309234831e-03
1.584472413373081867e+00 3.653106896423126415e-03
1.578867636885715076e+00 3.235288014205786513e-03
1.586255751346335563e+00 3.910322425223072829e-03
1.579937639669667604e+00 3.776303182103825460e-03
1.580345259777839129e+00 4.250120772775378870e-03
1.574740483290472115e+00 3.518672272992456364e-03
1.575453818479773282e+00 3.412201992050312681e-03
1.574842388317515329e+00 3.700608482522913748e-03
1.572651430236089665e+00 3.750118840950030733e-03
1.575402865966251786e+00 3.812610134672963450e-03
1.575657628533859267e+00 3.718971571018153070e-03
1.576472868750203205e+00 3.754183824108744266e-03
1.574536673236385909e+00 3.801655095099429338e-03
1.570868092262836635e+00 3.778997169469612474e-03
1.561543782288398186e+00 3.315188398192540735e-03
1.573160955371304848e+00 3.287917966228028586e-03
1.570868092262836635e+00 4.072616907345203568e-03
1.570715234722271925e+00 3.803447290935520197e-03
1.568931896749018673e+00 4.032436773828559744e-03
1.561951402396570376e+00 3.473750902350203947e-03
1.562104259937135087e+00 4.016179769353363065e-03
1.565212363261947903e+00 3.619795087149866621e-03
1.555633290719902417e+00 3.889195711286885099e-03
1.567607131397459108e+00 3.548355137576573830e-03
1.566282366045899765e+00 3.568404273747521026e-03
1.559811396828666652e+00 3.804880439802049881e-03
1.553034712530304562e+00 3.824748993572889971e-03
1.557671391260762928e+00 3.440498441060183769e-03
1.549722799151405539e+00 3.425585647215129668e-03
1.553646142692562737e+00 3.896888073884388452e-03
1.556958056071461538e+00 3.286322575731584310e-03
1.554767097990036095e+00 4.277034838113509020e-03
1.560015206882752636e+00 3.540213492987202663e-03
1.561034257153183002e+00 3.728512626753219435e-03
1.553238522584390546e+00 3.409096328955419676e-03
1.548958511448583097e+00 3.580025996720233826e-03
1.550894706962400837e+00 3.903810543555223146e-03
1.554206620341299416e+00 4.008431356587642894e-03
1.551149469530008318e+00 3.616034945968893237e-03
1.552219472313960402e+00 4.062864736381711916e-03
1.547939461178152287e+00 3.657506856066216651e-03
1.546156123204899480e+00 3.650490688817976774e-03
1.553748047719606173e+00 3.824423165857575909e-03
1.542793257312478961e+00 4.154501856778062240e-03
1.550894706962400615e+00 3.300570739491586088e-03
1.537188480825111947e+00 3.814992680130599532e-03
1.549824704178448753e+00 3.569426321786399285e-03
1.547735651124066303e+00 3.568346070032742210e-03
1.544933262880382685e+00 3.933732040873735500e-03
1.542436589717828710e+00 4.086413820499736407e-03
1.545391835502076372e+00 4.071341773845249187e-03
1.544372785231646228e+00 3.338361870258111427e-03
1.537392290879197709e+00 3.669557433440605396e-03
1.533570852365083725e+00 3.504447799651672080e-03
1.535812762960030664e+00 3.379542371512646304e-03
1.536373240608767565e+00 3.700976777485414509e-03
1.537698005960327130e+00 4.014023363369150117e-03
1.533978472473255916e+00 3.763245858000791207e-03
1.533112279743390260e+00 3.564651829475272600e-03
1.528679411067018323e+00 3.854553438340744924e-03
1.529494651283362483e+00 3.458512344456037869e-03
1.534029424986777856e+00 3.983743702132312887e-03
1.531023226689008032e+00 3.919871278226657978e-03
1.522667014471478453e+00 3.358458700116472104e-03
1.532959422202825994e+00 3.887576611633085551e-03
1.526284642931506674e+00 3.628019332252049346e-03
1.525622260255726781e+00 3.940612845750212506e-03
1.526743215553200139e+00 3.542643660837656132e-03
1.526743215553200139e+00 3.471579129144869522e-03
1.524908925066425835e+00 3.722571947343084661e-03
1.523533207201344331e+00 3.485256212082030267e-03
1.519202243552015164e+00 4.101531757288722456e-03
1.520628913930617720e+00 2.887614298969111339e-03
1.524144637363602506e+00 3.694798602836842083e-03
1.521189391579354178e+00 3.376733439469819294e-03
1.518998433497929179e+00 3.401441887600518098e-03
1.515890330173117029e+00 3.705141221608185265e-03
1.518336050822149730e+00 3.804975963867019556e-03
1.517367953065240416e+00 3.636150008473489591e-03
1.522208441849784988e+00 4.055128701875404876e-03
1.512782226848303768e+00 3.412962752773658799e-03
1.519762721200752065e+00 3.519841528761784473e-03
1.507024592820371822e+00 3.561999807765947601e-03
1.505445064901204555e+00 3.405134025306789849e-03
1.512986036902389531e+00 3.604252018384242109e-03
1.519100338524972393e+00 3.934309475245488345e-03
1.514769374875643004e+00 3.462987122306452996e-03
1.511100793902093731e+00 3.317771656171639334e-03
1.504935539765989816e+00 3.796352075360398710e-03
1.510132696145184639e+00 3.665788137340369231e-03
1.516297950281288998e+00 3.402712465515583991e-03
1.509062693361232776e+00 3.714840102803763401e-03
1.510896983848007302e+00 3.412662272551950961e-03
1.511100793902093287e+00 3.283161099107041736e-03
1.506667925225721349e+00 3.465801056120064449e-03
1.507890785550238144e+00 3.811503446600824404e-03
1.511049841388571569e+00 3.930612429419093161e-03
1.500044098467923748e+00 3.419801983629358610e-03
1.503050296765693128e+00 3.891331224137953900e-03
1.497037900170154145e+00 3.647730263896396125e-03
1.506871735279808000e+00 3.524717232109005755e-03
1.507432212928544013e+00 3.621931746791184990e-03
1.497853140386498527e+00 3.213791166799645407e-03
1.503305059333301275e+00 4.022664639904383402e-03
1.502897439225128862e+00 3.705263840481825503e-03
1.496222659953809542e+00 3.282781517311338972e-03
1.491789791277437383e+00 4.118561354356869986e-03
1.490821693520528513e+00 3.939469625423076306e-03
1.491025503574614719e+00 3.618475177361398475e-03
1.498209807981148778e+00 3.233373603247646170e-03
1.483484531573429965e+00 3.524941875136806090e-03
1.491993601331523589e+00 3.366611903790162758e-03
1.489700738223054932e+00 3.484481432566008396e-03
1.493369319196604650e+00 3.893398885226466519e-03
1.489904548277140695e+00 3.825186780861154767e-03
1.492706936520824534e+00 3.542643660837650060e-03
1.485115012006118507e+00 3.522495809757925696e-03
1.484146914249209637e+00 3.501928112022162452e-03
1.488172162817409383e+00 3.661837721567488303e-03
1.492401221439695780e+00 3.584374428097966778e-03
1.490923598547571949e+00 3.532167008886745625e-03
1.485981204735984385e+00 3.672184801446000922e-03
1.484197866762731355e+00 3.900860011957355163e-03
1.484146914249209415e+00 3.323928137156993527e-03
1.478134517653669766e+00 3.200998139545483713e-03
1.480835000870310614e+00 3.506243823503873199e-03
1.482975006438214560e+00 3.778395999528042729e-03
1.479612140545794041e+00 3.501086577288776286e-03
1.484554534357381606e+00 3.515867426269986967e-03
1.477981660113105722e+00 3.730670528388974234e-03
1.475841654545201997e+00 3.148766397156129489e-03
1.481701193600176714e+00 3.595222496567838412e-03
1.481701193600176714e+00 3.756948955505383988e-03
1.480427380762138201e+00 3.457269782888767497e-03
1.484656439384424376e+00 2.916384964808336252e-03
1.481752146113698210e+00 3.580928730398265456e-03
1.481955956167783972e+00 3.790743731786586253e-03
1.478389280221277691e+00 3.657240665200441575e-03
1.482312623762434889e+00 3.282113188527965072e-03
1.477574040004933531e+00 3.751378591754868288e-03
1.482873101411171346e+00 3.577200310498783366e-03
1.479917855626922796e+00 3.222922694585899674e-03
1.477217372410282836e+00 3.524687769666333577e-03
1.472631646193345523e+00 3.865986497982879834e-03
1.476453084707460173e+00 3.733522611715392285e-03
1.469064970246839241e+00 3.517462034536527563e-03
1.470440688111920524e+00 3.435363410981879476e-03
1.479051662897057362e+00 3.551251294790148082e-03
1.477472134977890095e+00 3.539039964213381347e-03
1.470848308220092493e+00 3.484406925456686767e-03
1.475841654545201553e+00 3.447117356365081951e-03
1.475892607058723716e+00 3.611447879273637675e-03
1.471714500949958371e+00 3.664541470562614374e-03
1.467434489814150922e+00 3.223627455660253195e-03
1.472173073571652502e+00 3.382709705189208913e-03
1.466721154624849532e+00 3.329266242146944853e-03
1.475943559572244768e+00 3.926505293321435122e-03
1.467434489814151366e+00 3.699850731890490241e-03
1.464377339002859824e+00 3.399243009993643209e-03
1.467434489814150922e+00 3.355427090058192043e-03
1.466772107138371251e+00 3.536618331303777001e-03
1.462339238461999091e+00 3.583650055953327331e-03
1.465294484246247197e+00 3.470352467631250461e-03
1.466160676976113075e+00 3.742842768529162315e-03
1.464071623921730625e+00 3.263583069407186184e-03
1.456734461974631412e+00 3.598109791112651893e-03
1.463358288732429457e+00 3.647555888593739630e-03
1.459282087650707549e+00 3.474031152789861746e-03
1.455256839082508025e+00 3.742024192272719492e-03
1.462339238461999091e+00 3.675915756807787097e-03
1.458517799947884663e+00 3.147941788945805841e-03
1.456275889352938613e+00 3.661936976998928558e-03
1.456377794379981161e+00 3.233843280646220807e-03
1.454186836298555940e+00 3.566220984332658939e-03
1.448378249757102276e+00 3.671619174445576138e-03
1.456530651920545871e+00 3.985838328921098052e-03
1.454135883785034222e+00 3.719687039421636695e-03
1.446798721837935675e+00 3.377502189266799824e-03
1.452301593298259696e+00 3.808495036456034655e-03
1.450976827946699688e+00 3.529784790992021668e-03
1.447817772108366041e+00 4.069189079985942314e-03
1.443384903431993438e+00 3.542467777062881153e-03
1.447002531892021659e+00 3.561810302084445021e-03
1.448836822378796185e+00 3.576126036911387359e-03
1.447410152000193850e+00 3.904758099047904354e-03
1.452760165919952939e+00 3.443918797206083071e-03
1.442009185566912599e+00 3.551664316627520159e-03
1.442773473269734819e+00 3.693895584316828854e-03
1.437627269404061936e+00 3.710798484907012942e-03
1.442518710702127560e+00 3.316472450636450027e-03
1.432430113024867335e+00 3.424206040672480526e-03
1.442824425783256759e+00 3.474333797873790063e-03
1.440225847593659347e+00 3.326301685878724299e-03
1.439716322458444386e+00 3.654751730442212711e-03
1.433652973349383242e+00 3.876665997359590807e-03
1.440072990053094859e+00 3.606257508223608028e-03
1.440633467701831316e+00 2.918734140093701482e-03
1.442569663215649056e+00 3.514065239145625855e-03
1.428353911943145427e+00 4.040749563585703877e-03
1.435232501268550065e+00 3.594702537261508686e-03
1.428252006916101546e+00 3.318663587075644517e-03
1.431156300186828823e+00 3.784269626160374246e-03
1.429474867240618785e+00 3.260164635145561870e-03
1.429474867240618563e+00 3.250594659602139280e-03
1.427997244348494288e+00 3.360776962577717401e-03
1.424736283483116983e+00 3.458212068373996140e-03
1.427487719213279105e+00 3.538830888567288946e-03
1.426927241564542648e+00 3.972662625628151783e-03
1.429831534835269036e+00 3.129542204373907902e-03
1.420456272347309978e+00 3.712096058040655847e-03
1.422800087969299243e+00 3.217436398169504913e-03
1.418621981860535008e+00 3.647043390471478054e-03
1.418061504211798329e+00 3.401338846967792186e-03
1.419742937158008589e+00 3.563832390623126144e-03
1.423309613104514204e+00 3.406048812190463817e-03
1.416329118752066352e+00 3.844251495772717069e-03
1.411743392535129038e+00 3.149574303740532762e-03
1.414596733292334818e+00 3.153857692505774440e-03
1.414953400886985291e+00 3.997986952313479191e-03
1.420863892455481947e+00 3.502550791676908165e-03
1.413526730508382956e+00 3.639917900076670206e-03
1.409144814345532071e+00 3.336121416114899100e-03
1.417551979076582702e+00 3.464186414858428601e-03
1.412456727724431094e+00 3.169082502354998894e-03
1.413883398103033429e+00 3.735079903144141594e-03
1.403998610479858300e+00 3.694672123263019557e-03
1.406189568561284187e+00 3.695553876834777821e-03
1.406597188669455489e+00 3.420652131184317470e-03
1.404253373047466225e+00 3.598831252805428319e-03
1.409705291994268972e+00 3.830788750259054437e-03
1.402113367479562056e+00 3.508445937125488114e-03
1.405730995939590278e+00 3.915209175240032778e-03
1.406597188669456155e+00 3.049068399912187831e-03
1.404508135615073483e+00 3.422932064176435057e-03
1.402979560209428156e+00 3.882434420558431541e-03
1.397731451316711615e+00 3.249680051599189348e-03
1.396559543505716539e+00 3.505310746581673850e-03
1.393808107775554639e+00 3.853573327108106988e-03
1.397731451316711837e+00 3.578198079715061257e-03
1.397782403830233111e+00 3.629865073766099480e-03
1.400788602128002713e+00 3.475734589108638029e-03
1.385808563152676198e+00 3.481406690572853933e-03
1.397018116127409781e+00 3.855361590012852668e-03
1.398342881478969790e+00 3.366642749599718654e-03
1.393094772586253249e+00 3.608661185993402524e-03
1.402520987587734469e+00 3.711704385649628683e-03
1.398088118911362532e+00 3.419304701167268958e-03
1.394317632910769378e+00 4.099382250891236978e-03
1.389986669261440877e+00 3.459052775715930513e-03
1.385910468179719190e+00 3.297674859479105079e-03
1.390954767018349081e+00 3.306280295338301541e-03
1.387439043585364296e+00 3.021595750044103398e-03
1.389731906693833174e+00 3.778739536920180768e-03
1.384993322936331817e+00 3.540268492603893067e-03
1.384993322936331817e+00 3.585446230298229651e-03
1.387795711180015212e+00 3.175760257897638269e-03
1.392687152478081281e+00 3.539333382885373989e-03
1.385655705612111266e+00 3.281595041210668556e-03
1.382190934692647977e+00 3.438505751827269832e-03
1.389680954180311456e+00 3.414727064917918477e-03
1.386318088287891381e+00 3.465860981918400616e-03
1.382445697260255679e+00 3.613575105601702676e-03
1.388610951396359594e+00 3.521979856227792829e-03
1.381222836935739107e+00 3.475585198275631810e-03
1.378879021313749176e+00 3.492574595365191634e-03
1.377961876070361802e+00 3.445154870549285622e-03
1.373834722475118841e+00 3.185799541409089445e-03
1.376993778313453376e+00 3.432021521375840881e-03
1.376637110718801793e+00 3.884877726460977433e-03
1.379337593935442419e+00 3.991712395406654158e-03
1.379999976611222534e+00 3.647498947913969860e-03
1.375363297880764168e+00 3.557769974347486062e-03
1.376891873286409940e+00 3.689665675839271658e-03
1.372764719691166757e+00 3.082231213191265803e-03
1.375567107934850819e+00 3.299095574776501286e-03
1.372051384501865590e+00 3.275937561617499501e-03
1.369350901285225186e+00 3.993195002878638031e-03
1.370675666636784529e+00 3.593088017610975536e-03
1.369962331447482917e+00 3.565860613098451905e-03
1.369554711339310948e+00 3.588533113057369110e-03
1.369248996258181972e+00 3.742412691463177597e-03
1.363236599662642545e+00 4.207209237452725833e-03
1.366701370582105612e+00 3.551269571108392475e-03
1.359211351094442133e+00 3.356912302377219274e-03
1.370726619150305803e+00 3.499406610135328589e-03
1.366446608014498132e+00 3.957049093933468452e-03
1.359262303607963851e+00 3.486864819455435475e-03
1.370268046528612338e+00 3.713442116805177468e-03
1.361708024256996996e+00 3.312697170976718758e-03
1.364663270041245102e+00 4.027556893653686486e-03
1.359720876229657760e+00 3.683901964307034239e-03
1.354982292472156180e+00 3.310564822447574669e-03
1.359109446067399141e+00 3.514390292009364654e-03
1.353402764552989135e+00 3.740244211513626266e-03
1.357326108094146111e+00 3.144822816521947954e-03
1.358498015905141187e+00 3.590800442539984587e-03
1.347441320470971426e+00 3.416099099931420909e-03
1.355950390229065272e+00 3.696256318744259913e-03
1.356052295256108042e+00 3.744988946829690916e-03
1.360281353878394883e+00 3.637438524125339266e-03
1.353453717066510631e+00 3.831737424887957707e-03
1.351313711498607129e+00 3.550787044766738620e-03
1.351109901444520700e+00 3.078965576643533184e-03
1.343517976929814450e+00 3.343242098508322768e-03
1.344180359605594566e+00 3.214146587104802465e-03
1.355135150012721112e+00 3.479795560067563444e-03
1.350957043903956656e+00 3.483523894881090325e-03
1.355491817607371807e+00 3.736928343814590985e-03
1.349428468498310218e+00 3.369263611257600904e-03
1.349632278552396647e+00 3.688381327961051670e-03
1.348307513200837304e+00 3.783034553423626160e-03
1.347797988065621899e+00 3.798239049316645514e-03
1.354625624877505707e+00 3.352578594030103474e-03
1.345759887524761167e+00 3.269909065459948756e-03
1.351109901444520478e+00 3.439789055262747024e-03
1.350498471282262525e+00 3.854583747086265215e-03
1.344282264632637114e+00 3.106916990714564571e-03
1.349122753417181908e+00 3.877653662081593979e-03
1.343823692010943427e+00 3.766831485155060222e-03
1.350753233849870227e+00 3.754875297858525137e-03
1.350702281336348953e+00 3.416038301186150820e-03
1.344027502065029189e+00 2.950722483218481528e-03
1.342753689226991343e+00 3.584088318593963741e-03
1.344486074686722654e+00 3.705113193867288872e-03
1.343161309335163756e+00 3.123368298819007363e-03
1.339849395956264511e+00 3.164060834349445659e-03
1.341836543983603969e+00 3.630165454493722473e-03
1.342549879172905802e+00 3.056997949929004914e-03
1.341072256280781749e+00 3.603156989332970302e-03
1.341683686443039702e+00 3.551982274169867334e-03
1.342651784199948350e+00 3.996392439685461304e-03
1.338932250712877359e+00 3.387368931336867846e-03
1.344944647308416785e+00 3.155845020082713275e-03
1.342397021632340870e+00 3.742908663068274418e-03
1.338779393172312870e+00 3.490154195946357316e-03
1.338218915523576191e+00 3.954056216729364553e-03
1.342295116605297878e+00 3.770413702413923703e-03
1.338575583118226886e+00 3.095733164936232459e-03
1.343008451794599489e+00 3.461363668032370160e-03
1.334499382036504977e+00 3.578680537385252498e-03
1.339237965794006557e+00 3.557416044897382564e-03
1.335773194874543712e+00 3.250510797970194987e-03
1.330677943522391438e+00 2.977035502595043546e-03
1.334957954658198664e+00 3.134615030691905065e-03
1.340409873605001412e+00 3.475603872480905084e-03
1.332359376468601475e+00 3.823014320299660505e-03
1.327977460305750368e+00 3.345590305009707444e-03
1.331849851333386070e+00 3.097409960438359238e-03
1.332512234009166185e+00 3.783857980040883362e-03
1.328690795495051979e+00 3.555434119078825037e-03
1.327977460305750590e+00 3.401002989162769247e-03
1.334040809414811068e+00 3.536599979271371104e-03
1.329404130684353147e+00 3.611897144576910971e-03
1.326092217305454790e+00 2.948469236869203942e-03
1.332716044063252170e+00 3.643368377597468177e-03
1.323289829061771172e+00 3.522525290534186861e-03
1.329658893251960849e+00 3.308458564310862160e-03
1.325633644683760881e+00 3.507798400153946342e-03
1.325327929602631905e+00 3.564724659368279612e-03
1.317786957601446707e+00 3.518070895555158121e-03
1.323799354196985911e+00 3.672555946821903956e-03
1.318143625196097402e+00 3.825427712178759709e-03
1.316869812358059111e+00 3.540008153534903411e-03
1.315850762087628967e+00 3.382494804245250036e-03
1.318449340277226822e+00 3.279454344290791412e-03
1.317277432466231302e+00 3.712882775021022434e-03
1.324614594413330515e+00 3.508094431886048421e-03
1.316666002303973348e+00 3.452024330323124474e-03
1.315188379411849073e+00 3.341377884615014896e-03
1.313201231384510059e+00 3.137102852000692339e-03
1.306220737032061763e+00 3.670487658953103076e-03
1.307851217464750304e+00 3.480213332187576288e-03
1.303214538734292161e+00 3.178375155783325686e-03
1.311519798438300022e+00 3.361611145692331055e-03
1.313659804006203524e+00 2.993524130371894281e-03
1.313965519087332945e+00 2.879655579224539054e-03
1.310857415762520572e+00 3.485747809760981336e-03
1.304029778950636320e+00 3.353418687456877385e-03
1.299036432625527482e+00 3.484943341089433936e-03
1.311876466032950272e+00 3.256722683566208067e-03
1.307188834788970633e+00 3.401247252673630320e-03
1.306679309653755228e+00 3.675297725836373756e-03
1.305099781734588182e+00 3.341253566706869123e-03
1.303724063869507344e+00 3.490808724447389856e-03
1.302705013599076533e+00 3.331281412795673684e-03
1.302093583436818580e+00 3.232173006486908310e-03
1.302857871139641244e+00 3.694232924454569304e-03
1.297609762246924925e+00 3.532505094775009909e-03
1.298374049949747366e+00 3.117573582177925878e-03
1.292055938273079185e+00 3.631205867012359673e-03
1.298170239895661382e+00 3.139977325800043153e-03
1.294246896354504406e+00 3.054959067553318728e-03
1.296794522030580543e+00 3.397367495885145108e-03
1.297609762246925147e+00 3.211447639884758114e-03
1.294348801381547398e+00 3.311113719840377920e-03
1.298832622571441497e+00 4.141608859156671769e-03
1.291546413137863780e+00 3.263551249518013841e-03
1.295928329300714665e+00 3.244435056597922470e-03
1.295164041597892002e+00 3.351668577941240793e-03
1.290527362867433414e+00 3.050226165192993031e-03
1.287011639434448407e+00 3.291011764843289333e-03
1.283394010974420407e+00 3.291907003005461931e-03
1.282273055676947493e+00 3.374345355193440147e-03
1.282476865731033477e+00 3.586546666726584016e-03
1.281355910433559897e+00 3.648893738776102201e-03
1.282273055676947049e+00 2.970050815316944721e-03
1.281865435568775302e+00 2.980138425171989860e-03
1.281508767974124163e+00 3.357395628183290105e-03
1.280336860163129309e+00 3.123397390850539846e-03
1.283750678569071324e+00 3.428615798756050326e-03
1.279317809892699165e+00 2.929175759769972204e-03
1.287113544461491621e+00 3.138294320311167153e-03
1.280591622730737011e+00 3.161175409284648716e-03
1.278451617162833287e+00 3.370977630905707713e-03
1.277585424432967409e+00 3.571545865797989047e-03
1.279266857379177447e+00 3.485300905645370099e-03
1.275853038973235654e+00 4.011600470323967854e-03
1.281304957920038179e+00 3.124913957245320766e-03
1.272082552972643166e+00 3.488588035815073929e-03
1.275853038973235654e+00 3.382398861915544147e-03
1.269076354674873564e+00 3.413042622812319758e-03
1.274324463567590326e+00 3.650401790144227991e-03
1.268617782053180099e+00 2.975604977713152809e-03
1.269076354674873341e+00 3.465879708517904771e-03
1.265713488782453267e+00 3.383661245307215126e-03
1.264949201079630381e+00 3.519262482188644479e-03
1.269789689864174731e+00 3.217859994286862476e-03
1.264083008349764725e+00 3.768020194325296703e-03
1.264286818403850710e+00 3.442354226894385558e-03
1.262758242998204938e+00 3.603664922471724787e-03
1.259904902241000046e+00 3.589227567052099242e-03
1.256236321267450551e+00 3.989292221360203790e-03
1.268872544620787357e+00 3.126409028145486074e-03
1.264643485998501182e+00 3.196940334606214375e-03
1.263013005565812641e+00 2.816761680271295983e-03
1.263114910592855633e+00 3.251692648033920833e-03
1.263573483214549320e+00 2.953769549627345559e-03
1.255981558699843070e+00 2.897021198504241314e-03
1.259395377105784863e+00 3.619981557334795482e-03
1.267598731782749510e+00 3.536599979271365466e-03
1.261586335187210084e+00 3.600273742468163094e-03
1.263522530701028046e+00 3.390739517121146070e-03
1.257051561483794933e+00 3.255159857181948342e-03
1.258274421808311283e+00 3.366723718505206138e-03
1.260720142457344206e+00 3.026665080605052578e-03
1.259140614538177161e+00 3.316421567775743040e-03
1.250071067131346414e+00 3.371574444373070904e-03
1.250631544780083315e+00 3.487549741730240540e-03
1.245587245941452759e+00 3.518377131266426597e-03
1.250784402320647581e+00 2.794739560756729323e-03
1.250529639753040545e+00 3.131221622853583818e-03
1.254554888321240291e+00 3.379849636856164900e-03
1.252975360402073024e+00 3.072837906364046454e-03
1.258019659240703358e+00 2.913107196004409601e-03
1.249306779428523750e+00 3.251808414295311728e-03
1.249816304563739155e+00 3.087251435188919247e-03
1.259650139673392122e+00 3.362136265915667034e-03
1.248491539212179591e+00 3.370946824762433795e-03
1.240135326994650233e+00 3.280582242284883765e-03
1.250631544780083537e+00 2.990613063350635106e-03
1.244517243157501118e+00 3.207581124021453844e-03
1.242733905184247867e+00 3.054920825512359023e-03
1.244262480589893194e+00 3.347680956126664834e-03
1.236211983453493479e+00 3.162550726816930943e-03
1.242988667751855347e+00 3.623723274697534386e-03
1.243447240373548812e+00 2.897128734222057835e-03
1.243498192887070752e+00 4.022022432738935928e-03
1.245842008509060683e+00 3.379745937925722303e-03
1.238148178967310775e+00 2.903287454845134702e-03
1.241052472238037385e+00 3.260944942677920094e-03
1.242632000157204875e+00 3.801381924404346416e-03
1.239218181751262859e+00 2.957195392538701333e-03
1.236517698534622456e+00 3.707757378396990718e-03
1.233001975101637449e+00 3.238848934966708556e-03
1.231167684614862923e+00 3.473511737428404238e-03
1.234581503020804494e+00 3.205860725762044693e-03
1.226887673479054808e+00 3.284062430036249151e-03
1.233358642696287921e+00 3.397042709071798096e-03
1.229078631560480472e+00 3.577617593296108373e-03
1.231167684614862701e+00 3.211770986640957812e-03
1.231065779587819931e+00 3.084054250245353655e-03
1.228976726533437480e+00 3.335249721942862462e-03
1.227040531019619518e+00 3.296477992735978406e-03
1.229333394128087953e+00 3.760889206595801563e-03
1.227702913695399412e+00 3.455767601726003006e-03
1.220977181910558595e+00 3.142312190540794050e-03
1.221384802018731008e+00 3.335518259158158031e-03
1.223422902559591519e+00 3.565452876476778079e-03
1.222811472397333565e+00 3.153561337656392467e-03
1.229537204182174159e+00 3.563122057847279648e-03
1.219142891423783848e+00 3.368327272796339724e-03
1.221588612072816993e+00 3.128500927087227938e-03
1.217257648423487826e+00 3.092926692830524037e-03
1.220263846721257650e+00 3.346474821459252073e-03
1.211754776963163582e+00 3.287013743411001249e-03
1.218123841153353704e+00 3.250977999513790691e-03
1.221588612072816993e+00 3.270500507986803633e-03
1.213996687558110743e+00 3.041224882917161181e-03
1.215117642855583879e+00 3.558846141425506347e-03
1.215627167990799062e+00 3.279581004800848250e-03
1.207169050746226935e+00 3.298682410439652581e-03
1.214353355152761438e+00 3.621272241426631757e-03
1.208442863584264781e+00 3.219924731269146242e-03
1.214251450125718224e+00 3.288012717541896005e-03
1.208697626151872484e+00 3.321740473401342542e-03
1.215219547882627094e+00 3.453043232721165513e-03
1.211550966909077598e+00 3.309054885142556548e-03
1.206710478124533248e+00 3.432460235341786015e-03
1.208799531178915476e+00 3.591118549664346071e-03
1.209003341233001683e+00 3.435314289099411587e-03
1.205181902718887477e+00 2.624900220716403377e-03
1.208493816097786278e+00 3.231895882358370217e-03
1.197946645798831700e+00 2.893385037989216861e-03
1.199067601096305280e+00 3.364085443577179927e-03
1.205130950205366203e+00 3.361672928799637472e-03
1.207525718340877408e+00 3.278682401049390523e-03
1.200137603880257142e+00 3.238989206381667242e-03
1.202990944637462256e+00 3.127982233404312008e-03
1.208595721124829270e+00 3.558933679687135802e-03
1.202481419502246851e+00 3.338361870258112728e-03
1.198099503339396410e+00 3.226621978652714252e-03
1.199169506123348050e+00 3.421794184351920152e-03
1.195297115095712792e+00 3.439139914550520295e-03
1.195755687717406257e+00 3.305758082552144594e-03
1.198659980988133089e+00 3.523836935385981587e-03
1.200647129015472325e+00 3.324896499802164427e-03
1.201462369231816929e+00 3.043853006579148261e-03
1.198150455852917906e+00 3.140923878385230763e-03
1.195042352528105090e+00 3.416095300041532921e-03
1.198965696069262288e+00 3.220198854560053867e-03
1.192800441933158151e+00 3.142060191348111740e-03
1.194023302257674946e+00 3.312536508713095993e-03
1.196061402798535678e+00 3.223885158378401224e-03
1.195551877663320495e+00 3.351339362332552470e-03
1.191883296689770777e+00 3.275779059119016037e-03
1.196265212852621662e+00 3.010819334414660108e-03
1.190966151446383625e+00 3.264696570141990134e-03
1.185004707364365695e+00 3.475977335518520839e-03
1.192239964284421694e+00 3.417481979174226935e-03
1.187297570472833907e+00 3.450094735416639382e-03
1.192341869311464464e+00 2.822622089982590281e-03
1.188979003419044167e+00 3.567403765297061206e-03
1.191322819041034320e+00 3.067002740402477706e-03
1.188622335824393694e+00 3.142456771117678460e-03
1.195144257555148304e+00 3.040541881747366865e-03
1.181438031417859191e+00 3.459431777822566563e-03
1.185514232499580878e+00 3.370792789822924570e-03
1.183679942012806130e+00 3.016216658692004535e-03
1.185004707364365695e+00 3.354347578010817739e-03
1.177107067768529802e+00 3.390892645959251751e-03
1.183068511850547955e+00 3.273293529386950111e-03
1.180368028633907329e+00 3.417159104159712881e-03
1.177259925309094735e+00 3.465145550044493230e-03
1.183221369391112665e+00 3.057197517405146284e-03
1.177208972795573239e+00 3.205148008093772292e-03
1.176852305200922544e+00 3.850998926958308730e-03
1.179196120822912697e+00 3.481425333551928063e-03
1.178431833120089811e+00 3.008231392808772154e-03
1.174202774497803414e+00 3.234180442868542314e-03
1.175680397389927467e+00 3.111605381254584253e-03
1.170687051064818407e+00 3.148597370071259168e-03
1.175068967227669070e+00 3.245203146346793081e-03
1.178635643174175573e+00 3.085766838906893374e-03
1.177922307984874184e+00 3.810658742269800500e-03
1.171757053848770269e+00 2.983381707896447417e-03
1.177107067768530024e+00 3.207544701621736945e-03
1.168648950523957675e+00 3.371882435800064963e-03
1.170330383470168156e+00 3.269722480856594640e-03
1.176088017498099880e+00 3.591234217996131569e-03
1.175884207444013674e+00 3.850779821324744247e-03
1.169769905821431255e+00 3.257340431016940950e-03
1.171247528713555308e+00 3.480381172935165159e-03
1.166610849983096942e+00 3.280087597931241519e-03
1.168394187956350194e+00 3.205654215925381797e-03
1.171145623686512316e+00 3.617628460027915403e-03
1.168190377902263988e+00 3.375256949045289494e-03
1.168750855551000667e+00 3.438486876144426687e-03
1.163961319279978035e+00 3.334097490800603560e-03
1.168547045496914683e+00 3.564706452034512203e-03
1.162127028793203287e+00 3.219662679835653355e-03
1.161974171252638355e+00 3.478605380583288907e-03
1.163044174036590439e+00 3.543522948760902212e-03
1.164878464523365409e+00 3.437882799573425442e-03
1.162789411468982959e+00 2.996441033413918629e-03
1.165387989658580148e+00 3.278472559420764210e-03
1.164267034361107012e+00 3.189623276754976946e-03
1.164929417036886683e+00 3.297914967916454332e-03
1.161006073495729707e+00 3.208548189807102630e-03
1.158305590279089303e+00 3.315110086223922552e-03
1.160445595846993028e+00 3.391309886951032054e-03
1.160598453387557516e+00 3.038286888539565127e-03
1.158407495306132073e+00 3.430129870721548326e-03
1.158713210387261272e+00 3.233795111744800724e-03
1.157337492522180211e+00 3.357530946940948894e-03
1.153668911548630938e+00 3.089802600003023394e-03
1.159528450603605654e+00 3.199055093229261244e-03
1.157643207603309410e+00 3.012129709480166999e-03
1.161311788576858905e+00 2.863018969064271262e-03
1.156216537224706631e+00 3.273400600653347033e-03
1.152344146197071151e+00 2.975290867995050194e-03
1.152649861278200571e+00 3.212074094662876154e-03
1.148981280304651076e+00 3.062559730938151873e-03
1.151834621061856190e+00 3.022557902179065330e-03
1.150356998169732137e+00 3.513566520049887787e-03
1.153261291440458747e+00 2.856337193352185416e-03
1.146484607142096435e+00 3.183141807043438597e-03
1.144548411628278917e+00 3.339376581164282300e-03
1.144956031736450885e+00 3.441252946269117430e-03
1.146433654628574939e+00 3.780370913203625477e-03
1.150968428331990534e+00 3.281769084548380368e-03
1.146535559655618153e+00 3.214013309096319659e-03
1.142663168627982673e+00 3.359231632033795375e-03
1.146026034520402748e+00 2.715969714269121215e-03
1.145414604358144572e+00 3.099634505126387749e-03
1.141695070871073803e+00 3.167656748242410336e-03
1.141236498249379894e+00 3.086103353908421863e-03
1.145516509385187787e+00 3.432290051236530810e-03
1.144803174195886397e+00 3.205277604912005335e-03
1.142204596006288986e+00 3.297993688188961044e-03
1.139402207762605368e+00 3.186268083584888056e-03
1.144803174195886397e+00 3.153013831142802235e-03
1.142663168627982673e+00 3.454486476481946448e-03
1.145108889277015596e+00 3.312066232912045348e-03
1.145210794304058588e+00 3.363865493932007011e-03
1.140166495465428254e+00 3.614095941427657079e-03
1.142459358573896466e+00 3.024755957797586967e-03
1.139300302735562376e+00 2.839088501510714062e-03
1.131198853085640721e+00 3.380897969597435222e-03
1.135020291599754705e+00 3.409096328955431385e-03
1.138077442411045803e+00 3.257531709697085529e-03
1.138994587654432955e+00 3.374806952475444162e-03
1.136548867005400254e+00 3.418374474917996488e-03
1.134510766464539522e+00 2.903752408598347760e-03
1.137669822302873612e+00 3.190013943528455242e-03
1.132115998329027873e+00 3.292273704291032253e-03
1.129364562598865751e+00 3.266926406430756095e-03
1.136141246897228063e+00 3.181375551056773304e-03
1.131810283247898674e+00 3.435559891488255101e-03
1.134001241329324117e+00 3.051621709705849231e-03
1.131504568166769698e+00 3.577925988432538972e-03
1.129823135220559438e+00 3.385713052177737221e-03
1.132523618437200064e+00 3.432460235341792086e-03
1.127581224625612499e+00 3.069333908800176650e-03
1.125492171571230271e+00 3.087755951243081453e-03
1.125033598949536362e+00 3.266032269912183626e-03
1.124829788895450378e+00 2.951989178475662983e-03
1.126307411787574431e+00 3.395517706375206397e-03
1.125288361517144287e+00 3.119775427730073995e-03
1.124014548679106218e+00 3.285844597636305899e-03
1.123555976057412753e+00 3.109289206270927312e-03
1.130638375436903820e+00 2.966097195223378266e-03
1.128956942490693560e+00 3.195807287751058386e-03
1.127785034679698706e+00 3.151893822433257577e-03
1.123046450922197348e+00 3.202332033265769488e-03
1.125441219057708775e+00 3.386755737157854697e-03
1.126765984409268340e+00 3.366025779701890645e-03
1.124422168787278409e+00 3.214174857487061589e-03
1.124320263760235417e+00 2.983133688688737774e-03
1.118868344813432669e+00 3.078240346253855765e-03
1.117747389515959311e+00 3.292951796916707228e-03
1.122180258192331470e+00 3.578807489120084534e-03
1.124014548679106218e+00 3.078624065010557992e-03
1.119785490056820043e+00 3.207645873933130144e-03
1.123301213489805050e+00 2.935939361695663694e-03
1.116524529191442738e+00 3.360688125326000142e-03
1.117696437002437815e+00 2.853973044236645697e-03
1.118511677218781752e+00 3.372467542020366610e-03
1.122027400651767204e+00 3.194377207226862386e-03
1.118562629732303693e+00 3.551342675440829870e-03
1.119072154867518876e+00 3.193125361375165252e-03
1.119072154867518876e+00 3.569353587827179229e-03
1.119581680002733837e+00 3.006094663752477848e-03
1.117951199570045517e+00 3.431658405333799268e-03
1.116371671650878694e+00 3.006953854505101803e-03
1.121670733057116287e+00 3.894515632387065326e-03
1.109442129811951450e+00 3.496616008390104283e-03
1.112906900731414961e+00 2.974208680600952219e-03
1.113925951001845327e+00 3.408304236733903335e-03
1.116830244272571715e+00 3.465160534425285824e-03
1.119377869948647852e+00 3.592076315743303935e-03
1.115607383948055364e+00 3.506480755884023529e-03
1.113824045974802335e+00 3.113840628377050578e-03
1.107556886811655206e+00 3.601719258469311680e-03
1.110868800190554007e+00 3.388594986807312061e-03
1.107760696865741412e+00 3.496114800170880329e-03
1.113569283407194854e+00 3.116861499815035130e-03
1.107200219217004733e+00 3.265237276345985852e-03
1.111174515271683205e+00 3.500148416899953596e-03
1.104958308622057794e+00 2.972497322776948125e-03
1.103633543270498230e+00 3.112172685503649359e-03
1.109696892379559152e+00 3.379131360440261467e-03
1.106639741568267832e+00 3.414594012816304404e-03
1.102359730432460161e+00 3.279220801149798636e-03
1.105467833757272977e+00 3.315513373095759116e-03
1.103786400811062940e+00 3.160436185516876575e-03
1.102716398027110856e+00 3.021836316798071249e-03
1.100576392459207131e+00 3.374714638070058174e-03
1.099200674594125848e+00 3.540653465998855332e-03
1.109849749920123640e+00 3.357345365541317128e-03
1.102003062837809688e+00 3.478870314693144165e-03
1.104805451081493084e+00 3.023918996086931259e-03
1.100882107540336108e+00 3.049919740683580335e-03
1.096856858972135917e+00 3.289559936004086797e-03
1.100372582405120925e+00 3.235460536473334404e-03
1.102614493000067641e+00 3.157720107000080382e-03
1.099251627107647344e+00 3.429142014554228957e-03
1.098487339404824459e+00 3.081612061629162777e-03
1.091863512647027301e+00 2.920445889122078725e-03
1.097162574053265116e+00 3.147182958568569243e-03
1.092576847836328469e+00 3.125412393676657401e-03
1.095532093620576353e+00 3.332948756010514248e-03
1.097570194161437307e+00 3.595688229597434477e-03
1.098691149458910665e+00 3.193125361375163951e-03
1.096907811485657636e+00 3.252874068702186518e-03
1.096041618755791758e+00 3.574906200009274424e-03
1.092831610403936171e+00 3.420469974496406947e-03
1.091150177457725690e+00 3.036701412476832361e-03
1.090283984727860034e+00 3.209001275160966449e-03
1.093188277998586422e+00 2.784264657248626020e-03
1.083099680321325753e+00 3.295000995707667111e-03
1.096041618755791758e+00 3.296844185599689860e-03
1.089163029430386453e+00 3.373114120287993949e-03
1.094716853404232193e+00 3.143815503532244003e-03
1.094869710944796903e+00 2.643699041231867101e-03
1.090233032214338316e+00 3.389916331106634928e-03
1.087583501511219408e+00 3.425206689788536270e-03
1.091048272430682919e+00 3.077616174009756289e-03
1.089519697025037148e+00 3.296655187910626193e-03
1.088347789214042294e+00 2.823500332185029105e-03
1.097672099188480299e+00 3.034375119455223237e-03
1.088245884186999080e+00 3.000973283390965737e-03
1.086462546213746050e+00 3.116761545411683709e-03
1.088704456808692989e+00 3.247622241085901165e-03
1.092016370187591789e+00 3.486324976122617044e-03
1.087481596484176638e+00 3.242021591525509009e-03
1.087379691457133424e+00 3.587737219267042588e-03
1.084424445672885096e+00 2.990248438078493658e-03
1.084373493159363377e+00 2.928643925311323094e-03
1.083456347915976226e+00 3.179612396434851156e-03
1.085392543429793966e+00 3.322053084997288880e-03
1.079940624482991218e+00 3.086730015302544157e-03
1.079685861915383960e+00 2.960840871762962338e-03
1.084016825564712905e+00 3.402773502359003784e-03
1.084832065781057286e+00 2.923022735349179932e-03
1.084577303213450028e+00 3.040712646422455596e-03
1.075354898266054349e+00 3.333789902324663101e-03
1.083048727807804035e+00 3.267717016621317881e-03
1.082488250159067356e+00 3.293046403391416185e-03
1.078819669185517860e+00 3.440241871593678006e-03
1.079074431753125562e+00 2.735210466791743351e-03
1.077698713888044502e+00 3.237726544870538244e-03
1.077291093779872311e+00 2.756413251381094418e-03
1.076679663617614136e+00 3.264239285448851998e-03
1.081978725023852173e+00 3.334179250051806133e-03
1.077138236239307822e+00 3.249296558560476559e-03
1.074488705536188693e+00 3.268161899047664770e-03
1.073163940184629350e+00 2.745064006036605862e-03
1.075405850779576067e+00 3.311909459472360366e-03
1.075915375914791472e+00 3.091684152313503749e-03
1.067915831291912587e+00 3.208730240718239528e-03
1.075609660833662495e+00 3.370865957296840989e-03
1.074030132914495006e+00 3.464860834496982095e-03
1.078564906617910379e+00 3.713354725205218667e-03
1.068068688832477298e+00 3.592246157027943060e-03
1.067813926264869817e+00 2.792625411807554171e-03
1.071278697184333106e+00 3.157000632965233262e-03
1.070718219535596427e+00 3.386786399503580094e-03
1.067661068724304885e+00 2.685052432537932392e-03
1.066896781021481999e+00 3.497376965002497139e-03
1.068578213967692481e+00 3.162386541243293776e-03
1.063533915129061924e+00 3.097963103786078708e-03
1.065215348075271962e+00 2.806086808319184760e-03
1.062412959831588566e+00 2.946377281892432164e-03
1.065062490534707473e+00 3.142146947449736463e-03
1.063482962615540650e+00 3.133521586305965806e-03
1.058387711263388598e+00 3.446782193201222613e-03
1.070259646913902518e+00 2.910543870699476305e-03
1.065877730751051855e+00 3.653348516712497714e-03
1.062005339723416153e+00 2.867209808260961536e-03
1.064603917913014008e+00 2.737146072988161719e-03
1.066081540805138062e+00 2.864129572117070279e-03
1.062056292236937871e+00 3.149916364992717908e-03
1.070259646913902518e+00 3.038837978851374050e-03
1.062260102291024078e+00 3.273083342270768133e-03
1.060476764317770826e+00 3.630294181482801499e-03
1.063279152561454444e+00 3.179253115428867793e-03
1.063432010102018710e+00 3.028757297026074286e-03
1.061190099507071993e+00 3.206431595505774938e-03
1.057470566020001224e+00 3.247794108161489342e-03
1.058183901209302169e+00 3.276571494936591968e-03
1.053241507397714827e+00 3.192344741546512300e-03
1.054260557668145415e+00 3.201926653227059154e-03
1.060018191696077139e+00 3.585909613112332577e-03
1.055941990614355452e+00 3.372652291316917492e-03
1.055483417992662210e+00 2.942038899520475585e-03
1.056043895641398445e+00 3.754128500706691192e-03
1.060935336939464513e+00 2.905682958572783792e-03
1.062973437480325245e+00 3.373852915149653207e-03
1.052579124721935155e+00 2.765980086803668334e-03
1.053445317451801255e+00 3.364409553687030315e-03
1.053139602370671835e+00 2.995401156106583355e-03
1.055789133073790964e+00 3.105362374517954376e-03
1.056196753181963155e+00 2.874751469363156023e-03
1.055891038100833956e+00 3.280708859249467819e-03
1.056145800668441659e+00 3.304344160234496536e-03
1.051967694559676758e+00 3.450576294824006691e-03
1.051152454343332598e+00 3.050668724035359748e-03
1.057062945911829033e+00 2.785285491473472787e-03
1.055177702911532789e+00 3.328271849861753288e-03
1.051407216910940079e+00 3.156589431318025576e-03
1.050235309099945447e+00 3.299941416536555060e-03
1.053088649857150338e+00 3.312034878817762644e-03
1.046261013045266752e+00 3.275493735293365238e-03
1.048146256045562996e+00 3.682509858238023660e-03
1.047280063315697118e+00 3.095544468603338845e-03
1.048859591234864164e+00 3.055027052221899637e-03
1.047993398504998286e+00 3.347898091765672511e-03
1.043815292396233607e+00 2.922289898285542527e-03
1.046464823099352737e+00 3.216112805227115158e-03
1.049878641505294530e+00 3.329893921208340081e-03
1.045904345450616280e+00 3.095196398523747568e-03
1.044987200207228462e+00 2.963509621037884768e-03
1.045038152720750402e+00 3.148663332940040450e-03
1.045853392937094561e+00 2.789197555129361086e-03
1.049216258829514858e+00 3.170257857337881787e-03
1.038465278476474074e+00 3.212530723411195863e-03
1.043866244909755103e+00 3.087470068934412577e-03
1.042949099666367729e+00 3.253803736621588803e-03
1.041471476774243898e+00 2.844569813349686130e-03
1.041930049395937585e+00 2.962107622345068990e-03
1.045038152720750402e+00 3.178207703385771236e-03
1.041930049395937585e+00 3.138294320311164984e-03
1.041522429287765172e+00 3.298969663508129202e-03
1.043968149936798318e+00 2.861717428737831862e-03
1.046261013045266752e+00 3.088659669743577113e-03
1.039484328746904440e+00 2.852812985933752318e-03
1.042541479558195539e+00 2.940997441670962706e-03
1.045547677855965585e+00 3.128812102022339274e-03
1.033879552259537205e+00 3.146308427093577088e-03
1.041063856666071707e+00 3.476630799300988763e-03
1.042745289612281745e+00 3.290680425547914869e-03
1.031688594178111984e+00 2.850842080127614746e-03
1.042082906936502074e+00 3.319707780473307810e-03
1.038872898584646487e+00 3.159236632402304731e-03
1.038974803611689479e+00 3.329129774517253400e-03
1.029599541123729534e+00 3.119758784445208263e-03
1.033319074610800747e+00 3.085362972456997220e-03
1.028274775772170191e+00 3.210914046548776161e-03
1.035815747773354945e+00 2.900822850742002836e-03
1.038516230989995570e+00 3.091650563206606826e-03
1.028784300907385374e+00 2.889973386112792888e-03
1.034541934935316654e+00 3.007057458911498692e-03
1.038974803611689479e+00 2.967974071998028159e-03
1.029701446150772526e+00 2.942409498955639822e-03
1.035815747773354945e+00 3.034666003605687463e-03
1.043152909720453936e+00 3.381635063901131805e-03
1.041420524260722180e+00 2.947082106264860800e-03
1.029395731069643549e+00 3.184006221735766109e-03
1.035764795259833448e+00 3.031443332626371744e-03
1.032045261772762679e+00 3.115195174381953612e-03
1.034694792475881808e+00 3.142973076027851843e-03
1.029395731069643549e+00 3.191336158330381704e-03
1.032401929367413151e+00 3.386909046110522098e-03
1.025319529987921863e+00 2.851411188187187497e-03
1.029548588610208038e+00 3.108099148374376605e-03
1.024249527203969778e+00 3.037090379441443645e-03
1.025064767420314382e+00 3.127384591645206765e-03
1.033522884664886732e+00 2.823426772641263009e-03
1.027561440582868801e+00 3.309388307183804782e-03
1.026899057907089130e+00 3.205148008093766654e-03
1.029140968502036069e+00 2.759213865625955407e-03
1.020682851257463497e+00 2.910860507804614687e-03
1.027000962934131900e+00 3.160284212540039137e-03
1.028070965718084206e+00 3.336965652699560962e-03
1.023536192014668611e+00 3.470053216117437167e-03
1.027459535555825809e+00 3.577214825500132228e-03
1.020275231149291528e+00 2.843036111274262114e-03
1.030618591394159900e+00 3.365242836347824389e-03
1.027306678015261321e+00 3.052268209098266388e-03
1.021396186446764887e+00 2.943005007420226166e-03
1.032045261772762679e+00 3.568131435629013325e-03
1.026440485285395443e+00 3.336903412134538307e-03
1.022669999284802955e+00 2.887456957963002811e-03
1.020071421095205322e+00 2.993975070720913782e-03
1.023332381960582627e+00 3.440932301770393241e-03
1.019714753500554627e+00 3.355276211406305574e-03
1.021803806554937077e+00 3.054172884915480266e-03
1.022007616609023062e+00 3.123896069259169718e-03
1.016555697662220314e+00 2.908241641389855935e-03
1.022262379176630764e+00 2.876611232714355003e-03
1.024504289771577481e+00 3.274847702011867475e-03
1.020122373608726818e+00 3.069202801141360324e-03
1.016199030067569842e+00 2.926905925959538256e-03
1.023077619392975146e+00 3.164081347152082700e-03
1.020275231149291750e+00 2.980347494727933044e-03
1.021396186446764887e+00 3.188581264687123575e-03
1.022975714365931932e+00 3.515044000485931328e-03
1.016351887608134330e+00 3.071282946101519442e-03
1.014619502148403019e+00 2.905794640954312801e-03
1.017778557986736887e+00 3.140923878385232931e-03
1.016759507716306521e+00 3.242598104660948492e-03
1.018389988148995062e+00 2.865941876663265740e-03
1.017218080338000208e+00 2.834256178300335709e-03
1.019307133392382436e+00 3.202721149830068011e-03
1.019867611041119115e+00 3.439875849677016904e-03
1.014721407175445789e+00 3.126010412487579930e-03
1.021294281419722116e+00 3.263264856553000498e-03
1.017218080338000208e+00 2.461692003941906397e-03
1.018440940662516780e+00 3.297422923635161349e-03
1.014568549634881078e+00 3.268320770952639308e-03
1.018899513284210689e+00 2.863494994545607176e-03
1.014262834553752102e+00 3.384025675685162042e-03
1.014670454661924071e+00 3.037637413508654117e-03
1.016759507716306521e+00 3.086730015302560637e-03
1.012887116688670819e+00 2.916442827072495119e-03
1.010492348553159836e+00 3.144934261657668460e-03
1.016199030067569620e+00 3.294146004274614483e-03
1.015587599905311667e+00 2.918876453588161758e-03
1.011001873688375019e+00 3.204467538809231512e-03
1.009218535715121545e+00 3.012220207761415192e-03
1.010237585985552133e+00 3.103572766686418967e-03
1.020886661311549704e+00 2.709308576120395863e-03
1.007791865336518988e+00 2.973741647491158577e-03
1.012530449094020346e+00 3.642342130828846256e-03
1.011001873688374797e+00 3.148894192099219950e-03
1.008759963093428080e+00 2.847197094820286701e-03
1.008097580417648187e+00 3.072821008852027504e-03
1.015842362472919369e+00 3.216375145883647226e-03
1.012224734012891592e+00 2.802754151483321729e-03
1.004378046930577195e+00 2.879835883937250946e-03
1.005091382119878585e+00 3.729149685673492122e-03
1.010645206093724102e+00 2.814866986459274144e-03
1.005753764795658478e+00 3.312085829070239747e-03
1.009931870904422713e+00 3.146885975132854979e-03
1.006772815066088844e+00 3.133409735258729095e-03
1.003409949173668325e+00 2.874895960094654528e-03
1.007129482660739317e+00 3.166357442206322627e-03
1.008505200525820378e+00 3.402605648404992411e-03
1.003715664254797524e+00 3.165885953313238906e-03
1.008097580417648187e+00 2.957441197807205834e-03
1.007027577633696325e+00 3.023931874175478200e-03
1.005804717309179974e+00 2.556145974416143812e-03
1.004836619552270882e+00 2.971208788682701968e-03
9.981108877674301771e-01 3.515516663081521328e-03
1.006416147471438149e+00 3.090474714473493562e-03
1.002951376551974638e+00 2.910361008230132919e-03
1.001269943605764601e+00 3.222455453727991748e-03
9.949008794155744795e-01 2.832606911159868575e-03
9.982637453079948875e-01 3.002011230549992901e-03
9.994356531189897419e-01 3.136788361281162701e-03
9.984166028485594868e-01 2.763674854555202027e-03
1.002390898903238181e+00 3.092930889756502662e-03
1.000709465957027922e+00 3.263646708254849989e-03
1.001728516227458288e+00 2.982681109272345560e-03
9.997923207136403256e-01 3.261004652399608801e-03
1.002238041362673471e+00 3.093765964725175670e-03
9.980599352539087921e-01 3.103551853954740654e-03
9.991808905513822614e-01 2.958209207628349248e-03
1.001677563713936570e+00 3.304395229069665048e-03
9.998432732271619328e-01 2.895681147893667574e-03
9.968370749293923305e-01 2.971973240719908132e-03
9.999961307677263100e-01 3.029250129440950838e-03
9.979580302268656888e-01 3.171109410280825019e-03
9.987732704432099595e-01 3.113073485648019684e-03
9.960727872265695559e-01 2.962983949268561089e-03
9.968880274429136046e-01 2.822695670496391980e-03
9.993847006054683568e-01 2.958841020489324462e-03
9.961237397400910520e-01 2.769656968703198500e-03
9.908246783338529040e-01 2.844314253767534894e-03
9.944423067938807925e-01 3.140742030159683097e-03
9.956651671183973651e-01 2.942056548171206095e-03
9.936270665775362998e-01 2.611454258944361645e-03
9.968880274429138266e-01 2.946007181593274758e-03
9.928118263611923622e-01 3.266131630502086547e-03
9.935761140640149147e-01 3.165110918999125555e-03
9.964294548212201397e-01 2.883655690894864048e-03
9.891941979011639186e-01 3.189395365705233708e-03
9.922513487124555720e-01 2.975988844567370624e-03
9.901113431445516255e-01 2.703706683017329925e-03
9.875127649549539921e-01 2.906187728794696647e-03
9.891941979011643626e-01 3.464842102390736176e-03
9.983656503350379907e-01 3.140837088500041119e-03
9.967351699023491163e-01 3.058216382329781869e-03
9.949518319290961976e-01 2.764689205742752558e-03
9.914361084961110793e-01 3.103049906112505859e-03
9.869013347926958168e-01 2.779617229333483912e-03
9.893980079552506801e-01 3.420773563587448628e-03
9.863408571439592487e-01 2.898884586267799941e-03
9.845065666571843899e-01 2.983272930080746281e-03
9.894489604687717321e-01 2.953066321383774912e-03
9.807360806565920130e-01 2.882539101246952597e-03
9.832327538191463212e-01 2.860773782035683221e-03
9.836403739273184010e-01 2.745295706288931881e-03
9.850160917923994619e-01 3.006504860821541340e-03
9.852708543600072755e-01 3.329020596385629058e-03
9.850670443059210690e-01 3.119841999981705447e-03
9.883789576848199809e-01 3.303086832289854440e-03
9.847613292247920924e-01 3.218553764609592086e-03
9.869013347926959279e-01 3.260976787998887128e-03
9.863918096574806338e-01 3.117627710442042420e-03
